run_id,field,value
01-resident,schema_version,1
01-resident,run_id,01-resident
01-resident,arm,resident
01-resident,status,complete
01-resident,offload_count,0
01-resident,staging_slots,1
01-resident,repetitions_completed,1
01-resident,requested_kv_cache_bytes,
01-resident,exit_code,0
01-resident,launcher_elapsed_s,126.1706569720991
01-resident,smoke_matches_resident,
01-resident,performance_outputs_stable,True
01-resident,contract.batch_size,1
01-resident,contract.context_length,4096
01-resident,contract.output_length,8
01-resident,contract.tensor_parallel_size,4
01-resident,contract.gpu_memory_utilization,0.6
01-resident,contract.seed,20260905
01-resident,contract.warmups,0
01-resident,contract.timing_samples,128
01-resident,contract.max_num_seqs,256
01-resident,contract.max_num_batched_tokens,8192
01-resident,contract.repetitions_requested,1
01-resident,contract.smoke_output_length,8
01-resident,contract.source_request_count,256
01-resident,contract.unique_selected_request_count,1
01-resident,contract.repeated_request_count,0
01-resident,contract.commit,9649784642eff262cb8ddd91da7cd2f0f9a1ceed
01-resident,contract.model_identity_sha256,f197bd16d71c7da5e1472aacaeb3bd213c41d7688695ac857cf30665fe951a59
01-resident,contract.model_config_sha256,2d483c7cabad7c8704478ed4038fa7e7b2eff840bc00a118eccbe38e2b488303
01-resident,contract.dataset_sha256,ae5e2428733c21f39efdd1c6ba45d9dac78e4f00d43a0a930151034eda178445
01-resident,contract.dataset_manifest_sha256,d1fa27a78c422ed77b6e44e7c1b642c8cdf3d1a5b1068d7ee0c4996079f8a75b
01-resident,contract.input_sha256,17f2a44427ea95c77ac3a8fa8b47048c812b09533a104b80986621be6e484bf7
01-resident,contract.engine_policy_sha256,c31521abdb4de4c1f8295d175ba1e834a7985899d78c947072397433df087ebf
01-resident,contract.dtype,bfloat16
01-resident,contract.versions.torch,2.8.0+cu128
01-resident,contract.versions.vllm,0.10.2
01-resident,contract.versions.cuda,12.8
01-resident,contract.versions.vllm_commit,01efc7ef781391e744ed08c3292817a773d654e6
01-resident,contract.comparison_backend,expert-cache
01-resident,contract.expert_cache.resident_ratio,0.5
01-resident,contract.expert_cache.cache_policy,decayed-lfu
01-resident,contract.expert_cache.cache_slots,256
01-resident,contract.expert_cache.calibration_count,32
01-resident,contract.expert_cache.timing_samples,128
01-resident,contract.expert_cache.profile_sha256,0c54d62f0f172a2fe11e201125c385bed91db37df7d949dff7a929686b96357e
01-resident,contract.expert_cache.identity.geometry.total_layers,48
01-resident,contract.expert_cache.identity.geometry.num_experts,512
01-resident,contract.expert_cache.identity.geometry.hidden_size,2048
01-resident,contract.expert_cache.identity.geometry.intermediate_size,128
01-resident,contract.expert_cache.identity.tensor_parallel_size,4
01-resident,contract.expert_cache.identity.model_config_sha256,2d483c7cabad7c8704478ed4038fa7e7b2eff840bc00a118eccbe38e2b488303
01-resident,contract.expert_cache.identity.model_identity_sha256,24f6a89ba0e0435caffbb3d056425fb1fe980fca09d5a8749dfb231bd24880d8
01-resident,contract.calibration_count,32
01-resident,contract.evaluation_pool_count,224
01-resident,contract.calibration_input_hashes_sha256,feaa8b330120d2781328031822d540c273fb008c811faa1e05e92e5b18e3958f
01-resident,contract.sampling_policy,heldout-token-hash-first-unique
01-resident,contract.split_scope,full-prompt-token-hashes; source-conversation-disjointness-not-claimed
01-resident,memory[0].rank,0
01-resident,memory[0].total_gpu_bytes,85017493504
01-resident,memory[0].free_gpu_bytes,32921157632
01-resident,memory[0].torch_allocated_bytes,49011059200
01-resident,memory[0].torch_reserved_bytes,49979326464
01-resident,memory[0].torch_peak_allocated_bytes,49578541056
01-resident,memory[0].torch_peak_reserved_bytes,49979326464
01-resident,memory[0].available_kv_cache_bytes,
01-resident,memory[0].model_memory_bytes,39959379968
01-resident,memory[0].kv_cache_allocated_bytes,8980856832
01-resident,memory[0].kv_cache_declared_bytes,8980856832
01-resident,memory[0].num_gpu_blocks,2687
01-resident,memory[0].kv_cache_accounting_consistent,True
01-resident,memory[1].rank,1
01-resident,memory[1].total_gpu_bytes,85017493504
01-resident,memory[1].free_gpu_bytes,32921157632
01-resident,memory[1].torch_allocated_bytes,49011059200
01-resident,memory[1].torch_reserved_bytes,49979326464
01-resident,memory[1].torch_peak_allocated_bytes,49578541056
01-resident,memory[1].torch_peak_reserved_bytes,49979326464
01-resident,memory[1].available_kv_cache_bytes,
01-resident,memory[1].model_memory_bytes,39959379968
01-resident,memory[1].kv_cache_allocated_bytes,8980856832
01-resident,memory[1].kv_cache_declared_bytes,8980856832
01-resident,memory[1].num_gpu_blocks,2687
01-resident,memory[1].kv_cache_accounting_consistent,True
01-resident,memory[2].rank,2
01-resident,memory[2].total_gpu_bytes,85017493504
01-resident,memory[2].free_gpu_bytes,32921157632
01-resident,memory[2].torch_allocated_bytes,49011059200
01-resident,memory[2].torch_reserved_bytes,49979326464
01-resident,memory[2].torch_peak_allocated_bytes,49578541056
01-resident,memory[2].torch_peak_reserved_bytes,49979326464
01-resident,memory[2].available_kv_cache_bytes,
01-resident,memory[2].model_memory_bytes,39959379968
01-resident,memory[2].kv_cache_allocated_bytes,8980856832
01-resident,memory[2].kv_cache_declared_bytes,8980856832
01-resident,memory[2].num_gpu_blocks,2687
01-resident,memory[2].kv_cache_accounting_consistent,True
01-resident,memory[3].rank,3
01-resident,memory[3].total_gpu_bytes,85017493504
01-resident,memory[3].free_gpu_bytes,32921157632
01-resident,memory[3].torch_allocated_bytes,49011059200
01-resident,memory[3].torch_reserved_bytes,49979326464
01-resident,memory[3].torch_peak_allocated_bytes,49578541056
01-resident,memory[3].torch_peak_reserved_bytes,49979326464
01-resident,memory[3].available_kv_cache_bytes,
01-resident,memory[3].model_memory_bytes,39959379968
01-resident,memory[3].kv_cache_allocated_bytes,8980856832
01-resident,memory[3].kv_cache_declared_bytes,8980856832
01-resident,memory[3].num_gpu_blocks,2687
01-resident,memory[3].kv_cache_accounting_consistent,True
01-resident,final_memory[0].rank,0
01-resident,final_memory[0].total_gpu_bytes,85017493504
01-resident,final_memory[0].free_gpu_bytes,29983047680
01-resident,final_memory[0].torch_allocated_bytes,49011066368
01-resident,final_memory[0].torch_reserved_bytes,49979326464
01-resident,final_memory[0].torch_peak_allocated_bytes,49294943744
01-resident,final_memory[0].torch_peak_reserved_bytes,49979326464
01-resident,final_memory[0].available_kv_cache_bytes,
01-resident,final_memory[0].model_memory_bytes,39959379968
01-resident,final_memory[0].kv_cache_allocated_bytes,8980856832
01-resident,final_memory[0].kv_cache_declared_bytes,8980856832
01-resident,final_memory[0].num_gpu_blocks,2687
01-resident,final_memory[0].kv_cache_accounting_consistent,True
01-resident,final_memory[1].rank,1
01-resident,final_memory[1].total_gpu_bytes,85017493504
01-resident,final_memory[1].free_gpu_bytes,29983047680
01-resident,final_memory[1].torch_allocated_bytes,49011066368
01-resident,final_memory[1].torch_reserved_bytes,49979326464
01-resident,final_memory[1].torch_peak_allocated_bytes,49294943744
01-resident,final_memory[1].torch_peak_reserved_bytes,49979326464
01-resident,final_memory[1].available_kv_cache_bytes,
01-resident,final_memory[1].model_memory_bytes,39959379968
01-resident,final_memory[1].kv_cache_allocated_bytes,8980856832
01-resident,final_memory[1].kv_cache_declared_bytes,8980856832
01-resident,final_memory[1].num_gpu_blocks,2687
01-resident,final_memory[1].kv_cache_accounting_consistent,True
01-resident,final_memory[2].rank,2
01-resident,final_memory[2].total_gpu_bytes,85017493504
01-resident,final_memory[2].free_gpu_bytes,29983047680
01-resident,final_memory[2].torch_allocated_bytes,49011066368
01-resident,final_memory[2].torch_reserved_bytes,49979326464
01-resident,final_memory[2].torch_peak_allocated_bytes,49294943744
01-resident,final_memory[2].torch_peak_reserved_bytes,49979326464
01-resident,final_memory[2].available_kv_cache_bytes,
01-resident,final_memory[2].model_memory_bytes,39959379968
01-resident,final_memory[2].kv_cache_allocated_bytes,8980856832
01-resident,final_memory[2].kv_cache_declared_bytes,8980856832
01-resident,final_memory[2].num_gpu_blocks,2687
01-resident,final_memory[2].kv_cache_accounting_consistent,True
01-resident,final_memory[3].rank,3
01-resident,final_memory[3].total_gpu_bytes,85017493504
01-resident,final_memory[3].free_gpu_bytes,29983047680
01-resident,final_memory[3].torch_allocated_bytes,49011066368
01-resident,final_memory[3].torch_reserved_bytes,49979326464
01-resident,final_memory[3].torch_peak_allocated_bytes,49294943744
01-resident,final_memory[3].torch_peak_reserved_bytes,49979326464
01-resident,final_memory[3].available_kv_cache_bytes,
01-resident,final_memory[3].model_memory_bytes,39959379968
01-resident,final_memory[3].kv_cache_allocated_bytes,8980856832
01-resident,final_memory[3].kv_cache_declared_bytes,8980856832
01-resident,final_memory[3].num_gpu_blocks,2687
01-resident,final_memory[3].kv_cache_accounting_consistent,True
01-resident,hardware_budget.total_gpu_bytes_by_rank[0],85017493504
01-resident,hardware_budget.total_gpu_bytes_by_rank[1],85017493504
01-resident,hardware_budget.total_gpu_bytes_by_rank[2],85017493504
01-resident,hardware_budget.total_gpu_bytes_by_rank[3],85017493504
01-resident,hardware_budget.requested_gpu_bytes_by_rank[0],51010496102
01-resident,hardware_budget.requested_gpu_bytes_by_rank[1],51010496102
01-resident,hardware_budget.requested_gpu_bytes_by_rank[2],51010496102
01-resident,hardware_budget.requested_gpu_bytes_by_rank[3],51010496102
01-resident,smoke.elapsed_s,14.364855687133968
01-resident,smoke.generated_tokens,8
01-resident,smoke.request_count,1
01-resident,smoke.output_tokens_per_second,0.5569147490402764
01-resident,smoke.latency_available_requests,0
01-resident,smoke.ttft_available_requests,0
01-resident,smoke.ttft_median_s,
01-resident,smoke.request_latency_median_s,
01-resident,smoke.input_sha256,17f2a44427ea95c77ac3a8fa8b47048c812b09533a104b80986621be6e484bf7
01-resident,smoke.output_sha256,b512fd12a4a5eace21091c769d8bf4d4bf5d2f1a5577411243f4c11e02c6d54d
01-resident,repetitions[0].repetition,0
01-resident,repetitions[0].elapsed_s,0.6465863413177431
01-resident,repetitions[0].generated_tokens,8
01-resident,repetitions[0].request_count,1
01-resident,repetitions[0].output_tokens_per_second,12.37267088521542
01-resident,repetitions[0].latency_available_requests,0
01-resident,repetitions[0].ttft_available_requests,0
01-resident,repetitions[0].ttft_median_s,
01-resident,repetitions[0].request_latency_median_s,
01-resident,repetitions[0].output_sha256,b512fd12a4a5eace21091c769d8bf4d4bf5d2f1a5577411243f4c11e02c6d54d
01-resident,repetitions[0].timing_available,False
01-resident,repetitions[0].diagnostics.h2d_bytes,0
01-resident,repetitions[0].diagnostics.copy_launches,0
01-resident,repetitions[0].diagnostics.startup_resident_h2d_bytes,0
01-resident,repetitions[0].diagnostics.promotion_d2d_bytes,0
01-resident,repetitions[0].diagnostics.metadata_h2d_bytes,0
01-resident,repetitions[0].diagnostics.unique_demands,0
01-resident,repetitions[0].diagnostics.resident_hits,0
01-resident,repetitions[0].diagnostics.timing.route_d2h_s,0
01-resident,repetitions[0].diagnostics.timing.policy_cpu_s,0
01-resident,repetitions[0].diagnostics.timing.host_reuse_wait_s,0
01-resident,repetitions[0].diagnostics.timing.host_gather_s,0
01-resident,repetitions[0].diagnostics.timing.h2d_enqueue_s,0
01-resident,repetitions[0].diagnostics.timing.compute_enqueue_s,0
01-resident,repetitions[0].diagnostics.timing.cuda_sample_count,0
01-resident,repetitions[0].diagnostics.timing.load_cuda_s,0
01-resident,repetitions[0].diagnostics.timing.compute_cuda_s,0
01-resident,repetitions[0].diagnostics.timing.promotion_cuda_s,0
01-resident,repetitions[0].diagnostics.policy.observations,0
01-resident,repetitions[0].diagnostics.policy.unique_demands,0
01-resident,repetitions[0].diagnostics.policy.completed_forwards,0
01-resident,repetitions[0].diagnostics.policy.decay_events,0
01-resident,repetitions[0].diagnostics.policy.cache_hits,0
01-resident,repetitions[0].diagnostics.policy.cache_misses,0
01-resident,repetitions[0].diagnostics.policy.admissions,0
01-resident,repetitions[0].diagnostics.policy.evictions,0
01-resident,repetitions[0].diagnostics.policy.cache_bypasses,0
01-resident,repetitions[0].diagnostics.policy.reconfigurations,0
01-resident,repetitions[0].diagnostics.policy.cache_hit_ratio,
01-resident,repetitions[0].diagnostics.per_rank[0].h2d_bytes,0
01-resident,repetitions[0].diagnostics.per_rank[0].copy_launches,0
01-resident,repetitions[0].diagnostics.per_rank[0].startup_resident_h2d_bytes,0
01-resident,repetitions[0].diagnostics.per_rank[0].promotion_d2d_bytes,0
01-resident,repetitions[0].diagnostics.per_rank[0].metadata_h2d_bytes,0
01-resident,repetitions[0].diagnostics.per_rank[0].unique_demands,0
01-resident,repetitions[0].diagnostics.per_rank[0].resident_hits,0
01-resident,repetitions[0].diagnostics.per_rank[0].timing.route_d2h_s,0
01-resident,repetitions[0].diagnostics.per_rank[0].timing.policy_cpu_s,0
01-resident,repetitions[0].diagnostics.per_rank[0].timing.host_reuse_wait_s,0
01-resident,repetitions[0].diagnostics.per_rank[0].timing.host_gather_s,0
01-resident,repetitions[0].diagnostics.per_rank[0].timing.h2d_enqueue_s,0
01-resident,repetitions[0].diagnostics.per_rank[0].timing.compute_enqueue_s,0
01-resident,repetitions[0].diagnostics.per_rank[0].timing.cuda_sample_count,0
01-resident,repetitions[0].diagnostics.per_rank[0].timing.load_cuda_s,0
01-resident,repetitions[0].diagnostics.per_rank[0].timing.compute_cuda_s,0
01-resident,repetitions[0].diagnostics.per_rank[0].timing.promotion_cuda_s,0
01-resident,repetitions[0].diagnostics.per_rank[0].policy.observations,0
01-resident,repetitions[0].diagnostics.per_rank[0].policy.unique_demands,0
01-resident,repetitions[0].diagnostics.per_rank[0].policy.completed_forwards,0
01-resident,repetitions[0].diagnostics.per_rank[0].policy.decay_events,0
01-resident,repetitions[0].diagnostics.per_rank[0].policy.cache_hits,0
01-resident,repetitions[0].diagnostics.per_rank[0].policy.cache_misses,0
01-resident,repetitions[0].diagnostics.per_rank[0].policy.admissions,0
01-resident,repetitions[0].diagnostics.per_rank[0].policy.evictions,0
01-resident,repetitions[0].diagnostics.per_rank[0].policy.cache_bypasses,0
01-resident,repetitions[0].diagnostics.per_rank[0].policy.reconfigurations,0
01-resident,repetitions[0].diagnostics.per_rank[0].policy.cache_hit_ratio,
01-resident,repetitions[0].diagnostics.per_rank[0].rank,0
01-resident,repetitions[0].diagnostics.per_rank[1].h2d_bytes,0
01-resident,repetitions[0].diagnostics.per_rank[1].copy_launches,0
01-resident,repetitions[0].diagnostics.per_rank[1].startup_resident_h2d_bytes,0
01-resident,repetitions[0].diagnostics.per_rank[1].promotion_d2d_bytes,0
01-resident,repetitions[0].diagnostics.per_rank[1].metadata_h2d_bytes,0
01-resident,repetitions[0].diagnostics.per_rank[1].unique_demands,0
01-resident,repetitions[0].diagnostics.per_rank[1].resident_hits,0
01-resident,repetitions[0].diagnostics.per_rank[1].timing.route_d2h_s,0
01-resident,repetitions[0].diagnostics.per_rank[1].timing.policy_cpu_s,0
01-resident,repetitions[0].diagnostics.per_rank[1].timing.host_reuse_wait_s,0
01-resident,repetitions[0].diagnostics.per_rank[1].timing.host_gather_s,0
01-resident,repetitions[0].diagnostics.per_rank[1].timing.h2d_enqueue_s,0
01-resident,repetitions[0].diagnostics.per_rank[1].timing.compute_enqueue_s,0
01-resident,repetitions[0].diagnostics.per_rank[1].timing.cuda_sample_count,0
01-resident,repetitions[0].diagnostics.per_rank[1].timing.load_cuda_s,0
01-resident,repetitions[0].diagnostics.per_rank[1].timing.compute_cuda_s,0
01-resident,repetitions[0].diagnostics.per_rank[1].timing.promotion_cuda_s,0
01-resident,repetitions[0].diagnostics.per_rank[1].policy.observations,0
01-resident,repetitions[0].diagnostics.per_rank[1].policy.unique_demands,0
01-resident,repetitions[0].diagnostics.per_rank[1].policy.completed_forwards,0
01-resident,repetitions[0].diagnostics.per_rank[1].policy.decay_events,0
01-resident,repetitions[0].diagnostics.per_rank[1].policy.cache_hits,0
01-resident,repetitions[0].diagnostics.per_rank[1].policy.cache_misses,0
01-resident,repetitions[0].diagnostics.per_rank[1].policy.admissions,0
01-resident,repetitions[0].diagnostics.per_rank[1].policy.evictions,0
01-resident,repetitions[0].diagnostics.per_rank[1].policy.cache_bypasses,0
01-resident,repetitions[0].diagnostics.per_rank[1].policy.reconfigurations,0
01-resident,repetitions[0].diagnostics.per_rank[1].policy.cache_hit_ratio,
01-resident,repetitions[0].diagnostics.per_rank[1].rank,1
01-resident,repetitions[0].diagnostics.per_rank[2].h2d_bytes,0
01-resident,repetitions[0].diagnostics.per_rank[2].copy_launches,0
01-resident,repetitions[0].diagnostics.per_rank[2].startup_resident_h2d_bytes,0
01-resident,repetitions[0].diagnostics.per_rank[2].promotion_d2d_bytes,0
01-resident,repetitions[0].diagnostics.per_rank[2].metadata_h2d_bytes,0
01-resident,repetitions[0].diagnostics.per_rank[2].unique_demands,0
01-resident,repetitions[0].diagnostics.per_rank[2].resident_hits,0
01-resident,repetitions[0].diagnostics.per_rank[2].timing.route_d2h_s,0
01-resident,repetitions[0].diagnostics.per_rank[2].timing.policy_cpu_s,0
01-resident,repetitions[0].diagnostics.per_rank[2].timing.host_reuse_wait_s,0
01-resident,repetitions[0].diagnostics.per_rank[2].timing.host_gather_s,0
01-resident,repetitions[0].diagnostics.per_rank[2].timing.h2d_enqueue_s,0
01-resident,repetitions[0].diagnostics.per_rank[2].timing.compute_enqueue_s,0
01-resident,repetitions[0].diagnostics.per_rank[2].timing.cuda_sample_count,0
01-resident,repetitions[0].diagnostics.per_rank[2].timing.load_cuda_s,0
01-resident,repetitions[0].diagnostics.per_rank[2].timing.compute_cuda_s,0
01-resident,repetitions[0].diagnostics.per_rank[2].timing.promotion_cuda_s,0
01-resident,repetitions[0].diagnostics.per_rank[2].policy.observations,0
01-resident,repetitions[0].diagnostics.per_rank[2].policy.unique_demands,0
01-resident,repetitions[0].diagnostics.per_rank[2].policy.completed_forwards,0
01-resident,repetitions[0].diagnostics.per_rank[2].policy.decay_events,0
01-resident,repetitions[0].diagnostics.per_rank[2].policy.cache_hits,0
01-resident,repetitions[0].diagnostics.per_rank[2].policy.cache_misses,0
01-resident,repetitions[0].diagnostics.per_rank[2].policy.admissions,0
01-resident,repetitions[0].diagnostics.per_rank[2].policy.evictions,0
01-resident,repetitions[0].diagnostics.per_rank[2].policy.cache_bypasses,0
01-resident,repetitions[0].diagnostics.per_rank[2].policy.reconfigurations,0
01-resident,repetitions[0].diagnostics.per_rank[2].policy.cache_hit_ratio,
01-resident,repetitions[0].diagnostics.per_rank[2].rank,2
01-resident,repetitions[0].diagnostics.per_rank[3].h2d_bytes,0
01-resident,repetitions[0].diagnostics.per_rank[3].copy_launches,0
01-resident,repetitions[0].diagnostics.per_rank[3].startup_resident_h2d_bytes,0
01-resident,repetitions[0].diagnostics.per_rank[3].promotion_d2d_bytes,0
01-resident,repetitions[0].diagnostics.per_rank[3].metadata_h2d_bytes,0
01-resident,repetitions[0].diagnostics.per_rank[3].unique_demands,0
01-resident,repetitions[0].diagnostics.per_rank[3].resident_hits,0
01-resident,repetitions[0].diagnostics.per_rank[3].timing.route_d2h_s,0
01-resident,repetitions[0].diagnostics.per_rank[3].timing.policy_cpu_s,0
01-resident,repetitions[0].diagnostics.per_rank[3].timing.host_reuse_wait_s,0
01-resident,repetitions[0].diagnostics.per_rank[3].timing.host_gather_s,0
01-resident,repetitions[0].diagnostics.per_rank[3].timing.h2d_enqueue_s,0
01-resident,repetitions[0].diagnostics.per_rank[3].timing.compute_enqueue_s,0
01-resident,repetitions[0].diagnostics.per_rank[3].timing.cuda_sample_count,0
01-resident,repetitions[0].diagnostics.per_rank[3].timing.load_cuda_s,0
01-resident,repetitions[0].diagnostics.per_rank[3].timing.compute_cuda_s,0
01-resident,repetitions[0].diagnostics.per_rank[3].timing.promotion_cuda_s,0
01-resident,repetitions[0].diagnostics.per_rank[3].policy.observations,0
01-resident,repetitions[0].diagnostics.per_rank[3].policy.unique_demands,0
01-resident,repetitions[0].diagnostics.per_rank[3].policy.completed_forwards,0
01-resident,repetitions[0].diagnostics.per_rank[3].policy.decay_events,0
01-resident,repetitions[0].diagnostics.per_rank[3].policy.cache_hits,0
01-resident,repetitions[0].diagnostics.per_rank[3].policy.cache_misses,0
01-resident,repetitions[0].diagnostics.per_rank[3].policy.admissions,0
01-resident,repetitions[0].diagnostics.per_rank[3].policy.evictions,0
01-resident,repetitions[0].diagnostics.per_rank[3].policy.cache_bypasses,0
01-resident,repetitions[0].diagnostics.per_rank[3].policy.reconfigurations,0
01-resident,repetitions[0].diagnostics.per_rank[3].policy.cache_hit_ratio,
01-resident,repetitions[0].diagnostics.per_rank[3].rank,3
01-resident,repetitions[0].memory[0].rank,0
01-resident,repetitions[0].memory[0].total_gpu_bytes,85017493504
01-resident,repetitions[0].memory[0].free_gpu_bytes,29983047680
01-resident,repetitions[0].memory[0].torch_allocated_bytes,49011066368
01-resident,repetitions[0].memory[0].torch_reserved_bytes,49979326464
01-resident,repetitions[0].memory[0].torch_peak_allocated_bytes,49294943744
01-resident,repetitions[0].memory[0].torch_peak_reserved_bytes,49979326464
01-resident,repetitions[0].memory[0].kv_cache_allocated_bytes,8980856832
01-resident,repetitions[0].memory[0].num_gpu_blocks,2687
01-resident,repetitions[0].memory[0].kv_cache_declared_bytes,8980856832
01-resident,repetitions[0].memory[0].kv_cache_accounting_consistent,True
01-resident,repetitions[0].memory[1].rank,1
01-resident,repetitions[0].memory[1].total_gpu_bytes,85017493504
01-resident,repetitions[0].memory[1].free_gpu_bytes,29983047680
01-resident,repetitions[0].memory[1].torch_allocated_bytes,49011066368
01-resident,repetitions[0].memory[1].torch_reserved_bytes,49979326464
01-resident,repetitions[0].memory[1].torch_peak_allocated_bytes,49294943744
01-resident,repetitions[0].memory[1].torch_peak_reserved_bytes,49979326464
01-resident,repetitions[0].memory[1].kv_cache_allocated_bytes,8980856832
01-resident,repetitions[0].memory[1].num_gpu_blocks,2687
01-resident,repetitions[0].memory[1].kv_cache_declared_bytes,8980856832
01-resident,repetitions[0].memory[1].kv_cache_accounting_consistent,True
01-resident,repetitions[0].memory[2].rank,2
01-resident,repetitions[0].memory[2].total_gpu_bytes,85017493504
01-resident,repetitions[0].memory[2].free_gpu_bytes,29983047680
01-resident,repetitions[0].memory[2].torch_allocated_bytes,49011066368
01-resident,repetitions[0].memory[2].torch_reserved_bytes,49979326464
01-resident,repetitions[0].memory[2].torch_peak_allocated_bytes,49294943744
01-resident,repetitions[0].memory[2].torch_peak_reserved_bytes,49979326464
01-resident,repetitions[0].memory[2].kv_cache_allocated_bytes,8980856832
01-resident,repetitions[0].memory[2].num_gpu_blocks,2687
01-resident,repetitions[0].memory[2].kv_cache_declared_bytes,8980856832
01-resident,repetitions[0].memory[2].kv_cache_accounting_consistent,True
01-resident,repetitions[0].memory[3].rank,3
01-resident,repetitions[0].memory[3].total_gpu_bytes,85017493504
01-resident,repetitions[0].memory[3].free_gpu_bytes,29983047680
01-resident,repetitions[0].memory[3].torch_allocated_bytes,49011066368
01-resident,repetitions[0].memory[3].torch_reserved_bytes,49979326464
01-resident,repetitions[0].memory[3].torch_peak_allocated_bytes,49294943744
01-resident,repetitions[0].memory[3].torch_peak_reserved_bytes,49979326464
01-resident,repetitions[0].memory[3].kv_cache_allocated_bytes,8980856832
01-resident,repetitions[0].memory[3].num_gpu_blocks,2687
01-resident,repetitions[0].memory[3].kv_cache_declared_bytes,8980856832
01-resident,repetitions[0].memory[3].kv_cache_accounting_consistent,True
01-resident,repetitions[0].memory_peak_scope,measured-generate-after-synchronized-reset
01-resident,storage_backend,native
01-resident,expert_cache_stats[0].storage_backend,native
01-resident,expert_cache_stats[0].rank,0
01-resident,expert_cache_stats[0].h2d_bytes,0
01-resident,expert_cache_stats[0].copy_launches,0
01-resident,expert_cache_stats[0].startup_resident_h2d_bytes,0
01-resident,expert_cache_stats[0].promotion_d2d_bytes,0
01-resident,expert_cache_stats[0].metadata_h2d_bytes,0
01-resident,expert_cache_stats[0].unique_demands,0
01-resident,expert_cache_stats[0].resident_hits,0
01-resident,expert_cache_stats[0].timing.route_d2h_s,0
01-resident,expert_cache_stats[0].timing.policy_cpu_s,0
01-resident,expert_cache_stats[0].timing.host_reuse_wait_s,0
01-resident,expert_cache_stats[0].timing.host_gather_s,0
01-resident,expert_cache_stats[0].timing.h2d_enqueue_s,0
01-resident,expert_cache_stats[0].timing.compute_enqueue_s,0
01-resident,expert_cache_stats[0].timing.cuda_sample_count,0
01-resident,expert_cache_stats[0].timing.load_cuda_s,0
01-resident,expert_cache_stats[0].timing.compute_cuda_s,0
01-resident,expert_cache_stats[0].timing.promotion_cuda_s,0
01-resident,expert_cache_stats[0].policy.observations,0
01-resident,expert_cache_stats[0].policy.unique_demands,0
01-resident,expert_cache_stats[0].policy.completed_forwards,0
01-resident,expert_cache_stats[0].policy.decay_events,0
01-resident,expert_cache_stats[0].policy.cache_hits,0
01-resident,expert_cache_stats[0].policy.cache_misses,0
01-resident,expert_cache_stats[0].policy.admissions,0
01-resident,expert_cache_stats[0].policy.evictions,0
01-resident,expert_cache_stats[0].policy.cache_bypasses,0
01-resident,expert_cache_stats[0].policy.reconfigurations,0
01-resident,expert_cache_stats[1].storage_backend,native
01-resident,expert_cache_stats[1].rank,1
01-resident,expert_cache_stats[1].h2d_bytes,0
01-resident,expert_cache_stats[1].copy_launches,0
01-resident,expert_cache_stats[1].startup_resident_h2d_bytes,0
01-resident,expert_cache_stats[1].promotion_d2d_bytes,0
01-resident,expert_cache_stats[1].metadata_h2d_bytes,0
01-resident,expert_cache_stats[1].unique_demands,0
01-resident,expert_cache_stats[1].resident_hits,0
01-resident,expert_cache_stats[1].timing.route_d2h_s,0
01-resident,expert_cache_stats[1].timing.policy_cpu_s,0
01-resident,expert_cache_stats[1].timing.host_reuse_wait_s,0
01-resident,expert_cache_stats[1].timing.host_gather_s,0
01-resident,expert_cache_stats[1].timing.h2d_enqueue_s,0
01-resident,expert_cache_stats[1].timing.compute_enqueue_s,0
01-resident,expert_cache_stats[1].timing.cuda_sample_count,0
01-resident,expert_cache_stats[1].timing.load_cuda_s,0
01-resident,expert_cache_stats[1].timing.compute_cuda_s,0
01-resident,expert_cache_stats[1].timing.promotion_cuda_s,0
01-resident,expert_cache_stats[1].policy.observations,0
01-resident,expert_cache_stats[1].policy.unique_demands,0
01-resident,expert_cache_stats[1].policy.completed_forwards,0
01-resident,expert_cache_stats[1].policy.decay_events,0
01-resident,expert_cache_stats[1].policy.cache_hits,0
01-resident,expert_cache_stats[1].policy.cache_misses,0
01-resident,expert_cache_stats[1].policy.admissions,0
01-resident,expert_cache_stats[1].policy.evictions,0
01-resident,expert_cache_stats[1].policy.cache_bypasses,0
01-resident,expert_cache_stats[1].policy.reconfigurations,0
01-resident,expert_cache_stats[2].storage_backend,native
01-resident,expert_cache_stats[2].rank,2
01-resident,expert_cache_stats[2].h2d_bytes,0
01-resident,expert_cache_stats[2].copy_launches,0
01-resident,expert_cache_stats[2].startup_resident_h2d_bytes,0
01-resident,expert_cache_stats[2].promotion_d2d_bytes,0
01-resident,expert_cache_stats[2].metadata_h2d_bytes,0
01-resident,expert_cache_stats[2].unique_demands,0
01-resident,expert_cache_stats[2].resident_hits,0
01-resident,expert_cache_stats[2].timing.route_d2h_s,0
01-resident,expert_cache_stats[2].timing.policy_cpu_s,0
01-resident,expert_cache_stats[2].timing.host_reuse_wait_s,0
01-resident,expert_cache_stats[2].timing.host_gather_s,0
01-resident,expert_cache_stats[2].timing.h2d_enqueue_s,0
01-resident,expert_cache_stats[2].timing.compute_enqueue_s,0
01-resident,expert_cache_stats[2].timing.cuda_sample_count,0
01-resident,expert_cache_stats[2].timing.load_cuda_s,0
01-resident,expert_cache_stats[2].timing.compute_cuda_s,0
01-resident,expert_cache_stats[2].timing.promotion_cuda_s,0
01-resident,expert_cache_stats[2].policy.observations,0
01-resident,expert_cache_stats[2].policy.unique_demands,0
01-resident,expert_cache_stats[2].policy.completed_forwards,0
01-resident,expert_cache_stats[2].policy.decay_events,0
01-resident,expert_cache_stats[2].policy.cache_hits,0
01-resident,expert_cache_stats[2].policy.cache_misses,0
01-resident,expert_cache_stats[2].policy.admissions,0
01-resident,expert_cache_stats[2].policy.evictions,0
01-resident,expert_cache_stats[2].policy.cache_bypasses,0
01-resident,expert_cache_stats[2].policy.reconfigurations,0
01-resident,expert_cache_stats[3].storage_backend,native
01-resident,expert_cache_stats[3].rank,3
01-resident,expert_cache_stats[3].h2d_bytes,0
01-resident,expert_cache_stats[3].copy_launches,0
01-resident,expert_cache_stats[3].startup_resident_h2d_bytes,0
01-resident,expert_cache_stats[3].promotion_d2d_bytes,0
01-resident,expert_cache_stats[3].metadata_h2d_bytes,0
01-resident,expert_cache_stats[3].unique_demands,0
01-resident,expert_cache_stats[3].resident_hits,0
01-resident,expert_cache_stats[3].timing.route_d2h_s,0
01-resident,expert_cache_stats[3].timing.policy_cpu_s,0
01-resident,expert_cache_stats[3].timing.host_reuse_wait_s,0
01-resident,expert_cache_stats[3].timing.host_gather_s,0
01-resident,expert_cache_stats[3].timing.h2d_enqueue_s,0
01-resident,expert_cache_stats[3].timing.compute_enqueue_s,0
01-resident,expert_cache_stats[3].timing.cuda_sample_count,0
01-resident,expert_cache_stats[3].timing.load_cuda_s,0
01-resident,expert_cache_stats[3].timing.compute_cuda_s,0
01-resident,expert_cache_stats[3].timing.promotion_cuda_s,0
01-resident,expert_cache_stats[3].policy.observations,0
01-resident,expert_cache_stats[3].policy.unique_demands,0
01-resident,expert_cache_stats[3].policy.completed_forwards,0
01-resident,expert_cache_stats[3].policy.decay_events,0
01-resident,expert_cache_stats[3].policy.cache_hits,0
01-resident,expert_cache_stats[3].policy.cache_misses,0
01-resident,expert_cache_stats[3].policy.admissions,0
01-resident,expert_cache_stats[3].policy.evictions,0
01-resident,expert_cache_stats[3].policy.cache_bypasses,0
01-resident,expert_cache_stats[3].policy.reconfigurations,0
02-partial-fixed-kv,schema_version,1
02-partial-fixed-kv,run_id,02-partial-fixed-kv
02-partial-fixed-kv,arm,partial-fixed-kv
02-partial-fixed-kv,status,complete
02-partial-fixed-kv,offload_count,0
02-partial-fixed-kv,staging_slots,1
02-partial-fixed-kv,repetitions_completed,1
02-partial-fixed-kv,requested_kv_cache_bytes,8980856832
02-partial-fixed-kv,exit_code,0
02-partial-fixed-kv,launcher_elapsed_s,171.76921050297096
02-partial-fixed-kv,smoke_matches_resident,True
02-partial-fixed-kv,performance_outputs_stable,True
02-partial-fixed-kv,performance_outputs_match_resident,True
02-partial-fixed-kv,mechanism_validated,True
02-partial-fixed-kv,contract.batch_size,1
02-partial-fixed-kv,contract.context_length,4096
02-partial-fixed-kv,contract.output_length,8
02-partial-fixed-kv,contract.tensor_parallel_size,4
02-partial-fixed-kv,contract.gpu_memory_utilization,0.6
02-partial-fixed-kv,contract.seed,20260905
02-partial-fixed-kv,contract.warmups,0
02-partial-fixed-kv,contract.timing_samples,128
02-partial-fixed-kv,contract.max_num_seqs,256
02-partial-fixed-kv,contract.max_num_batched_tokens,8192
02-partial-fixed-kv,contract.repetitions_requested,1
02-partial-fixed-kv,contract.smoke_output_length,8
02-partial-fixed-kv,contract.source_request_count,256
02-partial-fixed-kv,contract.unique_selected_request_count,1
02-partial-fixed-kv,contract.repeated_request_count,0
02-partial-fixed-kv,contract.commit,9649784642eff262cb8ddd91da7cd2f0f9a1ceed
02-partial-fixed-kv,contract.model_identity_sha256,f197bd16d71c7da5e1472aacaeb3bd213c41d7688695ac857cf30665fe951a59
02-partial-fixed-kv,contract.model_config_sha256,2d483c7cabad7c8704478ed4038fa7e7b2eff840bc00a118eccbe38e2b488303
02-partial-fixed-kv,contract.dataset_sha256,ae5e2428733c21f39efdd1c6ba45d9dac78e4f00d43a0a930151034eda178445
02-partial-fixed-kv,contract.dataset_manifest_sha256,d1fa27a78c422ed77b6e44e7c1b642c8cdf3d1a5b1068d7ee0c4996079f8a75b
02-partial-fixed-kv,contract.input_sha256,17f2a44427ea95c77ac3a8fa8b47048c812b09533a104b80986621be6e484bf7
02-partial-fixed-kv,contract.engine_policy_sha256,c31521abdb4de4c1f8295d175ba1e834a7985899d78c947072397433df087ebf
02-partial-fixed-kv,contract.dtype,bfloat16
02-partial-fixed-kv,contract.versions.torch,2.8.0+cu128
02-partial-fixed-kv,contract.versions.vllm,0.10.2
02-partial-fixed-kv,contract.versions.cuda,12.8
02-partial-fixed-kv,contract.versions.vllm_commit,01efc7ef781391e744ed08c3292817a773d654e6
02-partial-fixed-kv,contract.comparison_backend,expert-cache
02-partial-fixed-kv,contract.expert_cache.resident_ratio,0.5
02-partial-fixed-kv,contract.expert_cache.cache_policy,decayed-lfu
02-partial-fixed-kv,contract.expert_cache.cache_slots,256
02-partial-fixed-kv,contract.expert_cache.calibration_count,32
02-partial-fixed-kv,contract.expert_cache.timing_samples,128
02-partial-fixed-kv,contract.expert_cache.profile_sha256,0c54d62f0f172a2fe11e201125c385bed91db37df7d949dff7a929686b96357e
02-partial-fixed-kv,contract.expert_cache.identity.geometry.total_layers,48
02-partial-fixed-kv,contract.expert_cache.identity.geometry.num_experts,512
02-partial-fixed-kv,contract.expert_cache.identity.geometry.hidden_size,2048
02-partial-fixed-kv,contract.expert_cache.identity.geometry.intermediate_size,128
02-partial-fixed-kv,contract.expert_cache.identity.tensor_parallel_size,4
02-partial-fixed-kv,contract.expert_cache.identity.model_config_sha256,2d483c7cabad7c8704478ed4038fa7e7b2eff840bc00a118eccbe38e2b488303
02-partial-fixed-kv,contract.expert_cache.identity.model_identity_sha256,24f6a89ba0e0435caffbb3d056425fb1fe980fca09d5a8749dfb231bd24880d8
02-partial-fixed-kv,contract.calibration_count,32
02-partial-fixed-kv,contract.evaluation_pool_count,224
02-partial-fixed-kv,contract.calibration_input_hashes_sha256,feaa8b330120d2781328031822d540c273fb008c811faa1e05e92e5b18e3958f
02-partial-fixed-kv,contract.sampling_policy,heldout-token-hash-first-unique
02-partial-fixed-kv,contract.split_scope,full-prompt-token-hashes; source-conversation-disjointness-not-claimed
02-partial-fixed-kv,memory[0].rank,0
02-partial-fixed-kv,memory[0].total_gpu_bytes,85017493504
02-partial-fixed-kv,memory[0].free_gpu_bytes,51306889216
02-partial-fixed-kv,memory[0].torch_allocated_bytes,30891672064
02-partial-fixed-kv,memory[0].torch_reserved_bytes,31591497728
02-partial-fixed-kv,memory[0].torch_peak_allocated_bytes,31492719616
02-partial-fixed-kv,memory[0].torch_peak_reserved_bytes,31591497728
02-partial-fixed-kv,memory[0].available_kv_cache_bytes,8980856832
02-partial-fixed-kv,memory[0].model_memory_bytes,21839992832
02-partial-fixed-kv,memory[0].kv_cache_allocated_bytes,8980856832
02-partial-fixed-kv,memory[0].kv_cache_declared_bytes,8980856832
02-partial-fixed-kv,memory[0].num_gpu_blocks,2687
02-partial-fixed-kv,memory[0].kv_cache_accounting_consistent,True
02-partial-fixed-kv,memory[1].rank,1
02-partial-fixed-kv,memory[1].total_gpu_bytes,85017493504
02-partial-fixed-kv,memory[1].free_gpu_bytes,51306889216
02-partial-fixed-kv,memory[1].torch_allocated_bytes,30891672064
02-partial-fixed-kv,memory[1].torch_reserved_bytes,31591497728
02-partial-fixed-kv,memory[1].torch_peak_allocated_bytes,31492719616
02-partial-fixed-kv,memory[1].torch_peak_reserved_bytes,31591497728
02-partial-fixed-kv,memory[1].available_kv_cache_bytes,8980856832
02-partial-fixed-kv,memory[1].model_memory_bytes,21839992832
02-partial-fixed-kv,memory[1].kv_cache_allocated_bytes,8980856832
02-partial-fixed-kv,memory[1].kv_cache_declared_bytes,8980856832
02-partial-fixed-kv,memory[1].num_gpu_blocks,2687
02-partial-fixed-kv,memory[1].kv_cache_accounting_consistent,True
02-partial-fixed-kv,memory[2].rank,2
02-partial-fixed-kv,memory[2].total_gpu_bytes,85017493504
02-partial-fixed-kv,memory[2].free_gpu_bytes,51306889216
02-partial-fixed-kv,memory[2].torch_allocated_bytes,30891672064
02-partial-fixed-kv,memory[2].torch_reserved_bytes,31591497728
02-partial-fixed-kv,memory[2].torch_peak_allocated_bytes,31492719616
02-partial-fixed-kv,memory[2].torch_peak_reserved_bytes,31591497728
02-partial-fixed-kv,memory[2].available_kv_cache_bytes,8980856832
02-partial-fixed-kv,memory[2].model_memory_bytes,21839992832
02-partial-fixed-kv,memory[2].kv_cache_allocated_bytes,8980856832
02-partial-fixed-kv,memory[2].kv_cache_declared_bytes,8980856832
02-partial-fixed-kv,memory[2].num_gpu_blocks,2687
02-partial-fixed-kv,memory[2].kv_cache_accounting_consistent,True
02-partial-fixed-kv,memory[3].rank,3
02-partial-fixed-kv,memory[3].total_gpu_bytes,85017493504
02-partial-fixed-kv,memory[3].free_gpu_bytes,51306889216
02-partial-fixed-kv,memory[3].torch_allocated_bytes,30891672064
02-partial-fixed-kv,memory[3].torch_reserved_bytes,31591497728
02-partial-fixed-kv,memory[3].torch_peak_allocated_bytes,31492719616
02-partial-fixed-kv,memory[3].torch_peak_reserved_bytes,31591497728
02-partial-fixed-kv,memory[3].available_kv_cache_bytes,8980856832
02-partial-fixed-kv,memory[3].model_memory_bytes,21839992832
02-partial-fixed-kv,memory[3].kv_cache_allocated_bytes,8980856832
02-partial-fixed-kv,memory[3].kv_cache_declared_bytes,8980856832
02-partial-fixed-kv,memory[3].num_gpu_blocks,2687
02-partial-fixed-kv,memory[3].kv_cache_accounting_consistent,True
02-partial-fixed-kv,final_memory[0].rank,0
02-partial-fixed-kv,final_memory[0].total_gpu_bytes,85017493504
02-partial-fixed-kv,final_memory[0].free_gpu_bytes,48368779264
02-partial-fixed-kv,final_memory[0].torch_allocated_bytes,30891679232
02-partial-fixed-kv,final_memory[0].torch_reserved_bytes,31591497728
02-partial-fixed-kv,final_memory[0].torch_peak_allocated_bytes,31192341504
02-partial-fixed-kv,final_memory[0].torch_peak_reserved_bytes,31591497728
02-partial-fixed-kv,final_memory[0].available_kv_cache_bytes,8980856832
02-partial-fixed-kv,final_memory[0].model_memory_bytes,21839992832
02-partial-fixed-kv,final_memory[0].kv_cache_allocated_bytes,8980856832
02-partial-fixed-kv,final_memory[0].kv_cache_declared_bytes,8980856832
02-partial-fixed-kv,final_memory[0].num_gpu_blocks,2687
02-partial-fixed-kv,final_memory[0].kv_cache_accounting_consistent,True
02-partial-fixed-kv,final_memory[1].rank,1
02-partial-fixed-kv,final_memory[1].total_gpu_bytes,85017493504
02-partial-fixed-kv,final_memory[1].free_gpu_bytes,48368779264
02-partial-fixed-kv,final_memory[1].torch_allocated_bytes,30891679232
02-partial-fixed-kv,final_memory[1].torch_reserved_bytes,31591497728
02-partial-fixed-kv,final_memory[1].torch_peak_allocated_bytes,31192341504
02-partial-fixed-kv,final_memory[1].torch_peak_reserved_bytes,31591497728
02-partial-fixed-kv,final_memory[1].available_kv_cache_bytes,8980856832
02-partial-fixed-kv,final_memory[1].model_memory_bytes,21839992832
02-partial-fixed-kv,final_memory[1].kv_cache_allocated_bytes,8980856832
02-partial-fixed-kv,final_memory[1].kv_cache_declared_bytes,8980856832
02-partial-fixed-kv,final_memory[1].num_gpu_blocks,2687
02-partial-fixed-kv,final_memory[1].kv_cache_accounting_consistent,True
02-partial-fixed-kv,final_memory[2].rank,2
02-partial-fixed-kv,final_memory[2].total_gpu_bytes,85017493504
02-partial-fixed-kv,final_memory[2].free_gpu_bytes,48368779264
02-partial-fixed-kv,final_memory[2].torch_allocated_bytes,30891679232
02-partial-fixed-kv,final_memory[2].torch_reserved_bytes,31591497728
02-partial-fixed-kv,final_memory[2].torch_peak_allocated_bytes,31192341504
02-partial-fixed-kv,final_memory[2].torch_peak_reserved_bytes,31591497728
02-partial-fixed-kv,final_memory[2].available_kv_cache_bytes,8980856832
02-partial-fixed-kv,final_memory[2].model_memory_bytes,21839992832
02-partial-fixed-kv,final_memory[2].kv_cache_allocated_bytes,8980856832
02-partial-fixed-kv,final_memory[2].kv_cache_declared_bytes,8980856832
02-partial-fixed-kv,final_memory[2].num_gpu_blocks,2687
02-partial-fixed-kv,final_memory[2].kv_cache_accounting_consistent,True
02-partial-fixed-kv,final_memory[3].rank,3
02-partial-fixed-kv,final_memory[3].total_gpu_bytes,85017493504
02-partial-fixed-kv,final_memory[3].free_gpu_bytes,48368779264
02-partial-fixed-kv,final_memory[3].torch_allocated_bytes,30891679232
02-partial-fixed-kv,final_memory[3].torch_reserved_bytes,31591497728
02-partial-fixed-kv,final_memory[3].torch_peak_allocated_bytes,31192341504
02-partial-fixed-kv,final_memory[3].torch_peak_reserved_bytes,31591497728
02-partial-fixed-kv,final_memory[3].available_kv_cache_bytes,8980856832
02-partial-fixed-kv,final_memory[3].model_memory_bytes,21839992832
02-partial-fixed-kv,final_memory[3].kv_cache_allocated_bytes,8980856832
02-partial-fixed-kv,final_memory[3].kv_cache_declared_bytes,8980856832
02-partial-fixed-kv,final_memory[3].num_gpu_blocks,2687
02-partial-fixed-kv,final_memory[3].kv_cache_accounting_consistent,True
02-partial-fixed-kv,hardware_budget.total_gpu_bytes_by_rank[0],85017493504
02-partial-fixed-kv,hardware_budget.total_gpu_bytes_by_rank[1],85017493504
02-partial-fixed-kv,hardware_budget.total_gpu_bytes_by_rank[2],85017493504
02-partial-fixed-kv,hardware_budget.total_gpu_bytes_by_rank[3],85017493504
02-partial-fixed-kv,hardware_budget.requested_gpu_bytes_by_rank[0],51010496102
02-partial-fixed-kv,hardware_budget.requested_gpu_bytes_by_rank[1],51010496102
02-partial-fixed-kv,hardware_budget.requested_gpu_bytes_by_rank[2],51010496102
02-partial-fixed-kv,hardware_budget.requested_gpu_bytes_by_rank[3],51010496102
02-partial-fixed-kv,smoke.elapsed_s,23.83881943486631
02-partial-fixed-kv,smoke.generated_tokens,8
02-partial-fixed-kv,smoke.request_count,1
02-partial-fixed-kv,smoke.output_tokens_per_second,0.3355870881885752
02-partial-fixed-kv,smoke.latency_available_requests,0
02-partial-fixed-kv,smoke.ttft_available_requests,0
02-partial-fixed-kv,smoke.ttft_median_s,
02-partial-fixed-kv,smoke.request_latency_median_s,
02-partial-fixed-kv,smoke.input_sha256,17f2a44427ea95c77ac3a8fa8b47048c812b09533a104b80986621be6e484bf7
02-partial-fixed-kv,smoke.output_sha256,b512fd12a4a5eace21091c769d8bf4d4bf5d2f1a5577411243f4c11e02c6d54d
02-partial-fixed-kv,repetitions[0].repetition,0
02-partial-fixed-kv,repetitions[0].elapsed_s,5.259118097834289
02-partial-fixed-kv,repetitions[0].generated_tokens,8
02-partial-fixed-kv,repetitions[0].request_count,1
02-partial-fixed-kv,repetitions[0].output_tokens_per_second,1.5211675895421344
02-partial-fixed-kv,repetitions[0].latency_available_requests,0
02-partial-fixed-kv,repetitions[0].ttft_available_requests,0
02-partial-fixed-kv,repetitions[0].ttft_median_s,
02-partial-fixed-kv,repetitions[0].request_latency_median_s,
02-partial-fixed-kv,repetitions[0].output_sha256,b512fd12a4a5eace21091c769d8bf4d4bf5d2f1a5577411243f4c11e02c6d54d
02-partial-fixed-kv,repetitions[0].timing_available,True
02-partial-fixed-kv,repetitions[0].diagnostics.h2d_bytes,57585696768
02-partial-fixed-kv,repetitions[0].diagnostics.copy_launches,1240
02-partial-fixed-kv,repetitions[0].diagnostics.startup_resident_h2d_bytes,0
02-partial-fixed-kv,repetitions[0].diagnostics.promotion_d2d_bytes,12582912
02-partial-fixed-kv,repetitions[0].diagnostics.metadata_h2d_bytes,3145792
02-partial-fixed-kv,repetitions[0].diagnostics.unique_demands,96868
02-partial-fixed-kv,repetitions[0].diagnostics.resident_hits,59108
02-partial-fixed-kv,repetitions[0].diagnostics.timing.route_d2h_s,2.010449060238898
02-partial-fixed-kv,repetitions[0].diagnostics.timing.policy_cpu_s,0.19569304818287492
02-partial-fixed-kv,repetitions[0].diagnostics.timing.host_reuse_wait_s,0.007296780589967966
02-partial-fixed-kv,repetitions[0].diagnostics.timing.host_gather_s,12.03247829945758
02-partial-fixed-kv,repetitions[0].diagnostics.timing.h2d_enqueue_s,0.0725644645281136
02-partial-fixed-kv,repetitions[0].diagnostics.timing.compute_enqueue_s,0.660524282604456
02-partial-fixed-kv,repetitions[0].diagnostics.timing.cuda_sample_count,52
02-partial-fixed-kv,repetitions[0].diagnostics.timing.load_cuda_s,0.0508140162974596
02-partial-fixed-kv,repetitions[0].diagnostics.timing.compute_cuda_s,0.022228255957365037
02-partial-fixed-kv,repetitions[0].diagnostics.timing.promotion_cuda_s,0.0004423040011897683
02-partial-fixed-kv,repetitions[0].diagnostics.policy.observations,1536
02-partial-fixed-kv,repetitions[0].diagnostics.policy.unique_demands,96868
02-partial-fixed-kv,repetitions[0].diagnostics.policy.completed_forwards,32
02-partial-fixed-kv,repetitions[0].diagnostics.policy.decay_events,0
02-partial-fixed-kv,repetitions[0].diagnostics.policy.cache_hits,1148
02-partial-fixed-kv,repetitions[0].diagnostics.policy.cache_misses,36612
02-partial-fixed-kv,repetitions[0].diagnostics.policy.admissions,8
02-partial-fixed-kv,repetitions[0].diagnostics.policy.evictions,8
02-partial-fixed-kv,repetitions[0].diagnostics.policy.cache_bypasses,36604
02-partial-fixed-kv,repetitions[0].diagnostics.policy.reconfigurations,0
02-partial-fixed-kv,repetitions[0].diagnostics.policy.cache_hit_ratio,0.030402542372881355
02-partial-fixed-kv,repetitions[0].diagnostics.per_rank[0].h2d_bytes,14396424192
02-partial-fixed-kv,repetitions[0].diagnostics.per_rank[0].copy_launches,310
02-partial-fixed-kv,repetitions[0].diagnostics.per_rank[0].startup_resident_h2d_bytes,0
02-partial-fixed-kv,repetitions[0].diagnostics.per_rank[0].promotion_d2d_bytes,3145728
02-partial-fixed-kv,repetitions[0].diagnostics.per_rank[0].metadata_h2d_bytes,786448
02-partial-fixed-kv,repetitions[0].diagnostics.per_rank[0].unique_demands,24217
02-partial-fixed-kv,repetitions[0].diagnostics.per_rank[0].resident_hits,14777
02-partial-fixed-kv,repetitions[0].diagnostics.per_rank[0].timing.route_d2h_s,0.5567943057976663
02-partial-fixed-kv,repetitions[0].diagnostics.per_rank[0].timing.policy_cpu_s,0.049078643787652254
02-partial-fixed-kv,repetitions[0].diagnostics.per_rank[0].timing.host_reuse_wait_s,0.0018603815697133541
02-partial-fixed-kv,repetitions[0].diagnostics.per_rank[0].timing.host_gather_s,2.899978135712445
02-partial-fixed-kv,repetitions[0].diagnostics.per_rank[0].timing.h2d_enqueue_s,0.016358913853764534
02-partial-fixed-kv,repetitions[0].diagnostics.per_rank[0].timing.compute_enqueue_s,0.16198801156133413
02-partial-fixed-kv,repetitions[0].diagnostics.per_rank[0].timing.cuda_sample_count,13
02-partial-fixed-kv,repetitions[0].diagnostics.per_rank[0].timing.load_cuda_s,0.012565952131524678
02-partial-fixed-kv,repetitions[0].diagnostics.per_rank[0].timing.compute_cuda_s,0.0054761919975280775
02-partial-fixed-kv,repetitions[0].diagnostics.per_rank[0].timing.promotion_cuda_s,0.00011155199958011507
02-partial-fixed-kv,repetitions[0].diagnostics.per_rank[0].policy.observations,384
02-partial-fixed-kv,repetitions[0].diagnostics.per_rank[0].policy.unique_demands,24217
02-partial-fixed-kv,repetitions[0].diagnostics.per_rank[0].policy.completed_forwards,8
02-partial-fixed-kv,repetitions[0].diagnostics.per_rank[0].policy.decay_events,0
02-partial-fixed-kv,repetitions[0].diagnostics.per_rank[0].policy.cache_hits,287
02-partial-fixed-kv,repetitions[0].diagnostics.per_rank[0].policy.cache_misses,9153
02-partial-fixed-kv,repetitions[0].diagnostics.per_rank[0].policy.admissions,2
02-partial-fixed-kv,repetitions[0].diagnostics.per_rank[0].policy.evictions,2
02-partial-fixed-kv,repetitions[0].diagnostics.per_rank[0].policy.cache_bypasses,9151
02-partial-fixed-kv,repetitions[0].diagnostics.per_rank[0].policy.reconfigurations,0
02-partial-fixed-kv,repetitions[0].diagnostics.per_rank[0].policy.cache_hit_ratio,0.030402542372881355
02-partial-fixed-kv,repetitions[0].diagnostics.per_rank[0].rank,0
02-partial-fixed-kv,repetitions[0].diagnostics.per_rank[0].forward_counts[0],8
02-partial-fixed-kv,repetitions[0].diagnostics.per_rank[0].forward_counts[1],8
02-partial-fixed-kv,repetitions[0].diagnostics.per_rank[0].forward_counts[2],8
02-partial-fixed-kv,repetitions[0].diagnostics.per_rank[0].forward_counts[3],8
02-partial-fixed-kv,repetitions[0].diagnostics.per_rank[0].forward_counts[4],8
02-partial-fixed-kv,repetitions[0].diagnostics.per_rank[0].forward_counts[5],8
02-partial-fixed-kv,repetitions[0].diagnostics.per_rank[0].forward_counts[6],8
02-partial-fixed-kv,repetitions[0].diagnostics.per_rank[0].forward_counts[7],8
02-partial-fixed-kv,repetitions[0].diagnostics.per_rank[0].forward_counts[8],8
02-partial-fixed-kv,repetitions[0].diagnostics.per_rank[0].forward_counts[9],8
02-partial-fixed-kv,repetitions[0].diagnostics.per_rank[0].forward_counts[10],8
02-partial-fixed-kv,repetitions[0].diagnostics.per_rank[0].forward_counts[11],8
02-partial-fixed-kv,repetitions[0].diagnostics.per_rank[0].forward_counts[12],8
02-partial-fixed-kv,repetitions[0].diagnostics.per_rank[0].forward_counts[13],8
02-partial-fixed-kv,repetitions[0].diagnostics.per_rank[0].forward_counts[14],8
02-partial-fixed-kv,repetitions[0].diagnostics.per_rank[0].forward_counts[15],8
02-partial-fixed-kv,repetitions[0].diagnostics.per_rank[0].forward_counts[16],8
02-partial-fixed-kv,repetitions[0].diagnostics.per_rank[0].forward_counts[17],8
02-partial-fixed-kv,repetitions[0].diagnostics.per_rank[0].forward_counts[18],8
02-partial-fixed-kv,repetitions[0].diagnostics.per_rank[0].forward_counts[19],8
02-partial-fixed-kv,repetitions[0].diagnostics.per_rank[0].forward_counts[20],8
02-partial-fixed-kv,repetitions[0].diagnostics.per_rank[0].forward_counts[21],8
02-partial-fixed-kv,repetitions[0].diagnostics.per_rank[0].forward_counts[22],8
02-partial-fixed-kv,repetitions[0].diagnostics.per_rank[0].forward_counts[23],8
02-partial-fixed-kv,repetitions[0].diagnostics.per_rank[0].forward_counts[24],8
02-partial-fixed-kv,repetitions[0].diagnostics.per_rank[0].forward_counts[25],8
02-partial-fixed-kv,repetitions[0].diagnostics.per_rank[0].forward_counts[26],8
02-partial-fixed-kv,repetitions[0].diagnostics.per_rank[0].forward_counts[27],8
02-partial-fixed-kv,repetitions[0].diagnostics.per_rank[0].forward_counts[28],8
02-partial-fixed-kv,repetitions[0].diagnostics.per_rank[0].forward_counts[29],8
02-partial-fixed-kv,repetitions[0].diagnostics.per_rank[0].forward_counts[30],8
02-partial-fixed-kv,repetitions[0].diagnostics.per_rank[0].forward_counts[31],8
02-partial-fixed-kv,repetitions[0].diagnostics.per_rank[0].forward_counts[32],8
02-partial-fixed-kv,repetitions[0].diagnostics.per_rank[0].forward_counts[33],8
02-partial-fixed-kv,repetitions[0].diagnostics.per_rank[0].forward_counts[34],8
02-partial-fixed-kv,repetitions[0].diagnostics.per_rank[0].forward_counts[35],8
02-partial-fixed-kv,repetitions[0].diagnostics.per_rank[0].forward_counts[36],8
02-partial-fixed-kv,repetitions[0].diagnostics.per_rank[0].forward_counts[37],8
02-partial-fixed-kv,repetitions[0].diagnostics.per_rank[0].forward_counts[38],8
02-partial-fixed-kv,repetitions[0].diagnostics.per_rank[0].forward_counts[39],8
02-partial-fixed-kv,repetitions[0].diagnostics.per_rank[0].forward_counts[40],8
02-partial-fixed-kv,repetitions[0].diagnostics.per_rank[0].forward_counts[41],8
02-partial-fixed-kv,repetitions[0].diagnostics.per_rank[0].forward_counts[42],8
02-partial-fixed-kv,repetitions[0].diagnostics.per_rank[0].forward_counts[43],8
02-partial-fixed-kv,repetitions[0].diagnostics.per_rank[0].forward_counts[44],8
02-partial-fixed-kv,repetitions[0].diagnostics.per_rank[0].forward_counts[45],8
02-partial-fixed-kv,repetitions[0].diagnostics.per_rank[0].forward_counts[46],8
02-partial-fixed-kv,repetitions[0].diagnostics.per_rank[0].forward_counts[47],8
02-partial-fixed-kv,repetitions[0].diagnostics.per_rank[0].per_layer_unique_demands[0],568
02-partial-fixed-kv,repetitions[0].diagnostics.per_rank[0].per_layer_unique_demands[1],505
02-partial-fixed-kv,repetitions[0].diagnostics.per_rank[0].per_layer_unique_demands[2],579
02-partial-fixed-kv,repetitions[0].diagnostics.per_rank[0].per_layer_unique_demands[3],491
02-partial-fixed-kv,repetitions[0].diagnostics.per_rank[0].per_layer_unique_demands[4],485
02-partial-fixed-kv,repetitions[0].diagnostics.per_rank[0].per_layer_unique_demands[5],530
02-partial-fixed-kv,repetitions[0].diagnostics.per_rank[0].per_layer_unique_demands[6],560
02-partial-fixed-kv,repetitions[0].diagnostics.per_rank[0].per_layer_unique_demands[7],553
02-partial-fixed-kv,repetitions[0].diagnostics.per_rank[0].per_layer_unique_demands[8],515
02-partial-fixed-kv,repetitions[0].diagnostics.per_rank[0].per_layer_unique_demands[9],457
02-partial-fixed-kv,repetitions[0].diagnostics.per_rank[0].per_layer_unique_demands[10],471
02-partial-fixed-kv,repetitions[0].diagnostics.per_rank[0].per_layer_unique_demands[11],487
02-partial-fixed-kv,repetitions[0].diagnostics.per_rank[0].per_layer_unique_demands[12],438
02-partial-fixed-kv,repetitions[0].diagnostics.per_rank[0].per_layer_unique_demands[13],458
02-partial-fixed-kv,repetitions[0].diagnostics.per_rank[0].per_layer_unique_demands[14],496
02-partial-fixed-kv,repetitions[0].diagnostics.per_rank[0].per_layer_unique_demands[15],529
02-partial-fixed-kv,repetitions[0].diagnostics.per_rank[0].per_layer_unique_demands[16],497
02-partial-fixed-kv,repetitions[0].diagnostics.per_rank[0].per_layer_unique_demands[17],530
02-partial-fixed-kv,repetitions[0].diagnostics.per_rank[0].per_layer_unique_demands[18],563
02-partial-fixed-kv,repetitions[0].diagnostics.per_rank[0].per_layer_unique_demands[19],558
02-partial-fixed-kv,repetitions[0].diagnostics.per_rank[0].per_layer_unique_demands[20],513
02-partial-fixed-kv,repetitions[0].diagnostics.per_rank[0].per_layer_unique_demands[21],456
02-partial-fixed-kv,repetitions[0].diagnostics.per_rank[0].per_layer_unique_demands[22],478
02-partial-fixed-kv,repetitions[0].diagnostics.per_rank[0].per_layer_unique_demands[23],495
02-partial-fixed-kv,repetitions[0].diagnostics.per_rank[0].per_layer_unique_demands[24],462
02-partial-fixed-kv,repetitions[0].diagnostics.per_rank[0].per_layer_unique_demands[25],468
02-partial-fixed-kv,repetitions[0].diagnostics.per_rank[0].per_layer_unique_demands[26],512
02-partial-fixed-kv,repetitions[0].diagnostics.per_rank[0].per_layer_unique_demands[27],545
02-partial-fixed-kv,repetitions[0].diagnostics.per_rank[0].per_layer_unique_demands[28],513
02-partial-fixed-kv,repetitions[0].diagnostics.per_rank[0].per_layer_unique_demands[29],540
02-partial-fixed-kv,repetitions[0].diagnostics.per_rank[0].per_layer_unique_demands[30],560
02-partial-fixed-kv,repetitions[0].diagnostics.per_rank[0].per_layer_unique_demands[31],557
02-partial-fixed-kv,repetitions[0].diagnostics.per_rank[0].per_layer_unique_demands[32],524
02-partial-fixed-kv,repetitions[0].diagnostics.per_rank[0].per_layer_unique_demands[33],464
02-partial-fixed-kv,repetitions[0].diagnostics.per_rank[0].per_layer_unique_demands[34],483
02-partial-fixed-kv,repetitions[0].diagnostics.per_rank[0].per_layer_unique_demands[35],501
02-partial-fixed-kv,repetitions[0].diagnostics.per_rank[0].per_layer_unique_demands[36],471
02-partial-fixed-kv,repetitions[0].diagnostics.per_rank[0].per_layer_unique_demands[37],482
02-partial-fixed-kv,repetitions[0].diagnostics.per_rank[0].per_layer_unique_demands[38],508
02-partial-fixed-kv,repetitions[0].diagnostics.per_rank[0].per_layer_unique_demands[39],522
02-partial-fixed-kv,repetitions[0].diagnostics.per_rank[0].per_layer_unique_demands[40],531
02-partial-fixed-kv,repetitions[0].diagnostics.per_rank[0].per_layer_unique_demands[41],512
02-partial-fixed-kv,repetitions[0].diagnostics.per_rank[0].per_layer_unique_demands[42],480
02-partial-fixed-kv,repetitions[0].diagnostics.per_rank[0].per_layer_unique_demands[43],485
02-partial-fixed-kv,repetitions[0].diagnostics.per_rank[0].per_layer_unique_demands[44],470
02-partial-fixed-kv,repetitions[0].diagnostics.per_rank[0].per_layer_unique_demands[45],456
02-partial-fixed-kv,repetitions[0].diagnostics.per_rank[0].per_layer_unique_demands[46],464
02-partial-fixed-kv,repetitions[0].diagnostics.per_rank[0].per_layer_unique_demands[47],495
02-partial-fixed-kv,repetitions[0].diagnostics.per_rank[0].per_layer_mean_unique_coverage[0],0.138671875
02-partial-fixed-kv,repetitions[0].diagnostics.per_rank[0].per_layer_mean_unique_coverage[1],0.123291015625
02-partial-fixed-kv,repetitions[0].diagnostics.per_rank[0].per_layer_mean_unique_coverage[2],0.141357421875
02-partial-fixed-kv,repetitions[0].diagnostics.per_rank[0].per_layer_mean_unique_coverage[3],0.119873046875
02-partial-fixed-kv,repetitions[0].diagnostics.per_rank[0].per_layer_mean_unique_coverage[4],0.118408203125
02-partial-fixed-kv,repetitions[0].diagnostics.per_rank[0].per_layer_mean_unique_coverage[5],0.12939453125
02-partial-fixed-kv,repetitions[0].diagnostics.per_rank[0].per_layer_mean_unique_coverage[6],0.13671875
02-partial-fixed-kv,repetitions[0].diagnostics.per_rank[0].per_layer_mean_unique_coverage[7],0.135009765625
02-partial-fixed-kv,repetitions[0].diagnostics.per_rank[0].per_layer_mean_unique_coverage[8],0.125732421875
02-partial-fixed-kv,repetitions[0].diagnostics.per_rank[0].per_layer_mean_unique_coverage[9],0.111572265625
02-partial-fixed-kv,repetitions[0].diagnostics.per_rank[0].per_layer_mean_unique_coverage[10],0.114990234375
02-partial-fixed-kv,repetitions[0].diagnostics.per_rank[0].per_layer_mean_unique_coverage[11],0.118896484375
02-partial-fixed-kv,repetitions[0].diagnostics.per_rank[0].per_layer_mean_unique_coverage[12],0.10693359375
02-partial-fixed-kv,repetitions[0].diagnostics.per_rank[0].per_layer_mean_unique_coverage[13],0.11181640625
02-partial-fixed-kv,repetitions[0].diagnostics.per_rank[0].per_layer_mean_unique_coverage[14],0.12109375
02-partial-fixed-kv,repetitions[0].diagnostics.per_rank[0].per_layer_mean_unique_coverage[15],0.129150390625
02-partial-fixed-kv,repetitions[0].diagnostics.per_rank[0].per_layer_mean_unique_coverage[16],0.121337890625
02-partial-fixed-kv,repetitions[0].diagnostics.per_rank[0].per_layer_mean_unique_coverage[17],0.12939453125
02-partial-fixed-kv,repetitions[0].diagnostics.per_rank[0].per_layer_mean_unique_coverage[18],0.137451171875
02-partial-fixed-kv,repetitions[0].diagnostics.per_rank[0].per_layer_mean_unique_coverage[19],0.13623046875
02-partial-fixed-kv,repetitions[0].diagnostics.per_rank[0].per_layer_mean_unique_coverage[20],0.125244140625
02-partial-fixed-kv,repetitions[0].diagnostics.per_rank[0].per_layer_mean_unique_coverage[21],0.111328125
02-partial-fixed-kv,repetitions[0].diagnostics.per_rank[0].per_layer_mean_unique_coverage[22],0.11669921875
02-partial-fixed-kv,repetitions[0].diagnostics.per_rank[0].per_layer_mean_unique_coverage[23],0.120849609375
02-partial-fixed-kv,repetitions[0].diagnostics.per_rank[0].per_layer_mean_unique_coverage[24],0.11279296875
02-partial-fixed-kv,repetitions[0].diagnostics.per_rank[0].per_layer_mean_unique_coverage[25],0.1142578125
02-partial-fixed-kv,repetitions[0].diagnostics.per_rank[0].per_layer_mean_unique_coverage[26],0.125
02-partial-fixed-kv,repetitions[0].diagnostics.per_rank[0].per_layer_mean_unique_coverage[27],0.133056640625
02-partial-fixed-kv,repetitions[0].diagnostics.per_rank[0].per_layer_mean_unique_coverage[28],0.125244140625
02-partial-fixed-kv,repetitions[0].diagnostics.per_rank[0].per_layer_mean_unique_coverage[29],0.1318359375
02-partial-fixed-kv,repetitions[0].diagnostics.per_rank[0].per_layer_mean_unique_coverage[30],0.13671875
02-partial-fixed-kv,repetitions[0].diagnostics.per_rank[0].per_layer_mean_unique_coverage[31],0.135986328125
02-partial-fixed-kv,repetitions[0].diagnostics.per_rank[0].per_layer_mean_unique_coverage[32],0.1279296875
02-partial-fixed-kv,repetitions[0].diagnostics.per_rank[0].per_layer_mean_unique_coverage[33],0.11328125
02-partial-fixed-kv,repetitions[0].diagnostics.per_rank[0].per_layer_mean_unique_coverage[34],0.117919921875
02-partial-fixed-kv,repetitions[0].diagnostics.per_rank[0].per_layer_mean_unique_coverage[35],0.122314453125
02-partial-fixed-kv,repetitions[0].diagnostics.per_rank[0].per_layer_mean_unique_coverage[36],0.114990234375
02-partial-fixed-kv,repetitions[0].diagnostics.per_rank[0].per_layer_mean_unique_coverage[37],0.11767578125
02-partial-fixed-kv,repetitions[0].diagnostics.per_rank[0].per_layer_mean_unique_coverage[38],0.1240234375
02-partial-fixed-kv,repetitions[0].diagnostics.per_rank[0].per_layer_mean_unique_coverage[39],0.12744140625
02-partial-fixed-kv,repetitions[0].diagnostics.per_rank[0].per_layer_mean_unique_coverage[40],0.129638671875
02-partial-fixed-kv,repetitions[0].diagnostics.per_rank[0].per_layer_mean_unique_coverage[41],0.125
02-partial-fixed-kv,repetitions[0].diagnostics.per_rank[0].per_layer_mean_unique_coverage[42],0.1171875
02-partial-fixed-kv,repetitions[0].diagnostics.per_rank[0].per_layer_mean_unique_coverage[43],0.118408203125
02-partial-fixed-kv,repetitions[0].diagnostics.per_rank[0].per_layer_mean_unique_coverage[44],0.11474609375
02-partial-fixed-kv,repetitions[0].diagnostics.per_rank[0].per_layer_mean_unique_coverage[45],0.111328125
02-partial-fixed-kv,repetitions[0].diagnostics.per_rank[0].per_layer_mean_unique_coverage[46],0.11328125
02-partial-fixed-kv,repetitions[0].diagnostics.per_rank[0].per_layer_mean_unique_coverage[47],0.120849609375
02-partial-fixed-kv,repetitions[0].diagnostics.per_rank[0].gauge_snapshot.max_unique_per_forward,509
02-partial-fixed-kv,repetitions[0].diagnostics.per_rank[0].gauge_snapshot.mean_unique_coverage,0.10700426603618421
02-partial-fixed-kv,repetitions[0].diagnostics.per_rank[0].gauge_snapshot.per_layer_max_unique_per_forward[0],498
02-partial-fixed-kv,repetitions[0].diagnostics.per_rank[0].gauge_snapshot.per_layer_max_unique_per_forward[1],436
02-partial-fixed-kv,repetitions[0].diagnostics.per_rank[0].gauge_snapshot.per_layer_max_unique_per_forward[2],509
02-partial-fixed-kv,repetitions[0].diagnostics.per_rank[0].gauge_snapshot.per_layer_max_unique_per_forward[3],421
02-partial-fixed-kv,repetitions[0].diagnostics.per_rank[0].gauge_snapshot.per_layer_max_unique_per_forward[4],415
02-partial-fixed-kv,repetitions[0].diagnostics.per_rank[0].gauge_snapshot.per_layer_max_unique_per_forward[5],460
02-partial-fixed-kv,repetitions[0].diagnostics.per_rank[0].gauge_snapshot.per_layer_max_unique_per_forward[6],491
02-partial-fixed-kv,repetitions[0].diagnostics.per_rank[0].gauge_snapshot.per_layer_max_unique_per_forward[7],483
02-partial-fixed-kv,repetitions[0].diagnostics.per_rank[0].gauge_snapshot.per_layer_max_unique_per_forward[8],447
02-partial-fixed-kv,repetitions[0].diagnostics.per_rank[0].gauge_snapshot.per_layer_max_unique_per_forward[9],387
02-partial-fixed-kv,repetitions[0].diagnostics.per_rank[0].gauge_snapshot.per_layer_max_unique_per_forward[10],401
02-partial-fixed-kv,repetitions[0].diagnostics.per_rank[0].gauge_snapshot.per_layer_max_unique_per_forward[11],417
02-partial-fixed-kv,repetitions[0].diagnostics.per_rank[0].gauge_snapshot.per_layer_max_unique_per_forward[12],368
02-partial-fixed-kv,repetitions[0].diagnostics.per_rank[0].gauge_snapshot.per_layer_max_unique_per_forward[13],389
02-partial-fixed-kv,repetitions[0].diagnostics.per_rank[0].gauge_snapshot.per_layer_max_unique_per_forward[14],426
02-partial-fixed-kv,repetitions[0].diagnostics.per_rank[0].gauge_snapshot.per_layer_max_unique_per_forward[15],459
02-partial-fixed-kv,repetitions[0].diagnostics.per_rank[0].gauge_snapshot.per_layer_max_unique_per_forward[16],427
02-partial-fixed-kv,repetitions[0].diagnostics.per_rank[0].gauge_snapshot.per_layer_max_unique_per_forward[17],461
02-partial-fixed-kv,repetitions[0].diagnostics.per_rank[0].gauge_snapshot.per_layer_max_unique_per_forward[18],493
02-partial-fixed-kv,repetitions[0].diagnostics.per_rank[0].gauge_snapshot.per_layer_max_unique_per_forward[19],488
02-partial-fixed-kv,repetitions[0].diagnostics.per_rank[0].gauge_snapshot.per_layer_max_unique_per_forward[20],443
02-partial-fixed-kv,repetitions[0].diagnostics.per_rank[0].gauge_snapshot.per_layer_max_unique_per_forward[21],387
02-partial-fixed-kv,repetitions[0].diagnostics.per_rank[0].gauge_snapshot.per_layer_max_unique_per_forward[22],412
02-partial-fixed-kv,repetitions[0].diagnostics.per_rank[0].gauge_snapshot.per_layer_max_unique_per_forward[23],425
02-partial-fixed-kv,repetitions[0].diagnostics.per_rank[0].gauge_snapshot.per_layer_max_unique_per_forward[24],392
02-partial-fixed-kv,repetitions[0].diagnostics.per_rank[0].gauge_snapshot.per_layer_max_unique_per_forward[25],400
02-partial-fixed-kv,repetitions[0].diagnostics.per_rank[0].gauge_snapshot.per_layer_max_unique_per_forward[26],443
02-partial-fixed-kv,repetitions[0].diagnostics.per_rank[0].gauge_snapshot.per_layer_max_unique_per_forward[27],475
02-partial-fixed-kv,repetitions[0].diagnostics.per_rank[0].gauge_snapshot.per_layer_max_unique_per_forward[28],443
02-partial-fixed-kv,repetitions[0].diagnostics.per_rank[0].gauge_snapshot.per_layer_max_unique_per_forward[29],470
02-partial-fixed-kv,repetitions[0].diagnostics.per_rank[0].gauge_snapshot.per_layer_max_unique_per_forward[30],491
02-partial-fixed-kv,repetitions[0].diagnostics.per_rank[0].gauge_snapshot.per_layer_max_unique_per_forward[31],487
02-partial-fixed-kv,repetitions[0].diagnostics.per_rank[0].gauge_snapshot.per_layer_max_unique_per_forward[32],457
02-partial-fixed-kv,repetitions[0].diagnostics.per_rank[0].gauge_snapshot.per_layer_max_unique_per_forward[33],394
02-partial-fixed-kv,repetitions[0].diagnostics.per_rank[0].gauge_snapshot.per_layer_max_unique_per_forward[34],413
02-partial-fixed-kv,repetitions[0].diagnostics.per_rank[0].gauge_snapshot.per_layer_max_unique_per_forward[35],431
02-partial-fixed-kv,repetitions[0].diagnostics.per_rank[0].gauge_snapshot.per_layer_max_unique_per_forward[36],405
02-partial-fixed-kv,repetitions[0].diagnostics.per_rank[0].gauge_snapshot.per_layer_max_unique_per_forward[37],412
02-partial-fixed-kv,repetitions[0].diagnostics.per_rank[0].gauge_snapshot.per_layer_max_unique_per_forward[38],440
02-partial-fixed-kv,repetitions[0].diagnostics.per_rank[0].gauge_snapshot.per_layer_max_unique_per_forward[39],453
02-partial-fixed-kv,repetitions[0].diagnostics.per_rank[0].gauge_snapshot.per_layer_max_unique_per_forward[40],461
02-partial-fixed-kv,repetitions[0].diagnostics.per_rank[0].gauge_snapshot.per_layer_max_unique_per_forward[41],445
02-partial-fixed-kv,repetitions[0].diagnostics.per_rank[0].gauge_snapshot.per_layer_max_unique_per_forward[42],410
02-partial-fixed-kv,repetitions[0].diagnostics.per_rank[0].gauge_snapshot.per_layer_max_unique_per_forward[43],416
02-partial-fixed-kv,repetitions[0].diagnostics.per_rank[0].gauge_snapshot.per_layer_max_unique_per_forward[44],400
02-partial-fixed-kv,repetitions[0].diagnostics.per_rank[0].gauge_snapshot.per_layer_max_unique_per_forward[45],387
02-partial-fixed-kv,repetitions[0].diagnostics.per_rank[0].gauge_snapshot.per_layer_max_unique_per_forward[46],394
02-partial-fixed-kv,repetitions[0].diagnostics.per_rank[0].gauge_snapshot.per_layer_max_unique_per_forward[47],425
02-partial-fixed-kv,repetitions[0].diagnostics.per_rank[0].policy_snapshot.resident_experts,12288
02-partial-fixed-kv,repetitions[0].diagnostics.per_rank[0].policy_snapshot.cache_slots,256
02-partial-fixed-kv,repetitions[0].diagnostics.per_rank[0].policy_snapshot.cache_entries,256
02-partial-fixed-kv,repetitions[0].diagnostics.per_rank[0].policy_snapshot.cache_hit_ratio,0.01793791920137264
02-partial-fixed-kv,repetitions[0].diagnostics.per_rank[0].kernel_config_records.capacity,64
02-partial-fixed-kv,repetitions[0].diagnostics.per_rank[0].kernel_config_records.unrecorded_selections,0
02-partial-fixed-kv,repetitions[0].diagnostics.per_rank[0].kernel_config_records.records[0].chunk_tokens,8192
02-partial-fixed-kv,repetitions[0].diagnostics.per_rank[0].kernel_config_records.records[0].top_k,10
02-partial-fixed-kv,repetitions[0].diagnostics.per_rank[0].kernel_config_records.records[0].selections,96
02-partial-fixed-kv,repetitions[0].diagnostics.per_rank[0].kernel_config_records.records[0].w13_shape[0],512
02-partial-fixed-kv,repetitions[0].diagnostics.per_rank[0].kernel_config_records.records[0].w13_shape[1],256
02-partial-fixed-kv,repetitions[0].diagnostics.per_rank[0].kernel_config_records.records[0].w13_shape[2],2048
02-partial-fixed-kv,repetitions[0].diagnostics.per_rank[0].kernel_config_records.records[0].w2_shape[0],512
02-partial-fixed-kv,repetitions[0].diagnostics.per_rank[0].kernel_config_records.records[0].w2_shape[1],2048
02-partial-fixed-kv,repetitions[0].diagnostics.per_rank[0].kernel_config_records.records[0].w2_shape[2],128
02-partial-fixed-kv,repetitions[0].diagnostics.per_rank[0].kernel_config_records.records[0].config.BLOCK_SIZE_K,64
02-partial-fixed-kv,repetitions[0].diagnostics.per_rank[0].kernel_config_records.records[0].config.BLOCK_SIZE_M,128
02-partial-fixed-kv,repetitions[0].diagnostics.per_rank[0].kernel_config_records.records[0].config.BLOCK_SIZE_N,128
02-partial-fixed-kv,repetitions[0].diagnostics.per_rank[0].kernel_config_records.records[0].config.GROUP_SIZE_M,64
02-partial-fixed-kv,repetitions[0].diagnostics.per_rank[0].kernel_config_records.records[0].config.num_stages,3
02-partial-fixed-kv,repetitions[0].diagnostics.per_rank[0].kernel_config_records.records[0].config.num_warps,8
02-partial-fixed-kv,repetitions[0].diagnostics.per_rank[0].kernel_config_records.records[1].chunk_tokens,1
02-partial-fixed-kv,repetitions[0].diagnostics.per_rank[0].kernel_config_records.records[1].top_k,10
02-partial-fixed-kv,repetitions[0].diagnostics.per_rank[0].kernel_config_records.records[1].selections,720
02-partial-fixed-kv,repetitions[0].diagnostics.per_rank[0].kernel_config_records.records[1].w13_shape[0],512
02-partial-fixed-kv,repetitions[0].diagnostics.per_rank[0].kernel_config_records.records[1].w13_shape[1],256
02-partial-fixed-kv,repetitions[0].diagnostics.per_rank[0].kernel_config_records.records[1].w13_shape[2],2048
02-partial-fixed-kv,repetitions[0].diagnostics.per_rank[0].kernel_config_records.records[1].w2_shape[0],512
02-partial-fixed-kv,repetitions[0].diagnostics.per_rank[0].kernel_config_records.records[1].w2_shape[1],2048
02-partial-fixed-kv,repetitions[0].diagnostics.per_rank[0].kernel_config_records.records[1].w2_shape[2],128
02-partial-fixed-kv,repetitions[0].diagnostics.per_rank[0].kernel_config_records.records[1].config.BLOCK_SIZE_K,64
02-partial-fixed-kv,repetitions[0].diagnostics.per_rank[0].kernel_config_records.records[1].config.BLOCK_SIZE_M,16
02-partial-fixed-kv,repetitions[0].diagnostics.per_rank[0].kernel_config_records.records[1].config.BLOCK_SIZE_N,32
02-partial-fixed-kv,repetitions[0].diagnostics.per_rank[0].kernel_config_records.records[1].config.GROUP_SIZE_M,1
02-partial-fixed-kv,repetitions[0].diagnostics.per_rank[0].kernel_config_records.records[1].config.num_stages,4
02-partial-fixed-kv,repetitions[0].diagnostics.per_rank[0].kernel_config_records.records[1].config.num_warps,4
02-partial-fixed-kv,repetitions[0].diagnostics.per_rank[0].kernel_config_records.records[2].chunk_tokens,4096
02-partial-fixed-kv,repetitions[0].diagnostics.per_rank[0].kernel_config_records.records[2].top_k,10
02-partial-fixed-kv,repetitions[0].diagnostics.per_rank[0].kernel_config_records.records[2].selections,96
02-partial-fixed-kv,repetitions[0].diagnostics.per_rank[0].kernel_config_records.records[2].w13_shape[0],512
02-partial-fixed-kv,repetitions[0].diagnostics.per_rank[0].kernel_config_records.records[2].w13_shape[1],256
02-partial-fixed-kv,repetitions[0].diagnostics.per_rank[0].kernel_config_records.records[2].w13_shape[2],2048
02-partial-fixed-kv,repetitions[0].diagnostics.per_rank[0].kernel_config_records.records[2].w2_shape[0],512
02-partial-fixed-kv,repetitions[0].diagnostics.per_rank[0].kernel_config_records.records[2].w2_shape[1],2048
02-partial-fixed-kv,repetitions[0].diagnostics.per_rank[0].kernel_config_records.records[2].w2_shape[2],128
02-partial-fixed-kv,repetitions[0].diagnostics.per_rank[0].kernel_config_records.records[2].config.BLOCK_SIZE_K,64
02-partial-fixed-kv,repetitions[0].diagnostics.per_rank[0].kernel_config_records.records[2].config.BLOCK_SIZE_M,128
02-partial-fixed-kv,repetitions[0].diagnostics.per_rank[0].kernel_config_records.records[2].config.BLOCK_SIZE_N,128
02-partial-fixed-kv,repetitions[0].diagnostics.per_rank[0].kernel_config_records.records[2].config.GROUP_SIZE_M,64
02-partial-fixed-kv,repetitions[0].diagnostics.per_rank[0].kernel_config_records.records[2].config.num_stages,3
02-partial-fixed-kv,repetitions[0].diagnostics.per_rank[0].kernel_config_records.records[2].config.num_warps,8
02-partial-fixed-kv,repetitions[0].diagnostics.per_rank[1].h2d_bytes,14396424192
02-partial-fixed-kv,repetitions[0].diagnostics.per_rank[1].copy_launches,310
02-partial-fixed-kv,repetitions[0].diagnostics.per_rank[1].startup_resident_h2d_bytes,0
02-partial-fixed-kv,repetitions[0].diagnostics.per_rank[1].promotion_d2d_bytes,3145728
02-partial-fixed-kv,repetitions[0].diagnostics.per_rank[1].metadata_h2d_bytes,786448
02-partial-fixed-kv,repetitions[0].diagnostics.per_rank[1].unique_demands,24217
02-partial-fixed-kv,repetitions[0].diagnostics.per_rank[1].resident_hits,14777
02-partial-fixed-kv,repetitions[0].diagnostics.per_rank[1].timing.route_d2h_s,0.5876644323579967
02-partial-fixed-kv,repetitions[0].diagnostics.per_rank[1].timing.policy_cpu_s,0.04859917890280485
02-partial-fixed-kv,repetitions[0].diagnostics.per_rank[1].timing.host_reuse_wait_s,0.0017307554371654987
02-partial-fixed-kv,repetitions[0].diagnostics.per_rank[1].timing.host_gather_s,2.9742843471467495
02-partial-fixed-kv,repetitions[0].diagnostics.per_rank[1].timing.h2d_enqueue_s,0.01621787389740348
02-partial-fixed-kv,repetitions[0].diagnostics.per_rank[1].timing.compute_enqueue_s,0.16266581788659096
02-partial-fixed-kv,repetitions[0].diagnostics.per_rank[1].timing.cuda_sample_count,13
02-partial-fixed-kv,repetitions[0].diagnostics.per_rank[1].timing.load_cuda_s,0.012783103970810773
02-partial-fixed-kv,repetitions[0].diagnostics.per_rank[1].timing.compute_cuda_s,0.005498079985380174
02-partial-fixed-kv,repetitions[0].diagnostics.per_rank[1].timing.promotion_cuda_s,0.0001067200016696006
02-partial-fixed-kv,repetitions[0].diagnostics.per_rank[1].policy.observations,384
02-partial-fixed-kv,repetitions[0].diagnostics.per_rank[1].policy.unique_demands,24217
02-partial-fixed-kv,repetitions[0].diagnostics.per_rank[1].policy.completed_forwards,8
02-partial-fixed-kv,repetitions[0].diagnostics.per_rank[1].policy.decay_events,0
02-partial-fixed-kv,repetitions[0].diagnostics.per_rank[1].policy.cache_hits,287
02-partial-fixed-kv,repetitions[0].diagnostics.per_rank[1].policy.cache_misses,9153
02-partial-fixed-kv,repetitions[0].diagnostics.per_rank[1].policy.admissions,2
02-partial-fixed-kv,repetitions[0].diagnostics.per_rank[1].policy.evictions,2
02-partial-fixed-kv,repetitions[0].diagnostics.per_rank[1].policy.cache_bypasses,9151
02-partial-fixed-kv,repetitions[0].diagnostics.per_rank[1].policy.reconfigurations,0
02-partial-fixed-kv,repetitions[0].diagnostics.per_rank[1].policy.cache_hit_ratio,0.030402542372881355
02-partial-fixed-kv,repetitions[0].diagnostics.per_rank[1].rank,1
02-partial-fixed-kv,repetitions[0].diagnostics.per_rank[1].forward_counts[0],8
02-partial-fixed-kv,repetitions[0].diagnostics.per_rank[1].forward_counts[1],8
02-partial-fixed-kv,repetitions[0].diagnostics.per_rank[1].forward_counts[2],8
02-partial-fixed-kv,repetitions[0].diagnostics.per_rank[1].forward_counts[3],8
02-partial-fixed-kv,repetitions[0].diagnostics.per_rank[1].forward_counts[4],8
02-partial-fixed-kv,repetitions[0].diagnostics.per_rank[1].forward_counts[5],8
02-partial-fixed-kv,repetitions[0].diagnostics.per_rank[1].forward_counts[6],8
02-partial-fixed-kv,repetitions[0].diagnostics.per_rank[1].forward_counts[7],8
02-partial-fixed-kv,repetitions[0].diagnostics.per_rank[1].forward_counts[8],8
02-partial-fixed-kv,repetitions[0].diagnostics.per_rank[1].forward_counts[9],8
02-partial-fixed-kv,repetitions[0].diagnostics.per_rank[1].forward_counts[10],8
02-partial-fixed-kv,repetitions[0].diagnostics.per_rank[1].forward_counts[11],8
02-partial-fixed-kv,repetitions[0].diagnostics.per_rank[1].forward_counts[12],8
02-partial-fixed-kv,repetitions[0].diagnostics.per_rank[1].forward_counts[13],8
02-partial-fixed-kv,repetitions[0].diagnostics.per_rank[1].forward_counts[14],8
02-partial-fixed-kv,repetitions[0].diagnostics.per_rank[1].forward_counts[15],8
02-partial-fixed-kv,repetitions[0].diagnostics.per_rank[1].forward_counts[16],8
02-partial-fixed-kv,repetitions[0].diagnostics.per_rank[1].forward_counts[17],8
02-partial-fixed-kv,repetitions[0].diagnostics.per_rank[1].forward_counts[18],8
02-partial-fixed-kv,repetitions[0].diagnostics.per_rank[1].forward_counts[19],8
02-partial-fixed-kv,repetitions[0].diagnostics.per_rank[1].forward_counts[20],8
02-partial-fixed-kv,repetitions[0].diagnostics.per_rank[1].forward_counts[21],8
02-partial-fixed-kv,repetitions[0].diagnostics.per_rank[1].forward_counts[22],8
02-partial-fixed-kv,repetitions[0].diagnostics.per_rank[1].forward_counts[23],8
02-partial-fixed-kv,repetitions[0].diagnostics.per_rank[1].forward_counts[24],8
02-partial-fixed-kv,repetitions[0].diagnostics.per_rank[1].forward_counts[25],8
02-partial-fixed-kv,repetitions[0].diagnostics.per_rank[1].forward_counts[26],8
02-partial-fixed-kv,repetitions[0].diagnostics.per_rank[1].forward_counts[27],8
02-partial-fixed-kv,repetitions[0].diagnostics.per_rank[1].forward_counts[28],8
02-partial-fixed-kv,repetitions[0].diagnostics.per_rank[1].forward_counts[29],8
02-partial-fixed-kv,repetitions[0].diagnostics.per_rank[1].forward_counts[30],8
02-partial-fixed-kv,repetitions[0].diagnostics.per_rank[1].forward_counts[31],8
02-partial-fixed-kv,repetitions[0].diagnostics.per_rank[1].forward_counts[32],8
02-partial-fixed-kv,repetitions[0].diagnostics.per_rank[1].forward_counts[33],8
02-partial-fixed-kv,repetitions[0].diagnostics.per_rank[1].forward_counts[34],8
02-partial-fixed-kv,repetitions[0].diagnostics.per_rank[1].forward_counts[35],8
02-partial-fixed-kv,repetitions[0].diagnostics.per_rank[1].forward_counts[36],8
02-partial-fixed-kv,repetitions[0].diagnostics.per_rank[1].forward_counts[37],8
02-partial-fixed-kv,repetitions[0].diagnostics.per_rank[1].forward_counts[38],8
02-partial-fixed-kv,repetitions[0].diagnostics.per_rank[1].forward_counts[39],8
02-partial-fixed-kv,repetitions[0].diagnostics.per_rank[1].forward_counts[40],8
02-partial-fixed-kv,repetitions[0].diagnostics.per_rank[1].forward_counts[41],8
02-partial-fixed-kv,repetitions[0].diagnostics.per_rank[1].forward_counts[42],8
02-partial-fixed-kv,repetitions[0].diagnostics.per_rank[1].forward_counts[43],8
02-partial-fixed-kv,repetitions[0].diagnostics.per_rank[1].forward_counts[44],8
02-partial-fixed-kv,repetitions[0].diagnostics.per_rank[1].forward_counts[45],8
02-partial-fixed-kv,repetitions[0].diagnostics.per_rank[1].forward_counts[46],8
02-partial-fixed-kv,repetitions[0].diagnostics.per_rank[1].forward_counts[47],8
02-partial-fixed-kv,repetitions[0].diagnostics.per_rank[1].per_layer_unique_demands[0],568
02-partial-fixed-kv,repetitions[0].diagnostics.per_rank[1].per_layer_unique_demands[1],505
02-partial-fixed-kv,repetitions[0].diagnostics.per_rank[1].per_layer_unique_demands[2],579
02-partial-fixed-kv,repetitions[0].diagnostics.per_rank[1].per_layer_unique_demands[3],491
02-partial-fixed-kv,repetitions[0].diagnostics.per_rank[1].per_layer_unique_demands[4],485
02-partial-fixed-kv,repetitions[0].diagnostics.per_rank[1].per_layer_unique_demands[5],530
02-partial-fixed-kv,repetitions[0].diagnostics.per_rank[1].per_layer_unique_demands[6],560
02-partial-fixed-kv,repetitions[0].diagnostics.per_rank[1].per_layer_unique_demands[7],553
02-partial-fixed-kv,repetitions[0].diagnostics.per_rank[1].per_layer_unique_demands[8],515
02-partial-fixed-kv,repetitions[0].diagnostics.per_rank[1].per_layer_unique_demands[9],457
02-partial-fixed-kv,repetitions[0].diagnostics.per_rank[1].per_layer_unique_demands[10],471
02-partial-fixed-kv,repetitions[0].diagnostics.per_rank[1].per_layer_unique_demands[11],487
02-partial-fixed-kv,repetitions[0].diagnostics.per_rank[1].per_layer_unique_demands[12],438
02-partial-fixed-kv,repetitions[0].diagnostics.per_rank[1].per_layer_unique_demands[13],458
02-partial-fixed-kv,repetitions[0].diagnostics.per_rank[1].per_layer_unique_demands[14],496
02-partial-fixed-kv,repetitions[0].diagnostics.per_rank[1].per_layer_unique_demands[15],529
02-partial-fixed-kv,repetitions[0].diagnostics.per_rank[1].per_layer_unique_demands[16],497
02-partial-fixed-kv,repetitions[0].diagnostics.per_rank[1].per_layer_unique_demands[17],530
02-partial-fixed-kv,repetitions[0].diagnostics.per_rank[1].per_layer_unique_demands[18],563
02-partial-fixed-kv,repetitions[0].diagnostics.per_rank[1].per_layer_unique_demands[19],558
02-partial-fixed-kv,repetitions[0].diagnostics.per_rank[1].per_layer_unique_demands[20],513
02-partial-fixed-kv,repetitions[0].diagnostics.per_rank[1].per_layer_unique_demands[21],456
02-partial-fixed-kv,repetitions[0].diagnostics.per_rank[1].per_layer_unique_demands[22],478
02-partial-fixed-kv,repetitions[0].diagnostics.per_rank[1].per_layer_unique_demands[23],495
02-partial-fixed-kv,repetitions[0].diagnostics.per_rank[1].per_layer_unique_demands[24],462
02-partial-fixed-kv,repetitions[0].diagnostics.per_rank[1].per_layer_unique_demands[25],468
02-partial-fixed-kv,repetitions[0].diagnostics.per_rank[1].per_layer_unique_demands[26],512
02-partial-fixed-kv,repetitions[0].diagnostics.per_rank[1].per_layer_unique_demands[27],545
02-partial-fixed-kv,repetitions[0].diagnostics.per_rank[1].per_layer_unique_demands[28],513
02-partial-fixed-kv,repetitions[0].diagnostics.per_rank[1].per_layer_unique_demands[29],540
02-partial-fixed-kv,repetitions[0].diagnostics.per_rank[1].per_layer_unique_demands[30],560
02-partial-fixed-kv,repetitions[0].diagnostics.per_rank[1].per_layer_unique_demands[31],557
02-partial-fixed-kv,repetitions[0].diagnostics.per_rank[1].per_layer_unique_demands[32],524
02-partial-fixed-kv,repetitions[0].diagnostics.per_rank[1].per_layer_unique_demands[33],464
02-partial-fixed-kv,repetitions[0].diagnostics.per_rank[1].per_layer_unique_demands[34],483
02-partial-fixed-kv,repetitions[0].diagnostics.per_rank[1].per_layer_unique_demands[35],501
02-partial-fixed-kv,repetitions[0].diagnostics.per_rank[1].per_layer_unique_demands[36],471
02-partial-fixed-kv,repetitions[0].diagnostics.per_rank[1].per_layer_unique_demands[37],482
02-partial-fixed-kv,repetitions[0].diagnostics.per_rank[1].per_layer_unique_demands[38],508
02-partial-fixed-kv,repetitions[0].diagnostics.per_rank[1].per_layer_unique_demands[39],522
02-partial-fixed-kv,repetitions[0].diagnostics.per_rank[1].per_layer_unique_demands[40],531
02-partial-fixed-kv,repetitions[0].diagnostics.per_rank[1].per_layer_unique_demands[41],512
02-partial-fixed-kv,repetitions[0].diagnostics.per_rank[1].per_layer_unique_demands[42],480
02-partial-fixed-kv,repetitions[0].diagnostics.per_rank[1].per_layer_unique_demands[43],485
02-partial-fixed-kv,repetitions[0].diagnostics.per_rank[1].per_layer_unique_demands[44],470
02-partial-fixed-kv,repetitions[0].diagnostics.per_rank[1].per_layer_unique_demands[45],456
02-partial-fixed-kv,repetitions[0].diagnostics.per_rank[1].per_layer_unique_demands[46],464
02-partial-fixed-kv,repetitions[0].diagnostics.per_rank[1].per_layer_unique_demands[47],495
02-partial-fixed-kv,repetitions[0].diagnostics.per_rank[1].per_layer_mean_unique_coverage[0],0.138671875
02-partial-fixed-kv,repetitions[0].diagnostics.per_rank[1].per_layer_mean_unique_coverage[1],0.123291015625
02-partial-fixed-kv,repetitions[0].diagnostics.per_rank[1].per_layer_mean_unique_coverage[2],0.141357421875
02-partial-fixed-kv,repetitions[0].diagnostics.per_rank[1].per_layer_mean_unique_coverage[3],0.119873046875
02-partial-fixed-kv,repetitions[0].diagnostics.per_rank[1].per_layer_mean_unique_coverage[4],0.118408203125
02-partial-fixed-kv,repetitions[0].diagnostics.per_rank[1].per_layer_mean_unique_coverage[5],0.12939453125
02-partial-fixed-kv,repetitions[0].diagnostics.per_rank[1].per_layer_mean_unique_coverage[6],0.13671875
02-partial-fixed-kv,repetitions[0].diagnostics.per_rank[1].per_layer_mean_unique_coverage[7],0.135009765625
02-partial-fixed-kv,repetitions[0].diagnostics.per_rank[1].per_layer_mean_unique_coverage[8],0.125732421875
02-partial-fixed-kv,repetitions[0].diagnostics.per_rank[1].per_layer_mean_unique_coverage[9],0.111572265625
02-partial-fixed-kv,repetitions[0].diagnostics.per_rank[1].per_layer_mean_unique_coverage[10],0.114990234375
02-partial-fixed-kv,repetitions[0].diagnostics.per_rank[1].per_layer_mean_unique_coverage[11],0.118896484375
02-partial-fixed-kv,repetitions[0].diagnostics.per_rank[1].per_layer_mean_unique_coverage[12],0.10693359375
02-partial-fixed-kv,repetitions[0].diagnostics.per_rank[1].per_layer_mean_unique_coverage[13],0.11181640625
02-partial-fixed-kv,repetitions[0].diagnostics.per_rank[1].per_layer_mean_unique_coverage[14],0.12109375
02-partial-fixed-kv,repetitions[0].diagnostics.per_rank[1].per_layer_mean_unique_coverage[15],0.129150390625
02-partial-fixed-kv,repetitions[0].diagnostics.per_rank[1].per_layer_mean_unique_coverage[16],0.121337890625
02-partial-fixed-kv,repetitions[0].diagnostics.per_rank[1].per_layer_mean_unique_coverage[17],0.12939453125
02-partial-fixed-kv,repetitions[0].diagnostics.per_rank[1].per_layer_mean_unique_coverage[18],0.137451171875
02-partial-fixed-kv,repetitions[0].diagnostics.per_rank[1].per_layer_mean_unique_coverage[19],0.13623046875
02-partial-fixed-kv,repetitions[0].diagnostics.per_rank[1].per_layer_mean_unique_coverage[20],0.125244140625
02-partial-fixed-kv,repetitions[0].diagnostics.per_rank[1].per_layer_mean_unique_coverage[21],0.111328125
02-partial-fixed-kv,repetitions[0].diagnostics.per_rank[1].per_layer_mean_unique_coverage[22],0.11669921875
02-partial-fixed-kv,repetitions[0].diagnostics.per_rank[1].per_layer_mean_unique_coverage[23],0.120849609375
02-partial-fixed-kv,repetitions[0].diagnostics.per_rank[1].per_layer_mean_unique_coverage[24],0.11279296875
02-partial-fixed-kv,repetitions[0].diagnostics.per_rank[1].per_layer_mean_unique_coverage[25],0.1142578125
02-partial-fixed-kv,repetitions[0].diagnostics.per_rank[1].per_layer_mean_unique_coverage[26],0.125
02-partial-fixed-kv,repetitions[0].diagnostics.per_rank[1].per_layer_mean_unique_coverage[27],0.133056640625
02-partial-fixed-kv,repetitions[0].diagnostics.per_rank[1].per_layer_mean_unique_coverage[28],0.125244140625
02-partial-fixed-kv,repetitions[0].diagnostics.per_rank[1].per_layer_mean_unique_coverage[29],0.1318359375
02-partial-fixed-kv,repetitions[0].diagnostics.per_rank[1].per_layer_mean_unique_coverage[30],0.13671875
02-partial-fixed-kv,repetitions[0].diagnostics.per_rank[1].per_layer_mean_unique_coverage[31],0.135986328125
02-partial-fixed-kv,repetitions[0].diagnostics.per_rank[1].per_layer_mean_unique_coverage[32],0.1279296875
02-partial-fixed-kv,repetitions[0].diagnostics.per_rank[1].per_layer_mean_unique_coverage[33],0.11328125
02-partial-fixed-kv,repetitions[0].diagnostics.per_rank[1].per_layer_mean_unique_coverage[34],0.117919921875
02-partial-fixed-kv,repetitions[0].diagnostics.per_rank[1].per_layer_mean_unique_coverage[35],0.122314453125
02-partial-fixed-kv,repetitions[0].diagnostics.per_rank[1].per_layer_mean_unique_coverage[36],0.114990234375
02-partial-fixed-kv,repetitions[0].diagnostics.per_rank[1].per_layer_mean_unique_coverage[37],0.11767578125
02-partial-fixed-kv,repetitions[0].diagnostics.per_rank[1].per_layer_mean_unique_coverage[38],0.1240234375
02-partial-fixed-kv,repetitions[0].diagnostics.per_rank[1].per_layer_mean_unique_coverage[39],0.12744140625
02-partial-fixed-kv,repetitions[0].diagnostics.per_rank[1].per_layer_mean_unique_coverage[40],0.129638671875
02-partial-fixed-kv,repetitions[0].diagnostics.per_rank[1].per_layer_mean_unique_coverage[41],0.125
02-partial-fixed-kv,repetitions[0].diagnostics.per_rank[1].per_layer_mean_unique_coverage[42],0.1171875
02-partial-fixed-kv,repetitions[0].diagnostics.per_rank[1].per_layer_mean_unique_coverage[43],0.118408203125
02-partial-fixed-kv,repetitions[0].diagnostics.per_rank[1].per_layer_mean_unique_coverage[44],0.11474609375
02-partial-fixed-kv,repetitions[0].diagnostics.per_rank[1].per_layer_mean_unique_coverage[45],0.111328125
02-partial-fixed-kv,repetitions[0].diagnostics.per_rank[1].per_layer_mean_unique_coverage[46],0.11328125
02-partial-fixed-kv,repetitions[0].diagnostics.per_rank[1].per_layer_mean_unique_coverage[47],0.120849609375
02-partial-fixed-kv,repetitions[0].diagnostics.per_rank[1].gauge_snapshot.max_unique_per_forward,509
02-partial-fixed-kv,repetitions[0].diagnostics.per_rank[1].gauge_snapshot.mean_unique_coverage,0.10700426603618421
02-partial-fixed-kv,repetitions[0].diagnostics.per_rank[1].gauge_snapshot.per_layer_max_unique_per_forward[0],498
02-partial-fixed-kv,repetitions[0].diagnostics.per_rank[1].gauge_snapshot.per_layer_max_unique_per_forward[1],436
02-partial-fixed-kv,repetitions[0].diagnostics.per_rank[1].gauge_snapshot.per_layer_max_unique_per_forward[2],509
02-partial-fixed-kv,repetitions[0].diagnostics.per_rank[1].gauge_snapshot.per_layer_max_unique_per_forward[3],421
02-partial-fixed-kv,repetitions[0].diagnostics.per_rank[1].gauge_snapshot.per_layer_max_unique_per_forward[4],415
02-partial-fixed-kv,repetitions[0].diagnostics.per_rank[1].gauge_snapshot.per_layer_max_unique_per_forward[5],460
02-partial-fixed-kv,repetitions[0].diagnostics.per_rank[1].gauge_snapshot.per_layer_max_unique_per_forward[6],491
02-partial-fixed-kv,repetitions[0].diagnostics.per_rank[1].gauge_snapshot.per_layer_max_unique_per_forward[7],483
02-partial-fixed-kv,repetitions[0].diagnostics.per_rank[1].gauge_snapshot.per_layer_max_unique_per_forward[8],447
02-partial-fixed-kv,repetitions[0].diagnostics.per_rank[1].gauge_snapshot.per_layer_max_unique_per_forward[9],387
02-partial-fixed-kv,repetitions[0].diagnostics.per_rank[1].gauge_snapshot.per_layer_max_unique_per_forward[10],401
02-partial-fixed-kv,repetitions[0].diagnostics.per_rank[1].gauge_snapshot.per_layer_max_unique_per_forward[11],417
02-partial-fixed-kv,repetitions[0].diagnostics.per_rank[1].gauge_snapshot.per_layer_max_unique_per_forward[12],368
02-partial-fixed-kv,repetitions[0].diagnostics.per_rank[1].gauge_snapshot.per_layer_max_unique_per_forward[13],389
02-partial-fixed-kv,repetitions[0].diagnostics.per_rank[1].gauge_snapshot.per_layer_max_unique_per_forward[14],426
02-partial-fixed-kv,repetitions[0].diagnostics.per_rank[1].gauge_snapshot.per_layer_max_unique_per_forward[15],459
02-partial-fixed-kv,repetitions[0].diagnostics.per_rank[1].gauge_snapshot.per_layer_max_unique_per_forward[16],427
02-partial-fixed-kv,repetitions[0].diagnostics.per_rank[1].gauge_snapshot.per_layer_max_unique_per_forward[17],461
02-partial-fixed-kv,repetitions[0].diagnostics.per_rank[1].gauge_snapshot.per_layer_max_unique_per_forward[18],493
02-partial-fixed-kv,repetitions[0].diagnostics.per_rank[1].gauge_snapshot.per_layer_max_unique_per_forward[19],488
02-partial-fixed-kv,repetitions[0].diagnostics.per_rank[1].gauge_snapshot.per_layer_max_unique_per_forward[20],443
02-partial-fixed-kv,repetitions[0].diagnostics.per_rank[1].gauge_snapshot.per_layer_max_unique_per_forward[21],387
02-partial-fixed-kv,repetitions[0].diagnostics.per_rank[1].gauge_snapshot.per_layer_max_unique_per_forward[22],412
02-partial-fixed-kv,repetitions[0].diagnostics.per_rank[1].gauge_snapshot.per_layer_max_unique_per_forward[23],425
02-partial-fixed-kv,repetitions[0].diagnostics.per_rank[1].gauge_snapshot.per_layer_max_unique_per_forward[24],392
02-partial-fixed-kv,repetitions[0].diagnostics.per_rank[1].gauge_snapshot.per_layer_max_unique_per_forward[25],400
02-partial-fixed-kv,repetitions[0].diagnostics.per_rank[1].gauge_snapshot.per_layer_max_unique_per_forward[26],443
02-partial-fixed-kv,repetitions[0].diagnostics.per_rank[1].gauge_snapshot.per_layer_max_unique_per_forward[27],475
02-partial-fixed-kv,repetitions[0].diagnostics.per_rank[1].gauge_snapshot.per_layer_max_unique_per_forward[28],443
02-partial-fixed-kv,repetitions[0].diagnostics.per_rank[1].gauge_snapshot.per_layer_max_unique_per_forward[29],470
02-partial-fixed-kv,repetitions[0].diagnostics.per_rank[1].gauge_snapshot.per_layer_max_unique_per_forward[30],491
02-partial-fixed-kv,repetitions[0].diagnostics.per_rank[1].gauge_snapshot.per_layer_max_unique_per_forward[31],487
02-partial-fixed-kv,repetitions[0].diagnostics.per_rank[1].gauge_snapshot.per_layer_max_unique_per_forward[32],457
02-partial-fixed-kv,repetitions[0].diagnostics.per_rank[1].gauge_snapshot.per_layer_max_unique_per_forward[33],394
02-partial-fixed-kv,repetitions[0].diagnostics.per_rank[1].gauge_snapshot.per_layer_max_unique_per_forward[34],413
02-partial-fixed-kv,repetitions[0].diagnostics.per_rank[1].gauge_snapshot.per_layer_max_unique_per_forward[35],431
02-partial-fixed-kv,repetitions[0].diagnostics.per_rank[1].gauge_snapshot.per_layer_max_unique_per_forward[36],405
02-partial-fixed-kv,repetitions[0].diagnostics.per_rank[1].gauge_snapshot.per_layer_max_unique_per_forward[37],412
02-partial-fixed-kv,repetitions[0].diagnostics.per_rank[1].gauge_snapshot.per_layer_max_unique_per_forward[38],440
02-partial-fixed-kv,repetitions[0].diagnostics.per_rank[1].gauge_snapshot.per_layer_max_unique_per_forward[39],453
02-partial-fixed-kv,repetitions[0].diagnostics.per_rank[1].gauge_snapshot.per_layer_max_unique_per_forward[40],461
02-partial-fixed-kv,repetitions[0].diagnostics.per_rank[1].gauge_snapshot.per_layer_max_unique_per_forward[41],445
02-partial-fixed-kv,repetitions[0].diagnostics.per_rank[1].gauge_snapshot.per_layer_max_unique_per_forward[42],410
02-partial-fixed-kv,repetitions[0].diagnostics.per_rank[1].gauge_snapshot.per_layer_max_unique_per_forward[43],416
02-partial-fixed-kv,repetitions[0].diagnostics.per_rank[1].gauge_snapshot.per_layer_max_unique_per_forward[44],400
02-partial-fixed-kv,repetitions[0].diagnostics.per_rank[1].gauge_snapshot.per_layer_max_unique_per_forward[45],387
02-partial-fixed-kv,repetitions[0].diagnostics.per_rank[1].gauge_snapshot.per_layer_max_unique_per_forward[46],394
02-partial-fixed-kv,repetitions[0].diagnostics.per_rank[1].gauge_snapshot.per_layer_max_unique_per_forward[47],425
02-partial-fixed-kv,repetitions[0].diagnostics.per_rank[1].policy_snapshot.resident_experts,12288
02-partial-fixed-kv,repetitions[0].diagnostics.per_rank[1].policy_snapshot.cache_slots,256
02-partial-fixed-kv,repetitions[0].diagnostics.per_rank[1].policy_snapshot.cache_entries,256
02-partial-fixed-kv,repetitions[0].diagnostics.per_rank[1].policy_snapshot.cache_hit_ratio,0.01793791920137264
02-partial-fixed-kv,repetitions[0].diagnostics.per_rank[1].kernel_config_records.capacity,64
02-partial-fixed-kv,repetitions[0].diagnostics.per_rank[1].kernel_config_records.unrecorded_selections,0
02-partial-fixed-kv,repetitions[0].diagnostics.per_rank[1].kernel_config_records.records[0].chunk_tokens,8192
02-partial-fixed-kv,repetitions[0].diagnostics.per_rank[1].kernel_config_records.records[0].top_k,10
02-partial-fixed-kv,repetitions[0].diagnostics.per_rank[1].kernel_config_records.records[0].selections,96
02-partial-fixed-kv,repetitions[0].diagnostics.per_rank[1].kernel_config_records.records[0].w13_shape[0],512
02-partial-fixed-kv,repetitions[0].diagnostics.per_rank[1].kernel_config_records.records[0].w13_shape[1],256
02-partial-fixed-kv,repetitions[0].diagnostics.per_rank[1].kernel_config_records.records[0].w13_shape[2],2048
02-partial-fixed-kv,repetitions[0].diagnostics.per_rank[1].kernel_config_records.records[0].w2_shape[0],512
02-partial-fixed-kv,repetitions[0].diagnostics.per_rank[1].kernel_config_records.records[0].w2_shape[1],2048
02-partial-fixed-kv,repetitions[0].diagnostics.per_rank[1].kernel_config_records.records[0].w2_shape[2],128
02-partial-fixed-kv,repetitions[0].diagnostics.per_rank[1].kernel_config_records.records[0].config.BLOCK_SIZE_K,64
02-partial-fixed-kv,repetitions[0].diagnostics.per_rank[1].kernel_config_records.records[0].config.BLOCK_SIZE_M,128
02-partial-fixed-kv,repetitions[0].diagnostics.per_rank[1].kernel_config_records.records[0].config.BLOCK_SIZE_N,128
02-partial-fixed-kv,repetitions[0].diagnostics.per_rank[1].kernel_config_records.records[0].config.GROUP_SIZE_M,64
02-partial-fixed-kv,repetitions[0].diagnostics.per_rank[1].kernel_config_records.records[0].config.num_stages,3
02-partial-fixed-kv,repetitions[0].diagnostics.per_rank[1].kernel_config_records.records[0].config.num_warps,8
02-partial-fixed-kv,repetitions[0].diagnostics.per_rank[1].kernel_config_records.records[1].chunk_tokens,1
02-partial-fixed-kv,repetitions[0].diagnostics.per_rank[1].kernel_config_records.records[1].top_k,10
02-partial-fixed-kv,repetitions[0].diagnostics.per_rank[1].kernel_config_records.records[1].selections,720
02-partial-fixed-kv,repetitions[0].diagnostics.per_rank[1].kernel_config_records.records[1].w13_shape[0],512
02-partial-fixed-kv,repetitions[0].diagnostics.per_rank[1].kernel_config_records.records[1].w13_shape[1],256
02-partial-fixed-kv,repetitions[0].diagnostics.per_rank[1].kernel_config_records.records[1].w13_shape[2],2048
02-partial-fixed-kv,repetitions[0].diagnostics.per_rank[1].kernel_config_records.records[1].w2_shape[0],512
02-partial-fixed-kv,repetitions[0].diagnostics.per_rank[1].kernel_config_records.records[1].w2_shape[1],2048
02-partial-fixed-kv,repetitions[0].diagnostics.per_rank[1].kernel_config_records.records[1].w2_shape[2],128
02-partial-fixed-kv,repetitions[0].diagnostics.per_rank[1].kernel_config_records.records[1].config.BLOCK_SIZE_K,64
02-partial-fixed-kv,repetitions[0].diagnostics.per_rank[1].kernel_config_records.records[1].config.BLOCK_SIZE_M,16
02-partial-fixed-kv,repetitions[0].diagnostics.per_rank[1].kernel_config_records.records[1].config.BLOCK_SIZE_N,32
02-partial-fixed-kv,repetitions[0].diagnostics.per_rank[1].kernel_config_records.records[1].config.GROUP_SIZE_M,1
02-partial-fixed-kv,repetitions[0].diagnostics.per_rank[1].kernel_config_records.records[1].config.num_stages,4
02-partial-fixed-kv,repetitions[0].diagnostics.per_rank[1].kernel_config_records.records[1].config.num_warps,4
02-partial-fixed-kv,repetitions[0].diagnostics.per_rank[1].kernel_config_records.records[2].chunk_tokens,4096
02-partial-fixed-kv,repetitions[0].diagnostics.per_rank[1].kernel_config_records.records[2].top_k,10
02-partial-fixed-kv,repetitions[0].diagnostics.per_rank[1].kernel_config_records.records[2].selections,96
02-partial-fixed-kv,repetitions[0].diagnostics.per_rank[1].kernel_config_records.records[2].w13_shape[0],512
02-partial-fixed-kv,repetitions[0].diagnostics.per_rank[1].kernel_config_records.records[2].w13_shape[1],256
02-partial-fixed-kv,repetitions[0].diagnostics.per_rank[1].kernel_config_records.records[2].w13_shape[2],2048
02-partial-fixed-kv,repetitions[0].diagnostics.per_rank[1].kernel_config_records.records[2].w2_shape[0],512
02-partial-fixed-kv,repetitions[0].diagnostics.per_rank[1].kernel_config_records.records[2].w2_shape[1],2048
02-partial-fixed-kv,repetitions[0].diagnostics.per_rank[1].kernel_config_records.records[2].w2_shape[2],128
02-partial-fixed-kv,repetitions[0].diagnostics.per_rank[1].kernel_config_records.records[2].config.BLOCK_SIZE_K,64
02-partial-fixed-kv,repetitions[0].diagnostics.per_rank[1].kernel_config_records.records[2].config.BLOCK_SIZE_M,128
02-partial-fixed-kv,repetitions[0].diagnostics.per_rank[1].kernel_config_records.records[2].config.BLOCK_SIZE_N,128
02-partial-fixed-kv,repetitions[0].diagnostics.per_rank[1].kernel_config_records.records[2].config.GROUP_SIZE_M,64
02-partial-fixed-kv,repetitions[0].diagnostics.per_rank[1].kernel_config_records.records[2].config.num_stages,3
02-partial-fixed-kv,repetitions[0].diagnostics.per_rank[1].kernel_config_records.records[2].config.num_warps,8
02-partial-fixed-kv,repetitions[0].diagnostics.per_rank[2].h2d_bytes,14396424192
02-partial-fixed-kv,repetitions[0].diagnostics.per_rank[2].copy_launches,310
02-partial-fixed-kv,repetitions[0].diagnostics.per_rank[2].startup_resident_h2d_bytes,0
02-partial-fixed-kv,repetitions[0].diagnostics.per_rank[2].promotion_d2d_bytes,3145728
02-partial-fixed-kv,repetitions[0].diagnostics.per_rank[2].metadata_h2d_bytes,786448
02-partial-fixed-kv,repetitions[0].diagnostics.per_rank[2].unique_demands,24217
02-partial-fixed-kv,repetitions[0].diagnostics.per_rank[2].resident_hits,14777
02-partial-fixed-kv,repetitions[0].diagnostics.per_rank[2].timing.route_d2h_s,0.2568243551068008
02-partial-fixed-kv,repetitions[0].diagnostics.per_rank[2].timing.policy_cpu_s,0.05017507402226329
02-partial-fixed-kv,repetitions[0].diagnostics.per_rank[2].timing.host_reuse_wait_s,0.00194165064021945
02-partial-fixed-kv,repetitions[0].diagnostics.per_rank[2].timing.host_gather_s,3.462797428481281
02-partial-fixed-kv,repetitions[0].diagnostics.per_rank[2].timing.h2d_enqueue_s,0.023341595195233822
02-partial-fixed-kv,repetitions[0].diagnostics.per_rank[2].timing.compute_enqueue_s,0.17342245019972324
02-partial-fixed-kv,repetitions[0].diagnostics.per_rank[2].timing.cuda_sample_count,13
02-partial-fixed-kv,repetitions[0].diagnostics.per_rank[2].timing.load_cuda_s,0.012749472012743355
02-partial-fixed-kv,repetitions[0].diagnostics.per_rank[2].timing.compute_cuda_s,0.005782303988933563
02-partial-fixed-kv,repetitions[0].diagnostics.per_rank[2].timing.promotion_cuda_s,0.0001159680006094277
02-partial-fixed-kv,repetitions[0].diagnostics.per_rank[2].policy.observations,384
02-partial-fixed-kv,repetitions[0].diagnostics.per_rank[2].policy.unique_demands,24217
02-partial-fixed-kv,repetitions[0].diagnostics.per_rank[2].policy.completed_forwards,8
02-partial-fixed-kv,repetitions[0].diagnostics.per_rank[2].policy.decay_events,0
02-partial-fixed-kv,repetitions[0].diagnostics.per_rank[2].policy.cache_hits,287
02-partial-fixed-kv,repetitions[0].diagnostics.per_rank[2].policy.cache_misses,9153
02-partial-fixed-kv,repetitions[0].diagnostics.per_rank[2].policy.admissions,2
02-partial-fixed-kv,repetitions[0].diagnostics.per_rank[2].policy.evictions,2
02-partial-fixed-kv,repetitions[0].diagnostics.per_rank[2].policy.cache_bypasses,9151
02-partial-fixed-kv,repetitions[0].diagnostics.per_rank[2].policy.reconfigurations,0
02-partial-fixed-kv,repetitions[0].diagnostics.per_rank[2].policy.cache_hit_ratio,0.030402542372881355
02-partial-fixed-kv,repetitions[0].diagnostics.per_rank[2].rank,2
02-partial-fixed-kv,repetitions[0].diagnostics.per_rank[2].forward_counts[0],8
02-partial-fixed-kv,repetitions[0].diagnostics.per_rank[2].forward_counts[1],8
02-partial-fixed-kv,repetitions[0].diagnostics.per_rank[2].forward_counts[2],8
02-partial-fixed-kv,repetitions[0].diagnostics.per_rank[2].forward_counts[3],8
02-partial-fixed-kv,repetitions[0].diagnostics.per_rank[2].forward_counts[4],8
02-partial-fixed-kv,repetitions[0].diagnostics.per_rank[2].forward_counts[5],8
02-partial-fixed-kv,repetitions[0].diagnostics.per_rank[2].forward_counts[6],8
02-partial-fixed-kv,repetitions[0].diagnostics.per_rank[2].forward_counts[7],8
02-partial-fixed-kv,repetitions[0].diagnostics.per_rank[2].forward_counts[8],8
02-partial-fixed-kv,repetitions[0].diagnostics.per_rank[2].forward_counts[9],8
02-partial-fixed-kv,repetitions[0].diagnostics.per_rank[2].forward_counts[10],8
02-partial-fixed-kv,repetitions[0].diagnostics.per_rank[2].forward_counts[11],8
02-partial-fixed-kv,repetitions[0].diagnostics.per_rank[2].forward_counts[12],8
02-partial-fixed-kv,repetitions[0].diagnostics.per_rank[2].forward_counts[13],8
02-partial-fixed-kv,repetitions[0].diagnostics.per_rank[2].forward_counts[14],8
02-partial-fixed-kv,repetitions[0].diagnostics.per_rank[2].forward_counts[15],8
02-partial-fixed-kv,repetitions[0].diagnostics.per_rank[2].forward_counts[16],8
02-partial-fixed-kv,repetitions[0].diagnostics.per_rank[2].forward_counts[17],8
02-partial-fixed-kv,repetitions[0].diagnostics.per_rank[2].forward_counts[18],8
02-partial-fixed-kv,repetitions[0].diagnostics.per_rank[2].forward_counts[19],8
02-partial-fixed-kv,repetitions[0].diagnostics.per_rank[2].forward_counts[20],8
02-partial-fixed-kv,repetitions[0].diagnostics.per_rank[2].forward_counts[21],8
02-partial-fixed-kv,repetitions[0].diagnostics.per_rank[2].forward_counts[22],8
02-partial-fixed-kv,repetitions[0].diagnostics.per_rank[2].forward_counts[23],8
02-partial-fixed-kv,repetitions[0].diagnostics.per_rank[2].forward_counts[24],8
02-partial-fixed-kv,repetitions[0].diagnostics.per_rank[2].forward_counts[25],8
02-partial-fixed-kv,repetitions[0].diagnostics.per_rank[2].forward_counts[26],8
02-partial-fixed-kv,repetitions[0].diagnostics.per_rank[2].forward_counts[27],8
02-partial-fixed-kv,repetitions[0].diagnostics.per_rank[2].forward_counts[28],8
02-partial-fixed-kv,repetitions[0].diagnostics.per_rank[2].forward_counts[29],8
02-partial-fixed-kv,repetitions[0].diagnostics.per_rank[2].forward_counts[30],8
02-partial-fixed-kv,repetitions[0].diagnostics.per_rank[2].forward_counts[31],8
02-partial-fixed-kv,repetitions[0].diagnostics.per_rank[2].forward_counts[32],8
02-partial-fixed-kv,repetitions[0].diagnostics.per_rank[2].forward_counts[33],8
02-partial-fixed-kv,repetitions[0].diagnostics.per_rank[2].forward_counts[34],8
02-partial-fixed-kv,repetitions[0].diagnostics.per_rank[2].forward_counts[35],8
02-partial-fixed-kv,repetitions[0].diagnostics.per_rank[2].forward_counts[36],8
02-partial-fixed-kv,repetitions[0].diagnostics.per_rank[2].forward_counts[37],8
02-partial-fixed-kv,repetitions[0].diagnostics.per_rank[2].forward_counts[38],8
02-partial-fixed-kv,repetitions[0].diagnostics.per_rank[2].forward_counts[39],8
02-partial-fixed-kv,repetitions[0].diagnostics.per_rank[2].forward_counts[40],8
02-partial-fixed-kv,repetitions[0].diagnostics.per_rank[2].forward_counts[41],8
02-partial-fixed-kv,repetitions[0].diagnostics.per_rank[2].forward_counts[42],8
02-partial-fixed-kv,repetitions[0].diagnostics.per_rank[2].forward_counts[43],8
02-partial-fixed-kv,repetitions[0].diagnostics.per_rank[2].forward_counts[44],8
02-partial-fixed-kv,repetitions[0].diagnostics.per_rank[2].forward_counts[45],8
02-partial-fixed-kv,repetitions[0].diagnostics.per_rank[2].forward_counts[46],8
02-partial-fixed-kv,repetitions[0].diagnostics.per_rank[2].forward_counts[47],8
02-partial-fixed-kv,repetitions[0].diagnostics.per_rank[2].per_layer_unique_demands[0],568
02-partial-fixed-kv,repetitions[0].diagnostics.per_rank[2].per_layer_unique_demands[1],505
02-partial-fixed-kv,repetitions[0].diagnostics.per_rank[2].per_layer_unique_demands[2],579
02-partial-fixed-kv,repetitions[0].diagnostics.per_rank[2].per_layer_unique_demands[3],491
02-partial-fixed-kv,repetitions[0].diagnostics.per_rank[2].per_layer_unique_demands[4],485
02-partial-fixed-kv,repetitions[0].diagnostics.per_rank[2].per_layer_unique_demands[5],530
02-partial-fixed-kv,repetitions[0].diagnostics.per_rank[2].per_layer_unique_demands[6],560
02-partial-fixed-kv,repetitions[0].diagnostics.per_rank[2].per_layer_unique_demands[7],553
02-partial-fixed-kv,repetitions[0].diagnostics.per_rank[2].per_layer_unique_demands[8],515
02-partial-fixed-kv,repetitions[0].diagnostics.per_rank[2].per_layer_unique_demands[9],457
02-partial-fixed-kv,repetitions[0].diagnostics.per_rank[2].per_layer_unique_demands[10],471
02-partial-fixed-kv,repetitions[0].diagnostics.per_rank[2].per_layer_unique_demands[11],487
02-partial-fixed-kv,repetitions[0].diagnostics.per_rank[2].per_layer_unique_demands[12],438
02-partial-fixed-kv,repetitions[0].diagnostics.per_rank[2].per_layer_unique_demands[13],458
02-partial-fixed-kv,repetitions[0].diagnostics.per_rank[2].per_layer_unique_demands[14],496
02-partial-fixed-kv,repetitions[0].diagnostics.per_rank[2].per_layer_unique_demands[15],529
02-partial-fixed-kv,repetitions[0].diagnostics.per_rank[2].per_layer_unique_demands[16],497
02-partial-fixed-kv,repetitions[0].diagnostics.per_rank[2].per_layer_unique_demands[17],530
02-partial-fixed-kv,repetitions[0].diagnostics.per_rank[2].per_layer_unique_demands[18],563
02-partial-fixed-kv,repetitions[0].diagnostics.per_rank[2].per_layer_unique_demands[19],558
02-partial-fixed-kv,repetitions[0].diagnostics.per_rank[2].per_layer_unique_demands[20],513
02-partial-fixed-kv,repetitions[0].diagnostics.per_rank[2].per_layer_unique_demands[21],456
02-partial-fixed-kv,repetitions[0].diagnostics.per_rank[2].per_layer_unique_demands[22],478
02-partial-fixed-kv,repetitions[0].diagnostics.per_rank[2].per_layer_unique_demands[23],495
02-partial-fixed-kv,repetitions[0].diagnostics.per_rank[2].per_layer_unique_demands[24],462
02-partial-fixed-kv,repetitions[0].diagnostics.per_rank[2].per_layer_unique_demands[25],468
02-partial-fixed-kv,repetitions[0].diagnostics.per_rank[2].per_layer_unique_demands[26],512
02-partial-fixed-kv,repetitions[0].diagnostics.per_rank[2].per_layer_unique_demands[27],545
02-partial-fixed-kv,repetitions[0].diagnostics.per_rank[2].per_layer_unique_demands[28],513
02-partial-fixed-kv,repetitions[0].diagnostics.per_rank[2].per_layer_unique_demands[29],540
02-partial-fixed-kv,repetitions[0].diagnostics.per_rank[2].per_layer_unique_demands[30],560
02-partial-fixed-kv,repetitions[0].diagnostics.per_rank[2].per_layer_unique_demands[31],557
02-partial-fixed-kv,repetitions[0].diagnostics.per_rank[2].per_layer_unique_demands[32],524
02-partial-fixed-kv,repetitions[0].diagnostics.per_rank[2].per_layer_unique_demands[33],464
02-partial-fixed-kv,repetitions[0].diagnostics.per_rank[2].per_layer_unique_demands[34],483
02-partial-fixed-kv,repetitions[0].diagnostics.per_rank[2].per_layer_unique_demands[35],501
02-partial-fixed-kv,repetitions[0].diagnostics.per_rank[2].per_layer_unique_demands[36],471
02-partial-fixed-kv,repetitions[0].diagnostics.per_rank[2].per_layer_unique_demands[37],482
02-partial-fixed-kv,repetitions[0].diagnostics.per_rank[2].per_layer_unique_demands[38],508
02-partial-fixed-kv,repetitions[0].diagnostics.per_rank[2].per_layer_unique_demands[39],522
02-partial-fixed-kv,repetitions[0].diagnostics.per_rank[2].per_layer_unique_demands[40],531
02-partial-fixed-kv,repetitions[0].diagnostics.per_rank[2].per_layer_unique_demands[41],512
02-partial-fixed-kv,repetitions[0].diagnostics.per_rank[2].per_layer_unique_demands[42],480
02-partial-fixed-kv,repetitions[0].diagnostics.per_rank[2].per_layer_unique_demands[43],485
02-partial-fixed-kv,repetitions[0].diagnostics.per_rank[2].per_layer_unique_demands[44],470
02-partial-fixed-kv,repetitions[0].diagnostics.per_rank[2].per_layer_unique_demands[45],456
02-partial-fixed-kv,repetitions[0].diagnostics.per_rank[2].per_layer_unique_demands[46],464
02-partial-fixed-kv,repetitions[0].diagnostics.per_rank[2].per_layer_unique_demands[47],495
02-partial-fixed-kv,repetitions[0].diagnostics.per_rank[2].per_layer_mean_unique_coverage[0],0.138671875
02-partial-fixed-kv,repetitions[0].diagnostics.per_rank[2].per_layer_mean_unique_coverage[1],0.123291015625
02-partial-fixed-kv,repetitions[0].diagnostics.per_rank[2].per_layer_mean_unique_coverage[2],0.141357421875
02-partial-fixed-kv,repetitions[0].diagnostics.per_rank[2].per_layer_mean_unique_coverage[3],0.119873046875
02-partial-fixed-kv,repetitions[0].diagnostics.per_rank[2].per_layer_mean_unique_coverage[4],0.118408203125
02-partial-fixed-kv,repetitions[0].diagnostics.per_rank[2].per_layer_mean_unique_coverage[5],0.12939453125
02-partial-fixed-kv,repetitions[0].diagnostics.per_rank[2].per_layer_mean_unique_coverage[6],0.13671875
02-partial-fixed-kv,repetitions[0].diagnostics.per_rank[2].per_layer_mean_unique_coverage[7],0.135009765625
02-partial-fixed-kv,repetitions[0].diagnostics.per_rank[2].per_layer_mean_unique_coverage[8],0.125732421875
02-partial-fixed-kv,repetitions[0].diagnostics.per_rank[2].per_layer_mean_unique_coverage[9],0.111572265625
02-partial-fixed-kv,repetitions[0].diagnostics.per_rank[2].per_layer_mean_unique_coverage[10],0.114990234375
02-partial-fixed-kv,repetitions[0].diagnostics.per_rank[2].per_layer_mean_unique_coverage[11],0.118896484375
02-partial-fixed-kv,repetitions[0].diagnostics.per_rank[2].per_layer_mean_unique_coverage[12],0.10693359375
02-partial-fixed-kv,repetitions[0].diagnostics.per_rank[2].per_layer_mean_unique_coverage[13],0.11181640625
02-partial-fixed-kv,repetitions[0].diagnostics.per_rank[2].per_layer_mean_unique_coverage[14],0.12109375
02-partial-fixed-kv,repetitions[0].diagnostics.per_rank[2].per_layer_mean_unique_coverage[15],0.129150390625
02-partial-fixed-kv,repetitions[0].diagnostics.per_rank[2].per_layer_mean_unique_coverage[16],0.121337890625
02-partial-fixed-kv,repetitions[0].diagnostics.per_rank[2].per_layer_mean_unique_coverage[17],0.12939453125
02-partial-fixed-kv,repetitions[0].diagnostics.per_rank[2].per_layer_mean_unique_coverage[18],0.137451171875
02-partial-fixed-kv,repetitions[0].diagnostics.per_rank[2].per_layer_mean_unique_coverage[19],0.13623046875
02-partial-fixed-kv,repetitions[0].diagnostics.per_rank[2].per_layer_mean_unique_coverage[20],0.125244140625
02-partial-fixed-kv,repetitions[0].diagnostics.per_rank[2].per_layer_mean_unique_coverage[21],0.111328125
02-partial-fixed-kv,repetitions[0].diagnostics.per_rank[2].per_layer_mean_unique_coverage[22],0.11669921875
02-partial-fixed-kv,repetitions[0].diagnostics.per_rank[2].per_layer_mean_unique_coverage[23],0.120849609375
02-partial-fixed-kv,repetitions[0].diagnostics.per_rank[2].per_layer_mean_unique_coverage[24],0.11279296875
02-partial-fixed-kv,repetitions[0].diagnostics.per_rank[2].per_layer_mean_unique_coverage[25],0.1142578125
02-partial-fixed-kv,repetitions[0].diagnostics.per_rank[2].per_layer_mean_unique_coverage[26],0.125
02-partial-fixed-kv,repetitions[0].diagnostics.per_rank[2].per_layer_mean_unique_coverage[27],0.133056640625
02-partial-fixed-kv,repetitions[0].diagnostics.per_rank[2].per_layer_mean_unique_coverage[28],0.125244140625
02-partial-fixed-kv,repetitions[0].diagnostics.per_rank[2].per_layer_mean_unique_coverage[29],0.1318359375
02-partial-fixed-kv,repetitions[0].diagnostics.per_rank[2].per_layer_mean_unique_coverage[30],0.13671875
02-partial-fixed-kv,repetitions[0].diagnostics.per_rank[2].per_layer_mean_unique_coverage[31],0.135986328125
02-partial-fixed-kv,repetitions[0].diagnostics.per_rank[2].per_layer_mean_unique_coverage[32],0.1279296875
02-partial-fixed-kv,repetitions[0].diagnostics.per_rank[2].per_layer_mean_unique_coverage[33],0.11328125
02-partial-fixed-kv,repetitions[0].diagnostics.per_rank[2].per_layer_mean_unique_coverage[34],0.117919921875
02-partial-fixed-kv,repetitions[0].diagnostics.per_rank[2].per_layer_mean_unique_coverage[35],0.122314453125
02-partial-fixed-kv,repetitions[0].diagnostics.per_rank[2].per_layer_mean_unique_coverage[36],0.114990234375
02-partial-fixed-kv,repetitions[0].diagnostics.per_rank[2].per_layer_mean_unique_coverage[37],0.11767578125
02-partial-fixed-kv,repetitions[0].diagnostics.per_rank[2].per_layer_mean_unique_coverage[38],0.1240234375
02-partial-fixed-kv,repetitions[0].diagnostics.per_rank[2].per_layer_mean_unique_coverage[39],0.12744140625
02-partial-fixed-kv,repetitions[0].diagnostics.per_rank[2].per_layer_mean_unique_coverage[40],0.129638671875
02-partial-fixed-kv,repetitions[0].diagnostics.per_rank[2].per_layer_mean_unique_coverage[41],0.125
02-partial-fixed-kv,repetitions[0].diagnostics.per_rank[2].per_layer_mean_unique_coverage[42],0.1171875
02-partial-fixed-kv,repetitions[0].diagnostics.per_rank[2].per_layer_mean_unique_coverage[43],0.118408203125
02-partial-fixed-kv,repetitions[0].diagnostics.per_rank[2].per_layer_mean_unique_coverage[44],0.11474609375
02-partial-fixed-kv,repetitions[0].diagnostics.per_rank[2].per_layer_mean_unique_coverage[45],0.111328125
02-partial-fixed-kv,repetitions[0].diagnostics.per_rank[2].per_layer_mean_unique_coverage[46],0.11328125
02-partial-fixed-kv,repetitions[0].diagnostics.per_rank[2].per_layer_mean_unique_coverage[47],0.120849609375
02-partial-fixed-kv,repetitions[0].diagnostics.per_rank[2].gauge_snapshot.max_unique_per_forward,509
02-partial-fixed-kv,repetitions[0].diagnostics.per_rank[2].gauge_snapshot.mean_unique_coverage,0.10700426603618421
02-partial-fixed-kv,repetitions[0].diagnostics.per_rank[2].gauge_snapshot.per_layer_max_unique_per_forward[0],498
02-partial-fixed-kv,repetitions[0].diagnostics.per_rank[2].gauge_snapshot.per_layer_max_unique_per_forward[1],436
02-partial-fixed-kv,repetitions[0].diagnostics.per_rank[2].gauge_snapshot.per_layer_max_unique_per_forward[2],509
02-partial-fixed-kv,repetitions[0].diagnostics.per_rank[2].gauge_snapshot.per_layer_max_unique_per_forward[3],421
02-partial-fixed-kv,repetitions[0].diagnostics.per_rank[2].gauge_snapshot.per_layer_max_unique_per_forward[4],415
02-partial-fixed-kv,repetitions[0].diagnostics.per_rank[2].gauge_snapshot.per_layer_max_unique_per_forward[5],460
02-partial-fixed-kv,repetitions[0].diagnostics.per_rank[2].gauge_snapshot.per_layer_max_unique_per_forward[6],491
02-partial-fixed-kv,repetitions[0].diagnostics.per_rank[2].gauge_snapshot.per_layer_max_unique_per_forward[7],483
02-partial-fixed-kv,repetitions[0].diagnostics.per_rank[2].gauge_snapshot.per_layer_max_unique_per_forward[8],447
02-partial-fixed-kv,repetitions[0].diagnostics.per_rank[2].gauge_snapshot.per_layer_max_unique_per_forward[9],387
02-partial-fixed-kv,repetitions[0].diagnostics.per_rank[2].gauge_snapshot.per_layer_max_unique_per_forward[10],401
02-partial-fixed-kv,repetitions[0].diagnostics.per_rank[2].gauge_snapshot.per_layer_max_unique_per_forward[11],417
02-partial-fixed-kv,repetitions[0].diagnostics.per_rank[2].gauge_snapshot.per_layer_max_unique_per_forward[12],368
02-partial-fixed-kv,repetitions[0].diagnostics.per_rank[2].gauge_snapshot.per_layer_max_unique_per_forward[13],389
02-partial-fixed-kv,repetitions[0].diagnostics.per_rank[2].gauge_snapshot.per_layer_max_unique_per_forward[14],426
02-partial-fixed-kv,repetitions[0].diagnostics.per_rank[2].gauge_snapshot.per_layer_max_unique_per_forward[15],459
02-partial-fixed-kv,repetitions[0].diagnostics.per_rank[2].gauge_snapshot.per_layer_max_unique_per_forward[16],427
02-partial-fixed-kv,repetitions[0].diagnostics.per_rank[2].gauge_snapshot.per_layer_max_unique_per_forward[17],461
02-partial-fixed-kv,repetitions[0].diagnostics.per_rank[2].gauge_snapshot.per_layer_max_unique_per_forward[18],493
02-partial-fixed-kv,repetitions[0].diagnostics.per_rank[2].gauge_snapshot.per_layer_max_unique_per_forward[19],488
02-partial-fixed-kv,repetitions[0].diagnostics.per_rank[2].gauge_snapshot.per_layer_max_unique_per_forward[20],443
02-partial-fixed-kv,repetitions[0].diagnostics.per_rank[2].gauge_snapshot.per_layer_max_unique_per_forward[21],387
02-partial-fixed-kv,repetitions[0].diagnostics.per_rank[2].gauge_snapshot.per_layer_max_unique_per_forward[22],412
02-partial-fixed-kv,repetitions[0].diagnostics.per_rank[2].gauge_snapshot.per_layer_max_unique_per_forward[23],425
02-partial-fixed-kv,repetitions[0].diagnostics.per_rank[2].gauge_snapshot.per_layer_max_unique_per_forward[24],392
02-partial-fixed-kv,repetitions[0].diagnostics.per_rank[2].gauge_snapshot.per_layer_max_unique_per_forward[25],400
02-partial-fixed-kv,repetitions[0].diagnostics.per_rank[2].gauge_snapshot.per_layer_max_unique_per_forward[26],443
02-partial-fixed-kv,repetitions[0].diagnostics.per_rank[2].gauge_snapshot.per_layer_max_unique_per_forward[27],475
02-partial-fixed-kv,repetitions[0].diagnostics.per_rank[2].gauge_snapshot.per_layer_max_unique_per_forward[28],443
02-partial-fixed-kv,repetitions[0].diagnostics.per_rank[2].gauge_snapshot.per_layer_max_unique_per_forward[29],470
02-partial-fixed-kv,repetitions[0].diagnostics.per_rank[2].gauge_snapshot.per_layer_max_unique_per_forward[30],491
02-partial-fixed-kv,repetitions[0].diagnostics.per_rank[2].gauge_snapshot.per_layer_max_unique_per_forward[31],487
02-partial-fixed-kv,repetitions[0].diagnostics.per_rank[2].gauge_snapshot.per_layer_max_unique_per_forward[32],457
02-partial-fixed-kv,repetitions[0].diagnostics.per_rank[2].gauge_snapshot.per_layer_max_unique_per_forward[33],394
02-partial-fixed-kv,repetitions[0].diagnostics.per_rank[2].gauge_snapshot.per_layer_max_unique_per_forward[34],413
02-partial-fixed-kv,repetitions[0].diagnostics.per_rank[2].gauge_snapshot.per_layer_max_unique_per_forward[35],431
02-partial-fixed-kv,repetitions[0].diagnostics.per_rank[2].gauge_snapshot.per_layer_max_unique_per_forward[36],405
02-partial-fixed-kv,repetitions[0].diagnostics.per_rank[2].gauge_snapshot.per_layer_max_unique_per_forward[37],412
02-partial-fixed-kv,repetitions[0].diagnostics.per_rank[2].gauge_snapshot.per_layer_max_unique_per_forward[38],440
02-partial-fixed-kv,repetitions[0].diagnostics.per_rank[2].gauge_snapshot.per_layer_max_unique_per_forward[39],453
02-partial-fixed-kv,repetitions[0].diagnostics.per_rank[2].gauge_snapshot.per_layer_max_unique_per_forward[40],461
02-partial-fixed-kv,repetitions[0].diagnostics.per_rank[2].gauge_snapshot.per_layer_max_unique_per_forward[41],445
02-partial-fixed-kv,repetitions[0].diagnostics.per_rank[2].gauge_snapshot.per_layer_max_unique_per_forward[42],410
02-partial-fixed-kv,repetitions[0].diagnostics.per_rank[2].gauge_snapshot.per_layer_max_unique_per_forward[43],416
02-partial-fixed-kv,repetitions[0].diagnostics.per_rank[2].gauge_snapshot.per_layer_max_unique_per_forward[44],400
02-partial-fixed-kv,repetitions[0].diagnostics.per_rank[2].gauge_snapshot.per_layer_max_unique_per_forward[45],387
02-partial-fixed-kv,repetitions[0].diagnostics.per_rank[2].gauge_snapshot.per_layer_max_unique_per_forward[46],394
02-partial-fixed-kv,repetitions[0].diagnostics.per_rank[2].gauge_snapshot.per_layer_max_unique_per_forward[47],425
02-partial-fixed-kv,repetitions[0].diagnostics.per_rank[2].policy_snapshot.resident_experts,12288
02-partial-fixed-kv,repetitions[0].diagnostics.per_rank[2].policy_snapshot.cache_slots,256
02-partial-fixed-kv,repetitions[0].diagnostics.per_rank[2].policy_snapshot.cache_entries,256
02-partial-fixed-kv,repetitions[0].diagnostics.per_rank[2].policy_snapshot.cache_hit_ratio,0.01793791920137264
02-partial-fixed-kv,repetitions[0].diagnostics.per_rank[2].kernel_config_records.capacity,64
02-partial-fixed-kv,repetitions[0].diagnostics.per_rank[2].kernel_config_records.unrecorded_selections,0
02-partial-fixed-kv,repetitions[0].diagnostics.per_rank[2].kernel_config_records.records[0].chunk_tokens,8192
02-partial-fixed-kv,repetitions[0].diagnostics.per_rank[2].kernel_config_records.records[0].top_k,10
02-partial-fixed-kv,repetitions[0].diagnostics.per_rank[2].kernel_config_records.records[0].selections,96
02-partial-fixed-kv,repetitions[0].diagnostics.per_rank[2].kernel_config_records.records[0].w13_shape[0],512
02-partial-fixed-kv,repetitions[0].diagnostics.per_rank[2].kernel_config_records.records[0].w13_shape[1],256
02-partial-fixed-kv,repetitions[0].diagnostics.per_rank[2].kernel_config_records.records[0].w13_shape[2],2048
02-partial-fixed-kv,repetitions[0].diagnostics.per_rank[2].kernel_config_records.records[0].w2_shape[0],512
02-partial-fixed-kv,repetitions[0].diagnostics.per_rank[2].kernel_config_records.records[0].w2_shape[1],2048
02-partial-fixed-kv,repetitions[0].diagnostics.per_rank[2].kernel_config_records.records[0].w2_shape[2],128
02-partial-fixed-kv,repetitions[0].diagnostics.per_rank[2].kernel_config_records.records[0].config.BLOCK_SIZE_K,64
02-partial-fixed-kv,repetitions[0].diagnostics.per_rank[2].kernel_config_records.records[0].config.BLOCK_SIZE_M,128
02-partial-fixed-kv,repetitions[0].diagnostics.per_rank[2].kernel_config_records.records[0].config.BLOCK_SIZE_N,128
02-partial-fixed-kv,repetitions[0].diagnostics.per_rank[2].kernel_config_records.records[0].config.GROUP_SIZE_M,64
02-partial-fixed-kv,repetitions[0].diagnostics.per_rank[2].kernel_config_records.records[0].config.num_stages,3
02-partial-fixed-kv,repetitions[0].diagnostics.per_rank[2].kernel_config_records.records[0].config.num_warps,8
02-partial-fixed-kv,repetitions[0].diagnostics.per_rank[2].kernel_config_records.records[1].chunk_tokens,1
02-partial-fixed-kv,repetitions[0].diagnostics.per_rank[2].kernel_config_records.records[1].top_k,10
02-partial-fixed-kv,repetitions[0].diagnostics.per_rank[2].kernel_config_records.records[1].selections,720
02-partial-fixed-kv,repetitions[0].diagnostics.per_rank[2].kernel_config_records.records[1].w13_shape[0],512
02-partial-fixed-kv,repetitions[0].diagnostics.per_rank[2].kernel_config_records.records[1].w13_shape[1],256
02-partial-fixed-kv,repetitions[0].diagnostics.per_rank[2].kernel_config_records.records[1].w13_shape[2],2048
02-partial-fixed-kv,repetitions[0].diagnostics.per_rank[2].kernel_config_records.records[1].w2_shape[0],512
02-partial-fixed-kv,repetitions[0].diagnostics.per_rank[2].kernel_config_records.records[1].w2_shape[1],2048
02-partial-fixed-kv,repetitions[0].diagnostics.per_rank[2].kernel_config_records.records[1].w2_shape[2],128
02-partial-fixed-kv,repetitions[0].diagnostics.per_rank[2].kernel_config_records.records[1].config.BLOCK_SIZE_K,64
02-partial-fixed-kv,repetitions[0].diagnostics.per_rank[2].kernel_config_records.records[1].config.BLOCK_SIZE_M,16
02-partial-fixed-kv,repetitions[0].diagnostics.per_rank[2].kernel_config_records.records[1].config.BLOCK_SIZE_N,32
02-partial-fixed-kv,repetitions[0].diagnostics.per_rank[2].kernel_config_records.records[1].config.GROUP_SIZE_M,1
02-partial-fixed-kv,repetitions[0].diagnostics.per_rank[2].kernel_config_records.records[1].config.num_stages,4
02-partial-fixed-kv,repetitions[0].diagnostics.per_rank[2].kernel_config_records.records[1].config.num_warps,4
02-partial-fixed-kv,repetitions[0].diagnostics.per_rank[2].kernel_config_records.records[2].chunk_tokens,4096
02-partial-fixed-kv,repetitions[0].diagnostics.per_rank[2].kernel_config_records.records[2].top_k,10
02-partial-fixed-kv,repetitions[0].diagnostics.per_rank[2].kernel_config_records.records[2].selections,96
02-partial-fixed-kv,repetitions[0].diagnostics.per_rank[2].kernel_config_records.records[2].w13_shape[0],512
02-partial-fixed-kv,repetitions[0].diagnostics.per_rank[2].kernel_config_records.records[2].w13_shape[1],256
02-partial-fixed-kv,repetitions[0].diagnostics.per_rank[2].kernel_config_records.records[2].w13_shape[2],2048
02-partial-fixed-kv,repetitions[0].diagnostics.per_rank[2].kernel_config_records.records[2].w2_shape[0],512
02-partial-fixed-kv,repetitions[0].diagnostics.per_rank[2].kernel_config_records.records[2].w2_shape[1],2048
02-partial-fixed-kv,repetitions[0].diagnostics.per_rank[2].kernel_config_records.records[2].w2_shape[2],128
02-partial-fixed-kv,repetitions[0].diagnostics.per_rank[2].kernel_config_records.records[2].config.BLOCK_SIZE_K,64
02-partial-fixed-kv,repetitions[0].diagnostics.per_rank[2].kernel_config_records.records[2].config.BLOCK_SIZE_M,128
02-partial-fixed-kv,repetitions[0].diagnostics.per_rank[2].kernel_config_records.records[2].config.BLOCK_SIZE_N,128
02-partial-fixed-kv,repetitions[0].diagnostics.per_rank[2].kernel_config_records.records[2].config.GROUP_SIZE_M,64
02-partial-fixed-kv,repetitions[0].diagnostics.per_rank[2].kernel_config_records.records[2].config.num_stages,3
02-partial-fixed-kv,repetitions[0].diagnostics.per_rank[2].kernel_config_records.records[2].config.num_warps,8
02-partial-fixed-kv,repetitions[0].diagnostics.per_rank[3].h2d_bytes,14396424192
02-partial-fixed-kv,repetitions[0].diagnostics.per_rank[3].copy_launches,310
02-partial-fixed-kv,repetitions[0].diagnostics.per_rank[3].startup_resident_h2d_bytes,0
02-partial-fixed-kv,repetitions[0].diagnostics.per_rank[3].promotion_d2d_bytes,3145728
02-partial-fixed-kv,repetitions[0].diagnostics.per_rank[3].metadata_h2d_bytes,786448
02-partial-fixed-kv,repetitions[0].diagnostics.per_rank[3].unique_demands,24217
02-partial-fixed-kv,repetitions[0].diagnostics.per_rank[3].resident_hits,14777
02-partial-fixed-kv,repetitions[0].diagnostics.per_rank[3].timing.route_d2h_s,0.609165966976434
02-partial-fixed-kv,repetitions[0].diagnostics.per_rank[3].timing.policy_cpu_s,0.047840151470154524
02-partial-fixed-kv,repetitions[0].diagnostics.per_rank[3].timing.host_reuse_wait_s,0.0017639929428696632
02-partial-fixed-kv,repetitions[0].diagnostics.per_rank[3].timing.host_gather_s,2.6954183881171048
02-partial-fixed-kv,repetitions[0].diagnostics.per_rank[3].timing.h2d_enqueue_s,0.01664608158171177
02-partial-fixed-kv,repetitions[0].diagnostics.per_rank[3].timing.compute_enqueue_s,0.1624480029568076
02-partial-fixed-kv,repetitions[0].diagnostics.per_rank[3].timing.cuda_sample_count,13
02-partial-fixed-kv,repetitions[0].diagnostics.per_rank[3].timing.load_cuda_s,0.012715488182380793
02-partial-fixed-kv,repetitions[0].diagnostics.per_rank[3].timing.compute_cuda_s,0.005471679985523224
02-partial-fixed-kv,repetitions[0].diagnostics.per_rank[3].timing.promotion_cuda_s,0.00010806399933062495
02-partial-fixed-kv,repetitions[0].diagnostics.per_rank[3].policy.observations,384
02-partial-fixed-kv,repetitions[0].diagnostics.per_rank[3].policy.unique_demands,24217
02-partial-fixed-kv,repetitions[0].diagnostics.per_rank[3].policy.completed_forwards,8
02-partial-fixed-kv,repetitions[0].diagnostics.per_rank[3].policy.decay_events,0
02-partial-fixed-kv,repetitions[0].diagnostics.per_rank[3].policy.cache_hits,287
02-partial-fixed-kv,repetitions[0].diagnostics.per_rank[3].policy.cache_misses,9153
02-partial-fixed-kv,repetitions[0].diagnostics.per_rank[3].policy.admissions,2
02-partial-fixed-kv,repetitions[0].diagnostics.per_rank[3].policy.evictions,2
02-partial-fixed-kv,repetitions[0].diagnostics.per_rank[3].policy.cache_bypasses,9151
02-partial-fixed-kv,repetitions[0].diagnostics.per_rank[3].policy.reconfigurations,0
02-partial-fixed-kv,repetitions[0].diagnostics.per_rank[3].policy.cache_hit_ratio,0.030402542372881355
02-partial-fixed-kv,repetitions[0].diagnostics.per_rank[3].rank,3
02-partial-fixed-kv,repetitions[0].diagnostics.per_rank[3].forward_counts[0],8
02-partial-fixed-kv,repetitions[0].diagnostics.per_rank[3].forward_counts[1],8
02-partial-fixed-kv,repetitions[0].diagnostics.per_rank[3].forward_counts[2],8
02-partial-fixed-kv,repetitions[0].diagnostics.per_rank[3].forward_counts[3],8
02-partial-fixed-kv,repetitions[0].diagnostics.per_rank[3].forward_counts[4],8
02-partial-fixed-kv,repetitions[0].diagnostics.per_rank[3].forward_counts[5],8
02-partial-fixed-kv,repetitions[0].diagnostics.per_rank[3].forward_counts[6],8
02-partial-fixed-kv,repetitions[0].diagnostics.per_rank[3].forward_counts[7],8
02-partial-fixed-kv,repetitions[0].diagnostics.per_rank[3].forward_counts[8],8
02-partial-fixed-kv,repetitions[0].diagnostics.per_rank[3].forward_counts[9],8
02-partial-fixed-kv,repetitions[0].diagnostics.per_rank[3].forward_counts[10],8
02-partial-fixed-kv,repetitions[0].diagnostics.per_rank[3].forward_counts[11],8
02-partial-fixed-kv,repetitions[0].diagnostics.per_rank[3].forward_counts[12],8
02-partial-fixed-kv,repetitions[0].diagnostics.per_rank[3].forward_counts[13],8
02-partial-fixed-kv,repetitions[0].diagnostics.per_rank[3].forward_counts[14],8
02-partial-fixed-kv,repetitions[0].diagnostics.per_rank[3].forward_counts[15],8
02-partial-fixed-kv,repetitions[0].diagnostics.per_rank[3].forward_counts[16],8
02-partial-fixed-kv,repetitions[0].diagnostics.per_rank[3].forward_counts[17],8
02-partial-fixed-kv,repetitions[0].diagnostics.per_rank[3].forward_counts[18],8
02-partial-fixed-kv,repetitions[0].diagnostics.per_rank[3].forward_counts[19],8
02-partial-fixed-kv,repetitions[0].diagnostics.per_rank[3].forward_counts[20],8
02-partial-fixed-kv,repetitions[0].diagnostics.per_rank[3].forward_counts[21],8
02-partial-fixed-kv,repetitions[0].diagnostics.per_rank[3].forward_counts[22],8
02-partial-fixed-kv,repetitions[0].diagnostics.per_rank[3].forward_counts[23],8
02-partial-fixed-kv,repetitions[0].diagnostics.per_rank[3].forward_counts[24],8
02-partial-fixed-kv,repetitions[0].diagnostics.per_rank[3].forward_counts[25],8
02-partial-fixed-kv,repetitions[0].diagnostics.per_rank[3].forward_counts[26],8
02-partial-fixed-kv,repetitions[0].diagnostics.per_rank[3].forward_counts[27],8
02-partial-fixed-kv,repetitions[0].diagnostics.per_rank[3].forward_counts[28],8
02-partial-fixed-kv,repetitions[0].diagnostics.per_rank[3].forward_counts[29],8
02-partial-fixed-kv,repetitions[0].diagnostics.per_rank[3].forward_counts[30],8
02-partial-fixed-kv,repetitions[0].diagnostics.per_rank[3].forward_counts[31],8
02-partial-fixed-kv,repetitions[0].diagnostics.per_rank[3].forward_counts[32],8
02-partial-fixed-kv,repetitions[0].diagnostics.per_rank[3].forward_counts[33],8
02-partial-fixed-kv,repetitions[0].diagnostics.per_rank[3].forward_counts[34],8
02-partial-fixed-kv,repetitions[0].diagnostics.per_rank[3].forward_counts[35],8
02-partial-fixed-kv,repetitions[0].diagnostics.per_rank[3].forward_counts[36],8
02-partial-fixed-kv,repetitions[0].diagnostics.per_rank[3].forward_counts[37],8
02-partial-fixed-kv,repetitions[0].diagnostics.per_rank[3].forward_counts[38],8
02-partial-fixed-kv,repetitions[0].diagnostics.per_rank[3].forward_counts[39],8
02-partial-fixed-kv,repetitions[0].diagnostics.per_rank[3].forward_counts[40],8
02-partial-fixed-kv,repetitions[0].diagnostics.per_rank[3].forward_counts[41],8
02-partial-fixed-kv,repetitions[0].diagnostics.per_rank[3].forward_counts[42],8
02-partial-fixed-kv,repetitions[0].diagnostics.per_rank[3].forward_counts[43],8
02-partial-fixed-kv,repetitions[0].diagnostics.per_rank[3].forward_counts[44],8
02-partial-fixed-kv,repetitions[0].diagnostics.per_rank[3].forward_counts[45],8
02-partial-fixed-kv,repetitions[0].diagnostics.per_rank[3].forward_counts[46],8
02-partial-fixed-kv,repetitions[0].diagnostics.per_rank[3].forward_counts[47],8
02-partial-fixed-kv,repetitions[0].diagnostics.per_rank[3].per_layer_unique_demands[0],568
02-partial-fixed-kv,repetitions[0].diagnostics.per_rank[3].per_layer_unique_demands[1],505
02-partial-fixed-kv,repetitions[0].diagnostics.per_rank[3].per_layer_unique_demands[2],579
02-partial-fixed-kv,repetitions[0].diagnostics.per_rank[3].per_layer_unique_demands[3],491
02-partial-fixed-kv,repetitions[0].diagnostics.per_rank[3].per_layer_unique_demands[4],485
02-partial-fixed-kv,repetitions[0].diagnostics.per_rank[3].per_layer_unique_demands[5],530
02-partial-fixed-kv,repetitions[0].diagnostics.per_rank[3].per_layer_unique_demands[6],560
02-partial-fixed-kv,repetitions[0].diagnostics.per_rank[3].per_layer_unique_demands[7],553
02-partial-fixed-kv,repetitions[0].diagnostics.per_rank[3].per_layer_unique_demands[8],515
02-partial-fixed-kv,repetitions[0].diagnostics.per_rank[3].per_layer_unique_demands[9],457
02-partial-fixed-kv,repetitions[0].diagnostics.per_rank[3].per_layer_unique_demands[10],471
02-partial-fixed-kv,repetitions[0].diagnostics.per_rank[3].per_layer_unique_demands[11],487
02-partial-fixed-kv,repetitions[0].diagnostics.per_rank[3].per_layer_unique_demands[12],438
02-partial-fixed-kv,repetitions[0].diagnostics.per_rank[3].per_layer_unique_demands[13],458
02-partial-fixed-kv,repetitions[0].diagnostics.per_rank[3].per_layer_unique_demands[14],496
02-partial-fixed-kv,repetitions[0].diagnostics.per_rank[3].per_layer_unique_demands[15],529
02-partial-fixed-kv,repetitions[0].diagnostics.per_rank[3].per_layer_unique_demands[16],497
02-partial-fixed-kv,repetitions[0].diagnostics.per_rank[3].per_layer_unique_demands[17],530
02-partial-fixed-kv,repetitions[0].diagnostics.per_rank[3].per_layer_unique_demands[18],563
02-partial-fixed-kv,repetitions[0].diagnostics.per_rank[3].per_layer_unique_demands[19],558
02-partial-fixed-kv,repetitions[0].diagnostics.per_rank[3].per_layer_unique_demands[20],513
02-partial-fixed-kv,repetitions[0].diagnostics.per_rank[3].per_layer_unique_demands[21],456
02-partial-fixed-kv,repetitions[0].diagnostics.per_rank[3].per_layer_unique_demands[22],478
02-partial-fixed-kv,repetitions[0].diagnostics.per_rank[3].per_layer_unique_demands[23],495
02-partial-fixed-kv,repetitions[0].diagnostics.per_rank[3].per_layer_unique_demands[24],462
02-partial-fixed-kv,repetitions[0].diagnostics.per_rank[3].per_layer_unique_demands[25],468
02-partial-fixed-kv,repetitions[0].diagnostics.per_rank[3].per_layer_unique_demands[26],512
02-partial-fixed-kv,repetitions[0].diagnostics.per_rank[3].per_layer_unique_demands[27],545
02-partial-fixed-kv,repetitions[0].diagnostics.per_rank[3].per_layer_unique_demands[28],513
02-partial-fixed-kv,repetitions[0].diagnostics.per_rank[3].per_layer_unique_demands[29],540
02-partial-fixed-kv,repetitions[0].diagnostics.per_rank[3].per_layer_unique_demands[30],560
02-partial-fixed-kv,repetitions[0].diagnostics.per_rank[3].per_layer_unique_demands[31],557
02-partial-fixed-kv,repetitions[0].diagnostics.per_rank[3].per_layer_unique_demands[32],524
02-partial-fixed-kv,repetitions[0].diagnostics.per_rank[3].per_layer_unique_demands[33],464
02-partial-fixed-kv,repetitions[0].diagnostics.per_rank[3].per_layer_unique_demands[34],483
02-partial-fixed-kv,repetitions[0].diagnostics.per_rank[3].per_layer_unique_demands[35],501
02-partial-fixed-kv,repetitions[0].diagnostics.per_rank[3].per_layer_unique_demands[36],471
02-partial-fixed-kv,repetitions[0].diagnostics.per_rank[3].per_layer_unique_demands[37],482
02-partial-fixed-kv,repetitions[0].diagnostics.per_rank[3].per_layer_unique_demands[38],508
02-partial-fixed-kv,repetitions[0].diagnostics.per_rank[3].per_layer_unique_demands[39],522
02-partial-fixed-kv,repetitions[0].diagnostics.per_rank[3].per_layer_unique_demands[40],531
02-partial-fixed-kv,repetitions[0].diagnostics.per_rank[3].per_layer_unique_demands[41],512
02-partial-fixed-kv,repetitions[0].diagnostics.per_rank[3].per_layer_unique_demands[42],480
02-partial-fixed-kv,repetitions[0].diagnostics.per_rank[3].per_layer_unique_demands[43],485
02-partial-fixed-kv,repetitions[0].diagnostics.per_rank[3].per_layer_unique_demands[44],470
02-partial-fixed-kv,repetitions[0].diagnostics.per_rank[3].per_layer_unique_demands[45],456
02-partial-fixed-kv,repetitions[0].diagnostics.per_rank[3].per_layer_unique_demands[46],464
02-partial-fixed-kv,repetitions[0].diagnostics.per_rank[3].per_layer_unique_demands[47],495
02-partial-fixed-kv,repetitions[0].diagnostics.per_rank[3].per_layer_mean_unique_coverage[0],0.138671875
02-partial-fixed-kv,repetitions[0].diagnostics.per_rank[3].per_layer_mean_unique_coverage[1],0.123291015625
02-partial-fixed-kv,repetitions[0].diagnostics.per_rank[3].per_layer_mean_unique_coverage[2],0.141357421875
02-partial-fixed-kv,repetitions[0].diagnostics.per_rank[3].per_layer_mean_unique_coverage[3],0.119873046875
02-partial-fixed-kv,repetitions[0].diagnostics.per_rank[3].per_layer_mean_unique_coverage[4],0.118408203125
02-partial-fixed-kv,repetitions[0].diagnostics.per_rank[3].per_layer_mean_unique_coverage[5],0.12939453125
02-partial-fixed-kv,repetitions[0].diagnostics.per_rank[3].per_layer_mean_unique_coverage[6],0.13671875
02-partial-fixed-kv,repetitions[0].diagnostics.per_rank[3].per_layer_mean_unique_coverage[7],0.135009765625
02-partial-fixed-kv,repetitions[0].diagnostics.per_rank[3].per_layer_mean_unique_coverage[8],0.125732421875
02-partial-fixed-kv,repetitions[0].diagnostics.per_rank[3].per_layer_mean_unique_coverage[9],0.111572265625
02-partial-fixed-kv,repetitions[0].diagnostics.per_rank[3].per_layer_mean_unique_coverage[10],0.114990234375
02-partial-fixed-kv,repetitions[0].diagnostics.per_rank[3].per_layer_mean_unique_coverage[11],0.118896484375
02-partial-fixed-kv,repetitions[0].diagnostics.per_rank[3].per_layer_mean_unique_coverage[12],0.10693359375
02-partial-fixed-kv,repetitions[0].diagnostics.per_rank[3].per_layer_mean_unique_coverage[13],0.11181640625
02-partial-fixed-kv,repetitions[0].diagnostics.per_rank[3].per_layer_mean_unique_coverage[14],0.12109375
02-partial-fixed-kv,repetitions[0].diagnostics.per_rank[3].per_layer_mean_unique_coverage[15],0.129150390625
02-partial-fixed-kv,repetitions[0].diagnostics.per_rank[3].per_layer_mean_unique_coverage[16],0.121337890625
02-partial-fixed-kv,repetitions[0].diagnostics.per_rank[3].per_layer_mean_unique_coverage[17],0.12939453125
02-partial-fixed-kv,repetitions[0].diagnostics.per_rank[3].per_layer_mean_unique_coverage[18],0.137451171875
02-partial-fixed-kv,repetitions[0].diagnostics.per_rank[3].per_layer_mean_unique_coverage[19],0.13623046875
02-partial-fixed-kv,repetitions[0].diagnostics.per_rank[3].per_layer_mean_unique_coverage[20],0.125244140625
02-partial-fixed-kv,repetitions[0].diagnostics.per_rank[3].per_layer_mean_unique_coverage[21],0.111328125
02-partial-fixed-kv,repetitions[0].diagnostics.per_rank[3].per_layer_mean_unique_coverage[22],0.11669921875
02-partial-fixed-kv,repetitions[0].diagnostics.per_rank[3].per_layer_mean_unique_coverage[23],0.120849609375
02-partial-fixed-kv,repetitions[0].diagnostics.per_rank[3].per_layer_mean_unique_coverage[24],0.11279296875
02-partial-fixed-kv,repetitions[0].diagnostics.per_rank[3].per_layer_mean_unique_coverage[25],0.1142578125
02-partial-fixed-kv,repetitions[0].diagnostics.per_rank[3].per_layer_mean_unique_coverage[26],0.125
02-partial-fixed-kv,repetitions[0].diagnostics.per_rank[3].per_layer_mean_unique_coverage[27],0.133056640625
02-partial-fixed-kv,repetitions[0].diagnostics.per_rank[3].per_layer_mean_unique_coverage[28],0.125244140625
02-partial-fixed-kv,repetitions[0].diagnostics.per_rank[3].per_layer_mean_unique_coverage[29],0.1318359375
02-partial-fixed-kv,repetitions[0].diagnostics.per_rank[3].per_layer_mean_unique_coverage[30],0.13671875
02-partial-fixed-kv,repetitions[0].diagnostics.per_rank[3].per_layer_mean_unique_coverage[31],0.135986328125
02-partial-fixed-kv,repetitions[0].diagnostics.per_rank[3].per_layer_mean_unique_coverage[32],0.1279296875
02-partial-fixed-kv,repetitions[0].diagnostics.per_rank[3].per_layer_mean_unique_coverage[33],0.11328125
02-partial-fixed-kv,repetitions[0].diagnostics.per_rank[3].per_layer_mean_unique_coverage[34],0.117919921875
02-partial-fixed-kv,repetitions[0].diagnostics.per_rank[3].per_layer_mean_unique_coverage[35],0.122314453125
02-partial-fixed-kv,repetitions[0].diagnostics.per_rank[3].per_layer_mean_unique_coverage[36],0.114990234375
02-partial-fixed-kv,repetitions[0].diagnostics.per_rank[3].per_layer_mean_unique_coverage[37],0.11767578125
02-partial-fixed-kv,repetitions[0].diagnostics.per_rank[3].per_layer_mean_unique_coverage[38],0.1240234375
02-partial-fixed-kv,repetitions[0].diagnostics.per_rank[3].per_layer_mean_unique_coverage[39],0.12744140625
02-partial-fixed-kv,repetitions[0].diagnostics.per_rank[3].per_layer_mean_unique_coverage[40],0.129638671875
02-partial-fixed-kv,repetitions[0].diagnostics.per_rank[3].per_layer_mean_unique_coverage[41],0.125
02-partial-fixed-kv,repetitions[0].diagnostics.per_rank[3].per_layer_mean_unique_coverage[42],0.1171875
02-partial-fixed-kv,repetitions[0].diagnostics.per_rank[3].per_layer_mean_unique_coverage[43],0.118408203125
02-partial-fixed-kv,repetitions[0].diagnostics.per_rank[3].per_layer_mean_unique_coverage[44],0.11474609375
02-partial-fixed-kv,repetitions[0].diagnostics.per_rank[3].per_layer_mean_unique_coverage[45],0.111328125
02-partial-fixed-kv,repetitions[0].diagnostics.per_rank[3].per_layer_mean_unique_coverage[46],0.11328125
02-partial-fixed-kv,repetitions[0].diagnostics.per_rank[3].per_layer_mean_unique_coverage[47],0.120849609375
02-partial-fixed-kv,repetitions[0].diagnostics.per_rank[3].gauge_snapshot.max_unique_per_forward,509
02-partial-fixed-kv,repetitions[0].diagnostics.per_rank[3].gauge_snapshot.mean_unique_coverage,0.10700426603618421
02-partial-fixed-kv,repetitions[0].diagnostics.per_rank[3].gauge_snapshot.per_layer_max_unique_per_forward[0],498
02-partial-fixed-kv,repetitions[0].diagnostics.per_rank[3].gauge_snapshot.per_layer_max_unique_per_forward[1],436
02-partial-fixed-kv,repetitions[0].diagnostics.per_rank[3].gauge_snapshot.per_layer_max_unique_per_forward[2],509
02-partial-fixed-kv,repetitions[0].diagnostics.per_rank[3].gauge_snapshot.per_layer_max_unique_per_forward[3],421
02-partial-fixed-kv,repetitions[0].diagnostics.per_rank[3].gauge_snapshot.per_layer_max_unique_per_forward[4],415
02-partial-fixed-kv,repetitions[0].diagnostics.per_rank[3].gauge_snapshot.per_layer_max_unique_per_forward[5],460
02-partial-fixed-kv,repetitions[0].diagnostics.per_rank[3].gauge_snapshot.per_layer_max_unique_per_forward[6],491
02-partial-fixed-kv,repetitions[0].diagnostics.per_rank[3].gauge_snapshot.per_layer_max_unique_per_forward[7],483
02-partial-fixed-kv,repetitions[0].diagnostics.per_rank[3].gauge_snapshot.per_layer_max_unique_per_forward[8],447
02-partial-fixed-kv,repetitions[0].diagnostics.per_rank[3].gauge_snapshot.per_layer_max_unique_per_forward[9],387
02-partial-fixed-kv,repetitions[0].diagnostics.per_rank[3].gauge_snapshot.per_layer_max_unique_per_forward[10],401
02-partial-fixed-kv,repetitions[0].diagnostics.per_rank[3].gauge_snapshot.per_layer_max_unique_per_forward[11],417
02-partial-fixed-kv,repetitions[0].diagnostics.per_rank[3].gauge_snapshot.per_layer_max_unique_per_forward[12],368
02-partial-fixed-kv,repetitions[0].diagnostics.per_rank[3].gauge_snapshot.per_layer_max_unique_per_forward[13],389
02-partial-fixed-kv,repetitions[0].diagnostics.per_rank[3].gauge_snapshot.per_layer_max_unique_per_forward[14],426
02-partial-fixed-kv,repetitions[0].diagnostics.per_rank[3].gauge_snapshot.per_layer_max_unique_per_forward[15],459
02-partial-fixed-kv,repetitions[0].diagnostics.per_rank[3].gauge_snapshot.per_layer_max_unique_per_forward[16],427
02-partial-fixed-kv,repetitions[0].diagnostics.per_rank[3].gauge_snapshot.per_layer_max_unique_per_forward[17],461
02-partial-fixed-kv,repetitions[0].diagnostics.per_rank[3].gauge_snapshot.per_layer_max_unique_per_forward[18],493
02-partial-fixed-kv,repetitions[0].diagnostics.per_rank[3].gauge_snapshot.per_layer_max_unique_per_forward[19],488
02-partial-fixed-kv,repetitions[0].diagnostics.per_rank[3].gauge_snapshot.per_layer_max_unique_per_forward[20],443
02-partial-fixed-kv,repetitions[0].diagnostics.per_rank[3].gauge_snapshot.per_layer_max_unique_per_forward[21],387
02-partial-fixed-kv,repetitions[0].diagnostics.per_rank[3].gauge_snapshot.per_layer_max_unique_per_forward[22],412
02-partial-fixed-kv,repetitions[0].diagnostics.per_rank[3].gauge_snapshot.per_layer_max_unique_per_forward[23],425
02-partial-fixed-kv,repetitions[0].diagnostics.per_rank[3].gauge_snapshot.per_layer_max_unique_per_forward[24],392
02-partial-fixed-kv,repetitions[0].diagnostics.per_rank[3].gauge_snapshot.per_layer_max_unique_per_forward[25],400
02-partial-fixed-kv,repetitions[0].diagnostics.per_rank[3].gauge_snapshot.per_layer_max_unique_per_forward[26],443
02-partial-fixed-kv,repetitions[0].diagnostics.per_rank[3].gauge_snapshot.per_layer_max_unique_per_forward[27],475
02-partial-fixed-kv,repetitions[0].diagnostics.per_rank[3].gauge_snapshot.per_layer_max_unique_per_forward[28],443
02-partial-fixed-kv,repetitions[0].diagnostics.per_rank[3].gauge_snapshot.per_layer_max_unique_per_forward[29],470
02-partial-fixed-kv,repetitions[0].diagnostics.per_rank[3].gauge_snapshot.per_layer_max_unique_per_forward[30],491
02-partial-fixed-kv,repetitions[0].diagnostics.per_rank[3].gauge_snapshot.per_layer_max_unique_per_forward[31],487
02-partial-fixed-kv,repetitions[0].diagnostics.per_rank[3].gauge_snapshot.per_layer_max_unique_per_forward[32],457
02-partial-fixed-kv,repetitions[0].diagnostics.per_rank[3].gauge_snapshot.per_layer_max_unique_per_forward[33],394
02-partial-fixed-kv,repetitions[0].diagnostics.per_rank[3].gauge_snapshot.per_layer_max_unique_per_forward[34],413
02-partial-fixed-kv,repetitions[0].diagnostics.per_rank[3].gauge_snapshot.per_layer_max_unique_per_forward[35],431
02-partial-fixed-kv,repetitions[0].diagnostics.per_rank[3].gauge_snapshot.per_layer_max_unique_per_forward[36],405
02-partial-fixed-kv,repetitions[0].diagnostics.per_rank[3].gauge_snapshot.per_layer_max_unique_per_forward[37],412
02-partial-fixed-kv,repetitions[0].diagnostics.per_rank[3].gauge_snapshot.per_layer_max_unique_per_forward[38],440
02-partial-fixed-kv,repetitions[0].diagnostics.per_rank[3].gauge_snapshot.per_layer_max_unique_per_forward[39],453
02-partial-fixed-kv,repetitions[0].diagnostics.per_rank[3].gauge_snapshot.per_layer_max_unique_per_forward[40],461
02-partial-fixed-kv,repetitions[0].diagnostics.per_rank[3].gauge_snapshot.per_layer_max_unique_per_forward[41],445
02-partial-fixed-kv,repetitions[0].diagnostics.per_rank[3].gauge_snapshot.per_layer_max_unique_per_forward[42],410
02-partial-fixed-kv,repetitions[0].diagnostics.per_rank[3].gauge_snapshot.per_layer_max_unique_per_forward[43],416
02-partial-fixed-kv,repetitions[0].diagnostics.per_rank[3].gauge_snapshot.per_layer_max_unique_per_forward[44],400
02-partial-fixed-kv,repetitions[0].diagnostics.per_rank[3].gauge_snapshot.per_layer_max_unique_per_forward[45],387
02-partial-fixed-kv,repetitions[0].diagnostics.per_rank[3].gauge_snapshot.per_layer_max_unique_per_forward[46],394
02-partial-fixed-kv,repetitions[0].diagnostics.per_rank[3].gauge_snapshot.per_layer_max_unique_per_forward[47],425
02-partial-fixed-kv,repetitions[0].diagnostics.per_rank[3].policy_snapshot.resident_experts,12288
02-partial-fixed-kv,repetitions[0].diagnostics.per_rank[3].policy_snapshot.cache_slots,256
02-partial-fixed-kv,repetitions[0].diagnostics.per_rank[3].policy_snapshot.cache_entries,256
02-partial-fixed-kv,repetitions[0].diagnostics.per_rank[3].policy_snapshot.cache_hit_ratio,0.01793791920137264
02-partial-fixed-kv,repetitions[0].diagnostics.per_rank[3].kernel_config_records.capacity,64
02-partial-fixed-kv,repetitions[0].diagnostics.per_rank[3].kernel_config_records.unrecorded_selections,0
02-partial-fixed-kv,repetitions[0].diagnostics.per_rank[3].kernel_config_records.records[0].chunk_tokens,8192
02-partial-fixed-kv,repetitions[0].diagnostics.per_rank[3].kernel_config_records.records[0].top_k,10
02-partial-fixed-kv,repetitions[0].diagnostics.per_rank[3].kernel_config_records.records[0].selections,96
02-partial-fixed-kv,repetitions[0].diagnostics.per_rank[3].kernel_config_records.records[0].w13_shape[0],512
02-partial-fixed-kv,repetitions[0].diagnostics.per_rank[3].kernel_config_records.records[0].w13_shape[1],256
02-partial-fixed-kv,repetitions[0].diagnostics.per_rank[3].kernel_config_records.records[0].w13_shape[2],2048
02-partial-fixed-kv,repetitions[0].diagnostics.per_rank[3].kernel_config_records.records[0].w2_shape[0],512
02-partial-fixed-kv,repetitions[0].diagnostics.per_rank[3].kernel_config_records.records[0].w2_shape[1],2048
02-partial-fixed-kv,repetitions[0].diagnostics.per_rank[3].kernel_config_records.records[0].w2_shape[2],128
02-partial-fixed-kv,repetitions[0].diagnostics.per_rank[3].kernel_config_records.records[0].config.BLOCK_SIZE_K,64
02-partial-fixed-kv,repetitions[0].diagnostics.per_rank[3].kernel_config_records.records[0].config.BLOCK_SIZE_M,128
02-partial-fixed-kv,repetitions[0].diagnostics.per_rank[3].kernel_config_records.records[0].config.BLOCK_SIZE_N,128
02-partial-fixed-kv,repetitions[0].diagnostics.per_rank[3].kernel_config_records.records[0].config.GROUP_SIZE_M,64
02-partial-fixed-kv,repetitions[0].diagnostics.per_rank[3].kernel_config_records.records[0].config.num_stages,3
02-partial-fixed-kv,repetitions[0].diagnostics.per_rank[3].kernel_config_records.records[0].config.num_warps,8
02-partial-fixed-kv,repetitions[0].diagnostics.per_rank[3].kernel_config_records.records[1].chunk_tokens,1
02-partial-fixed-kv,repetitions[0].diagnostics.per_rank[3].kernel_config_records.records[1].top_k,10
02-partial-fixed-kv,repetitions[0].diagnostics.per_rank[3].kernel_config_records.records[1].selections,720
02-partial-fixed-kv,repetitions[0].diagnostics.per_rank[3].kernel_config_records.records[1].w13_shape[0],512
02-partial-fixed-kv,repetitions[0].diagnostics.per_rank[3].kernel_config_records.records[1].w13_shape[1],256
02-partial-fixed-kv,repetitions[0].diagnostics.per_rank[3].kernel_config_records.records[1].w13_shape[2],2048
02-partial-fixed-kv,repetitions[0].diagnostics.per_rank[3].kernel_config_records.records[1].w2_shape[0],512
02-partial-fixed-kv,repetitions[0].diagnostics.per_rank[3].kernel_config_records.records[1].w2_shape[1],2048
02-partial-fixed-kv,repetitions[0].diagnostics.per_rank[3].kernel_config_records.records[1].w2_shape[2],128
02-partial-fixed-kv,repetitions[0].diagnostics.per_rank[3].kernel_config_records.records[1].config.BLOCK_SIZE_K,64
02-partial-fixed-kv,repetitions[0].diagnostics.per_rank[3].kernel_config_records.records[1].config.BLOCK_SIZE_M,16
02-partial-fixed-kv,repetitions[0].diagnostics.per_rank[3].kernel_config_records.records[1].config.BLOCK_SIZE_N,32
02-partial-fixed-kv,repetitions[0].diagnostics.per_rank[3].kernel_config_records.records[1].config.GROUP_SIZE_M,1
02-partial-fixed-kv,repetitions[0].diagnostics.per_rank[3].kernel_config_records.records[1].config.num_stages,4
02-partial-fixed-kv,repetitions[0].diagnostics.per_rank[3].kernel_config_records.records[1].config.num_warps,4
02-partial-fixed-kv,repetitions[0].diagnostics.per_rank[3].kernel_config_records.records[2].chunk_tokens,4096
02-partial-fixed-kv,repetitions[0].diagnostics.per_rank[3].kernel_config_records.records[2].top_k,10
02-partial-fixed-kv,repetitions[0].diagnostics.per_rank[3].kernel_config_records.records[2].selections,96
02-partial-fixed-kv,repetitions[0].diagnostics.per_rank[3].kernel_config_records.records[2].w13_shape[0],512
02-partial-fixed-kv,repetitions[0].diagnostics.per_rank[3].kernel_config_records.records[2].w13_shape[1],256
02-partial-fixed-kv,repetitions[0].diagnostics.per_rank[3].kernel_config_records.records[2].w13_shape[2],2048
02-partial-fixed-kv,repetitions[0].diagnostics.per_rank[3].kernel_config_records.records[2].w2_shape[0],512
02-partial-fixed-kv,repetitions[0].diagnostics.per_rank[3].kernel_config_records.records[2].w2_shape[1],2048
02-partial-fixed-kv,repetitions[0].diagnostics.per_rank[3].kernel_config_records.records[2].w2_shape[2],128
02-partial-fixed-kv,repetitions[0].diagnostics.per_rank[3].kernel_config_records.records[2].config.BLOCK_SIZE_K,64
02-partial-fixed-kv,repetitions[0].diagnostics.per_rank[3].kernel_config_records.records[2].config.BLOCK_SIZE_M,128
02-partial-fixed-kv,repetitions[0].diagnostics.per_rank[3].kernel_config_records.records[2].config.BLOCK_SIZE_N,128
02-partial-fixed-kv,repetitions[0].diagnostics.per_rank[3].kernel_config_records.records[2].config.GROUP_SIZE_M,64
02-partial-fixed-kv,repetitions[0].diagnostics.per_rank[3].kernel_config_records.records[2].config.num_stages,3
02-partial-fixed-kv,repetitions[0].diagnostics.per_rank[3].kernel_config_records.records[2].config.num_warps,8
02-partial-fixed-kv,repetitions[0].memory[0].rank,0
02-partial-fixed-kv,repetitions[0].memory[0].total_gpu_bytes,85017493504
02-partial-fixed-kv,repetitions[0].memory[0].free_gpu_bytes,48368779264
02-partial-fixed-kv,repetitions[0].memory[0].torch_allocated_bytes,30891679232
02-partial-fixed-kv,repetitions[0].memory[0].torch_reserved_bytes,31591497728
02-partial-fixed-kv,repetitions[0].memory[0].torch_peak_allocated_bytes,31192341504
02-partial-fixed-kv,repetitions[0].memory[0].torch_peak_reserved_bytes,31591497728
02-partial-fixed-kv,repetitions[0].memory[0].kv_cache_allocated_bytes,8980856832
02-partial-fixed-kv,repetitions[0].memory[0].num_gpu_blocks,2687
02-partial-fixed-kv,repetitions[0].memory[0].kv_cache_declared_bytes,8980856832
02-partial-fixed-kv,repetitions[0].memory[0].kv_cache_accounting_consistent,True
02-partial-fixed-kv,repetitions[0].memory[1].rank,1
02-partial-fixed-kv,repetitions[0].memory[1].total_gpu_bytes,85017493504
02-partial-fixed-kv,repetitions[0].memory[1].free_gpu_bytes,48368779264
02-partial-fixed-kv,repetitions[0].memory[1].torch_allocated_bytes,30891679232
02-partial-fixed-kv,repetitions[0].memory[1].torch_reserved_bytes,31591497728
02-partial-fixed-kv,repetitions[0].memory[1].torch_peak_allocated_bytes,31192341504
02-partial-fixed-kv,repetitions[0].memory[1].torch_peak_reserved_bytes,31591497728
02-partial-fixed-kv,repetitions[0].memory[1].kv_cache_allocated_bytes,8980856832
02-partial-fixed-kv,repetitions[0].memory[1].num_gpu_blocks,2687
02-partial-fixed-kv,repetitions[0].memory[1].kv_cache_declared_bytes,8980856832
02-partial-fixed-kv,repetitions[0].memory[1].kv_cache_accounting_consistent,True
02-partial-fixed-kv,repetitions[0].memory[2].rank,2
02-partial-fixed-kv,repetitions[0].memory[2].total_gpu_bytes,85017493504
02-partial-fixed-kv,repetitions[0].memory[2].free_gpu_bytes,48368779264
02-partial-fixed-kv,repetitions[0].memory[2].torch_allocated_bytes,30891679232
02-partial-fixed-kv,repetitions[0].memory[2].torch_reserved_bytes,31591497728
02-partial-fixed-kv,repetitions[0].memory[2].torch_peak_allocated_bytes,31192341504
02-partial-fixed-kv,repetitions[0].memory[2].torch_peak_reserved_bytes,31591497728
02-partial-fixed-kv,repetitions[0].memory[2].kv_cache_allocated_bytes,8980856832
02-partial-fixed-kv,repetitions[0].memory[2].num_gpu_blocks,2687
02-partial-fixed-kv,repetitions[0].memory[2].kv_cache_declared_bytes,8980856832
02-partial-fixed-kv,repetitions[0].memory[2].kv_cache_accounting_consistent,True
02-partial-fixed-kv,repetitions[0].memory[3].rank,3
02-partial-fixed-kv,repetitions[0].memory[3].total_gpu_bytes,85017493504
02-partial-fixed-kv,repetitions[0].memory[3].free_gpu_bytes,48368779264
02-partial-fixed-kv,repetitions[0].memory[3].torch_allocated_bytes,30891679232
02-partial-fixed-kv,repetitions[0].memory[3].torch_reserved_bytes,31591497728
02-partial-fixed-kv,repetitions[0].memory[3].torch_peak_allocated_bytes,31192341504
02-partial-fixed-kv,repetitions[0].memory[3].torch_peak_reserved_bytes,31591497728
02-partial-fixed-kv,repetitions[0].memory[3].kv_cache_allocated_bytes,8980856832
02-partial-fixed-kv,repetitions[0].memory[3].num_gpu_blocks,2687
02-partial-fixed-kv,repetitions[0].memory[3].kv_cache_declared_bytes,8980856832
02-partial-fixed-kv,repetitions[0].memory[3].kv_cache_accounting_consistent,True
02-partial-fixed-kv,repetitions[0].memory_peak_scope,measured-generate-after-synchronized-reset
02-partial-fixed-kv,storage_backend,expert-cache
02-partial-fixed-kv,expert_cache_stats[0].schema_version,1
02-partial-fixed-kv,expert_cache_stats[0].rank,0
02-partial-fixed-kv,expert_cache_stats[0].tensor_parallel_size,4
02-partial-fixed-kv,expert_cache_stats[0].total_layers,48
02-partial-fixed-kv,expert_cache_stats[0].num_experts,512
02-partial-fixed-kv,expert_cache_stats[0].physical_slots,13056
02-partial-fixed-kv,expert_cache_stats[0].resident_slots,12288
02-partial-fixed-kv,expert_cache_stats[0].cache_slots,256
02-partial-fixed-kv,expert_cache_stats[0].ingress_slots,512
02-partial-fixed-kv,expert_cache_stats[0].expert_bytes,1572864
02-partial-fixed-kv,expert_cache_stats[0].host_source_bytes,38654705664
02-partial-fixed-kv,expert_cache_stats[0].pinned_gather_bytes,805306368
02-partial-fixed-kv,expert_cache_stats[0].gpu_pool_bytes,20535312384
02-partial-fixed-kv,expert_cache_stats[0].gpu_resident_bytes,19327352832
02-partial-fixed-kv,expert_cache_stats[0].gpu_cache_bytes,402653184
02-partial-fixed-kv,expert_cache_stats[0].gpu_ingress_bytes,805306368
02-partial-fixed-kv,expert_cache_stats[0].gpu_metadata_bytes,6144
02-partial-fixed-kv,expert_cache_stats[0].pinned_metadata_bytes,6144
02-partial-fixed-kv,expert_cache_stats[0].net_freed_bytes,18119387136
02-partial-fixed-kv,expert_cache_stats[0].weights_verified,0
02-partial-fixed-kv,expert_cache_stats[0].cuda_timing_capacity,128
02-partial-fixed-kv,expert_cache_stats[0].h2d_bytes,29708255232
02-partial-fixed-kv,expert_cache_stats[0].copy_launches,870
02-partial-fixed-kv,expert_cache_stats[0].startup_resident_h2d_bytes,19327352832
02-partial-fixed-kv,expert_cache_stats[0].promotion_d2d_bytes,1577582592
02-partial-fixed-kv,expert_cache_stats[0].metadata_h2d_bytes,1875800
02-partial-fixed-kv,expert_cache_stats[0].unique_demands,49965
02-partial-fixed-kv,expert_cache_stats[0].resident_hits,30732
02-partial-fixed-kv,expert_cache_stats[0].max_unique_per_forward,509
02-partial-fixed-kv,expert_cache_stats[0].mean_unique_coverage,0.10700426603618421
02-partial-fixed-kv,expert_cache_stats[0].resident_ratio,0.5
02-partial-fixed-kv,expert_cache_stats[0].policy.observations,912
02-partial-fixed-kv,expert_cache_stats[0].policy.unique_demands,49965
02-partial-fixed-kv,expert_cache_stats[0].policy.completed_forwards,19
02-partial-fixed-kv,expert_cache_stats[0].policy.decay_events,0
02-partial-fixed-kv,expert_cache_stats[0].policy.cache_hits,345
02-partial-fixed-kv,expert_cache_stats[0].policy.cache_misses,18888
02-partial-fixed-kv,expert_cache_stats[0].policy.admissions,1003
02-partial-fixed-kv,expert_cache_stats[0].policy.evictions,747
02-partial-fixed-kv,expert_cache_stats[0].policy.cache_bypasses,17885
02-partial-fixed-kv,expert_cache_stats[0].policy.reconfigurations,0
02-partial-fixed-kv,expert_cache_stats[0].policy.resident_experts,12288
02-partial-fixed-kv,expert_cache_stats[0].policy.cache_slots,256
02-partial-fixed-kv,expert_cache_stats[0].policy.cache_entries,256
02-partial-fixed-kv,expert_cache_stats[0].policy.cache_hit_ratio,0.01793791920137264
02-partial-fixed-kv,expert_cache_stats[0].timing.route_d2h_s,0.5567943057976663
02-partial-fixed-kv,expert_cache_stats[0].timing.policy_cpu_s,0.049078643787652254
02-partial-fixed-kv,expert_cache_stats[0].timing.host_reuse_wait_s,0.0018603815697133541
02-partial-fixed-kv,expert_cache_stats[0].timing.host_gather_s,2.899978135712445
02-partial-fixed-kv,expert_cache_stats[0].timing.h2d_enqueue_s,0.016358913853764534
02-partial-fixed-kv,expert_cache_stats[0].timing.compute_enqueue_s,0.16198801156133413
02-partial-fixed-kv,expert_cache_stats[0].timing.cuda_sample_count,13
02-partial-fixed-kv,expert_cache_stats[0].timing.load_cuda_s,0.012565952131524678
02-partial-fixed-kv,expert_cache_stats[0].timing.compute_cuda_s,0.0054761919975280775
02-partial-fixed-kv,expert_cache_stats[0].timing.promotion_cuda_s,0.00011155199958011507
02-partial-fixed-kv,expert_cache_stats[0].forward_counts[0],19
02-partial-fixed-kv,expert_cache_stats[0].forward_counts[1],19
02-partial-fixed-kv,expert_cache_stats[0].forward_counts[2],19
02-partial-fixed-kv,expert_cache_stats[0].forward_counts[3],19
02-partial-fixed-kv,expert_cache_stats[0].forward_counts[4],19
02-partial-fixed-kv,expert_cache_stats[0].forward_counts[5],19
02-partial-fixed-kv,expert_cache_stats[0].forward_counts[6],19
02-partial-fixed-kv,expert_cache_stats[0].forward_counts[7],19
02-partial-fixed-kv,expert_cache_stats[0].forward_counts[8],19
02-partial-fixed-kv,expert_cache_stats[0].forward_counts[9],19
02-partial-fixed-kv,expert_cache_stats[0].forward_counts[10],19
02-partial-fixed-kv,expert_cache_stats[0].forward_counts[11],19
02-partial-fixed-kv,expert_cache_stats[0].forward_counts[12],19
02-partial-fixed-kv,expert_cache_stats[0].forward_counts[13],19
02-partial-fixed-kv,expert_cache_stats[0].forward_counts[14],19
02-partial-fixed-kv,expert_cache_stats[0].forward_counts[15],19
02-partial-fixed-kv,expert_cache_stats[0].forward_counts[16],19
02-partial-fixed-kv,expert_cache_stats[0].forward_counts[17],19
02-partial-fixed-kv,expert_cache_stats[0].forward_counts[18],19
02-partial-fixed-kv,expert_cache_stats[0].forward_counts[19],19
02-partial-fixed-kv,expert_cache_stats[0].forward_counts[20],19
02-partial-fixed-kv,expert_cache_stats[0].forward_counts[21],19
02-partial-fixed-kv,expert_cache_stats[0].forward_counts[22],19
02-partial-fixed-kv,expert_cache_stats[0].forward_counts[23],19
02-partial-fixed-kv,expert_cache_stats[0].forward_counts[24],19
02-partial-fixed-kv,expert_cache_stats[0].forward_counts[25],19
02-partial-fixed-kv,expert_cache_stats[0].forward_counts[26],19
02-partial-fixed-kv,expert_cache_stats[0].forward_counts[27],19
02-partial-fixed-kv,expert_cache_stats[0].forward_counts[28],19
02-partial-fixed-kv,expert_cache_stats[0].forward_counts[29],19
02-partial-fixed-kv,expert_cache_stats[0].forward_counts[30],19
02-partial-fixed-kv,expert_cache_stats[0].forward_counts[31],19
02-partial-fixed-kv,expert_cache_stats[0].forward_counts[32],19
02-partial-fixed-kv,expert_cache_stats[0].forward_counts[33],19
02-partial-fixed-kv,expert_cache_stats[0].forward_counts[34],19
02-partial-fixed-kv,expert_cache_stats[0].forward_counts[35],19
02-partial-fixed-kv,expert_cache_stats[0].forward_counts[36],19
02-partial-fixed-kv,expert_cache_stats[0].forward_counts[37],19
02-partial-fixed-kv,expert_cache_stats[0].forward_counts[38],19
02-partial-fixed-kv,expert_cache_stats[0].forward_counts[39],19
02-partial-fixed-kv,expert_cache_stats[0].forward_counts[40],19
02-partial-fixed-kv,expert_cache_stats[0].forward_counts[41],19
02-partial-fixed-kv,expert_cache_stats[0].forward_counts[42],19
02-partial-fixed-kv,expert_cache_stats[0].forward_counts[43],19
02-partial-fixed-kv,expert_cache_stats[0].forward_counts[44],19
02-partial-fixed-kv,expert_cache_stats[0].forward_counts[45],19
02-partial-fixed-kv,expert_cache_stats[0].forward_counts[46],19
02-partial-fixed-kv,expert_cache_stats[0].forward_counts[47],19
02-partial-fixed-kv,expert_cache_stats[0].per_layer_unique_demands[0],1166
02-partial-fixed-kv,expert_cache_stats[0].per_layer_unique_demands[1],1041
02-partial-fixed-kv,expert_cache_stats[0].per_layer_unique_demands[2],1189
02-partial-fixed-kv,expert_cache_stats[0].per_layer_unique_demands[3],1013
02-partial-fixed-kv,expert_cache_stats[0].per_layer_unique_demands[4],1000
02-partial-fixed-kv,expert_cache_stats[0].per_layer_unique_demands[5],1089
02-partial-fixed-kv,expert_cache_stats[0].per_layer_unique_demands[6],1152
02-partial-fixed-kv,expert_cache_stats[0].per_layer_unique_demands[7],1137
02-partial-fixed-kv,expert_cache_stats[0].per_layer_unique_demands[8],1065
02-partial-fixed-kv,expert_cache_stats[0].per_layer_unique_demands[9],945
02-partial-fixed-kv,expert_cache_stats[0].per_layer_unique_demands[10],972
02-partial-fixed-kv,expert_cache_stats[0].per_layer_unique_demands[11],1001
02-partial-fixed-kv,expert_cache_stats[0].per_layer_unique_demands[12],906
02-partial-fixed-kv,expert_cache_stats[0].per_layer_unique_demands[13],948
02-partial-fixed-kv,expert_cache_stats[0].per_layer_unique_demands[14],1021
02-partial-fixed-kv,expert_cache_stats[0].per_layer_unique_demands[15],1088
02-partial-fixed-kv,expert_cache_stats[0].per_layer_unique_demands[16],1022
02-partial-fixed-kv,expert_cache_stats[0].per_layer_unique_demands[17],1093
02-partial-fixed-kv,expert_cache_stats[0].per_layer_unique_demands[18],1156
02-partial-fixed-kv,expert_cache_stats[0].per_layer_unique_demands[19],1149
02-partial-fixed-kv,expert_cache_stats[0].per_layer_unique_demands[20],1057
02-partial-fixed-kv,expert_cache_stats[0].per_layer_unique_demands[21],945
02-partial-fixed-kv,expert_cache_stats[0].per_layer_unique_demands[22],994
02-partial-fixed-kv,expert_cache_stats[0].per_layer_unique_demands[23],1019
02-partial-fixed-kv,expert_cache_stats[0].per_layer_unique_demands[24],952
02-partial-fixed-kv,expert_cache_stats[0].per_layer_unique_demands[25],969
02-partial-fixed-kv,expert_cache_stats[0].per_layer_unique_demands[26],1059
02-partial-fixed-kv,expert_cache_stats[0].per_layer_unique_demands[27],1125
02-partial-fixed-kv,expert_cache_stats[0].per_layer_unique_demands[28],1057
02-partial-fixed-kv,expert_cache_stats[0].per_layer_unique_demands[29],1110
02-partial-fixed-kv,expert_cache_stats[0].per_layer_unique_demands[30],1153
02-partial-fixed-kv,expert_cache_stats[0].per_layer_unique_demands[31],1144
02-partial-fixed-kv,expert_cache_stats[0].per_layer_unique_demands[32],1085
02-partial-fixed-kv,expert_cache_stats[0].per_layer_unique_demands[33],957
02-partial-fixed-kv,expert_cache_stats[0].per_layer_unique_demands[34],997
02-partial-fixed-kv,expert_cache_stats[0].per_layer_unique_demands[35],1031
02-partial-fixed-kv,expert_cache_stats[0].per_layer_unique_demands[36],981
02-partial-fixed-kv,expert_cache_stats[0].per_layer_unique_demands[37],994
02-partial-fixed-kv,expert_cache_stats[0].per_layer_unique_demands[38],1051
02-partial-fixed-kv,expert_cache_stats[0].per_layer_unique_demands[39],1076
02-partial-fixed-kv,expert_cache_stats[0].per_layer_unique_demands[40],1090
02-partial-fixed-kv,expert_cache_stats[0].per_layer_unique_demands[41],1058
02-partial-fixed-kv,expert_cache_stats[0].per_layer_unique_demands[42],994
02-partial-fixed-kv,expert_cache_stats[0].per_layer_unique_demands[43],1008
02-partial-fixed-kv,expert_cache_stats[0].per_layer_unique_demands[44],972
02-partial-fixed-kv,expert_cache_stats[0].per_layer_unique_demands[45],949
02-partial-fixed-kv,expert_cache_stats[0].per_layer_unique_demands[46],962
02-partial-fixed-kv,expert_cache_stats[0].per_layer_unique_demands[47],1023
02-partial-fixed-kv,expert_cache_stats[0].per_layer_max_unique_per_forward[0],498
02-partial-fixed-kv,expert_cache_stats[0].per_layer_max_unique_per_forward[1],436
02-partial-fixed-kv,expert_cache_stats[0].per_layer_max_unique_per_forward[2],509
02-partial-fixed-kv,expert_cache_stats[0].per_layer_max_unique_per_forward[3],421
02-partial-fixed-kv,expert_cache_stats[0].per_layer_max_unique_per_forward[4],415
02-partial-fixed-kv,expert_cache_stats[0].per_layer_max_unique_per_forward[5],460
02-partial-fixed-kv,expert_cache_stats[0].per_layer_max_unique_per_forward[6],491
02-partial-fixed-kv,expert_cache_stats[0].per_layer_max_unique_per_forward[7],483
02-partial-fixed-kv,expert_cache_stats[0].per_layer_max_unique_per_forward[8],447
02-partial-fixed-kv,expert_cache_stats[0].per_layer_max_unique_per_forward[9],387
02-partial-fixed-kv,expert_cache_stats[0].per_layer_max_unique_per_forward[10],401
02-partial-fixed-kv,expert_cache_stats[0].per_layer_max_unique_per_forward[11],417
02-partial-fixed-kv,expert_cache_stats[0].per_layer_max_unique_per_forward[12],368
02-partial-fixed-kv,expert_cache_stats[0].per_layer_max_unique_per_forward[13],389
02-partial-fixed-kv,expert_cache_stats[0].per_layer_max_unique_per_forward[14],426
02-partial-fixed-kv,expert_cache_stats[0].per_layer_max_unique_per_forward[15],459
02-partial-fixed-kv,expert_cache_stats[0].per_layer_max_unique_per_forward[16],427
02-partial-fixed-kv,expert_cache_stats[0].per_layer_max_unique_per_forward[17],461
02-partial-fixed-kv,expert_cache_stats[0].per_layer_max_unique_per_forward[18],493
02-partial-fixed-kv,expert_cache_stats[0].per_layer_max_unique_per_forward[19],488
02-partial-fixed-kv,expert_cache_stats[0].per_layer_max_unique_per_forward[20],443
02-partial-fixed-kv,expert_cache_stats[0].per_layer_max_unique_per_forward[21],387
02-partial-fixed-kv,expert_cache_stats[0].per_layer_max_unique_per_forward[22],412
02-partial-fixed-kv,expert_cache_stats[0].per_layer_max_unique_per_forward[23],425
02-partial-fixed-kv,expert_cache_stats[0].per_layer_max_unique_per_forward[24],392
02-partial-fixed-kv,expert_cache_stats[0].per_layer_max_unique_per_forward[25],400
02-partial-fixed-kv,expert_cache_stats[0].per_layer_max_unique_per_forward[26],443
02-partial-fixed-kv,expert_cache_stats[0].per_layer_max_unique_per_forward[27],475
02-partial-fixed-kv,expert_cache_stats[0].per_layer_max_unique_per_forward[28],443
02-partial-fixed-kv,expert_cache_stats[0].per_layer_max_unique_per_forward[29],470
02-partial-fixed-kv,expert_cache_stats[0].per_layer_max_unique_per_forward[30],491
02-partial-fixed-kv,expert_cache_stats[0].per_layer_max_unique_per_forward[31],487
02-partial-fixed-kv,expert_cache_stats[0].per_layer_max_unique_per_forward[32],457
02-partial-fixed-kv,expert_cache_stats[0].per_layer_max_unique_per_forward[33],394
02-partial-fixed-kv,expert_cache_stats[0].per_layer_max_unique_per_forward[34],413
02-partial-fixed-kv,expert_cache_stats[0].per_layer_max_unique_per_forward[35],431
02-partial-fixed-kv,expert_cache_stats[0].per_layer_max_unique_per_forward[36],405
02-partial-fixed-kv,expert_cache_stats[0].per_layer_max_unique_per_forward[37],412
02-partial-fixed-kv,expert_cache_stats[0].per_layer_max_unique_per_forward[38],440
02-partial-fixed-kv,expert_cache_stats[0].per_layer_max_unique_per_forward[39],453
02-partial-fixed-kv,expert_cache_stats[0].per_layer_max_unique_per_forward[40],461
02-partial-fixed-kv,expert_cache_stats[0].per_layer_max_unique_per_forward[41],445
02-partial-fixed-kv,expert_cache_stats[0].per_layer_max_unique_per_forward[42],410
02-partial-fixed-kv,expert_cache_stats[0].per_layer_max_unique_per_forward[43],416
02-partial-fixed-kv,expert_cache_stats[0].per_layer_max_unique_per_forward[44],400
02-partial-fixed-kv,expert_cache_stats[0].per_layer_max_unique_per_forward[45],387
02-partial-fixed-kv,expert_cache_stats[0].per_layer_max_unique_per_forward[46],394
02-partial-fixed-kv,expert_cache_stats[0].per_layer_max_unique_per_forward[47],425
02-partial-fixed-kv,expert_cache_stats[0].identity.geometry.total_layers,48
02-partial-fixed-kv,expert_cache_stats[0].identity.geometry.num_experts,512
02-partial-fixed-kv,expert_cache_stats[0].identity.geometry.hidden_size,2048
02-partial-fixed-kv,expert_cache_stats[0].identity.geometry.intermediate_size,128
02-partial-fixed-kv,expert_cache_stats[0].identity.tensor_parallel_size,4
02-partial-fixed-kv,expert_cache_stats[0].identity.model_config_sha256,2d483c7cabad7c8704478ed4038fa7e7b2eff840bc00a118eccbe38e2b488303
02-partial-fixed-kv,expert_cache_stats[0].identity.model_identity_sha256,24f6a89ba0e0435caffbb3d056425fb1fe980fca09d5a8749dfb231bd24880d8
02-partial-fixed-kv,expert_cache_stats[0].profile_sha256,0c54d62f0f172a2fe11e201125c385bed91db37df7d949dff7a929686b96357e
02-partial-fixed-kv,expert_cache_stats[0].cache_policy,decayed-lfu
02-partial-fixed-kv,expert_cache_stats[0].failed,False
02-partial-fixed-kv,expert_cache_stats[0].weight_verification_scope,CUDA parity tests required; no runtime weight D2H verification
02-partial-fixed-kv,expert_cache_stats[0].temporary_memory_scope,native fused kernel workspace/output and CPU route IDs scale with scheduled tokens; no weight-sized GPU gather temporary
02-partial-fixed-kv,expert_cache_stats[0].memory_accounting_scope,"tensor payload bytes; excludes allocator rounding, CUDA event driver memory and Python policy metadata; native/chunk output workspace must be included in vLLM measured profiling peak"
02-partial-fixed-kv,expert_cache_stats[0].kernel_config_scope,native logical E geometry per actual native chunk size
02-partial-fixed-kv,expert_cache_stats[0].transfer_schedule,demand-critical H2D on compute stream; no speculative prefetch
02-partial-fixed-kv,expert_cache_stats[0].kernel_config_records.capacity,64
02-partial-fixed-kv,expert_cache_stats[0].kernel_config_records.unrecorded_selections,0
02-partial-fixed-kv,expert_cache_stats[0].kernel_config_records.records[0].chunk_tokens,8192
02-partial-fixed-kv,expert_cache_stats[0].kernel_config_records.records[0].top_k,10
02-partial-fixed-kv,expert_cache_stats[0].kernel_config_records.records[0].selections,96
02-partial-fixed-kv,expert_cache_stats[0].kernel_config_records.records[0].w13_shape[0],512
02-partial-fixed-kv,expert_cache_stats[0].kernel_config_records.records[0].w13_shape[1],256
02-partial-fixed-kv,expert_cache_stats[0].kernel_config_records.records[0].w13_shape[2],2048
02-partial-fixed-kv,expert_cache_stats[0].kernel_config_records.records[0].w2_shape[0],512
02-partial-fixed-kv,expert_cache_stats[0].kernel_config_records.records[0].w2_shape[1],2048
02-partial-fixed-kv,expert_cache_stats[0].kernel_config_records.records[0].w2_shape[2],128
02-partial-fixed-kv,expert_cache_stats[0].kernel_config_records.records[0].config.BLOCK_SIZE_K,64
02-partial-fixed-kv,expert_cache_stats[0].kernel_config_records.records[0].config.BLOCK_SIZE_M,128
02-partial-fixed-kv,expert_cache_stats[0].kernel_config_records.records[0].config.BLOCK_SIZE_N,128
02-partial-fixed-kv,expert_cache_stats[0].kernel_config_records.records[0].config.GROUP_SIZE_M,64
02-partial-fixed-kv,expert_cache_stats[0].kernel_config_records.records[0].config.num_stages,3
02-partial-fixed-kv,expert_cache_stats[0].kernel_config_records.records[0].config.num_warps,8
02-partial-fixed-kv,expert_cache_stats[0].kernel_config_records.records[1].chunk_tokens,1
02-partial-fixed-kv,expert_cache_stats[0].kernel_config_records.records[1].top_k,10
02-partial-fixed-kv,expert_cache_stats[0].kernel_config_records.records[1].selections,720
02-partial-fixed-kv,expert_cache_stats[0].kernel_config_records.records[1].w13_shape[0],512
02-partial-fixed-kv,expert_cache_stats[0].kernel_config_records.records[1].w13_shape[1],256
02-partial-fixed-kv,expert_cache_stats[0].kernel_config_records.records[1].w13_shape[2],2048
02-partial-fixed-kv,expert_cache_stats[0].kernel_config_records.records[1].w2_shape[0],512
02-partial-fixed-kv,expert_cache_stats[0].kernel_config_records.records[1].w2_shape[1],2048
02-partial-fixed-kv,expert_cache_stats[0].kernel_config_records.records[1].w2_shape[2],128
02-partial-fixed-kv,expert_cache_stats[0].kernel_config_records.records[1].config.BLOCK_SIZE_K,64
02-partial-fixed-kv,expert_cache_stats[0].kernel_config_records.records[1].config.BLOCK_SIZE_M,16
02-partial-fixed-kv,expert_cache_stats[0].kernel_config_records.records[1].config.BLOCK_SIZE_N,32
02-partial-fixed-kv,expert_cache_stats[0].kernel_config_records.records[1].config.GROUP_SIZE_M,1
02-partial-fixed-kv,expert_cache_stats[0].kernel_config_records.records[1].config.num_stages,4
02-partial-fixed-kv,expert_cache_stats[0].kernel_config_records.records[1].config.num_warps,4
02-partial-fixed-kv,expert_cache_stats[0].kernel_config_records.records[2].chunk_tokens,4096
02-partial-fixed-kv,expert_cache_stats[0].kernel_config_records.records[2].top_k,10
02-partial-fixed-kv,expert_cache_stats[0].kernel_config_records.records[2].selections,96
02-partial-fixed-kv,expert_cache_stats[0].kernel_config_records.records[2].w13_shape[0],512
02-partial-fixed-kv,expert_cache_stats[0].kernel_config_records.records[2].w13_shape[1],256
02-partial-fixed-kv,expert_cache_stats[0].kernel_config_records.records[2].w13_shape[2],2048
02-partial-fixed-kv,expert_cache_stats[0].kernel_config_records.records[2].w2_shape[0],512
02-partial-fixed-kv,expert_cache_stats[0].kernel_config_records.records[2].w2_shape[1],2048
02-partial-fixed-kv,expert_cache_stats[0].kernel_config_records.records[2].w2_shape[2],128
02-partial-fixed-kv,expert_cache_stats[0].kernel_config_records.records[2].config.BLOCK_SIZE_K,64
02-partial-fixed-kv,expert_cache_stats[0].kernel_config_records.records[2].config.BLOCK_SIZE_M,128
02-partial-fixed-kv,expert_cache_stats[0].kernel_config_records.records[2].config.BLOCK_SIZE_N,128
02-partial-fixed-kv,expert_cache_stats[0].kernel_config_records.records[2].config.GROUP_SIZE_M,64
02-partial-fixed-kv,expert_cache_stats[0].kernel_config_records.records[2].config.num_stages,3
02-partial-fixed-kv,expert_cache_stats[0].kernel_config_records.records[2].config.num_warps,8
02-partial-fixed-kv,expert_cache_stats[1].schema_version,1
02-partial-fixed-kv,expert_cache_stats[1].rank,1
02-partial-fixed-kv,expert_cache_stats[1].tensor_parallel_size,4
02-partial-fixed-kv,expert_cache_stats[1].total_layers,48
02-partial-fixed-kv,expert_cache_stats[1].num_experts,512
02-partial-fixed-kv,expert_cache_stats[1].physical_slots,13056
02-partial-fixed-kv,expert_cache_stats[1].resident_slots,12288
02-partial-fixed-kv,expert_cache_stats[1].cache_slots,256
02-partial-fixed-kv,expert_cache_stats[1].ingress_slots,512
02-partial-fixed-kv,expert_cache_stats[1].expert_bytes,1572864
02-partial-fixed-kv,expert_cache_stats[1].host_source_bytes,38654705664
02-partial-fixed-kv,expert_cache_stats[1].pinned_gather_bytes,805306368
02-partial-fixed-kv,expert_cache_stats[1].gpu_pool_bytes,20535312384
02-partial-fixed-kv,expert_cache_stats[1].gpu_resident_bytes,19327352832
02-partial-fixed-kv,expert_cache_stats[1].gpu_cache_bytes,402653184
02-partial-fixed-kv,expert_cache_stats[1].gpu_ingress_bytes,805306368
02-partial-fixed-kv,expert_cache_stats[1].gpu_metadata_bytes,6144
02-partial-fixed-kv,expert_cache_stats[1].pinned_metadata_bytes,6144
02-partial-fixed-kv,expert_cache_stats[1].net_freed_bytes,18119387136
02-partial-fixed-kv,expert_cache_stats[1].weights_verified,0
02-partial-fixed-kv,expert_cache_stats[1].cuda_timing_capacity,128
02-partial-fixed-kv,expert_cache_stats[1].h2d_bytes,29708255232
02-partial-fixed-kv,expert_cache_stats[1].copy_launches,870
02-partial-fixed-kv,expert_cache_stats[1].startup_resident_h2d_bytes,19327352832
02-partial-fixed-kv,expert_cache_stats[1].promotion_d2d_bytes,1577582592
02-partial-fixed-kv,expert_cache_stats[1].metadata_h2d_bytes,1875800
02-partial-fixed-kv,expert_cache_stats[1].unique_demands,49965
02-partial-fixed-kv,expert_cache_stats[1].resident_hits,30732
02-partial-fixed-kv,expert_cache_stats[1].max_unique_per_forward,509
02-partial-fixed-kv,expert_cache_stats[1].mean_unique_coverage,0.10700426603618421
02-partial-fixed-kv,expert_cache_stats[1].resident_ratio,0.5
02-partial-fixed-kv,expert_cache_stats[1].policy.observations,912
02-partial-fixed-kv,expert_cache_stats[1].policy.unique_demands,49965
02-partial-fixed-kv,expert_cache_stats[1].policy.completed_forwards,19
02-partial-fixed-kv,expert_cache_stats[1].policy.decay_events,0
02-partial-fixed-kv,expert_cache_stats[1].policy.cache_hits,345
02-partial-fixed-kv,expert_cache_stats[1].policy.cache_misses,18888
02-partial-fixed-kv,expert_cache_stats[1].policy.admissions,1003
02-partial-fixed-kv,expert_cache_stats[1].policy.evictions,747
02-partial-fixed-kv,expert_cache_stats[1].policy.cache_bypasses,17885
02-partial-fixed-kv,expert_cache_stats[1].policy.reconfigurations,0
02-partial-fixed-kv,expert_cache_stats[1].policy.resident_experts,12288
02-partial-fixed-kv,expert_cache_stats[1].policy.cache_slots,256
02-partial-fixed-kv,expert_cache_stats[1].policy.cache_entries,256
02-partial-fixed-kv,expert_cache_stats[1].policy.cache_hit_ratio,0.01793791920137264
02-partial-fixed-kv,expert_cache_stats[1].timing.route_d2h_s,0.5876644323579967
02-partial-fixed-kv,expert_cache_stats[1].timing.policy_cpu_s,0.04859917890280485
02-partial-fixed-kv,expert_cache_stats[1].timing.host_reuse_wait_s,0.0017307554371654987
02-partial-fixed-kv,expert_cache_stats[1].timing.host_gather_s,2.9742843471467495
02-partial-fixed-kv,expert_cache_stats[1].timing.h2d_enqueue_s,0.01621787389740348
02-partial-fixed-kv,expert_cache_stats[1].timing.compute_enqueue_s,0.16266581788659096
02-partial-fixed-kv,expert_cache_stats[1].timing.cuda_sample_count,13
02-partial-fixed-kv,expert_cache_stats[1].timing.load_cuda_s,0.012783103970810773
02-partial-fixed-kv,expert_cache_stats[1].timing.compute_cuda_s,0.005498079985380174
02-partial-fixed-kv,expert_cache_stats[1].timing.promotion_cuda_s,0.0001067200016696006
02-partial-fixed-kv,expert_cache_stats[1].forward_counts[0],19
02-partial-fixed-kv,expert_cache_stats[1].forward_counts[1],19
02-partial-fixed-kv,expert_cache_stats[1].forward_counts[2],19
02-partial-fixed-kv,expert_cache_stats[1].forward_counts[3],19
02-partial-fixed-kv,expert_cache_stats[1].forward_counts[4],19
02-partial-fixed-kv,expert_cache_stats[1].forward_counts[5],19
02-partial-fixed-kv,expert_cache_stats[1].forward_counts[6],19
02-partial-fixed-kv,expert_cache_stats[1].forward_counts[7],19
02-partial-fixed-kv,expert_cache_stats[1].forward_counts[8],19
02-partial-fixed-kv,expert_cache_stats[1].forward_counts[9],19
02-partial-fixed-kv,expert_cache_stats[1].forward_counts[10],19
02-partial-fixed-kv,expert_cache_stats[1].forward_counts[11],19
02-partial-fixed-kv,expert_cache_stats[1].forward_counts[12],19
02-partial-fixed-kv,expert_cache_stats[1].forward_counts[13],19
02-partial-fixed-kv,expert_cache_stats[1].forward_counts[14],19
02-partial-fixed-kv,expert_cache_stats[1].forward_counts[15],19
02-partial-fixed-kv,expert_cache_stats[1].forward_counts[16],19
02-partial-fixed-kv,expert_cache_stats[1].forward_counts[17],19
02-partial-fixed-kv,expert_cache_stats[1].forward_counts[18],19
02-partial-fixed-kv,expert_cache_stats[1].forward_counts[19],19
02-partial-fixed-kv,expert_cache_stats[1].forward_counts[20],19
02-partial-fixed-kv,expert_cache_stats[1].forward_counts[21],19
02-partial-fixed-kv,expert_cache_stats[1].forward_counts[22],19
02-partial-fixed-kv,expert_cache_stats[1].forward_counts[23],19
02-partial-fixed-kv,expert_cache_stats[1].forward_counts[24],19
02-partial-fixed-kv,expert_cache_stats[1].forward_counts[25],19
02-partial-fixed-kv,expert_cache_stats[1].forward_counts[26],19
02-partial-fixed-kv,expert_cache_stats[1].forward_counts[27],19
02-partial-fixed-kv,expert_cache_stats[1].forward_counts[28],19
02-partial-fixed-kv,expert_cache_stats[1].forward_counts[29],19
02-partial-fixed-kv,expert_cache_stats[1].forward_counts[30],19
02-partial-fixed-kv,expert_cache_stats[1].forward_counts[31],19
02-partial-fixed-kv,expert_cache_stats[1].forward_counts[32],19
02-partial-fixed-kv,expert_cache_stats[1].forward_counts[33],19
02-partial-fixed-kv,expert_cache_stats[1].forward_counts[34],19
02-partial-fixed-kv,expert_cache_stats[1].forward_counts[35],19
02-partial-fixed-kv,expert_cache_stats[1].forward_counts[36],19
02-partial-fixed-kv,expert_cache_stats[1].forward_counts[37],19
02-partial-fixed-kv,expert_cache_stats[1].forward_counts[38],19
02-partial-fixed-kv,expert_cache_stats[1].forward_counts[39],19
02-partial-fixed-kv,expert_cache_stats[1].forward_counts[40],19
02-partial-fixed-kv,expert_cache_stats[1].forward_counts[41],19
02-partial-fixed-kv,expert_cache_stats[1].forward_counts[42],19
02-partial-fixed-kv,expert_cache_stats[1].forward_counts[43],19
02-partial-fixed-kv,expert_cache_stats[1].forward_counts[44],19
02-partial-fixed-kv,expert_cache_stats[1].forward_counts[45],19
02-partial-fixed-kv,expert_cache_stats[1].forward_counts[46],19
02-partial-fixed-kv,expert_cache_stats[1].forward_counts[47],19
02-partial-fixed-kv,expert_cache_stats[1].per_layer_unique_demands[0],1166
02-partial-fixed-kv,expert_cache_stats[1].per_layer_unique_demands[1],1041
02-partial-fixed-kv,expert_cache_stats[1].per_layer_unique_demands[2],1189
02-partial-fixed-kv,expert_cache_stats[1].per_layer_unique_demands[3],1013
02-partial-fixed-kv,expert_cache_stats[1].per_layer_unique_demands[4],1000
02-partial-fixed-kv,expert_cache_stats[1].per_layer_unique_demands[5],1089
02-partial-fixed-kv,expert_cache_stats[1].per_layer_unique_demands[6],1152
02-partial-fixed-kv,expert_cache_stats[1].per_layer_unique_demands[7],1137
02-partial-fixed-kv,expert_cache_stats[1].per_layer_unique_demands[8],1065
02-partial-fixed-kv,expert_cache_stats[1].per_layer_unique_demands[9],945
02-partial-fixed-kv,expert_cache_stats[1].per_layer_unique_demands[10],972
02-partial-fixed-kv,expert_cache_stats[1].per_layer_unique_demands[11],1001
02-partial-fixed-kv,expert_cache_stats[1].per_layer_unique_demands[12],906
02-partial-fixed-kv,expert_cache_stats[1].per_layer_unique_demands[13],948
02-partial-fixed-kv,expert_cache_stats[1].per_layer_unique_demands[14],1021
02-partial-fixed-kv,expert_cache_stats[1].per_layer_unique_demands[15],1088
02-partial-fixed-kv,expert_cache_stats[1].per_layer_unique_demands[16],1022
02-partial-fixed-kv,expert_cache_stats[1].per_layer_unique_demands[17],1093
02-partial-fixed-kv,expert_cache_stats[1].per_layer_unique_demands[18],1156
02-partial-fixed-kv,expert_cache_stats[1].per_layer_unique_demands[19],1149
02-partial-fixed-kv,expert_cache_stats[1].per_layer_unique_demands[20],1057
02-partial-fixed-kv,expert_cache_stats[1].per_layer_unique_demands[21],945
02-partial-fixed-kv,expert_cache_stats[1].per_layer_unique_demands[22],994
02-partial-fixed-kv,expert_cache_stats[1].per_layer_unique_demands[23],1019
02-partial-fixed-kv,expert_cache_stats[1].per_layer_unique_demands[24],952
02-partial-fixed-kv,expert_cache_stats[1].per_layer_unique_demands[25],969
02-partial-fixed-kv,expert_cache_stats[1].per_layer_unique_demands[26],1059
02-partial-fixed-kv,expert_cache_stats[1].per_layer_unique_demands[27],1125
02-partial-fixed-kv,expert_cache_stats[1].per_layer_unique_demands[28],1057
02-partial-fixed-kv,expert_cache_stats[1].per_layer_unique_demands[29],1110
02-partial-fixed-kv,expert_cache_stats[1].per_layer_unique_demands[30],1153
02-partial-fixed-kv,expert_cache_stats[1].per_layer_unique_demands[31],1144
02-partial-fixed-kv,expert_cache_stats[1].per_layer_unique_demands[32],1085
02-partial-fixed-kv,expert_cache_stats[1].per_layer_unique_demands[33],957
02-partial-fixed-kv,expert_cache_stats[1].per_layer_unique_demands[34],997
02-partial-fixed-kv,expert_cache_stats[1].per_layer_unique_demands[35],1031
02-partial-fixed-kv,expert_cache_stats[1].per_layer_unique_demands[36],981
02-partial-fixed-kv,expert_cache_stats[1].per_layer_unique_demands[37],994
02-partial-fixed-kv,expert_cache_stats[1].per_layer_unique_demands[38],1051
02-partial-fixed-kv,expert_cache_stats[1].per_layer_unique_demands[39],1076
02-partial-fixed-kv,expert_cache_stats[1].per_layer_unique_demands[40],1090
02-partial-fixed-kv,expert_cache_stats[1].per_layer_unique_demands[41],1058
02-partial-fixed-kv,expert_cache_stats[1].per_layer_unique_demands[42],994
02-partial-fixed-kv,expert_cache_stats[1].per_layer_unique_demands[43],1008
02-partial-fixed-kv,expert_cache_stats[1].per_layer_unique_demands[44],972
02-partial-fixed-kv,expert_cache_stats[1].per_layer_unique_demands[45],949
02-partial-fixed-kv,expert_cache_stats[1].per_layer_unique_demands[46],962
02-partial-fixed-kv,expert_cache_stats[1].per_layer_unique_demands[47],1023
02-partial-fixed-kv,expert_cache_stats[1].per_layer_max_unique_per_forward[0],498
02-partial-fixed-kv,expert_cache_stats[1].per_layer_max_unique_per_forward[1],436
02-partial-fixed-kv,expert_cache_stats[1].per_layer_max_unique_per_forward[2],509
02-partial-fixed-kv,expert_cache_stats[1].per_layer_max_unique_per_forward[3],421
02-partial-fixed-kv,expert_cache_stats[1].per_layer_max_unique_per_forward[4],415
02-partial-fixed-kv,expert_cache_stats[1].per_layer_max_unique_per_forward[5],460
02-partial-fixed-kv,expert_cache_stats[1].per_layer_max_unique_per_forward[6],491
02-partial-fixed-kv,expert_cache_stats[1].per_layer_max_unique_per_forward[7],483
02-partial-fixed-kv,expert_cache_stats[1].per_layer_max_unique_per_forward[8],447
02-partial-fixed-kv,expert_cache_stats[1].per_layer_max_unique_per_forward[9],387
02-partial-fixed-kv,expert_cache_stats[1].per_layer_max_unique_per_forward[10],401
02-partial-fixed-kv,expert_cache_stats[1].per_layer_max_unique_per_forward[11],417
02-partial-fixed-kv,expert_cache_stats[1].per_layer_max_unique_per_forward[12],368
02-partial-fixed-kv,expert_cache_stats[1].per_layer_max_unique_per_forward[13],389
02-partial-fixed-kv,expert_cache_stats[1].per_layer_max_unique_per_forward[14],426
02-partial-fixed-kv,expert_cache_stats[1].per_layer_max_unique_per_forward[15],459
02-partial-fixed-kv,expert_cache_stats[1].per_layer_max_unique_per_forward[16],427
02-partial-fixed-kv,expert_cache_stats[1].per_layer_max_unique_per_forward[17],461
02-partial-fixed-kv,expert_cache_stats[1].per_layer_max_unique_per_forward[18],493
02-partial-fixed-kv,expert_cache_stats[1].per_layer_max_unique_per_forward[19],488
02-partial-fixed-kv,expert_cache_stats[1].per_layer_max_unique_per_forward[20],443
02-partial-fixed-kv,expert_cache_stats[1].per_layer_max_unique_per_forward[21],387
02-partial-fixed-kv,expert_cache_stats[1].per_layer_max_unique_per_forward[22],412
02-partial-fixed-kv,expert_cache_stats[1].per_layer_max_unique_per_forward[23],425
02-partial-fixed-kv,expert_cache_stats[1].per_layer_max_unique_per_forward[24],392
02-partial-fixed-kv,expert_cache_stats[1].per_layer_max_unique_per_forward[25],400
02-partial-fixed-kv,expert_cache_stats[1].per_layer_max_unique_per_forward[26],443
02-partial-fixed-kv,expert_cache_stats[1].per_layer_max_unique_per_forward[27],475
02-partial-fixed-kv,expert_cache_stats[1].per_layer_max_unique_per_forward[28],443
02-partial-fixed-kv,expert_cache_stats[1].per_layer_max_unique_per_forward[29],470
02-partial-fixed-kv,expert_cache_stats[1].per_layer_max_unique_per_forward[30],491
02-partial-fixed-kv,expert_cache_stats[1].per_layer_max_unique_per_forward[31],487
02-partial-fixed-kv,expert_cache_stats[1].per_layer_max_unique_per_forward[32],457
02-partial-fixed-kv,expert_cache_stats[1].per_layer_max_unique_per_forward[33],394
02-partial-fixed-kv,expert_cache_stats[1].per_layer_max_unique_per_forward[34],413
02-partial-fixed-kv,expert_cache_stats[1].per_layer_max_unique_per_forward[35],431
02-partial-fixed-kv,expert_cache_stats[1].per_layer_max_unique_per_forward[36],405
02-partial-fixed-kv,expert_cache_stats[1].per_layer_max_unique_per_forward[37],412
02-partial-fixed-kv,expert_cache_stats[1].per_layer_max_unique_per_forward[38],440
02-partial-fixed-kv,expert_cache_stats[1].per_layer_max_unique_per_forward[39],453
02-partial-fixed-kv,expert_cache_stats[1].per_layer_max_unique_per_forward[40],461
02-partial-fixed-kv,expert_cache_stats[1].per_layer_max_unique_per_forward[41],445
02-partial-fixed-kv,expert_cache_stats[1].per_layer_max_unique_per_forward[42],410
02-partial-fixed-kv,expert_cache_stats[1].per_layer_max_unique_per_forward[43],416
02-partial-fixed-kv,expert_cache_stats[1].per_layer_max_unique_per_forward[44],400
02-partial-fixed-kv,expert_cache_stats[1].per_layer_max_unique_per_forward[45],387
02-partial-fixed-kv,expert_cache_stats[1].per_layer_max_unique_per_forward[46],394
02-partial-fixed-kv,expert_cache_stats[1].per_layer_max_unique_per_forward[47],425
02-partial-fixed-kv,expert_cache_stats[1].identity.geometry.total_layers,48
02-partial-fixed-kv,expert_cache_stats[1].identity.geometry.num_experts,512
02-partial-fixed-kv,expert_cache_stats[1].identity.geometry.hidden_size,2048
02-partial-fixed-kv,expert_cache_stats[1].identity.geometry.intermediate_size,128
02-partial-fixed-kv,expert_cache_stats[1].identity.tensor_parallel_size,4
02-partial-fixed-kv,expert_cache_stats[1].identity.model_config_sha256,2d483c7cabad7c8704478ed4038fa7e7b2eff840bc00a118eccbe38e2b488303
02-partial-fixed-kv,expert_cache_stats[1].identity.model_identity_sha256,24f6a89ba0e0435caffbb3d056425fb1fe980fca09d5a8749dfb231bd24880d8
02-partial-fixed-kv,expert_cache_stats[1].profile_sha256,0c54d62f0f172a2fe11e201125c385bed91db37df7d949dff7a929686b96357e
02-partial-fixed-kv,expert_cache_stats[1].cache_policy,decayed-lfu
02-partial-fixed-kv,expert_cache_stats[1].failed,False
02-partial-fixed-kv,expert_cache_stats[1].weight_verification_scope,CUDA parity tests required; no runtime weight D2H verification
02-partial-fixed-kv,expert_cache_stats[1].temporary_memory_scope,native fused kernel workspace/output and CPU route IDs scale with scheduled tokens; no weight-sized GPU gather temporary
02-partial-fixed-kv,expert_cache_stats[1].memory_accounting_scope,"tensor payload bytes; excludes allocator rounding, CUDA event driver memory and Python policy metadata; native/chunk output workspace must be included in vLLM measured profiling peak"
02-partial-fixed-kv,expert_cache_stats[1].kernel_config_scope,native logical E geometry per actual native chunk size
02-partial-fixed-kv,expert_cache_stats[1].transfer_schedule,demand-critical H2D on compute stream; no speculative prefetch
02-partial-fixed-kv,expert_cache_stats[1].kernel_config_records.capacity,64
02-partial-fixed-kv,expert_cache_stats[1].kernel_config_records.unrecorded_selections,0
02-partial-fixed-kv,expert_cache_stats[1].kernel_config_records.records[0].chunk_tokens,8192
02-partial-fixed-kv,expert_cache_stats[1].kernel_config_records.records[0].top_k,10
02-partial-fixed-kv,expert_cache_stats[1].kernel_config_records.records[0].selections,96
02-partial-fixed-kv,expert_cache_stats[1].kernel_config_records.records[0].w13_shape[0],512
02-partial-fixed-kv,expert_cache_stats[1].kernel_config_records.records[0].w13_shape[1],256
02-partial-fixed-kv,expert_cache_stats[1].kernel_config_records.records[0].w13_shape[2],2048
02-partial-fixed-kv,expert_cache_stats[1].kernel_config_records.records[0].w2_shape[0],512
02-partial-fixed-kv,expert_cache_stats[1].kernel_config_records.records[0].w2_shape[1],2048
02-partial-fixed-kv,expert_cache_stats[1].kernel_config_records.records[0].w2_shape[2],128
02-partial-fixed-kv,expert_cache_stats[1].kernel_config_records.records[0].config.BLOCK_SIZE_K,64
02-partial-fixed-kv,expert_cache_stats[1].kernel_config_records.records[0].config.BLOCK_SIZE_M,128
02-partial-fixed-kv,expert_cache_stats[1].kernel_config_records.records[0].config.BLOCK_SIZE_N,128
02-partial-fixed-kv,expert_cache_stats[1].kernel_config_records.records[0].config.GROUP_SIZE_M,64
02-partial-fixed-kv,expert_cache_stats[1].kernel_config_records.records[0].config.num_stages,3
02-partial-fixed-kv,expert_cache_stats[1].kernel_config_records.records[0].config.num_warps,8
02-partial-fixed-kv,expert_cache_stats[1].kernel_config_records.records[1].chunk_tokens,1
02-partial-fixed-kv,expert_cache_stats[1].kernel_config_records.records[1].top_k,10
02-partial-fixed-kv,expert_cache_stats[1].kernel_config_records.records[1].selections,720
02-partial-fixed-kv,expert_cache_stats[1].kernel_config_records.records[1].w13_shape[0],512
02-partial-fixed-kv,expert_cache_stats[1].kernel_config_records.records[1].w13_shape[1],256
02-partial-fixed-kv,expert_cache_stats[1].kernel_config_records.records[1].w13_shape[2],2048
02-partial-fixed-kv,expert_cache_stats[1].kernel_config_records.records[1].w2_shape[0],512
02-partial-fixed-kv,expert_cache_stats[1].kernel_config_records.records[1].w2_shape[1],2048
02-partial-fixed-kv,expert_cache_stats[1].kernel_config_records.records[1].w2_shape[2],128
02-partial-fixed-kv,expert_cache_stats[1].kernel_config_records.records[1].config.BLOCK_SIZE_K,64
02-partial-fixed-kv,expert_cache_stats[1].kernel_config_records.records[1].config.BLOCK_SIZE_M,16
02-partial-fixed-kv,expert_cache_stats[1].kernel_config_records.records[1].config.BLOCK_SIZE_N,32
02-partial-fixed-kv,expert_cache_stats[1].kernel_config_records.records[1].config.GROUP_SIZE_M,1
02-partial-fixed-kv,expert_cache_stats[1].kernel_config_records.records[1].config.num_stages,4
02-partial-fixed-kv,expert_cache_stats[1].kernel_config_records.records[1].config.num_warps,4
02-partial-fixed-kv,expert_cache_stats[1].kernel_config_records.records[2].chunk_tokens,4096
02-partial-fixed-kv,expert_cache_stats[1].kernel_config_records.records[2].top_k,10
02-partial-fixed-kv,expert_cache_stats[1].kernel_config_records.records[2].selections,96
02-partial-fixed-kv,expert_cache_stats[1].kernel_config_records.records[2].w13_shape[0],512
02-partial-fixed-kv,expert_cache_stats[1].kernel_config_records.records[2].w13_shape[1],256
02-partial-fixed-kv,expert_cache_stats[1].kernel_config_records.records[2].w13_shape[2],2048
02-partial-fixed-kv,expert_cache_stats[1].kernel_config_records.records[2].w2_shape[0],512
02-partial-fixed-kv,expert_cache_stats[1].kernel_config_records.records[2].w2_shape[1],2048
02-partial-fixed-kv,expert_cache_stats[1].kernel_config_records.records[2].w2_shape[2],128
02-partial-fixed-kv,expert_cache_stats[1].kernel_config_records.records[2].config.BLOCK_SIZE_K,64
02-partial-fixed-kv,expert_cache_stats[1].kernel_config_records.records[2].config.BLOCK_SIZE_M,128
02-partial-fixed-kv,expert_cache_stats[1].kernel_config_records.records[2].config.BLOCK_SIZE_N,128
02-partial-fixed-kv,expert_cache_stats[1].kernel_config_records.records[2].config.GROUP_SIZE_M,64
02-partial-fixed-kv,expert_cache_stats[1].kernel_config_records.records[2].config.num_stages,3
02-partial-fixed-kv,expert_cache_stats[1].kernel_config_records.records[2].config.num_warps,8
02-partial-fixed-kv,expert_cache_stats[2].schema_version,1
02-partial-fixed-kv,expert_cache_stats[2].rank,2
02-partial-fixed-kv,expert_cache_stats[2].tensor_parallel_size,4
02-partial-fixed-kv,expert_cache_stats[2].total_layers,48
02-partial-fixed-kv,expert_cache_stats[2].num_experts,512
02-partial-fixed-kv,expert_cache_stats[2].physical_slots,13056
02-partial-fixed-kv,expert_cache_stats[2].resident_slots,12288
02-partial-fixed-kv,expert_cache_stats[2].cache_slots,256
02-partial-fixed-kv,expert_cache_stats[2].ingress_slots,512
02-partial-fixed-kv,expert_cache_stats[2].expert_bytes,1572864
02-partial-fixed-kv,expert_cache_stats[2].host_source_bytes,38654705664
02-partial-fixed-kv,expert_cache_stats[2].pinned_gather_bytes,805306368
02-partial-fixed-kv,expert_cache_stats[2].gpu_pool_bytes,20535312384
02-partial-fixed-kv,expert_cache_stats[2].gpu_resident_bytes,19327352832
02-partial-fixed-kv,expert_cache_stats[2].gpu_cache_bytes,402653184
02-partial-fixed-kv,expert_cache_stats[2].gpu_ingress_bytes,805306368
02-partial-fixed-kv,expert_cache_stats[2].gpu_metadata_bytes,6144
02-partial-fixed-kv,expert_cache_stats[2].pinned_metadata_bytes,6144
02-partial-fixed-kv,expert_cache_stats[2].net_freed_bytes,18119387136
02-partial-fixed-kv,expert_cache_stats[2].weights_verified,0
02-partial-fixed-kv,expert_cache_stats[2].cuda_timing_capacity,128
02-partial-fixed-kv,expert_cache_stats[2].h2d_bytes,29708255232
02-partial-fixed-kv,expert_cache_stats[2].copy_launches,870
02-partial-fixed-kv,expert_cache_stats[2].startup_resident_h2d_bytes,19327352832
02-partial-fixed-kv,expert_cache_stats[2].promotion_d2d_bytes,1577582592
02-partial-fixed-kv,expert_cache_stats[2].metadata_h2d_bytes,1875800
02-partial-fixed-kv,expert_cache_stats[2].unique_demands,49965
02-partial-fixed-kv,expert_cache_stats[2].resident_hits,30732
02-partial-fixed-kv,expert_cache_stats[2].max_unique_per_forward,509
02-partial-fixed-kv,expert_cache_stats[2].mean_unique_coverage,0.10700426603618421
02-partial-fixed-kv,expert_cache_stats[2].resident_ratio,0.5
02-partial-fixed-kv,expert_cache_stats[2].policy.observations,912
02-partial-fixed-kv,expert_cache_stats[2].policy.unique_demands,49965
02-partial-fixed-kv,expert_cache_stats[2].policy.completed_forwards,19
02-partial-fixed-kv,expert_cache_stats[2].policy.decay_events,0
02-partial-fixed-kv,expert_cache_stats[2].policy.cache_hits,345
02-partial-fixed-kv,expert_cache_stats[2].policy.cache_misses,18888
02-partial-fixed-kv,expert_cache_stats[2].policy.admissions,1003
02-partial-fixed-kv,expert_cache_stats[2].policy.evictions,747
02-partial-fixed-kv,expert_cache_stats[2].policy.cache_bypasses,17885
02-partial-fixed-kv,expert_cache_stats[2].policy.reconfigurations,0
02-partial-fixed-kv,expert_cache_stats[2].policy.resident_experts,12288
02-partial-fixed-kv,expert_cache_stats[2].policy.cache_slots,256
02-partial-fixed-kv,expert_cache_stats[2].policy.cache_entries,256
02-partial-fixed-kv,expert_cache_stats[2].policy.cache_hit_ratio,0.01793791920137264
02-partial-fixed-kv,expert_cache_stats[2].timing.route_d2h_s,0.2568243551068008
02-partial-fixed-kv,expert_cache_stats[2].timing.policy_cpu_s,0.05017507402226329
02-partial-fixed-kv,expert_cache_stats[2].timing.host_reuse_wait_s,0.00194165064021945
02-partial-fixed-kv,expert_cache_stats[2].timing.host_gather_s,3.462797428481281
02-partial-fixed-kv,expert_cache_stats[2].timing.h2d_enqueue_s,0.023341595195233822
02-partial-fixed-kv,expert_cache_stats[2].timing.compute_enqueue_s,0.17342245019972324
02-partial-fixed-kv,expert_cache_stats[2].timing.cuda_sample_count,13
02-partial-fixed-kv,expert_cache_stats[2].timing.load_cuda_s,0.012749472012743355
02-partial-fixed-kv,expert_cache_stats[2].timing.compute_cuda_s,0.005782303988933563
02-partial-fixed-kv,expert_cache_stats[2].timing.promotion_cuda_s,0.0001159680006094277
02-partial-fixed-kv,expert_cache_stats[2].forward_counts[0],19
02-partial-fixed-kv,expert_cache_stats[2].forward_counts[1],19
02-partial-fixed-kv,expert_cache_stats[2].forward_counts[2],19
02-partial-fixed-kv,expert_cache_stats[2].forward_counts[3],19
02-partial-fixed-kv,expert_cache_stats[2].forward_counts[4],19
02-partial-fixed-kv,expert_cache_stats[2].forward_counts[5],19
02-partial-fixed-kv,expert_cache_stats[2].forward_counts[6],19
02-partial-fixed-kv,expert_cache_stats[2].forward_counts[7],19
02-partial-fixed-kv,expert_cache_stats[2].forward_counts[8],19
02-partial-fixed-kv,expert_cache_stats[2].forward_counts[9],19
02-partial-fixed-kv,expert_cache_stats[2].forward_counts[10],19
02-partial-fixed-kv,expert_cache_stats[2].forward_counts[11],19
02-partial-fixed-kv,expert_cache_stats[2].forward_counts[12],19
02-partial-fixed-kv,expert_cache_stats[2].forward_counts[13],19
02-partial-fixed-kv,expert_cache_stats[2].forward_counts[14],19
02-partial-fixed-kv,expert_cache_stats[2].forward_counts[15],19
02-partial-fixed-kv,expert_cache_stats[2].forward_counts[16],19
02-partial-fixed-kv,expert_cache_stats[2].forward_counts[17],19
02-partial-fixed-kv,expert_cache_stats[2].forward_counts[18],19
02-partial-fixed-kv,expert_cache_stats[2].forward_counts[19],19
02-partial-fixed-kv,expert_cache_stats[2].forward_counts[20],19
02-partial-fixed-kv,expert_cache_stats[2].forward_counts[21],19
02-partial-fixed-kv,expert_cache_stats[2].forward_counts[22],19
02-partial-fixed-kv,expert_cache_stats[2].forward_counts[23],19
02-partial-fixed-kv,expert_cache_stats[2].forward_counts[24],19
02-partial-fixed-kv,expert_cache_stats[2].forward_counts[25],19
02-partial-fixed-kv,expert_cache_stats[2].forward_counts[26],19
02-partial-fixed-kv,expert_cache_stats[2].forward_counts[27],19
02-partial-fixed-kv,expert_cache_stats[2].forward_counts[28],19
02-partial-fixed-kv,expert_cache_stats[2].forward_counts[29],19
02-partial-fixed-kv,expert_cache_stats[2].forward_counts[30],19
02-partial-fixed-kv,expert_cache_stats[2].forward_counts[31],19
02-partial-fixed-kv,expert_cache_stats[2].forward_counts[32],19
02-partial-fixed-kv,expert_cache_stats[2].forward_counts[33],19
02-partial-fixed-kv,expert_cache_stats[2].forward_counts[34],19
02-partial-fixed-kv,expert_cache_stats[2].forward_counts[35],19
02-partial-fixed-kv,expert_cache_stats[2].forward_counts[36],19
02-partial-fixed-kv,expert_cache_stats[2].forward_counts[37],19
02-partial-fixed-kv,expert_cache_stats[2].forward_counts[38],19
02-partial-fixed-kv,expert_cache_stats[2].forward_counts[39],19
02-partial-fixed-kv,expert_cache_stats[2].forward_counts[40],19
02-partial-fixed-kv,expert_cache_stats[2].forward_counts[41],19
02-partial-fixed-kv,expert_cache_stats[2].forward_counts[42],19
02-partial-fixed-kv,expert_cache_stats[2].forward_counts[43],19
02-partial-fixed-kv,expert_cache_stats[2].forward_counts[44],19
02-partial-fixed-kv,expert_cache_stats[2].forward_counts[45],19
02-partial-fixed-kv,expert_cache_stats[2].forward_counts[46],19
02-partial-fixed-kv,expert_cache_stats[2].forward_counts[47],19
02-partial-fixed-kv,expert_cache_stats[2].per_layer_unique_demands[0],1166
02-partial-fixed-kv,expert_cache_stats[2].per_layer_unique_demands[1],1041
02-partial-fixed-kv,expert_cache_stats[2].per_layer_unique_demands[2],1189
02-partial-fixed-kv,expert_cache_stats[2].per_layer_unique_demands[3],1013
02-partial-fixed-kv,expert_cache_stats[2].per_layer_unique_demands[4],1000
02-partial-fixed-kv,expert_cache_stats[2].per_layer_unique_demands[5],1089
02-partial-fixed-kv,expert_cache_stats[2].per_layer_unique_demands[6],1152
02-partial-fixed-kv,expert_cache_stats[2].per_layer_unique_demands[7],1137
02-partial-fixed-kv,expert_cache_stats[2].per_layer_unique_demands[8],1065
02-partial-fixed-kv,expert_cache_stats[2].per_layer_unique_demands[9],945
02-partial-fixed-kv,expert_cache_stats[2].per_layer_unique_demands[10],972
02-partial-fixed-kv,expert_cache_stats[2].per_layer_unique_demands[11],1001
02-partial-fixed-kv,expert_cache_stats[2].per_layer_unique_demands[12],906
02-partial-fixed-kv,expert_cache_stats[2].per_layer_unique_demands[13],948
02-partial-fixed-kv,expert_cache_stats[2].per_layer_unique_demands[14],1021
02-partial-fixed-kv,expert_cache_stats[2].per_layer_unique_demands[15],1088
02-partial-fixed-kv,expert_cache_stats[2].per_layer_unique_demands[16],1022
02-partial-fixed-kv,expert_cache_stats[2].per_layer_unique_demands[17],1093
02-partial-fixed-kv,expert_cache_stats[2].per_layer_unique_demands[18],1156
02-partial-fixed-kv,expert_cache_stats[2].per_layer_unique_demands[19],1149
02-partial-fixed-kv,expert_cache_stats[2].per_layer_unique_demands[20],1057
02-partial-fixed-kv,expert_cache_stats[2].per_layer_unique_demands[21],945
02-partial-fixed-kv,expert_cache_stats[2].per_layer_unique_demands[22],994
02-partial-fixed-kv,expert_cache_stats[2].per_layer_unique_demands[23],1019
02-partial-fixed-kv,expert_cache_stats[2].per_layer_unique_demands[24],952
02-partial-fixed-kv,expert_cache_stats[2].per_layer_unique_demands[25],969
02-partial-fixed-kv,expert_cache_stats[2].per_layer_unique_demands[26],1059
02-partial-fixed-kv,expert_cache_stats[2].per_layer_unique_demands[27],1125
02-partial-fixed-kv,expert_cache_stats[2].per_layer_unique_demands[28],1057
02-partial-fixed-kv,expert_cache_stats[2].per_layer_unique_demands[29],1110
02-partial-fixed-kv,expert_cache_stats[2].per_layer_unique_demands[30],1153
02-partial-fixed-kv,expert_cache_stats[2].per_layer_unique_demands[31],1144
02-partial-fixed-kv,expert_cache_stats[2].per_layer_unique_demands[32],1085
02-partial-fixed-kv,expert_cache_stats[2].per_layer_unique_demands[33],957
02-partial-fixed-kv,expert_cache_stats[2].per_layer_unique_demands[34],997
02-partial-fixed-kv,expert_cache_stats[2].per_layer_unique_demands[35],1031
02-partial-fixed-kv,expert_cache_stats[2].per_layer_unique_demands[36],981
02-partial-fixed-kv,expert_cache_stats[2].per_layer_unique_demands[37],994
02-partial-fixed-kv,expert_cache_stats[2].per_layer_unique_demands[38],1051
02-partial-fixed-kv,expert_cache_stats[2].per_layer_unique_demands[39],1076
02-partial-fixed-kv,expert_cache_stats[2].per_layer_unique_demands[40],1090
02-partial-fixed-kv,expert_cache_stats[2].per_layer_unique_demands[41],1058
02-partial-fixed-kv,expert_cache_stats[2].per_layer_unique_demands[42],994
02-partial-fixed-kv,expert_cache_stats[2].per_layer_unique_demands[43],1008
02-partial-fixed-kv,expert_cache_stats[2].per_layer_unique_demands[44],972
02-partial-fixed-kv,expert_cache_stats[2].per_layer_unique_demands[45],949
02-partial-fixed-kv,expert_cache_stats[2].per_layer_unique_demands[46],962
02-partial-fixed-kv,expert_cache_stats[2].per_layer_unique_demands[47],1023
02-partial-fixed-kv,expert_cache_stats[2].per_layer_max_unique_per_forward[0],498
02-partial-fixed-kv,expert_cache_stats[2].per_layer_max_unique_per_forward[1],436
02-partial-fixed-kv,expert_cache_stats[2].per_layer_max_unique_per_forward[2],509
02-partial-fixed-kv,expert_cache_stats[2].per_layer_max_unique_per_forward[3],421
02-partial-fixed-kv,expert_cache_stats[2].per_layer_max_unique_per_forward[4],415
02-partial-fixed-kv,expert_cache_stats[2].per_layer_max_unique_per_forward[5],460
02-partial-fixed-kv,expert_cache_stats[2].per_layer_max_unique_per_forward[6],491
02-partial-fixed-kv,expert_cache_stats[2].per_layer_max_unique_per_forward[7],483
02-partial-fixed-kv,expert_cache_stats[2].per_layer_max_unique_per_forward[8],447
02-partial-fixed-kv,expert_cache_stats[2].per_layer_max_unique_per_forward[9],387
02-partial-fixed-kv,expert_cache_stats[2].per_layer_max_unique_per_forward[10],401
02-partial-fixed-kv,expert_cache_stats[2].per_layer_max_unique_per_forward[11],417
02-partial-fixed-kv,expert_cache_stats[2].per_layer_max_unique_per_forward[12],368
02-partial-fixed-kv,expert_cache_stats[2].per_layer_max_unique_per_forward[13],389
02-partial-fixed-kv,expert_cache_stats[2].per_layer_max_unique_per_forward[14],426
02-partial-fixed-kv,expert_cache_stats[2].per_layer_max_unique_per_forward[15],459
02-partial-fixed-kv,expert_cache_stats[2].per_layer_max_unique_per_forward[16],427
02-partial-fixed-kv,expert_cache_stats[2].per_layer_max_unique_per_forward[17],461
02-partial-fixed-kv,expert_cache_stats[2].per_layer_max_unique_per_forward[18],493
02-partial-fixed-kv,expert_cache_stats[2].per_layer_max_unique_per_forward[19],488
02-partial-fixed-kv,expert_cache_stats[2].per_layer_max_unique_per_forward[20],443
02-partial-fixed-kv,expert_cache_stats[2].per_layer_max_unique_per_forward[21],387
02-partial-fixed-kv,expert_cache_stats[2].per_layer_max_unique_per_forward[22],412
02-partial-fixed-kv,expert_cache_stats[2].per_layer_max_unique_per_forward[23],425
02-partial-fixed-kv,expert_cache_stats[2].per_layer_max_unique_per_forward[24],392
02-partial-fixed-kv,expert_cache_stats[2].per_layer_max_unique_per_forward[25],400
02-partial-fixed-kv,expert_cache_stats[2].per_layer_max_unique_per_forward[26],443
02-partial-fixed-kv,expert_cache_stats[2].per_layer_max_unique_per_forward[27],475
02-partial-fixed-kv,expert_cache_stats[2].per_layer_max_unique_per_forward[28],443
02-partial-fixed-kv,expert_cache_stats[2].per_layer_max_unique_per_forward[29],470
02-partial-fixed-kv,expert_cache_stats[2].per_layer_max_unique_per_forward[30],491
02-partial-fixed-kv,expert_cache_stats[2].per_layer_max_unique_per_forward[31],487
02-partial-fixed-kv,expert_cache_stats[2].per_layer_max_unique_per_forward[32],457
02-partial-fixed-kv,expert_cache_stats[2].per_layer_max_unique_per_forward[33],394
02-partial-fixed-kv,expert_cache_stats[2].per_layer_max_unique_per_forward[34],413
02-partial-fixed-kv,expert_cache_stats[2].per_layer_max_unique_per_forward[35],431
02-partial-fixed-kv,expert_cache_stats[2].per_layer_max_unique_per_forward[36],405
02-partial-fixed-kv,expert_cache_stats[2].per_layer_max_unique_per_forward[37],412
02-partial-fixed-kv,expert_cache_stats[2].per_layer_max_unique_per_forward[38],440
02-partial-fixed-kv,expert_cache_stats[2].per_layer_max_unique_per_forward[39],453
02-partial-fixed-kv,expert_cache_stats[2].per_layer_max_unique_per_forward[40],461
02-partial-fixed-kv,expert_cache_stats[2].per_layer_max_unique_per_forward[41],445
02-partial-fixed-kv,expert_cache_stats[2].per_layer_max_unique_per_forward[42],410
02-partial-fixed-kv,expert_cache_stats[2].per_layer_max_unique_per_forward[43],416
02-partial-fixed-kv,expert_cache_stats[2].per_layer_max_unique_per_forward[44],400
02-partial-fixed-kv,expert_cache_stats[2].per_layer_max_unique_per_forward[45],387
02-partial-fixed-kv,expert_cache_stats[2].per_layer_max_unique_per_forward[46],394
02-partial-fixed-kv,expert_cache_stats[2].per_layer_max_unique_per_forward[47],425
02-partial-fixed-kv,expert_cache_stats[2].identity.geometry.total_layers,48
02-partial-fixed-kv,expert_cache_stats[2].identity.geometry.num_experts,512
02-partial-fixed-kv,expert_cache_stats[2].identity.geometry.hidden_size,2048
02-partial-fixed-kv,expert_cache_stats[2].identity.geometry.intermediate_size,128
02-partial-fixed-kv,expert_cache_stats[2].identity.tensor_parallel_size,4
02-partial-fixed-kv,expert_cache_stats[2].identity.model_config_sha256,2d483c7cabad7c8704478ed4038fa7e7b2eff840bc00a118eccbe38e2b488303
02-partial-fixed-kv,expert_cache_stats[2].identity.model_identity_sha256,24f6a89ba0e0435caffbb3d056425fb1fe980fca09d5a8749dfb231bd24880d8
02-partial-fixed-kv,expert_cache_stats[2].profile_sha256,0c54d62f0f172a2fe11e201125c385bed91db37df7d949dff7a929686b96357e
02-partial-fixed-kv,expert_cache_stats[2].cache_policy,decayed-lfu
02-partial-fixed-kv,expert_cache_stats[2].failed,False
02-partial-fixed-kv,expert_cache_stats[2].weight_verification_scope,CUDA parity tests required; no runtime weight D2H verification
02-partial-fixed-kv,expert_cache_stats[2].temporary_memory_scope,native fused kernel workspace/output and CPU route IDs scale with scheduled tokens; no weight-sized GPU gather temporary
02-partial-fixed-kv,expert_cache_stats[2].memory_accounting_scope,"tensor payload bytes; excludes allocator rounding, CUDA event driver memory and Python policy metadata; native/chunk output workspace must be included in vLLM measured profiling peak"
02-partial-fixed-kv,expert_cache_stats[2].kernel_config_scope,native logical E geometry per actual native chunk size
02-partial-fixed-kv,expert_cache_stats[2].transfer_schedule,demand-critical H2D on compute stream; no speculative prefetch
02-partial-fixed-kv,expert_cache_stats[2].kernel_config_records.capacity,64
02-partial-fixed-kv,expert_cache_stats[2].kernel_config_records.unrecorded_selections,0
02-partial-fixed-kv,expert_cache_stats[2].kernel_config_records.records[0].chunk_tokens,8192
02-partial-fixed-kv,expert_cache_stats[2].kernel_config_records.records[0].top_k,10
02-partial-fixed-kv,expert_cache_stats[2].kernel_config_records.records[0].selections,96
02-partial-fixed-kv,expert_cache_stats[2].kernel_config_records.records[0].w13_shape[0],512
02-partial-fixed-kv,expert_cache_stats[2].kernel_config_records.records[0].w13_shape[1],256
02-partial-fixed-kv,expert_cache_stats[2].kernel_config_records.records[0].w13_shape[2],2048
02-partial-fixed-kv,expert_cache_stats[2].kernel_config_records.records[0].w2_shape[0],512
02-partial-fixed-kv,expert_cache_stats[2].kernel_config_records.records[0].w2_shape[1],2048
02-partial-fixed-kv,expert_cache_stats[2].kernel_config_records.records[0].w2_shape[2],128
02-partial-fixed-kv,expert_cache_stats[2].kernel_config_records.records[0].config.BLOCK_SIZE_K,64
02-partial-fixed-kv,expert_cache_stats[2].kernel_config_records.records[0].config.BLOCK_SIZE_M,128
02-partial-fixed-kv,expert_cache_stats[2].kernel_config_records.records[0].config.BLOCK_SIZE_N,128
02-partial-fixed-kv,expert_cache_stats[2].kernel_config_records.records[0].config.GROUP_SIZE_M,64
02-partial-fixed-kv,expert_cache_stats[2].kernel_config_records.records[0].config.num_stages,3
02-partial-fixed-kv,expert_cache_stats[2].kernel_config_records.records[0].config.num_warps,8
02-partial-fixed-kv,expert_cache_stats[2].kernel_config_records.records[1].chunk_tokens,1
02-partial-fixed-kv,expert_cache_stats[2].kernel_config_records.records[1].top_k,10
02-partial-fixed-kv,expert_cache_stats[2].kernel_config_records.records[1].selections,720
02-partial-fixed-kv,expert_cache_stats[2].kernel_config_records.records[1].w13_shape[0],512
02-partial-fixed-kv,expert_cache_stats[2].kernel_config_records.records[1].w13_shape[1],256
02-partial-fixed-kv,expert_cache_stats[2].kernel_config_records.records[1].w13_shape[2],2048
02-partial-fixed-kv,expert_cache_stats[2].kernel_config_records.records[1].w2_shape[0],512
02-partial-fixed-kv,expert_cache_stats[2].kernel_config_records.records[1].w2_shape[1],2048
02-partial-fixed-kv,expert_cache_stats[2].kernel_config_records.records[1].w2_shape[2],128
02-partial-fixed-kv,expert_cache_stats[2].kernel_config_records.records[1].config.BLOCK_SIZE_K,64
02-partial-fixed-kv,expert_cache_stats[2].kernel_config_records.records[1].config.BLOCK_SIZE_M,16
02-partial-fixed-kv,expert_cache_stats[2].kernel_config_records.records[1].config.BLOCK_SIZE_N,32
02-partial-fixed-kv,expert_cache_stats[2].kernel_config_records.records[1].config.GROUP_SIZE_M,1
02-partial-fixed-kv,expert_cache_stats[2].kernel_config_records.records[1].config.num_stages,4
02-partial-fixed-kv,expert_cache_stats[2].kernel_config_records.records[1].config.num_warps,4
02-partial-fixed-kv,expert_cache_stats[2].kernel_config_records.records[2].chunk_tokens,4096
02-partial-fixed-kv,expert_cache_stats[2].kernel_config_records.records[2].top_k,10
02-partial-fixed-kv,expert_cache_stats[2].kernel_config_records.records[2].selections,96
02-partial-fixed-kv,expert_cache_stats[2].kernel_config_records.records[2].w13_shape[0],512
02-partial-fixed-kv,expert_cache_stats[2].kernel_config_records.records[2].w13_shape[1],256
02-partial-fixed-kv,expert_cache_stats[2].kernel_config_records.records[2].w13_shape[2],2048
02-partial-fixed-kv,expert_cache_stats[2].kernel_config_records.records[2].w2_shape[0],512
02-partial-fixed-kv,expert_cache_stats[2].kernel_config_records.records[2].w2_shape[1],2048
02-partial-fixed-kv,expert_cache_stats[2].kernel_config_records.records[2].w2_shape[2],128
02-partial-fixed-kv,expert_cache_stats[2].kernel_config_records.records[2].config.BLOCK_SIZE_K,64
02-partial-fixed-kv,expert_cache_stats[2].kernel_config_records.records[2].config.BLOCK_SIZE_M,128
02-partial-fixed-kv,expert_cache_stats[2].kernel_config_records.records[2].config.BLOCK_SIZE_N,128
02-partial-fixed-kv,expert_cache_stats[2].kernel_config_records.records[2].config.GROUP_SIZE_M,64
02-partial-fixed-kv,expert_cache_stats[2].kernel_config_records.records[2].config.num_stages,3
02-partial-fixed-kv,expert_cache_stats[2].kernel_config_records.records[2].config.num_warps,8
02-partial-fixed-kv,expert_cache_stats[3].schema_version,1
02-partial-fixed-kv,expert_cache_stats[3].rank,3
02-partial-fixed-kv,expert_cache_stats[3].tensor_parallel_size,4
02-partial-fixed-kv,expert_cache_stats[3].total_layers,48
02-partial-fixed-kv,expert_cache_stats[3].num_experts,512
02-partial-fixed-kv,expert_cache_stats[3].physical_slots,13056
02-partial-fixed-kv,expert_cache_stats[3].resident_slots,12288
02-partial-fixed-kv,expert_cache_stats[3].cache_slots,256
02-partial-fixed-kv,expert_cache_stats[3].ingress_slots,512
02-partial-fixed-kv,expert_cache_stats[3].expert_bytes,1572864
02-partial-fixed-kv,expert_cache_stats[3].host_source_bytes,38654705664
02-partial-fixed-kv,expert_cache_stats[3].pinned_gather_bytes,805306368
02-partial-fixed-kv,expert_cache_stats[3].gpu_pool_bytes,20535312384
02-partial-fixed-kv,expert_cache_stats[3].gpu_resident_bytes,19327352832
02-partial-fixed-kv,expert_cache_stats[3].gpu_cache_bytes,402653184
02-partial-fixed-kv,expert_cache_stats[3].gpu_ingress_bytes,805306368
02-partial-fixed-kv,expert_cache_stats[3].gpu_metadata_bytes,6144
02-partial-fixed-kv,expert_cache_stats[3].pinned_metadata_bytes,6144
02-partial-fixed-kv,expert_cache_stats[3].net_freed_bytes,18119387136
02-partial-fixed-kv,expert_cache_stats[3].weights_verified,0
02-partial-fixed-kv,expert_cache_stats[3].cuda_timing_capacity,128
02-partial-fixed-kv,expert_cache_stats[3].h2d_bytes,29708255232
02-partial-fixed-kv,expert_cache_stats[3].copy_launches,870
02-partial-fixed-kv,expert_cache_stats[3].startup_resident_h2d_bytes,19327352832
02-partial-fixed-kv,expert_cache_stats[3].promotion_d2d_bytes,1577582592
02-partial-fixed-kv,expert_cache_stats[3].metadata_h2d_bytes,1875800
02-partial-fixed-kv,expert_cache_stats[3].unique_demands,49965
02-partial-fixed-kv,expert_cache_stats[3].resident_hits,30732
02-partial-fixed-kv,expert_cache_stats[3].max_unique_per_forward,509
02-partial-fixed-kv,expert_cache_stats[3].mean_unique_coverage,0.10700426603618421
02-partial-fixed-kv,expert_cache_stats[3].resident_ratio,0.5
02-partial-fixed-kv,expert_cache_stats[3].policy.observations,912
02-partial-fixed-kv,expert_cache_stats[3].policy.unique_demands,49965
02-partial-fixed-kv,expert_cache_stats[3].policy.completed_forwards,19
02-partial-fixed-kv,expert_cache_stats[3].policy.decay_events,0
02-partial-fixed-kv,expert_cache_stats[3].policy.cache_hits,345
02-partial-fixed-kv,expert_cache_stats[3].policy.cache_misses,18888
02-partial-fixed-kv,expert_cache_stats[3].policy.admissions,1003
02-partial-fixed-kv,expert_cache_stats[3].policy.evictions,747
02-partial-fixed-kv,expert_cache_stats[3].policy.cache_bypasses,17885
02-partial-fixed-kv,expert_cache_stats[3].policy.reconfigurations,0
02-partial-fixed-kv,expert_cache_stats[3].policy.resident_experts,12288
02-partial-fixed-kv,expert_cache_stats[3].policy.cache_slots,256
02-partial-fixed-kv,expert_cache_stats[3].policy.cache_entries,256
02-partial-fixed-kv,expert_cache_stats[3].policy.cache_hit_ratio,0.01793791920137264
02-partial-fixed-kv,expert_cache_stats[3].timing.route_d2h_s,0.609165966976434
02-partial-fixed-kv,expert_cache_stats[3].timing.policy_cpu_s,0.047840151470154524
02-partial-fixed-kv,expert_cache_stats[3].timing.host_reuse_wait_s,0.0017639929428696632
02-partial-fixed-kv,expert_cache_stats[3].timing.host_gather_s,2.6954183881171048
02-partial-fixed-kv,expert_cache_stats[3].timing.h2d_enqueue_s,0.01664608158171177
02-partial-fixed-kv,expert_cache_stats[3].timing.compute_enqueue_s,0.1624480029568076
02-partial-fixed-kv,expert_cache_stats[3].timing.cuda_sample_count,13
02-partial-fixed-kv,expert_cache_stats[3].timing.load_cuda_s,0.012715488182380793
02-partial-fixed-kv,expert_cache_stats[3].timing.compute_cuda_s,0.005471679985523224
02-partial-fixed-kv,expert_cache_stats[3].timing.promotion_cuda_s,0.00010806399933062495
02-partial-fixed-kv,expert_cache_stats[3].forward_counts[0],19
02-partial-fixed-kv,expert_cache_stats[3].forward_counts[1],19
02-partial-fixed-kv,expert_cache_stats[3].forward_counts[2],19
02-partial-fixed-kv,expert_cache_stats[3].forward_counts[3],19
02-partial-fixed-kv,expert_cache_stats[3].forward_counts[4],19
02-partial-fixed-kv,expert_cache_stats[3].forward_counts[5],19
02-partial-fixed-kv,expert_cache_stats[3].forward_counts[6],19
02-partial-fixed-kv,expert_cache_stats[3].forward_counts[7],19
02-partial-fixed-kv,expert_cache_stats[3].forward_counts[8],19
02-partial-fixed-kv,expert_cache_stats[3].forward_counts[9],19
02-partial-fixed-kv,expert_cache_stats[3].forward_counts[10],19
02-partial-fixed-kv,expert_cache_stats[3].forward_counts[11],19
02-partial-fixed-kv,expert_cache_stats[3].forward_counts[12],19
02-partial-fixed-kv,expert_cache_stats[3].forward_counts[13],19
02-partial-fixed-kv,expert_cache_stats[3].forward_counts[14],19
02-partial-fixed-kv,expert_cache_stats[3].forward_counts[15],19
02-partial-fixed-kv,expert_cache_stats[3].forward_counts[16],19
02-partial-fixed-kv,expert_cache_stats[3].forward_counts[17],19
02-partial-fixed-kv,expert_cache_stats[3].forward_counts[18],19
02-partial-fixed-kv,expert_cache_stats[3].forward_counts[19],19
02-partial-fixed-kv,expert_cache_stats[3].forward_counts[20],19
02-partial-fixed-kv,expert_cache_stats[3].forward_counts[21],19
02-partial-fixed-kv,expert_cache_stats[3].forward_counts[22],19
02-partial-fixed-kv,expert_cache_stats[3].forward_counts[23],19
02-partial-fixed-kv,expert_cache_stats[3].forward_counts[24],19
02-partial-fixed-kv,expert_cache_stats[3].forward_counts[25],19
02-partial-fixed-kv,expert_cache_stats[3].forward_counts[26],19
02-partial-fixed-kv,expert_cache_stats[3].forward_counts[27],19
02-partial-fixed-kv,expert_cache_stats[3].forward_counts[28],19
02-partial-fixed-kv,expert_cache_stats[3].forward_counts[29],19
02-partial-fixed-kv,expert_cache_stats[3].forward_counts[30],19
02-partial-fixed-kv,expert_cache_stats[3].forward_counts[31],19
02-partial-fixed-kv,expert_cache_stats[3].forward_counts[32],19
02-partial-fixed-kv,expert_cache_stats[3].forward_counts[33],19
02-partial-fixed-kv,expert_cache_stats[3].forward_counts[34],19
02-partial-fixed-kv,expert_cache_stats[3].forward_counts[35],19
02-partial-fixed-kv,expert_cache_stats[3].forward_counts[36],19
02-partial-fixed-kv,expert_cache_stats[3].forward_counts[37],19
02-partial-fixed-kv,expert_cache_stats[3].forward_counts[38],19
02-partial-fixed-kv,expert_cache_stats[3].forward_counts[39],19
02-partial-fixed-kv,expert_cache_stats[3].forward_counts[40],19
02-partial-fixed-kv,expert_cache_stats[3].forward_counts[41],19
02-partial-fixed-kv,expert_cache_stats[3].forward_counts[42],19
02-partial-fixed-kv,expert_cache_stats[3].forward_counts[43],19
02-partial-fixed-kv,expert_cache_stats[3].forward_counts[44],19
02-partial-fixed-kv,expert_cache_stats[3].forward_counts[45],19
02-partial-fixed-kv,expert_cache_stats[3].forward_counts[46],19
02-partial-fixed-kv,expert_cache_stats[3].forward_counts[47],19
02-partial-fixed-kv,expert_cache_stats[3].per_layer_unique_demands[0],1166
02-partial-fixed-kv,expert_cache_stats[3].per_layer_unique_demands[1],1041
02-partial-fixed-kv,expert_cache_stats[3].per_layer_unique_demands[2],1189
02-partial-fixed-kv,expert_cache_stats[3].per_layer_unique_demands[3],1013
02-partial-fixed-kv,expert_cache_stats[3].per_layer_unique_demands[4],1000
02-partial-fixed-kv,expert_cache_stats[3].per_layer_unique_demands[5],1089
02-partial-fixed-kv,expert_cache_stats[3].per_layer_unique_demands[6],1152
02-partial-fixed-kv,expert_cache_stats[3].per_layer_unique_demands[7],1137
02-partial-fixed-kv,expert_cache_stats[3].per_layer_unique_demands[8],1065
02-partial-fixed-kv,expert_cache_stats[3].per_layer_unique_demands[9],945
02-partial-fixed-kv,expert_cache_stats[3].per_layer_unique_demands[10],972
02-partial-fixed-kv,expert_cache_stats[3].per_layer_unique_demands[11],1001
02-partial-fixed-kv,expert_cache_stats[3].per_layer_unique_demands[12],906
02-partial-fixed-kv,expert_cache_stats[3].per_layer_unique_demands[13],948
02-partial-fixed-kv,expert_cache_stats[3].per_layer_unique_demands[14],1021
02-partial-fixed-kv,expert_cache_stats[3].per_layer_unique_demands[15],1088
02-partial-fixed-kv,expert_cache_stats[3].per_layer_unique_demands[16],1022
02-partial-fixed-kv,expert_cache_stats[3].per_layer_unique_demands[17],1093
02-partial-fixed-kv,expert_cache_stats[3].per_layer_unique_demands[18],1156
02-partial-fixed-kv,expert_cache_stats[3].per_layer_unique_demands[19],1149
02-partial-fixed-kv,expert_cache_stats[3].per_layer_unique_demands[20],1057
02-partial-fixed-kv,expert_cache_stats[3].per_layer_unique_demands[21],945
02-partial-fixed-kv,expert_cache_stats[3].per_layer_unique_demands[22],994
02-partial-fixed-kv,expert_cache_stats[3].per_layer_unique_demands[23],1019
02-partial-fixed-kv,expert_cache_stats[3].per_layer_unique_demands[24],952
02-partial-fixed-kv,expert_cache_stats[3].per_layer_unique_demands[25],969
02-partial-fixed-kv,expert_cache_stats[3].per_layer_unique_demands[26],1059
02-partial-fixed-kv,expert_cache_stats[3].per_layer_unique_demands[27],1125
02-partial-fixed-kv,expert_cache_stats[3].per_layer_unique_demands[28],1057
02-partial-fixed-kv,expert_cache_stats[3].per_layer_unique_demands[29],1110
02-partial-fixed-kv,expert_cache_stats[3].per_layer_unique_demands[30],1153
02-partial-fixed-kv,expert_cache_stats[3].per_layer_unique_demands[31],1144
02-partial-fixed-kv,expert_cache_stats[3].per_layer_unique_demands[32],1085
02-partial-fixed-kv,expert_cache_stats[3].per_layer_unique_demands[33],957
02-partial-fixed-kv,expert_cache_stats[3].per_layer_unique_demands[34],997
02-partial-fixed-kv,expert_cache_stats[3].per_layer_unique_demands[35],1031
02-partial-fixed-kv,expert_cache_stats[3].per_layer_unique_demands[36],981
02-partial-fixed-kv,expert_cache_stats[3].per_layer_unique_demands[37],994
02-partial-fixed-kv,expert_cache_stats[3].per_layer_unique_demands[38],1051
02-partial-fixed-kv,expert_cache_stats[3].per_layer_unique_demands[39],1076
02-partial-fixed-kv,expert_cache_stats[3].per_layer_unique_demands[40],1090
02-partial-fixed-kv,expert_cache_stats[3].per_layer_unique_demands[41],1058
02-partial-fixed-kv,expert_cache_stats[3].per_layer_unique_demands[42],994
02-partial-fixed-kv,expert_cache_stats[3].per_layer_unique_demands[43],1008
02-partial-fixed-kv,expert_cache_stats[3].per_layer_unique_demands[44],972
02-partial-fixed-kv,expert_cache_stats[3].per_layer_unique_demands[45],949
02-partial-fixed-kv,expert_cache_stats[3].per_layer_unique_demands[46],962
02-partial-fixed-kv,expert_cache_stats[3].per_layer_unique_demands[47],1023
02-partial-fixed-kv,expert_cache_stats[3].per_layer_max_unique_per_forward[0],498
02-partial-fixed-kv,expert_cache_stats[3].per_layer_max_unique_per_forward[1],436
02-partial-fixed-kv,expert_cache_stats[3].per_layer_max_unique_per_forward[2],509
02-partial-fixed-kv,expert_cache_stats[3].per_layer_max_unique_per_forward[3],421
02-partial-fixed-kv,expert_cache_stats[3].per_layer_max_unique_per_forward[4],415
02-partial-fixed-kv,expert_cache_stats[3].per_layer_max_unique_per_forward[5],460
02-partial-fixed-kv,expert_cache_stats[3].per_layer_max_unique_per_forward[6],491
02-partial-fixed-kv,expert_cache_stats[3].per_layer_max_unique_per_forward[7],483
02-partial-fixed-kv,expert_cache_stats[3].per_layer_max_unique_per_forward[8],447
02-partial-fixed-kv,expert_cache_stats[3].per_layer_max_unique_per_forward[9],387
02-partial-fixed-kv,expert_cache_stats[3].per_layer_max_unique_per_forward[10],401
02-partial-fixed-kv,expert_cache_stats[3].per_layer_max_unique_per_forward[11],417
02-partial-fixed-kv,expert_cache_stats[3].per_layer_max_unique_per_forward[12],368
02-partial-fixed-kv,expert_cache_stats[3].per_layer_max_unique_per_forward[13],389
02-partial-fixed-kv,expert_cache_stats[3].per_layer_max_unique_per_forward[14],426
02-partial-fixed-kv,expert_cache_stats[3].per_layer_max_unique_per_forward[15],459
02-partial-fixed-kv,expert_cache_stats[3].per_layer_max_unique_per_forward[16],427
02-partial-fixed-kv,expert_cache_stats[3].per_layer_max_unique_per_forward[17],461
02-partial-fixed-kv,expert_cache_stats[3].per_layer_max_unique_per_forward[18],493
02-partial-fixed-kv,expert_cache_stats[3].per_layer_max_unique_per_forward[19],488
02-partial-fixed-kv,expert_cache_stats[3].per_layer_max_unique_per_forward[20],443
02-partial-fixed-kv,expert_cache_stats[3].per_layer_max_unique_per_forward[21],387
02-partial-fixed-kv,expert_cache_stats[3].per_layer_max_unique_per_forward[22],412
02-partial-fixed-kv,expert_cache_stats[3].per_layer_max_unique_per_forward[23],425
02-partial-fixed-kv,expert_cache_stats[3].per_layer_max_unique_per_forward[24],392
02-partial-fixed-kv,expert_cache_stats[3].per_layer_max_unique_per_forward[25],400
02-partial-fixed-kv,expert_cache_stats[3].per_layer_max_unique_per_forward[26],443
02-partial-fixed-kv,expert_cache_stats[3].per_layer_max_unique_per_forward[27],475
02-partial-fixed-kv,expert_cache_stats[3].per_layer_max_unique_per_forward[28],443
02-partial-fixed-kv,expert_cache_stats[3].per_layer_max_unique_per_forward[29],470
02-partial-fixed-kv,expert_cache_stats[3].per_layer_max_unique_per_forward[30],491
02-partial-fixed-kv,expert_cache_stats[3].per_layer_max_unique_per_forward[31],487
02-partial-fixed-kv,expert_cache_stats[3].per_layer_max_unique_per_forward[32],457
02-partial-fixed-kv,expert_cache_stats[3].per_layer_max_unique_per_forward[33],394
02-partial-fixed-kv,expert_cache_stats[3].per_layer_max_unique_per_forward[34],413
02-partial-fixed-kv,expert_cache_stats[3].per_layer_max_unique_per_forward[35],431
02-partial-fixed-kv,expert_cache_stats[3].per_layer_max_unique_per_forward[36],405
02-partial-fixed-kv,expert_cache_stats[3].per_layer_max_unique_per_forward[37],412
02-partial-fixed-kv,expert_cache_stats[3].per_layer_max_unique_per_forward[38],440
02-partial-fixed-kv,expert_cache_stats[3].per_layer_max_unique_per_forward[39],453
02-partial-fixed-kv,expert_cache_stats[3].per_layer_max_unique_per_forward[40],461
02-partial-fixed-kv,expert_cache_stats[3].per_layer_max_unique_per_forward[41],445
02-partial-fixed-kv,expert_cache_stats[3].per_layer_max_unique_per_forward[42],410
02-partial-fixed-kv,expert_cache_stats[3].per_layer_max_unique_per_forward[43],416
02-partial-fixed-kv,expert_cache_stats[3].per_layer_max_unique_per_forward[44],400
02-partial-fixed-kv,expert_cache_stats[3].per_layer_max_unique_per_forward[45],387
02-partial-fixed-kv,expert_cache_stats[3].per_layer_max_unique_per_forward[46],394
02-partial-fixed-kv,expert_cache_stats[3].per_layer_max_unique_per_forward[47],425
02-partial-fixed-kv,expert_cache_stats[3].identity.geometry.total_layers,48
02-partial-fixed-kv,expert_cache_stats[3].identity.geometry.num_experts,512
02-partial-fixed-kv,expert_cache_stats[3].identity.geometry.hidden_size,2048
02-partial-fixed-kv,expert_cache_stats[3].identity.geometry.intermediate_size,128
02-partial-fixed-kv,expert_cache_stats[3].identity.tensor_parallel_size,4
02-partial-fixed-kv,expert_cache_stats[3].identity.model_config_sha256,2d483c7cabad7c8704478ed4038fa7e7b2eff840bc00a118eccbe38e2b488303
02-partial-fixed-kv,expert_cache_stats[3].identity.model_identity_sha256,24f6a89ba0e0435caffbb3d056425fb1fe980fca09d5a8749dfb231bd24880d8
02-partial-fixed-kv,expert_cache_stats[3].profile_sha256,0c54d62f0f172a2fe11e201125c385bed91db37df7d949dff7a929686b96357e
02-partial-fixed-kv,expert_cache_stats[3].cache_policy,decayed-lfu
02-partial-fixed-kv,expert_cache_stats[3].failed,False
02-partial-fixed-kv,expert_cache_stats[3].weight_verification_scope,CUDA parity tests required; no runtime weight D2H verification
02-partial-fixed-kv,expert_cache_stats[3].temporary_memory_scope,native fused kernel workspace/output and CPU route IDs scale with scheduled tokens; no weight-sized GPU gather temporary
02-partial-fixed-kv,expert_cache_stats[3].memory_accounting_scope,"tensor payload bytes; excludes allocator rounding, CUDA event driver memory and Python policy metadata; native/chunk output workspace must be included in vLLM measured profiling peak"
02-partial-fixed-kv,expert_cache_stats[3].kernel_config_scope,native logical E geometry per actual native chunk size
02-partial-fixed-kv,expert_cache_stats[3].transfer_schedule,demand-critical H2D on compute stream; no speculative prefetch
02-partial-fixed-kv,expert_cache_stats[3].kernel_config_records.capacity,64
02-partial-fixed-kv,expert_cache_stats[3].kernel_config_records.unrecorded_selections,0
02-partial-fixed-kv,expert_cache_stats[3].kernel_config_records.records[0].chunk_tokens,8192
02-partial-fixed-kv,expert_cache_stats[3].kernel_config_records.records[0].top_k,10
02-partial-fixed-kv,expert_cache_stats[3].kernel_config_records.records[0].selections,96
02-partial-fixed-kv,expert_cache_stats[3].kernel_config_records.records[0].w13_shape[0],512
02-partial-fixed-kv,expert_cache_stats[3].kernel_config_records.records[0].w13_shape[1],256
02-partial-fixed-kv,expert_cache_stats[3].kernel_config_records.records[0].w13_shape[2],2048
02-partial-fixed-kv,expert_cache_stats[3].kernel_config_records.records[0].w2_shape[0],512
02-partial-fixed-kv,expert_cache_stats[3].kernel_config_records.records[0].w2_shape[1],2048
02-partial-fixed-kv,expert_cache_stats[3].kernel_config_records.records[0].w2_shape[2],128
02-partial-fixed-kv,expert_cache_stats[3].kernel_config_records.records[0].config.BLOCK_SIZE_K,64
02-partial-fixed-kv,expert_cache_stats[3].kernel_config_records.records[0].config.BLOCK_SIZE_M,128
02-partial-fixed-kv,expert_cache_stats[3].kernel_config_records.records[0].config.BLOCK_SIZE_N,128
02-partial-fixed-kv,expert_cache_stats[3].kernel_config_records.records[0].config.GROUP_SIZE_M,64
02-partial-fixed-kv,expert_cache_stats[3].kernel_config_records.records[0].config.num_stages,3
02-partial-fixed-kv,expert_cache_stats[3].kernel_config_records.records[0].config.num_warps,8
02-partial-fixed-kv,expert_cache_stats[3].kernel_config_records.records[1].chunk_tokens,1
02-partial-fixed-kv,expert_cache_stats[3].kernel_config_records.records[1].top_k,10
02-partial-fixed-kv,expert_cache_stats[3].kernel_config_records.records[1].selections,720
02-partial-fixed-kv,expert_cache_stats[3].kernel_config_records.records[1].w13_shape[0],512
02-partial-fixed-kv,expert_cache_stats[3].kernel_config_records.records[1].w13_shape[1],256
02-partial-fixed-kv,expert_cache_stats[3].kernel_config_records.records[1].w13_shape[2],2048
02-partial-fixed-kv,expert_cache_stats[3].kernel_config_records.records[1].w2_shape[0],512
02-partial-fixed-kv,expert_cache_stats[3].kernel_config_records.records[1].w2_shape[1],2048
02-partial-fixed-kv,expert_cache_stats[3].kernel_config_records.records[1].w2_shape[2],128
02-partial-fixed-kv,expert_cache_stats[3].kernel_config_records.records[1].config.BLOCK_SIZE_K,64
02-partial-fixed-kv,expert_cache_stats[3].kernel_config_records.records[1].config.BLOCK_SIZE_M,16
02-partial-fixed-kv,expert_cache_stats[3].kernel_config_records.records[1].config.BLOCK_SIZE_N,32
02-partial-fixed-kv,expert_cache_stats[3].kernel_config_records.records[1].config.GROUP_SIZE_M,1
02-partial-fixed-kv,expert_cache_stats[3].kernel_config_records.records[1].config.num_stages,4
02-partial-fixed-kv,expert_cache_stats[3].kernel_config_records.records[1].config.num_warps,4
02-partial-fixed-kv,expert_cache_stats[3].kernel_config_records.records[2].chunk_tokens,4096
02-partial-fixed-kv,expert_cache_stats[3].kernel_config_records.records[2].top_k,10
02-partial-fixed-kv,expert_cache_stats[3].kernel_config_records.records[2].selections,96
02-partial-fixed-kv,expert_cache_stats[3].kernel_config_records.records[2].w13_shape[0],512
02-partial-fixed-kv,expert_cache_stats[3].kernel_config_records.records[2].w13_shape[1],256
02-partial-fixed-kv,expert_cache_stats[3].kernel_config_records.records[2].w13_shape[2],2048
02-partial-fixed-kv,expert_cache_stats[3].kernel_config_records.records[2].w2_shape[0],512
02-partial-fixed-kv,expert_cache_stats[3].kernel_config_records.records[2].w2_shape[1],2048
02-partial-fixed-kv,expert_cache_stats[3].kernel_config_records.records[2].w2_shape[2],128
02-partial-fixed-kv,expert_cache_stats[3].kernel_config_records.records[2].config.BLOCK_SIZE_K,64
02-partial-fixed-kv,expert_cache_stats[3].kernel_config_records.records[2].config.BLOCK_SIZE_M,128
02-partial-fixed-kv,expert_cache_stats[3].kernel_config_records.records[2].config.BLOCK_SIZE_N,128
02-partial-fixed-kv,expert_cache_stats[3].kernel_config_records.records[2].config.GROUP_SIZE_M,64
02-partial-fixed-kv,expert_cache_stats[3].kernel_config_records.records[2].config.num_stages,3
02-partial-fixed-kv,expert_cache_stats[3].kernel_config_records.records[2].config.num_warps,8
03-partial-auto-kv,schema_version,1
03-partial-auto-kv,run_id,03-partial-auto-kv
03-partial-auto-kv,arm,partial-auto-kv
03-partial-auto-kv,status,complete
03-partial-auto-kv,offload_count,0
03-partial-auto-kv,staging_slots,1
03-partial-auto-kv,repetitions_completed,1
03-partial-auto-kv,requested_kv_cache_bytes,
03-partial-auto-kv,exit_code,0
03-partial-auto-kv,launcher_elapsed_s,170.74174289871007
03-partial-auto-kv,smoke_matches_resident,True
03-partial-auto-kv,performance_outputs_stable,True
03-partial-auto-kv,performance_outputs_match_resident,True
03-partial-auto-kv,mechanism_validated,True
03-partial-auto-kv,contract.batch_size,1
03-partial-auto-kv,contract.context_length,4096
03-partial-auto-kv,contract.output_length,8
03-partial-auto-kv,contract.tensor_parallel_size,4
03-partial-auto-kv,contract.gpu_memory_utilization,0.6
03-partial-auto-kv,contract.seed,20260905
03-partial-auto-kv,contract.warmups,0
03-partial-auto-kv,contract.timing_samples,128
03-partial-auto-kv,contract.max_num_seqs,256
03-partial-auto-kv,contract.max_num_batched_tokens,8192
03-partial-auto-kv,contract.repetitions_requested,1
03-partial-auto-kv,contract.smoke_output_length,8
03-partial-auto-kv,contract.source_request_count,256
03-partial-auto-kv,contract.unique_selected_request_count,1
03-partial-auto-kv,contract.repeated_request_count,0
03-partial-auto-kv,contract.commit,9649784642eff262cb8ddd91da7cd2f0f9a1ceed
03-partial-auto-kv,contract.model_identity_sha256,f197bd16d71c7da5e1472aacaeb3bd213c41d7688695ac857cf30665fe951a59
03-partial-auto-kv,contract.model_config_sha256,2d483c7cabad7c8704478ed4038fa7e7b2eff840bc00a118eccbe38e2b488303
03-partial-auto-kv,contract.dataset_sha256,ae5e2428733c21f39efdd1c6ba45d9dac78e4f00d43a0a930151034eda178445
03-partial-auto-kv,contract.dataset_manifest_sha256,d1fa27a78c422ed77b6e44e7c1b642c8cdf3d1a5b1068d7ee0c4996079f8a75b
03-partial-auto-kv,contract.input_sha256,17f2a44427ea95c77ac3a8fa8b47048c812b09533a104b80986621be6e484bf7
03-partial-auto-kv,contract.engine_policy_sha256,c31521abdb4de4c1f8295d175ba1e834a7985899d78c947072397433df087ebf
03-partial-auto-kv,contract.dtype,bfloat16
03-partial-auto-kv,contract.versions.torch,2.8.0+cu128
03-partial-auto-kv,contract.versions.vllm,0.10.2
03-partial-auto-kv,contract.versions.cuda,12.8
03-partial-auto-kv,contract.versions.vllm_commit,01efc7ef781391e744ed08c3292817a773d654e6
03-partial-auto-kv,contract.comparison_backend,expert-cache
03-partial-auto-kv,contract.expert_cache.resident_ratio,0.5
03-partial-auto-kv,contract.expert_cache.cache_policy,decayed-lfu
03-partial-auto-kv,contract.expert_cache.cache_slots,256
03-partial-auto-kv,contract.expert_cache.calibration_count,32
03-partial-auto-kv,contract.expert_cache.timing_samples,128
03-partial-auto-kv,contract.expert_cache.profile_sha256,0c54d62f0f172a2fe11e201125c385bed91db37df7d949dff7a929686b96357e
03-partial-auto-kv,contract.expert_cache.identity.geometry.total_layers,48
03-partial-auto-kv,contract.expert_cache.identity.geometry.num_experts,512
03-partial-auto-kv,contract.expert_cache.identity.geometry.hidden_size,2048
03-partial-auto-kv,contract.expert_cache.identity.geometry.intermediate_size,128
03-partial-auto-kv,contract.expert_cache.identity.tensor_parallel_size,4
03-partial-auto-kv,contract.expert_cache.identity.model_config_sha256,2d483c7cabad7c8704478ed4038fa7e7b2eff840bc00a118eccbe38e2b488303
03-partial-auto-kv,contract.expert_cache.identity.model_identity_sha256,24f6a89ba0e0435caffbb3d056425fb1fe980fca09d5a8749dfb231bd24880d8
03-partial-auto-kv,contract.calibration_count,32
03-partial-auto-kv,contract.evaluation_pool_count,224
03-partial-auto-kv,contract.calibration_input_hashes_sha256,feaa8b330120d2781328031822d540c273fb008c811faa1e05e92e5b18e3958f
03-partial-auto-kv,contract.sampling_policy,heldout-token-hash-first-unique
03-partial-auto-kv,contract.split_scope,full-prompt-token-hashes; source-conversation-disjointness-not-claimed
03-partial-auto-kv,memory[0].rank,0
03-partial-auto-kv,memory[0].total_gpu_bytes,85017493504
03-partial-auto-kv,memory[0].free_gpu_bytes,33212661760
03-partial-auto-kv,memory[0].torch_allocated_bytes,48985899520
03-partial-auto-kv,memory[0].torch_reserved_bytes,49685725184
03-partial-auto-kv,memory[0].torch_peak_allocated_bytes,49586947072
03-partial-auto-kv,memory[0].torch_peak_reserved_bytes,49685725184
03-partial-auto-kv,memory[0].available_kv_cache_bytes,
03-partial-auto-kv,memory[0].model_memory_bytes,21839992832
03-partial-auto-kv,memory[0].kv_cache_allocated_bytes,27066236928
03-partial-auto-kv,memory[0].kv_cache_declared_bytes,27066236928
03-partial-auto-kv,memory[0].num_gpu_blocks,8098
03-partial-auto-kv,memory[0].kv_cache_accounting_consistent,True
03-partial-auto-kv,memory[1].rank,1
03-partial-auto-kv,memory[1].total_gpu_bytes,85017493504
03-partial-auto-kv,memory[1].free_gpu_bytes,33212661760
03-partial-auto-kv,memory[1].torch_allocated_bytes,48985899520
03-partial-auto-kv,memory[1].torch_reserved_bytes,49685725184
03-partial-auto-kv,memory[1].torch_peak_allocated_bytes,49586947072
03-partial-auto-kv,memory[1].torch_peak_reserved_bytes,49685725184
03-partial-auto-kv,memory[1].available_kv_cache_bytes,
03-partial-auto-kv,memory[1].model_memory_bytes,21839992832
03-partial-auto-kv,memory[1].kv_cache_allocated_bytes,27066236928
03-partial-auto-kv,memory[1].kv_cache_declared_bytes,27066236928
03-partial-auto-kv,memory[1].num_gpu_blocks,8098
03-partial-auto-kv,memory[1].kv_cache_accounting_consistent,True
03-partial-auto-kv,memory[2].rank,2
03-partial-auto-kv,memory[2].total_gpu_bytes,85017493504
03-partial-auto-kv,memory[2].free_gpu_bytes,33212661760
03-partial-auto-kv,memory[2].torch_allocated_bytes,48985899520
03-partial-auto-kv,memory[2].torch_reserved_bytes,49685725184
03-partial-auto-kv,memory[2].torch_peak_allocated_bytes,49586947072
03-partial-auto-kv,memory[2].torch_peak_reserved_bytes,49685725184
03-partial-auto-kv,memory[2].available_kv_cache_bytes,
03-partial-auto-kv,memory[2].model_memory_bytes,21839992832
03-partial-auto-kv,memory[2].kv_cache_allocated_bytes,27066236928
03-partial-auto-kv,memory[2].kv_cache_declared_bytes,27066236928
03-partial-auto-kv,memory[2].num_gpu_blocks,8098
03-partial-auto-kv,memory[2].kv_cache_accounting_consistent,True
03-partial-auto-kv,memory[3].rank,3
03-partial-auto-kv,memory[3].total_gpu_bytes,85017493504
03-partial-auto-kv,memory[3].free_gpu_bytes,33212661760
03-partial-auto-kv,memory[3].torch_allocated_bytes,48985899520
03-partial-auto-kv,memory[3].torch_reserved_bytes,49685725184
03-partial-auto-kv,memory[3].torch_peak_allocated_bytes,49586947072
03-partial-auto-kv,memory[3].torch_peak_reserved_bytes,49685725184
03-partial-auto-kv,memory[3].available_kv_cache_bytes,
03-partial-auto-kv,memory[3].model_memory_bytes,21839992832
03-partial-auto-kv,memory[3].kv_cache_allocated_bytes,27066236928
03-partial-auto-kv,memory[3].kv_cache_declared_bytes,27066236928
03-partial-auto-kv,memory[3].num_gpu_blocks,8098
03-partial-auto-kv,memory[3].kv_cache_accounting_consistent,True
03-partial-auto-kv,final_memory[0].rank,0
03-partial-auto-kv,final_memory[0].total_gpu_bytes,85017493504
03-partial-auto-kv,final_memory[0].free_gpu_bytes,30274551808
03-partial-auto-kv,final_memory[0].torch_allocated_bytes,48985906688
03-partial-auto-kv,final_memory[0].torch_reserved_bytes,49685725184
03-partial-auto-kv,final_memory[0].torch_peak_allocated_bytes,49286568960
03-partial-auto-kv,final_memory[0].torch_peak_reserved_bytes,49685725184
03-partial-auto-kv,final_memory[0].available_kv_cache_bytes,
03-partial-auto-kv,final_memory[0].model_memory_bytes,21839992832
03-partial-auto-kv,final_memory[0].kv_cache_allocated_bytes,27066236928
03-partial-auto-kv,final_memory[0].kv_cache_declared_bytes,27066236928
03-partial-auto-kv,final_memory[0].num_gpu_blocks,8098
03-partial-auto-kv,final_memory[0].kv_cache_accounting_consistent,True
03-partial-auto-kv,final_memory[1].rank,1
03-partial-auto-kv,final_memory[1].total_gpu_bytes,85017493504
03-partial-auto-kv,final_memory[1].free_gpu_bytes,30274551808
03-partial-auto-kv,final_memory[1].torch_allocated_bytes,48985906688
03-partial-auto-kv,final_memory[1].torch_reserved_bytes,49685725184
03-partial-auto-kv,final_memory[1].torch_peak_allocated_bytes,49286568960
03-partial-auto-kv,final_memory[1].torch_peak_reserved_bytes,49685725184
03-partial-auto-kv,final_memory[1].available_kv_cache_bytes,
03-partial-auto-kv,final_memory[1].model_memory_bytes,21839992832
03-partial-auto-kv,final_memory[1].kv_cache_allocated_bytes,27066236928
03-partial-auto-kv,final_memory[1].kv_cache_declared_bytes,27066236928
03-partial-auto-kv,final_memory[1].num_gpu_blocks,8098
03-partial-auto-kv,final_memory[1].kv_cache_accounting_consistent,True
03-partial-auto-kv,final_memory[2].rank,2
03-partial-auto-kv,final_memory[2].total_gpu_bytes,85017493504
03-partial-auto-kv,final_memory[2].free_gpu_bytes,30274551808
03-partial-auto-kv,final_memory[2].torch_allocated_bytes,48985906688
03-partial-auto-kv,final_memory[2].torch_reserved_bytes,49685725184
03-partial-auto-kv,final_memory[2].torch_peak_allocated_bytes,49286568960
03-partial-auto-kv,final_memory[2].torch_peak_reserved_bytes,49685725184
03-partial-auto-kv,final_memory[2].available_kv_cache_bytes,
03-partial-auto-kv,final_memory[2].model_memory_bytes,21839992832
03-partial-auto-kv,final_memory[2].kv_cache_allocated_bytes,27066236928
03-partial-auto-kv,final_memory[2].kv_cache_declared_bytes,27066236928
03-partial-auto-kv,final_memory[2].num_gpu_blocks,8098
03-partial-auto-kv,final_memory[2].kv_cache_accounting_consistent,True
03-partial-auto-kv,final_memory[3].rank,3
03-partial-auto-kv,final_memory[3].total_gpu_bytes,85017493504
03-partial-auto-kv,final_memory[3].free_gpu_bytes,30274551808
03-partial-auto-kv,final_memory[3].torch_allocated_bytes,48985906688
03-partial-auto-kv,final_memory[3].torch_reserved_bytes,49685725184
03-partial-auto-kv,final_memory[3].torch_peak_allocated_bytes,49286568960
03-partial-auto-kv,final_memory[3].torch_peak_reserved_bytes,49685725184
03-partial-auto-kv,final_memory[3].available_kv_cache_bytes,
03-partial-auto-kv,final_memory[3].model_memory_bytes,21839992832
03-partial-auto-kv,final_memory[3].kv_cache_allocated_bytes,27066236928
03-partial-auto-kv,final_memory[3].kv_cache_declared_bytes,27066236928
03-partial-auto-kv,final_memory[3].num_gpu_blocks,8098
03-partial-auto-kv,final_memory[3].kv_cache_accounting_consistent,True
03-partial-auto-kv,hardware_budget.total_gpu_bytes_by_rank[0],85017493504
03-partial-auto-kv,hardware_budget.total_gpu_bytes_by_rank[1],85017493504
03-partial-auto-kv,hardware_budget.total_gpu_bytes_by_rank[2],85017493504
03-partial-auto-kv,hardware_budget.total_gpu_bytes_by_rank[3],85017493504
03-partial-auto-kv,hardware_budget.requested_gpu_bytes_by_rank[0],51010496102
03-partial-auto-kv,hardware_budget.requested_gpu_bytes_by_rank[1],51010496102
03-partial-auto-kv,hardware_budget.requested_gpu_bytes_by_rank[2],51010496102
03-partial-auto-kv,hardware_budget.requested_gpu_bytes_by_rank[3],51010496102
03-partial-auto-kv,smoke.elapsed_s,22.75726867467165
03-partial-auto-kv,smoke.generated_tokens,8
03-partial-auto-kv,smoke.request_count,1
03-partial-auto-kv,smoke.output_tokens_per_second,0.3515360351175986
03-partial-auto-kv,smoke.latency_available_requests,0
03-partial-auto-kv,smoke.ttft_available_requests,0
03-partial-auto-kv,smoke.ttft_median_s,
03-partial-auto-kv,smoke.request_latency_median_s,
03-partial-auto-kv,smoke.input_sha256,17f2a44427ea95c77ac3a8fa8b47048c812b09533a104b80986621be6e484bf7
03-partial-auto-kv,smoke.output_sha256,b512fd12a4a5eace21091c769d8bf4d4bf5d2f1a5577411243f4c11e02c6d54d
03-partial-auto-kv,repetitions[0].repetition,0
03-partial-auto-kv,repetitions[0].elapsed_s,5.625310346018523
03-partial-auto-kv,repetitions[0].generated_tokens,8
03-partial-auto-kv,repetitions[0].request_count,1
03-partial-auto-kv,repetitions[0].output_tokens_per_second,1.4221437588171881
03-partial-auto-kv,repetitions[0].latency_available_requests,0
03-partial-auto-kv,repetitions[0].ttft_available_requests,0
03-partial-auto-kv,repetitions[0].ttft_median_s,
03-partial-auto-kv,repetitions[0].request_latency_median_s,
03-partial-auto-kv,repetitions[0].output_sha256,b512fd12a4a5eace21091c769d8bf4d4bf5d2f1a5577411243f4c11e02c6d54d
03-partial-auto-kv,repetitions[0].timing_available,True
03-partial-auto-kv,repetitions[0].diagnostics.h2d_bytes,57579405312
03-partial-auto-kv,repetitions[0].diagnostics.copy_launches,1232
03-partial-auto-kv,repetitions[0].diagnostics.startup_resident_h2d_bytes,0
03-partial-auto-kv,repetitions[0].diagnostics.promotion_d2d_bytes,12582912
03-partial-auto-kv,repetitions[0].diagnostics.metadata_h2d_bytes,3145792
03-partial-auto-kv,repetitions[0].diagnostics.unique_demands,96856
03-partial-auto-kv,repetitions[0].diagnostics.resident_hits,59100
03-partial-auto-kv,repetitions[0].diagnostics.timing.route_d2h_s,2.083101047668606
03-partial-auto-kv,repetitions[0].diagnostics.timing.policy_cpu_s,0.20189968729391694
03-partial-auto-kv,repetitions[0].diagnostics.timing.host_reuse_wait_s,0.007323880214244127
03-partial-auto-kv,repetitions[0].diagnostics.timing.host_gather_s,12.72662892844528
03-partial-auto-kv,repetitions[0].diagnostics.timing.h2d_enqueue_s,0.06845161831006408
03-partial-auto-kv,repetitions[0].diagnostics.timing.compute_enqueue_s,0.666859638877213
03-partial-auto-kv,repetitions[0].diagnostics.timing.cuda_sample_count,52
03-partial-auto-kv,repetitions[0].diagnostics.timing.load_cuda_s,0.05087542425841093
03-partial-auto-kv,repetitions[0].diagnostics.timing.compute_cuda_s,0.022105728149414063
03-partial-auto-kv,repetitions[0].diagnostics.timing.promotion_cuda_s,0.00044355200044810775
03-partial-auto-kv,repetitions[0].diagnostics.policy.observations,1536
03-partial-auto-kv,repetitions[0].diagnostics.policy.unique_demands,96856
03-partial-auto-kv,repetitions[0].diagnostics.policy.completed_forwards,32
03-partial-auto-kv,repetitions[0].diagnostics.policy.decay_events,0
03-partial-auto-kv,repetitions[0].diagnostics.policy.cache_hits,1148
03-partial-auto-kv,repetitions[0].diagnostics.policy.cache_misses,36608
03-partial-auto-kv,repetitions[0].diagnostics.policy.admissions,8
03-partial-auto-kv,repetitions[0].diagnostics.policy.evictions,8
03-partial-auto-kv,repetitions[0].diagnostics.policy.cache_bypasses,36600
03-partial-auto-kv,repetitions[0].diagnostics.policy.reconfigurations,0
03-partial-auto-kv,repetitions[0].diagnostics.policy.cache_hit_ratio,0.030405763322385846
03-partial-auto-kv,repetitions[0].diagnostics.per_rank[0].h2d_bytes,14394851328
03-partial-auto-kv,repetitions[0].diagnostics.per_rank[0].copy_launches,308
03-partial-auto-kv,repetitions[0].diagnostics.per_rank[0].startup_resident_h2d_bytes,0
03-partial-auto-kv,repetitions[0].diagnostics.per_rank[0].promotion_d2d_bytes,3145728
03-partial-auto-kv,repetitions[0].diagnostics.per_rank[0].metadata_h2d_bytes,786448
03-partial-auto-kv,repetitions[0].diagnostics.per_rank[0].unique_demands,24214
03-partial-auto-kv,repetitions[0].diagnostics.per_rank[0].resident_hits,14775
03-partial-auto-kv,repetitions[0].diagnostics.per_rank[0].timing.route_d2h_s,0.5050653060898185
03-partial-auto-kv,repetitions[0].diagnostics.per_rank[0].timing.policy_cpu_s,0.049683783669024706
03-partial-auto-kv,repetitions[0].diagnostics.per_rank[0].timing.host_reuse_wait_s,0.0018550991080701351
03-partial-auto-kv,repetitions[0].diagnostics.per_rank[0].timing.host_gather_s,3.1988997240550816
03-partial-auto-kv,repetitions[0].diagnostics.per_rank[0].timing.h2d_enqueue_s,0.016231521032750607
03-partial-auto-kv,repetitions[0].diagnostics.per_rank[0].timing.compute_enqueue_s,0.16545952577143908
03-partial-auto-kv,repetitions[0].diagnostics.per_rank[0].timing.cuda_sample_count,13
03-partial-auto-kv,repetitions[0].diagnostics.per_rank[0].timing.load_cuda_s,0.012528992135077714
03-partial-auto-kv,repetitions[0].diagnostics.per_rank[0].timing.compute_cuda_s,0.00549600002169609
03-partial-auto-kv,repetitions[0].diagnostics.per_rank[0].timing.promotion_cuda_s,0.00010777600132860242
03-partial-auto-kv,repetitions[0].diagnostics.per_rank[0].policy.observations,384
03-partial-auto-kv,repetitions[0].diagnostics.per_rank[0].policy.unique_demands,24214
03-partial-auto-kv,repetitions[0].diagnostics.per_rank[0].policy.completed_forwards,8
03-partial-auto-kv,repetitions[0].diagnostics.per_rank[0].policy.decay_events,0
03-partial-auto-kv,repetitions[0].diagnostics.per_rank[0].policy.cache_hits,287
03-partial-auto-kv,repetitions[0].diagnostics.per_rank[0].policy.cache_misses,9152
03-partial-auto-kv,repetitions[0].diagnostics.per_rank[0].policy.admissions,2
03-partial-auto-kv,repetitions[0].diagnostics.per_rank[0].policy.evictions,2
03-partial-auto-kv,repetitions[0].diagnostics.per_rank[0].policy.cache_bypasses,9150
03-partial-auto-kv,repetitions[0].diagnostics.per_rank[0].policy.reconfigurations,0
03-partial-auto-kv,repetitions[0].diagnostics.per_rank[0].policy.cache_hit_ratio,0.030405763322385846
03-partial-auto-kv,repetitions[0].diagnostics.per_rank[0].rank,0
03-partial-auto-kv,repetitions[0].diagnostics.per_rank[0].forward_counts[0],8
03-partial-auto-kv,repetitions[0].diagnostics.per_rank[0].forward_counts[1],8
03-partial-auto-kv,repetitions[0].diagnostics.per_rank[0].forward_counts[2],8
03-partial-auto-kv,repetitions[0].diagnostics.per_rank[0].forward_counts[3],8
03-partial-auto-kv,repetitions[0].diagnostics.per_rank[0].forward_counts[4],8
03-partial-auto-kv,repetitions[0].diagnostics.per_rank[0].forward_counts[5],8
03-partial-auto-kv,repetitions[0].diagnostics.per_rank[0].forward_counts[6],8
03-partial-auto-kv,repetitions[0].diagnostics.per_rank[0].forward_counts[7],8
03-partial-auto-kv,repetitions[0].diagnostics.per_rank[0].forward_counts[8],8
03-partial-auto-kv,repetitions[0].diagnostics.per_rank[0].forward_counts[9],8
03-partial-auto-kv,repetitions[0].diagnostics.per_rank[0].forward_counts[10],8
03-partial-auto-kv,repetitions[0].diagnostics.per_rank[0].forward_counts[11],8
03-partial-auto-kv,repetitions[0].diagnostics.per_rank[0].forward_counts[12],8
03-partial-auto-kv,repetitions[0].diagnostics.per_rank[0].forward_counts[13],8
03-partial-auto-kv,repetitions[0].diagnostics.per_rank[0].forward_counts[14],8
03-partial-auto-kv,repetitions[0].diagnostics.per_rank[0].forward_counts[15],8
03-partial-auto-kv,repetitions[0].diagnostics.per_rank[0].forward_counts[16],8
03-partial-auto-kv,repetitions[0].diagnostics.per_rank[0].forward_counts[17],8
03-partial-auto-kv,repetitions[0].diagnostics.per_rank[0].forward_counts[18],8
03-partial-auto-kv,repetitions[0].diagnostics.per_rank[0].forward_counts[19],8
03-partial-auto-kv,repetitions[0].diagnostics.per_rank[0].forward_counts[20],8
03-partial-auto-kv,repetitions[0].diagnostics.per_rank[0].forward_counts[21],8
03-partial-auto-kv,repetitions[0].diagnostics.per_rank[0].forward_counts[22],8
03-partial-auto-kv,repetitions[0].diagnostics.per_rank[0].forward_counts[23],8
03-partial-auto-kv,repetitions[0].diagnostics.per_rank[0].forward_counts[24],8
03-partial-auto-kv,repetitions[0].diagnostics.per_rank[0].forward_counts[25],8
03-partial-auto-kv,repetitions[0].diagnostics.per_rank[0].forward_counts[26],8
03-partial-auto-kv,repetitions[0].diagnostics.per_rank[0].forward_counts[27],8
03-partial-auto-kv,repetitions[0].diagnostics.per_rank[0].forward_counts[28],8
03-partial-auto-kv,repetitions[0].diagnostics.per_rank[0].forward_counts[29],8
03-partial-auto-kv,repetitions[0].diagnostics.per_rank[0].forward_counts[30],8
03-partial-auto-kv,repetitions[0].diagnostics.per_rank[0].forward_counts[31],8
03-partial-auto-kv,repetitions[0].diagnostics.per_rank[0].forward_counts[32],8
03-partial-auto-kv,repetitions[0].diagnostics.per_rank[0].forward_counts[33],8
03-partial-auto-kv,repetitions[0].diagnostics.per_rank[0].forward_counts[34],8
03-partial-auto-kv,repetitions[0].diagnostics.per_rank[0].forward_counts[35],8
03-partial-auto-kv,repetitions[0].diagnostics.per_rank[0].forward_counts[36],8
03-partial-auto-kv,repetitions[0].diagnostics.per_rank[0].forward_counts[37],8
03-partial-auto-kv,repetitions[0].diagnostics.per_rank[0].forward_counts[38],8
03-partial-auto-kv,repetitions[0].diagnostics.per_rank[0].forward_counts[39],8
03-partial-auto-kv,repetitions[0].diagnostics.per_rank[0].forward_counts[40],8
03-partial-auto-kv,repetitions[0].diagnostics.per_rank[0].forward_counts[41],8
03-partial-auto-kv,repetitions[0].diagnostics.per_rank[0].forward_counts[42],8
03-partial-auto-kv,repetitions[0].diagnostics.per_rank[0].forward_counts[43],8
03-partial-auto-kv,repetitions[0].diagnostics.per_rank[0].forward_counts[44],8
03-partial-auto-kv,repetitions[0].diagnostics.per_rank[0].forward_counts[45],8
03-partial-auto-kv,repetitions[0].diagnostics.per_rank[0].forward_counts[46],8
03-partial-auto-kv,repetitions[0].diagnostics.per_rank[0].forward_counts[47],8
03-partial-auto-kv,repetitions[0].diagnostics.per_rank[0].per_layer_unique_demands[0],568
03-partial-auto-kv,repetitions[0].diagnostics.per_rank[0].per_layer_unique_demands[1],507
03-partial-auto-kv,repetitions[0].diagnostics.per_rank[0].per_layer_unique_demands[2],579
03-partial-auto-kv,repetitions[0].diagnostics.per_rank[0].per_layer_unique_demands[3],490
03-partial-auto-kv,repetitions[0].diagnostics.per_rank[0].per_layer_unique_demands[4],485
03-partial-auto-kv,repetitions[0].diagnostics.per_rank[0].per_layer_unique_demands[5],530
03-partial-auto-kv,repetitions[0].diagnostics.per_rank[0].per_layer_unique_demands[6],560
03-partial-auto-kv,repetitions[0].diagnostics.per_rank[0].per_layer_unique_demands[7],553
03-partial-auto-kv,repetitions[0].diagnostics.per_rank[0].per_layer_unique_demands[8],517
03-partial-auto-kv,repetitions[0].diagnostics.per_rank[0].per_layer_unique_demands[9],456
03-partial-auto-kv,repetitions[0].diagnostics.per_rank[0].per_layer_unique_demands[10],470
03-partial-auto-kv,repetitions[0].diagnostics.per_rank[0].per_layer_unique_demands[11],488
03-partial-auto-kv,repetitions[0].diagnostics.per_rank[0].per_layer_unique_demands[12],439
03-partial-auto-kv,repetitions[0].diagnostics.per_rank[0].per_layer_unique_demands[13],459
03-partial-auto-kv,repetitions[0].diagnostics.per_rank[0].per_layer_unique_demands[14],496
03-partial-auto-kv,repetitions[0].diagnostics.per_rank[0].per_layer_unique_demands[15],526
03-partial-auto-kv,repetitions[0].diagnostics.per_rank[0].per_layer_unique_demands[16],495
03-partial-auto-kv,repetitions[0].diagnostics.per_rank[0].per_layer_unique_demands[17],531
03-partial-auto-kv,repetitions[0].diagnostics.per_rank[0].per_layer_unique_demands[18],563
03-partial-auto-kv,repetitions[0].diagnostics.per_rank[0].per_layer_unique_demands[19],556
03-partial-auto-kv,repetitions[0].diagnostics.per_rank[0].per_layer_unique_demands[20],513
03-partial-auto-kv,repetitions[0].diagnostics.per_rank[0].per_layer_unique_demands[21],457
03-partial-auto-kv,repetitions[0].diagnostics.per_rank[0].per_layer_unique_demands[22],484
03-partial-auto-kv,repetitions[0].diagnostics.per_rank[0].per_layer_unique_demands[23],495
03-partial-auto-kv,repetitions[0].diagnostics.per_rank[0].per_layer_unique_demands[24],462
03-partial-auto-kv,repetitions[0].diagnostics.per_rank[0].per_layer_unique_demands[25],475
03-partial-auto-kv,repetitions[0].diagnostics.per_rank[0].per_layer_unique_demands[26],510
03-partial-auto-kv,repetitions[0].diagnostics.per_rank[0].per_layer_unique_demands[27],545
03-partial-auto-kv,repetitions[0].diagnostics.per_rank[0].per_layer_unique_demands[28],512
03-partial-auto-kv,repetitions[0].diagnostics.per_rank[0].per_layer_unique_demands[29],539
03-partial-auto-kv,repetitions[0].diagnostics.per_rank[0].per_layer_unique_demands[30],559
03-partial-auto-kv,repetitions[0].diagnostics.per_rank[0].per_layer_unique_demands[31],558
03-partial-auto-kv,repetitions[0].diagnostics.per_rank[0].per_layer_unique_demands[32],526
03-partial-auto-kv,repetitions[0].diagnostics.per_rank[0].per_layer_unique_demands[33],461
03-partial-auto-kv,repetitions[0].diagnostics.per_rank[0].per_layer_unique_demands[34],482
03-partial-auto-kv,repetitions[0].diagnostics.per_rank[0].per_layer_unique_demands[35],497
03-partial-auto-kv,repetitions[0].diagnostics.per_rank[0].per_layer_unique_demands[36],473
03-partial-auto-kv,repetitions[0].diagnostics.per_rank[0].per_layer_unique_demands[37],484
03-partial-auto-kv,repetitions[0].diagnostics.per_rank[0].per_layer_unique_demands[38],506
03-partial-auto-kv,repetitions[0].diagnostics.per_rank[0].per_layer_unique_demands[39],523
03-partial-auto-kv,repetitions[0].diagnostics.per_rank[0].per_layer_unique_demands[40],530
03-partial-auto-kv,repetitions[0].diagnostics.per_rank[0].per_layer_unique_demands[41],509
03-partial-auto-kv,repetitions[0].diagnostics.per_rank[0].per_layer_unique_demands[42],476
03-partial-auto-kv,repetitions[0].diagnostics.per_rank[0].per_layer_unique_demands[43],485
03-partial-auto-kv,repetitions[0].diagnostics.per_rank[0].per_layer_unique_demands[44],469
03-partial-auto-kv,repetitions[0].diagnostics.per_rank[0].per_layer_unique_demands[45],460
03-partial-auto-kv,repetitions[0].diagnostics.per_rank[0].per_layer_unique_demands[46],462
03-partial-auto-kv,repetitions[0].diagnostics.per_rank[0].per_layer_unique_demands[47],494
03-partial-auto-kv,repetitions[0].diagnostics.per_rank[0].per_layer_mean_unique_coverage[0],0.138671875
03-partial-auto-kv,repetitions[0].diagnostics.per_rank[0].per_layer_mean_unique_coverage[1],0.123779296875
03-partial-auto-kv,repetitions[0].diagnostics.per_rank[0].per_layer_mean_unique_coverage[2],0.141357421875
03-partial-auto-kv,repetitions[0].diagnostics.per_rank[0].per_layer_mean_unique_coverage[3],0.11962890625
03-partial-auto-kv,repetitions[0].diagnostics.per_rank[0].per_layer_mean_unique_coverage[4],0.118408203125
03-partial-auto-kv,repetitions[0].diagnostics.per_rank[0].per_layer_mean_unique_coverage[5],0.12939453125
03-partial-auto-kv,repetitions[0].diagnostics.per_rank[0].per_layer_mean_unique_coverage[6],0.13671875
03-partial-auto-kv,repetitions[0].diagnostics.per_rank[0].per_layer_mean_unique_coverage[7],0.135009765625
03-partial-auto-kv,repetitions[0].diagnostics.per_rank[0].per_layer_mean_unique_coverage[8],0.126220703125
03-partial-auto-kv,repetitions[0].diagnostics.per_rank[0].per_layer_mean_unique_coverage[9],0.111328125
03-partial-auto-kv,repetitions[0].diagnostics.per_rank[0].per_layer_mean_unique_coverage[10],0.11474609375
03-partial-auto-kv,repetitions[0].diagnostics.per_rank[0].per_layer_mean_unique_coverage[11],0.119140625
03-partial-auto-kv,repetitions[0].diagnostics.per_rank[0].per_layer_mean_unique_coverage[12],0.107177734375
03-partial-auto-kv,repetitions[0].diagnostics.per_rank[0].per_layer_mean_unique_coverage[13],0.112060546875
03-partial-auto-kv,repetitions[0].diagnostics.per_rank[0].per_layer_mean_unique_coverage[14],0.12109375
03-partial-auto-kv,repetitions[0].diagnostics.per_rank[0].per_layer_mean_unique_coverage[15],0.12841796875
03-partial-auto-kv,repetitions[0].diagnostics.per_rank[0].per_layer_mean_unique_coverage[16],0.120849609375
03-partial-auto-kv,repetitions[0].diagnostics.per_rank[0].per_layer_mean_unique_coverage[17],0.129638671875
03-partial-auto-kv,repetitions[0].diagnostics.per_rank[0].per_layer_mean_unique_coverage[18],0.137451171875
03-partial-auto-kv,repetitions[0].diagnostics.per_rank[0].per_layer_mean_unique_coverage[19],0.1357421875
03-partial-auto-kv,repetitions[0].diagnostics.per_rank[0].per_layer_mean_unique_coverage[20],0.125244140625
03-partial-auto-kv,repetitions[0].diagnostics.per_rank[0].per_layer_mean_unique_coverage[21],0.111572265625
03-partial-auto-kv,repetitions[0].diagnostics.per_rank[0].per_layer_mean_unique_coverage[22],0.1181640625
03-partial-auto-kv,repetitions[0].diagnostics.per_rank[0].per_layer_mean_unique_coverage[23],0.120849609375
03-partial-auto-kv,repetitions[0].diagnostics.per_rank[0].per_layer_mean_unique_coverage[24],0.11279296875
03-partial-auto-kv,repetitions[0].diagnostics.per_rank[0].per_layer_mean_unique_coverage[25],0.115966796875
03-partial-auto-kv,repetitions[0].diagnostics.per_rank[0].per_layer_mean_unique_coverage[26],0.12451171875
03-partial-auto-kv,repetitions[0].diagnostics.per_rank[0].per_layer_mean_unique_coverage[27],0.133056640625
03-partial-auto-kv,repetitions[0].diagnostics.per_rank[0].per_layer_mean_unique_coverage[28],0.125
03-partial-auto-kv,repetitions[0].diagnostics.per_rank[0].per_layer_mean_unique_coverage[29],0.131591796875
03-partial-auto-kv,repetitions[0].diagnostics.per_rank[0].per_layer_mean_unique_coverage[30],0.136474609375
03-partial-auto-kv,repetitions[0].diagnostics.per_rank[0].per_layer_mean_unique_coverage[31],0.13623046875
03-partial-auto-kv,repetitions[0].diagnostics.per_rank[0].per_layer_mean_unique_coverage[32],0.12841796875
03-partial-auto-kv,repetitions[0].diagnostics.per_rank[0].per_layer_mean_unique_coverage[33],0.112548828125
03-partial-auto-kv,repetitions[0].diagnostics.per_rank[0].per_layer_mean_unique_coverage[34],0.11767578125
03-partial-auto-kv,repetitions[0].diagnostics.per_rank[0].per_layer_mean_unique_coverage[35],0.121337890625
03-partial-auto-kv,repetitions[0].diagnostics.per_rank[0].per_layer_mean_unique_coverage[36],0.115478515625
03-partial-auto-kv,repetitions[0].diagnostics.per_rank[0].per_layer_mean_unique_coverage[37],0.1181640625
03-partial-auto-kv,repetitions[0].diagnostics.per_rank[0].per_layer_mean_unique_coverage[38],0.12353515625
03-partial-auto-kv,repetitions[0].diagnostics.per_rank[0].per_layer_mean_unique_coverage[39],0.127685546875
03-partial-auto-kv,repetitions[0].diagnostics.per_rank[0].per_layer_mean_unique_coverage[40],0.12939453125
03-partial-auto-kv,repetitions[0].diagnostics.per_rank[0].per_layer_mean_unique_coverage[41],0.124267578125
03-partial-auto-kv,repetitions[0].diagnostics.per_rank[0].per_layer_mean_unique_coverage[42],0.1162109375
03-partial-auto-kv,repetitions[0].diagnostics.per_rank[0].per_layer_mean_unique_coverage[43],0.118408203125
03-partial-auto-kv,repetitions[0].diagnostics.per_rank[0].per_layer_mean_unique_coverage[44],0.114501953125
03-partial-auto-kv,repetitions[0].diagnostics.per_rank[0].per_layer_mean_unique_coverage[45],0.1123046875
03-partial-auto-kv,repetitions[0].diagnostics.per_rank[0].per_layer_mean_unique_coverage[46],0.11279296875
03-partial-auto-kv,repetitions[0].diagnostics.per_rank[0].per_layer_mean_unique_coverage[47],0.12060546875
03-partial-auto-kv,repetitions[0].diagnostics.per_rank[0].gauge_snapshot.max_unique_per_forward,509
03-partial-auto-kv,repetitions[0].diagnostics.per_rank[0].gauge_snapshot.mean_unique_coverage,0.10682651452850878
03-partial-auto-kv,repetitions[0].diagnostics.per_rank[0].gauge_snapshot.per_layer_max_unique_per_forward[0],498
03-partial-auto-kv,repetitions[0].diagnostics.per_rank[0].gauge_snapshot.per_layer_max_unique_per_forward[1],437
03-partial-auto-kv,repetitions[0].diagnostics.per_rank[0].gauge_snapshot.per_layer_max_unique_per_forward[2],509
03-partial-auto-kv,repetitions[0].diagnostics.per_rank[0].gauge_snapshot.per_layer_max_unique_per_forward[3],422
03-partial-auto-kv,repetitions[0].diagnostics.per_rank[0].gauge_snapshot.per_layer_max_unique_per_forward[4],415
03-partial-auto-kv,repetitions[0].diagnostics.per_rank[0].gauge_snapshot.per_layer_max_unique_per_forward[5],460
03-partial-auto-kv,repetitions[0].diagnostics.per_rank[0].gauge_snapshot.per_layer_max_unique_per_forward[6],490
03-partial-auto-kv,repetitions[0].diagnostics.per_rank[0].gauge_snapshot.per_layer_max_unique_per_forward[7],484
03-partial-auto-kv,repetitions[0].diagnostics.per_rank[0].gauge_snapshot.per_layer_max_unique_per_forward[8],447
03-partial-auto-kv,repetitions[0].diagnostics.per_rank[0].gauge_snapshot.per_layer_max_unique_per_forward[9],386
03-partial-auto-kv,repetitions[0].diagnostics.per_rank[0].gauge_snapshot.per_layer_max_unique_per_forward[10],400
03-partial-auto-kv,repetitions[0].diagnostics.per_rank[0].gauge_snapshot.per_layer_max_unique_per_forward[11],418
03-partial-auto-kv,repetitions[0].diagnostics.per_rank[0].gauge_snapshot.per_layer_max_unique_per_forward[12],369
03-partial-auto-kv,repetitions[0].diagnostics.per_rank[0].gauge_snapshot.per_layer_max_unique_per_forward[13],389
03-partial-auto-kv,repetitions[0].diagnostics.per_rank[0].gauge_snapshot.per_layer_max_unique_per_forward[14],426
03-partial-auto-kv,repetitions[0].diagnostics.per_rank[0].gauge_snapshot.per_layer_max_unique_per_forward[15],458
03-partial-auto-kv,repetitions[0].diagnostics.per_rank[0].gauge_snapshot.per_layer_max_unique_per_forward[16],427
03-partial-auto-kv,repetitions[0].diagnostics.per_rank[0].gauge_snapshot.per_layer_max_unique_per_forward[17],462
03-partial-auto-kv,repetitions[0].diagnostics.per_rank[0].gauge_snapshot.per_layer_max_unique_per_forward[18],494
03-partial-auto-kv,repetitions[0].diagnostics.per_rank[0].gauge_snapshot.per_layer_max_unique_per_forward[19],488
03-partial-auto-kv,repetitions[0].diagnostics.per_rank[0].gauge_snapshot.per_layer_max_unique_per_forward[20],443
03-partial-auto-kv,repetitions[0].diagnostics.per_rank[0].gauge_snapshot.per_layer_max_unique_per_forward[21],387
03-partial-auto-kv,repetitions[0].diagnostics.per_rank[0].gauge_snapshot.per_layer_max_unique_per_forward[22],414
03-partial-auto-kv,repetitions[0].diagnostics.per_rank[0].gauge_snapshot.per_layer_max_unique_per_forward[23],425
03-partial-auto-kv,repetitions[0].diagnostics.per_rank[0].gauge_snapshot.per_layer_max_unique_per_forward[24],392
03-partial-auto-kv,repetitions[0].diagnostics.per_rank[0].gauge_snapshot.per_layer_max_unique_per_forward[25],405
03-partial-auto-kv,repetitions[0].diagnostics.per_rank[0].gauge_snapshot.per_layer_max_unique_per_forward[26],440
03-partial-auto-kv,repetitions[0].diagnostics.per_rank[0].gauge_snapshot.per_layer_max_unique_per_forward[27],476
03-partial-auto-kv,repetitions[0].diagnostics.per_rank[0].gauge_snapshot.per_layer_max_unique_per_forward[28],442
03-partial-auto-kv,repetitions[0].diagnostics.per_rank[0].gauge_snapshot.per_layer_max_unique_per_forward[29],469
03-partial-auto-kv,repetitions[0].diagnostics.per_rank[0].gauge_snapshot.per_layer_max_unique_per_forward[30],489
03-partial-auto-kv,repetitions[0].diagnostics.per_rank[0].gauge_snapshot.per_layer_max_unique_per_forward[31],488
03-partial-auto-kv,repetitions[0].diagnostics.per_rank[0].gauge_snapshot.per_layer_max_unique_per_forward[32],456
03-partial-auto-kv,repetitions[0].diagnostics.per_rank[0].gauge_snapshot.per_layer_max_unique_per_forward[33],391
03-partial-auto-kv,repetitions[0].diagnostics.per_rank[0].gauge_snapshot.per_layer_max_unique_per_forward[34],414
03-partial-auto-kv,repetitions[0].diagnostics.per_rank[0].gauge_snapshot.per_layer_max_unique_per_forward[35],427
03-partial-auto-kv,repetitions[0].diagnostics.per_rank[0].gauge_snapshot.per_layer_max_unique_per_forward[36],404
03-partial-auto-kv,repetitions[0].diagnostics.per_rank[0].gauge_snapshot.per_layer_max_unique_per_forward[37],414
03-partial-auto-kv,repetitions[0].diagnostics.per_rank[0].gauge_snapshot.per_layer_max_unique_per_forward[38],438
03-partial-auto-kv,repetitions[0].diagnostics.per_rank[0].gauge_snapshot.per_layer_max_unique_per_forward[39],453
03-partial-auto-kv,repetitions[0].diagnostics.per_rank[0].gauge_snapshot.per_layer_max_unique_per_forward[40],460
03-partial-auto-kv,repetitions[0].diagnostics.per_rank[0].gauge_snapshot.per_layer_max_unique_per_forward[41],442
03-partial-auto-kv,repetitions[0].diagnostics.per_rank[0].gauge_snapshot.per_layer_max_unique_per_forward[42],410
03-partial-auto-kv,repetitions[0].diagnostics.per_rank[0].gauge_snapshot.per_layer_max_unique_per_forward[43],415
03-partial-auto-kv,repetitions[0].diagnostics.per_rank[0].gauge_snapshot.per_layer_max_unique_per_forward[44],400
03-partial-auto-kv,repetitions[0].diagnostics.per_rank[0].gauge_snapshot.per_layer_max_unique_per_forward[45],390
03-partial-auto-kv,repetitions[0].diagnostics.per_rank[0].gauge_snapshot.per_layer_max_unique_per_forward[46],393
03-partial-auto-kv,repetitions[0].diagnostics.per_rank[0].gauge_snapshot.per_layer_max_unique_per_forward[47],424
03-partial-auto-kv,repetitions[0].diagnostics.per_rank[0].policy_snapshot.resident_experts,12288
03-partial-auto-kv,repetitions[0].diagnostics.per_rank[0].policy_snapshot.cache_slots,256
03-partial-auto-kv,repetitions[0].diagnostics.per_rank[0].policy_snapshot.cache_entries,256
03-partial-auto-kv,repetitions[0].diagnostics.per_rank[0].policy_snapshot.cache_hit_ratio,0.01996351316132395
03-partial-auto-kv,repetitions[0].diagnostics.per_rank[0].kernel_config_records.capacity,64
03-partial-auto-kv,repetitions[0].diagnostics.per_rank[0].kernel_config_records.unrecorded_selections,0
03-partial-auto-kv,repetitions[0].diagnostics.per_rank[0].kernel_config_records.records[0].chunk_tokens,8192
03-partial-auto-kv,repetitions[0].diagnostics.per_rank[0].kernel_config_records.records[0].top_k,10
03-partial-auto-kv,repetitions[0].diagnostics.per_rank[0].kernel_config_records.records[0].selections,96
03-partial-auto-kv,repetitions[0].diagnostics.per_rank[0].kernel_config_records.records[0].w13_shape[0],512
03-partial-auto-kv,repetitions[0].diagnostics.per_rank[0].kernel_config_records.records[0].w13_shape[1],256
03-partial-auto-kv,repetitions[0].diagnostics.per_rank[0].kernel_config_records.records[0].w13_shape[2],2048
03-partial-auto-kv,repetitions[0].diagnostics.per_rank[0].kernel_config_records.records[0].w2_shape[0],512
03-partial-auto-kv,repetitions[0].diagnostics.per_rank[0].kernel_config_records.records[0].w2_shape[1],2048
03-partial-auto-kv,repetitions[0].diagnostics.per_rank[0].kernel_config_records.records[0].w2_shape[2],128
03-partial-auto-kv,repetitions[0].diagnostics.per_rank[0].kernel_config_records.records[0].config.BLOCK_SIZE_K,64
03-partial-auto-kv,repetitions[0].diagnostics.per_rank[0].kernel_config_records.records[0].config.BLOCK_SIZE_M,128
03-partial-auto-kv,repetitions[0].diagnostics.per_rank[0].kernel_config_records.records[0].config.BLOCK_SIZE_N,128
03-partial-auto-kv,repetitions[0].diagnostics.per_rank[0].kernel_config_records.records[0].config.GROUP_SIZE_M,64
03-partial-auto-kv,repetitions[0].diagnostics.per_rank[0].kernel_config_records.records[0].config.num_stages,3
03-partial-auto-kv,repetitions[0].diagnostics.per_rank[0].kernel_config_records.records[0].config.num_warps,8
03-partial-auto-kv,repetitions[0].diagnostics.per_rank[0].kernel_config_records.records[1].chunk_tokens,1
03-partial-auto-kv,repetitions[0].diagnostics.per_rank[0].kernel_config_records.records[1].top_k,10
03-partial-auto-kv,repetitions[0].diagnostics.per_rank[0].kernel_config_records.records[1].selections,720
03-partial-auto-kv,repetitions[0].diagnostics.per_rank[0].kernel_config_records.records[1].w13_shape[0],512
03-partial-auto-kv,repetitions[0].diagnostics.per_rank[0].kernel_config_records.records[1].w13_shape[1],256
03-partial-auto-kv,repetitions[0].diagnostics.per_rank[0].kernel_config_records.records[1].w13_shape[2],2048
03-partial-auto-kv,repetitions[0].diagnostics.per_rank[0].kernel_config_records.records[1].w2_shape[0],512
03-partial-auto-kv,repetitions[0].diagnostics.per_rank[0].kernel_config_records.records[1].w2_shape[1],2048
03-partial-auto-kv,repetitions[0].diagnostics.per_rank[0].kernel_config_records.records[1].w2_shape[2],128
03-partial-auto-kv,repetitions[0].diagnostics.per_rank[0].kernel_config_records.records[1].config.BLOCK_SIZE_K,64
03-partial-auto-kv,repetitions[0].diagnostics.per_rank[0].kernel_config_records.records[1].config.BLOCK_SIZE_M,16
03-partial-auto-kv,repetitions[0].diagnostics.per_rank[0].kernel_config_records.records[1].config.BLOCK_SIZE_N,32
03-partial-auto-kv,repetitions[0].diagnostics.per_rank[0].kernel_config_records.records[1].config.GROUP_SIZE_M,1
03-partial-auto-kv,repetitions[0].diagnostics.per_rank[0].kernel_config_records.records[1].config.num_stages,4
03-partial-auto-kv,repetitions[0].diagnostics.per_rank[0].kernel_config_records.records[1].config.num_warps,4
03-partial-auto-kv,repetitions[0].diagnostics.per_rank[0].kernel_config_records.records[2].chunk_tokens,4096
03-partial-auto-kv,repetitions[0].diagnostics.per_rank[0].kernel_config_records.records[2].top_k,10
03-partial-auto-kv,repetitions[0].diagnostics.per_rank[0].kernel_config_records.records[2].selections,96
03-partial-auto-kv,repetitions[0].diagnostics.per_rank[0].kernel_config_records.records[2].w13_shape[0],512
03-partial-auto-kv,repetitions[0].diagnostics.per_rank[0].kernel_config_records.records[2].w13_shape[1],256
03-partial-auto-kv,repetitions[0].diagnostics.per_rank[0].kernel_config_records.records[2].w13_shape[2],2048
03-partial-auto-kv,repetitions[0].diagnostics.per_rank[0].kernel_config_records.records[2].w2_shape[0],512
03-partial-auto-kv,repetitions[0].diagnostics.per_rank[0].kernel_config_records.records[2].w2_shape[1],2048
03-partial-auto-kv,repetitions[0].diagnostics.per_rank[0].kernel_config_records.records[2].w2_shape[2],128
03-partial-auto-kv,repetitions[0].diagnostics.per_rank[0].kernel_config_records.records[2].config.BLOCK_SIZE_K,64
03-partial-auto-kv,repetitions[0].diagnostics.per_rank[0].kernel_config_records.records[2].config.BLOCK_SIZE_M,128
03-partial-auto-kv,repetitions[0].diagnostics.per_rank[0].kernel_config_records.records[2].config.BLOCK_SIZE_N,128
03-partial-auto-kv,repetitions[0].diagnostics.per_rank[0].kernel_config_records.records[2].config.GROUP_SIZE_M,64
03-partial-auto-kv,repetitions[0].diagnostics.per_rank[0].kernel_config_records.records[2].config.num_stages,3
03-partial-auto-kv,repetitions[0].diagnostics.per_rank[0].kernel_config_records.records[2].config.num_warps,8
03-partial-auto-kv,repetitions[0].diagnostics.per_rank[1].h2d_bytes,14394851328
03-partial-auto-kv,repetitions[0].diagnostics.per_rank[1].copy_launches,308
03-partial-auto-kv,repetitions[0].diagnostics.per_rank[1].startup_resident_h2d_bytes,0
03-partial-auto-kv,repetitions[0].diagnostics.per_rank[1].promotion_d2d_bytes,3145728
03-partial-auto-kv,repetitions[0].diagnostics.per_rank[1].metadata_h2d_bytes,786448
03-partial-auto-kv,repetitions[0].diagnostics.per_rank[1].unique_demands,24214
03-partial-auto-kv,repetitions[0].diagnostics.per_rank[1].resident_hits,14775
03-partial-auto-kv,repetitions[0].diagnostics.per_rank[1].timing.route_d2h_s,0.31323369359597564
03-partial-auto-kv,repetitions[0].diagnostics.per_rank[1].timing.policy_cpu_s,0.052299837581813335
03-partial-auto-kv,repetitions[0].diagnostics.per_rank[1].timing.host_reuse_wait_s,0.0018465500324964523
03-partial-auto-kv,repetitions[0].diagnostics.per_rank[1].timing.host_gather_s,3.949283788446337
03-partial-auto-kv,repetitions[0].diagnostics.per_rank[1].timing.h2d_enqueue_s,0.018745961599051952
03-partial-auto-kv,repetitions[0].diagnostics.per_rank[1].timing.compute_enqueue_s,0.17301760567352176
03-partial-auto-kv,repetitions[0].diagnostics.per_rank[1].timing.cuda_sample_count,13
03-partial-auto-kv,repetitions[0].diagnostics.per_rank[1].timing.load_cuda_s,0.012713024083524942
03-partial-auto-kv,repetitions[0].diagnostics.per_rank[1].timing.compute_cuda_s,0.005576192051172256
03-partial-auto-kv,repetitions[0].diagnostics.per_rank[1].timing.promotion_cuda_s,0.00011708799796178938
03-partial-auto-kv,repetitions[0].diagnostics.per_rank[1].policy.observations,384
03-partial-auto-kv,repetitions[0].diagnostics.per_rank[1].policy.unique_demands,24214
03-partial-auto-kv,repetitions[0].diagnostics.per_rank[1].policy.completed_forwards,8
03-partial-auto-kv,repetitions[0].diagnostics.per_rank[1].policy.decay_events,0
03-partial-auto-kv,repetitions[0].diagnostics.per_rank[1].policy.cache_hits,287
03-partial-auto-kv,repetitions[0].diagnostics.per_rank[1].policy.cache_misses,9152
03-partial-auto-kv,repetitions[0].diagnostics.per_rank[1].policy.admissions,2
03-partial-auto-kv,repetitions[0].diagnostics.per_rank[1].policy.evictions,2
03-partial-auto-kv,repetitions[0].diagnostics.per_rank[1].policy.cache_bypasses,9150
03-partial-auto-kv,repetitions[0].diagnostics.per_rank[1].policy.reconfigurations,0
03-partial-auto-kv,repetitions[0].diagnostics.per_rank[1].policy.cache_hit_ratio,0.030405763322385846
03-partial-auto-kv,repetitions[0].diagnostics.per_rank[1].rank,1
03-partial-auto-kv,repetitions[0].diagnostics.per_rank[1].forward_counts[0],8
03-partial-auto-kv,repetitions[0].diagnostics.per_rank[1].forward_counts[1],8
03-partial-auto-kv,repetitions[0].diagnostics.per_rank[1].forward_counts[2],8
03-partial-auto-kv,repetitions[0].diagnostics.per_rank[1].forward_counts[3],8
03-partial-auto-kv,repetitions[0].diagnostics.per_rank[1].forward_counts[4],8
03-partial-auto-kv,repetitions[0].diagnostics.per_rank[1].forward_counts[5],8
03-partial-auto-kv,repetitions[0].diagnostics.per_rank[1].forward_counts[6],8
03-partial-auto-kv,repetitions[0].diagnostics.per_rank[1].forward_counts[7],8
03-partial-auto-kv,repetitions[0].diagnostics.per_rank[1].forward_counts[8],8
03-partial-auto-kv,repetitions[0].diagnostics.per_rank[1].forward_counts[9],8
03-partial-auto-kv,repetitions[0].diagnostics.per_rank[1].forward_counts[10],8
03-partial-auto-kv,repetitions[0].diagnostics.per_rank[1].forward_counts[11],8
03-partial-auto-kv,repetitions[0].diagnostics.per_rank[1].forward_counts[12],8
03-partial-auto-kv,repetitions[0].diagnostics.per_rank[1].forward_counts[13],8
03-partial-auto-kv,repetitions[0].diagnostics.per_rank[1].forward_counts[14],8
03-partial-auto-kv,repetitions[0].diagnostics.per_rank[1].forward_counts[15],8
03-partial-auto-kv,repetitions[0].diagnostics.per_rank[1].forward_counts[16],8
03-partial-auto-kv,repetitions[0].diagnostics.per_rank[1].forward_counts[17],8
03-partial-auto-kv,repetitions[0].diagnostics.per_rank[1].forward_counts[18],8
03-partial-auto-kv,repetitions[0].diagnostics.per_rank[1].forward_counts[19],8
03-partial-auto-kv,repetitions[0].diagnostics.per_rank[1].forward_counts[20],8
03-partial-auto-kv,repetitions[0].diagnostics.per_rank[1].forward_counts[21],8
03-partial-auto-kv,repetitions[0].diagnostics.per_rank[1].forward_counts[22],8
03-partial-auto-kv,repetitions[0].diagnostics.per_rank[1].forward_counts[23],8
03-partial-auto-kv,repetitions[0].diagnostics.per_rank[1].forward_counts[24],8
03-partial-auto-kv,repetitions[0].diagnostics.per_rank[1].forward_counts[25],8
03-partial-auto-kv,repetitions[0].diagnostics.per_rank[1].forward_counts[26],8
03-partial-auto-kv,repetitions[0].diagnostics.per_rank[1].forward_counts[27],8
03-partial-auto-kv,repetitions[0].diagnostics.per_rank[1].forward_counts[28],8
03-partial-auto-kv,repetitions[0].diagnostics.per_rank[1].forward_counts[29],8
03-partial-auto-kv,repetitions[0].diagnostics.per_rank[1].forward_counts[30],8
03-partial-auto-kv,repetitions[0].diagnostics.per_rank[1].forward_counts[31],8
03-partial-auto-kv,repetitions[0].diagnostics.per_rank[1].forward_counts[32],8
03-partial-auto-kv,repetitions[0].diagnostics.per_rank[1].forward_counts[33],8
03-partial-auto-kv,repetitions[0].diagnostics.per_rank[1].forward_counts[34],8
03-partial-auto-kv,repetitions[0].diagnostics.per_rank[1].forward_counts[35],8
03-partial-auto-kv,repetitions[0].diagnostics.per_rank[1].forward_counts[36],8
03-partial-auto-kv,repetitions[0].diagnostics.per_rank[1].forward_counts[37],8
03-partial-auto-kv,repetitions[0].diagnostics.per_rank[1].forward_counts[38],8
03-partial-auto-kv,repetitions[0].diagnostics.per_rank[1].forward_counts[39],8
03-partial-auto-kv,repetitions[0].diagnostics.per_rank[1].forward_counts[40],8
03-partial-auto-kv,repetitions[0].diagnostics.per_rank[1].forward_counts[41],8
03-partial-auto-kv,repetitions[0].diagnostics.per_rank[1].forward_counts[42],8
03-partial-auto-kv,repetitions[0].diagnostics.per_rank[1].forward_counts[43],8
03-partial-auto-kv,repetitions[0].diagnostics.per_rank[1].forward_counts[44],8
03-partial-auto-kv,repetitions[0].diagnostics.per_rank[1].forward_counts[45],8
03-partial-auto-kv,repetitions[0].diagnostics.per_rank[1].forward_counts[46],8
03-partial-auto-kv,repetitions[0].diagnostics.per_rank[1].forward_counts[47],8
03-partial-auto-kv,repetitions[0].diagnostics.per_rank[1].per_layer_unique_demands[0],568
03-partial-auto-kv,repetitions[0].diagnostics.per_rank[1].per_layer_unique_demands[1],507
03-partial-auto-kv,repetitions[0].diagnostics.per_rank[1].per_layer_unique_demands[2],579
03-partial-auto-kv,repetitions[0].diagnostics.per_rank[1].per_layer_unique_demands[3],490
03-partial-auto-kv,repetitions[0].diagnostics.per_rank[1].per_layer_unique_demands[4],485
03-partial-auto-kv,repetitions[0].diagnostics.per_rank[1].per_layer_unique_demands[5],530
03-partial-auto-kv,repetitions[0].diagnostics.per_rank[1].per_layer_unique_demands[6],560
03-partial-auto-kv,repetitions[0].diagnostics.per_rank[1].per_layer_unique_demands[7],553
03-partial-auto-kv,repetitions[0].diagnostics.per_rank[1].per_layer_unique_demands[8],517
03-partial-auto-kv,repetitions[0].diagnostics.per_rank[1].per_layer_unique_demands[9],456
03-partial-auto-kv,repetitions[0].diagnostics.per_rank[1].per_layer_unique_demands[10],470
03-partial-auto-kv,repetitions[0].diagnostics.per_rank[1].per_layer_unique_demands[11],488
03-partial-auto-kv,repetitions[0].diagnostics.per_rank[1].per_layer_unique_demands[12],439
03-partial-auto-kv,repetitions[0].diagnostics.per_rank[1].per_layer_unique_demands[13],459
03-partial-auto-kv,repetitions[0].diagnostics.per_rank[1].per_layer_unique_demands[14],496
03-partial-auto-kv,repetitions[0].diagnostics.per_rank[1].per_layer_unique_demands[15],526
03-partial-auto-kv,repetitions[0].diagnostics.per_rank[1].per_layer_unique_demands[16],495
03-partial-auto-kv,repetitions[0].diagnostics.per_rank[1].per_layer_unique_demands[17],531
03-partial-auto-kv,repetitions[0].diagnostics.per_rank[1].per_layer_unique_demands[18],563
03-partial-auto-kv,repetitions[0].diagnostics.per_rank[1].per_layer_unique_demands[19],556
03-partial-auto-kv,repetitions[0].diagnostics.per_rank[1].per_layer_unique_demands[20],513
03-partial-auto-kv,repetitions[0].diagnostics.per_rank[1].per_layer_unique_demands[21],457
03-partial-auto-kv,repetitions[0].diagnostics.per_rank[1].per_layer_unique_demands[22],484
03-partial-auto-kv,repetitions[0].diagnostics.per_rank[1].per_layer_unique_demands[23],495
03-partial-auto-kv,repetitions[0].diagnostics.per_rank[1].per_layer_unique_demands[24],462
03-partial-auto-kv,repetitions[0].diagnostics.per_rank[1].per_layer_unique_demands[25],475
03-partial-auto-kv,repetitions[0].diagnostics.per_rank[1].per_layer_unique_demands[26],510
03-partial-auto-kv,repetitions[0].diagnostics.per_rank[1].per_layer_unique_demands[27],545
03-partial-auto-kv,repetitions[0].diagnostics.per_rank[1].per_layer_unique_demands[28],512
03-partial-auto-kv,repetitions[0].diagnostics.per_rank[1].per_layer_unique_demands[29],539
03-partial-auto-kv,repetitions[0].diagnostics.per_rank[1].per_layer_unique_demands[30],559
03-partial-auto-kv,repetitions[0].diagnostics.per_rank[1].per_layer_unique_demands[31],558
03-partial-auto-kv,repetitions[0].diagnostics.per_rank[1].per_layer_unique_demands[32],526
03-partial-auto-kv,repetitions[0].diagnostics.per_rank[1].per_layer_unique_demands[33],461
03-partial-auto-kv,repetitions[0].diagnostics.per_rank[1].per_layer_unique_demands[34],482
03-partial-auto-kv,repetitions[0].diagnostics.per_rank[1].per_layer_unique_demands[35],497
03-partial-auto-kv,repetitions[0].diagnostics.per_rank[1].per_layer_unique_demands[36],473
03-partial-auto-kv,repetitions[0].diagnostics.per_rank[1].per_layer_unique_demands[37],484
03-partial-auto-kv,repetitions[0].diagnostics.per_rank[1].per_layer_unique_demands[38],506
03-partial-auto-kv,repetitions[0].diagnostics.per_rank[1].per_layer_unique_demands[39],523
03-partial-auto-kv,repetitions[0].diagnostics.per_rank[1].per_layer_unique_demands[40],530
03-partial-auto-kv,repetitions[0].diagnostics.per_rank[1].per_layer_unique_demands[41],509
03-partial-auto-kv,repetitions[0].diagnostics.per_rank[1].per_layer_unique_demands[42],476
03-partial-auto-kv,repetitions[0].diagnostics.per_rank[1].per_layer_unique_demands[43],485
03-partial-auto-kv,repetitions[0].diagnostics.per_rank[1].per_layer_unique_demands[44],469
03-partial-auto-kv,repetitions[0].diagnostics.per_rank[1].per_layer_unique_demands[45],460
03-partial-auto-kv,repetitions[0].diagnostics.per_rank[1].per_layer_unique_demands[46],462
03-partial-auto-kv,repetitions[0].diagnostics.per_rank[1].per_layer_unique_demands[47],494
03-partial-auto-kv,repetitions[0].diagnostics.per_rank[1].per_layer_mean_unique_coverage[0],0.138671875
03-partial-auto-kv,repetitions[0].diagnostics.per_rank[1].per_layer_mean_unique_coverage[1],0.123779296875
03-partial-auto-kv,repetitions[0].diagnostics.per_rank[1].per_layer_mean_unique_coverage[2],0.141357421875
03-partial-auto-kv,repetitions[0].diagnostics.per_rank[1].per_layer_mean_unique_coverage[3],0.11962890625
03-partial-auto-kv,repetitions[0].diagnostics.per_rank[1].per_layer_mean_unique_coverage[4],0.118408203125
03-partial-auto-kv,repetitions[0].diagnostics.per_rank[1].per_layer_mean_unique_coverage[5],0.12939453125
03-partial-auto-kv,repetitions[0].diagnostics.per_rank[1].per_layer_mean_unique_coverage[6],0.13671875
03-partial-auto-kv,repetitions[0].diagnostics.per_rank[1].per_layer_mean_unique_coverage[7],0.135009765625
03-partial-auto-kv,repetitions[0].diagnostics.per_rank[1].per_layer_mean_unique_coverage[8],0.126220703125
03-partial-auto-kv,repetitions[0].diagnostics.per_rank[1].per_layer_mean_unique_coverage[9],0.111328125
03-partial-auto-kv,repetitions[0].diagnostics.per_rank[1].per_layer_mean_unique_coverage[10],0.11474609375
03-partial-auto-kv,repetitions[0].diagnostics.per_rank[1].per_layer_mean_unique_coverage[11],0.119140625
03-partial-auto-kv,repetitions[0].diagnostics.per_rank[1].per_layer_mean_unique_coverage[12],0.107177734375
03-partial-auto-kv,repetitions[0].diagnostics.per_rank[1].per_layer_mean_unique_coverage[13],0.112060546875
03-partial-auto-kv,repetitions[0].diagnostics.per_rank[1].per_layer_mean_unique_coverage[14],0.12109375
03-partial-auto-kv,repetitions[0].diagnostics.per_rank[1].per_layer_mean_unique_coverage[15],0.12841796875
03-partial-auto-kv,repetitions[0].diagnostics.per_rank[1].per_layer_mean_unique_coverage[16],0.120849609375
03-partial-auto-kv,repetitions[0].diagnostics.per_rank[1].per_layer_mean_unique_coverage[17],0.129638671875
03-partial-auto-kv,repetitions[0].diagnostics.per_rank[1].per_layer_mean_unique_coverage[18],0.137451171875
03-partial-auto-kv,repetitions[0].diagnostics.per_rank[1].per_layer_mean_unique_coverage[19],0.1357421875
03-partial-auto-kv,repetitions[0].diagnostics.per_rank[1].per_layer_mean_unique_coverage[20],0.125244140625
03-partial-auto-kv,repetitions[0].diagnostics.per_rank[1].per_layer_mean_unique_coverage[21],0.111572265625
03-partial-auto-kv,repetitions[0].diagnostics.per_rank[1].per_layer_mean_unique_coverage[22],0.1181640625
03-partial-auto-kv,repetitions[0].diagnostics.per_rank[1].per_layer_mean_unique_coverage[23],0.120849609375
03-partial-auto-kv,repetitions[0].diagnostics.per_rank[1].per_layer_mean_unique_coverage[24],0.11279296875
03-partial-auto-kv,repetitions[0].diagnostics.per_rank[1].per_layer_mean_unique_coverage[25],0.115966796875
03-partial-auto-kv,repetitions[0].diagnostics.per_rank[1].per_layer_mean_unique_coverage[26],0.12451171875
03-partial-auto-kv,repetitions[0].diagnostics.per_rank[1].per_layer_mean_unique_coverage[27],0.133056640625
03-partial-auto-kv,repetitions[0].diagnostics.per_rank[1].per_layer_mean_unique_coverage[28],0.125
03-partial-auto-kv,repetitions[0].diagnostics.per_rank[1].per_layer_mean_unique_coverage[29],0.131591796875
03-partial-auto-kv,repetitions[0].diagnostics.per_rank[1].per_layer_mean_unique_coverage[30],0.136474609375
03-partial-auto-kv,repetitions[0].diagnostics.per_rank[1].per_layer_mean_unique_coverage[31],0.13623046875
03-partial-auto-kv,repetitions[0].diagnostics.per_rank[1].per_layer_mean_unique_coverage[32],0.12841796875
03-partial-auto-kv,repetitions[0].diagnostics.per_rank[1].per_layer_mean_unique_coverage[33],0.112548828125
03-partial-auto-kv,repetitions[0].diagnostics.per_rank[1].per_layer_mean_unique_coverage[34],0.11767578125
03-partial-auto-kv,repetitions[0].diagnostics.per_rank[1].per_layer_mean_unique_coverage[35],0.121337890625
03-partial-auto-kv,repetitions[0].diagnostics.per_rank[1].per_layer_mean_unique_coverage[36],0.115478515625
03-partial-auto-kv,repetitions[0].diagnostics.per_rank[1].per_layer_mean_unique_coverage[37],0.1181640625
03-partial-auto-kv,repetitions[0].diagnostics.per_rank[1].per_layer_mean_unique_coverage[38],0.12353515625
03-partial-auto-kv,repetitions[0].diagnostics.per_rank[1].per_layer_mean_unique_coverage[39],0.127685546875
03-partial-auto-kv,repetitions[0].diagnostics.per_rank[1].per_layer_mean_unique_coverage[40],0.12939453125
03-partial-auto-kv,repetitions[0].diagnostics.per_rank[1].per_layer_mean_unique_coverage[41],0.124267578125
03-partial-auto-kv,repetitions[0].diagnostics.per_rank[1].per_layer_mean_unique_coverage[42],0.1162109375
03-partial-auto-kv,repetitions[0].diagnostics.per_rank[1].per_layer_mean_unique_coverage[43],0.118408203125
03-partial-auto-kv,repetitions[0].diagnostics.per_rank[1].per_layer_mean_unique_coverage[44],0.114501953125
03-partial-auto-kv,repetitions[0].diagnostics.per_rank[1].per_layer_mean_unique_coverage[45],0.1123046875
03-partial-auto-kv,repetitions[0].diagnostics.per_rank[1].per_layer_mean_unique_coverage[46],0.11279296875
03-partial-auto-kv,repetitions[0].diagnostics.per_rank[1].per_layer_mean_unique_coverage[47],0.12060546875
03-partial-auto-kv,repetitions[0].diagnostics.per_rank[1].gauge_snapshot.max_unique_per_forward,509
03-partial-auto-kv,repetitions[0].diagnostics.per_rank[1].gauge_snapshot.mean_unique_coverage,0.10682651452850878
03-partial-auto-kv,repetitions[0].diagnostics.per_rank[1].gauge_snapshot.per_layer_max_unique_per_forward[0],498
03-partial-auto-kv,repetitions[0].diagnostics.per_rank[1].gauge_snapshot.per_layer_max_unique_per_forward[1],437
03-partial-auto-kv,repetitions[0].diagnostics.per_rank[1].gauge_snapshot.per_layer_max_unique_per_forward[2],509
03-partial-auto-kv,repetitions[0].diagnostics.per_rank[1].gauge_snapshot.per_layer_max_unique_per_forward[3],422
03-partial-auto-kv,repetitions[0].diagnostics.per_rank[1].gauge_snapshot.per_layer_max_unique_per_forward[4],415
03-partial-auto-kv,repetitions[0].diagnostics.per_rank[1].gauge_snapshot.per_layer_max_unique_per_forward[5],460
03-partial-auto-kv,repetitions[0].diagnostics.per_rank[1].gauge_snapshot.per_layer_max_unique_per_forward[6],490
03-partial-auto-kv,repetitions[0].diagnostics.per_rank[1].gauge_snapshot.per_layer_max_unique_per_forward[7],484
03-partial-auto-kv,repetitions[0].diagnostics.per_rank[1].gauge_snapshot.per_layer_max_unique_per_forward[8],447
03-partial-auto-kv,repetitions[0].diagnostics.per_rank[1].gauge_snapshot.per_layer_max_unique_per_forward[9],386
03-partial-auto-kv,repetitions[0].diagnostics.per_rank[1].gauge_snapshot.per_layer_max_unique_per_forward[10],400
03-partial-auto-kv,repetitions[0].diagnostics.per_rank[1].gauge_snapshot.per_layer_max_unique_per_forward[11],418
03-partial-auto-kv,repetitions[0].diagnostics.per_rank[1].gauge_snapshot.per_layer_max_unique_per_forward[12],369
03-partial-auto-kv,repetitions[0].diagnostics.per_rank[1].gauge_snapshot.per_layer_max_unique_per_forward[13],389
03-partial-auto-kv,repetitions[0].diagnostics.per_rank[1].gauge_snapshot.per_layer_max_unique_per_forward[14],426
03-partial-auto-kv,repetitions[0].diagnostics.per_rank[1].gauge_snapshot.per_layer_max_unique_per_forward[15],458
03-partial-auto-kv,repetitions[0].diagnostics.per_rank[1].gauge_snapshot.per_layer_max_unique_per_forward[16],427
03-partial-auto-kv,repetitions[0].diagnostics.per_rank[1].gauge_snapshot.per_layer_max_unique_per_forward[17],462
03-partial-auto-kv,repetitions[0].diagnostics.per_rank[1].gauge_snapshot.per_layer_max_unique_per_forward[18],494
03-partial-auto-kv,repetitions[0].diagnostics.per_rank[1].gauge_snapshot.per_layer_max_unique_per_forward[19],488
03-partial-auto-kv,repetitions[0].diagnostics.per_rank[1].gauge_snapshot.per_layer_max_unique_per_forward[20],443
03-partial-auto-kv,repetitions[0].diagnostics.per_rank[1].gauge_snapshot.per_layer_max_unique_per_forward[21],387
03-partial-auto-kv,repetitions[0].diagnostics.per_rank[1].gauge_snapshot.per_layer_max_unique_per_forward[22],414
03-partial-auto-kv,repetitions[0].diagnostics.per_rank[1].gauge_snapshot.per_layer_max_unique_per_forward[23],425
03-partial-auto-kv,repetitions[0].diagnostics.per_rank[1].gauge_snapshot.per_layer_max_unique_per_forward[24],392
03-partial-auto-kv,repetitions[0].diagnostics.per_rank[1].gauge_snapshot.per_layer_max_unique_per_forward[25],405
03-partial-auto-kv,repetitions[0].diagnostics.per_rank[1].gauge_snapshot.per_layer_max_unique_per_forward[26],440
03-partial-auto-kv,repetitions[0].diagnostics.per_rank[1].gauge_snapshot.per_layer_max_unique_per_forward[27],476
03-partial-auto-kv,repetitions[0].diagnostics.per_rank[1].gauge_snapshot.per_layer_max_unique_per_forward[28],442
03-partial-auto-kv,repetitions[0].diagnostics.per_rank[1].gauge_snapshot.per_layer_max_unique_per_forward[29],469
03-partial-auto-kv,repetitions[0].diagnostics.per_rank[1].gauge_snapshot.per_layer_max_unique_per_forward[30],489
03-partial-auto-kv,repetitions[0].diagnostics.per_rank[1].gauge_snapshot.per_layer_max_unique_per_forward[31],488
03-partial-auto-kv,repetitions[0].diagnostics.per_rank[1].gauge_snapshot.per_layer_max_unique_per_forward[32],456
03-partial-auto-kv,repetitions[0].diagnostics.per_rank[1].gauge_snapshot.per_layer_max_unique_per_forward[33],391
03-partial-auto-kv,repetitions[0].diagnostics.per_rank[1].gauge_snapshot.per_layer_max_unique_per_forward[34],414
03-partial-auto-kv,repetitions[0].diagnostics.per_rank[1].gauge_snapshot.per_layer_max_unique_per_forward[35],427
03-partial-auto-kv,repetitions[0].diagnostics.per_rank[1].gauge_snapshot.per_layer_max_unique_per_forward[36],404
03-partial-auto-kv,repetitions[0].diagnostics.per_rank[1].gauge_snapshot.per_layer_max_unique_per_forward[37],414
03-partial-auto-kv,repetitions[0].diagnostics.per_rank[1].gauge_snapshot.per_layer_max_unique_per_forward[38],438
03-partial-auto-kv,repetitions[0].diagnostics.per_rank[1].gauge_snapshot.per_layer_max_unique_per_forward[39],453
03-partial-auto-kv,repetitions[0].diagnostics.per_rank[1].gauge_snapshot.per_layer_max_unique_per_forward[40],460
03-partial-auto-kv,repetitions[0].diagnostics.per_rank[1].gauge_snapshot.per_layer_max_unique_per_forward[41],442
03-partial-auto-kv,repetitions[0].diagnostics.per_rank[1].gauge_snapshot.per_layer_max_unique_per_forward[42],410
03-partial-auto-kv,repetitions[0].diagnostics.per_rank[1].gauge_snapshot.per_layer_max_unique_per_forward[43],415
03-partial-auto-kv,repetitions[0].diagnostics.per_rank[1].gauge_snapshot.per_layer_max_unique_per_forward[44],400
03-partial-auto-kv,repetitions[0].diagnostics.per_rank[1].gauge_snapshot.per_layer_max_unique_per_forward[45],390
03-partial-auto-kv,repetitions[0].diagnostics.per_rank[1].gauge_snapshot.per_layer_max_unique_per_forward[46],393
03-partial-auto-kv,repetitions[0].diagnostics.per_rank[1].gauge_snapshot.per_layer_max_unique_per_forward[47],424
03-partial-auto-kv,repetitions[0].diagnostics.per_rank[1].policy_snapshot.resident_experts,12288
03-partial-auto-kv,repetitions[0].diagnostics.per_rank[1].policy_snapshot.cache_slots,256
03-partial-auto-kv,repetitions[0].diagnostics.per_rank[1].policy_snapshot.cache_entries,256
03-partial-auto-kv,repetitions[0].diagnostics.per_rank[1].policy_snapshot.cache_hit_ratio,0.01996351316132395
03-partial-auto-kv,repetitions[0].diagnostics.per_rank[1].kernel_config_records.capacity,64
03-partial-auto-kv,repetitions[0].diagnostics.per_rank[1].kernel_config_records.unrecorded_selections,0
03-partial-auto-kv,repetitions[0].diagnostics.per_rank[1].kernel_config_records.records[0].chunk_tokens,8192
03-partial-auto-kv,repetitions[0].diagnostics.per_rank[1].kernel_config_records.records[0].top_k,10
03-partial-auto-kv,repetitions[0].diagnostics.per_rank[1].kernel_config_records.records[0].selections,96
03-partial-auto-kv,repetitions[0].diagnostics.per_rank[1].kernel_config_records.records[0].w13_shape[0],512
03-partial-auto-kv,repetitions[0].diagnostics.per_rank[1].kernel_config_records.records[0].w13_shape[1],256
03-partial-auto-kv,repetitions[0].diagnostics.per_rank[1].kernel_config_records.records[0].w13_shape[2],2048
03-partial-auto-kv,repetitions[0].diagnostics.per_rank[1].kernel_config_records.records[0].w2_shape[0],512
03-partial-auto-kv,repetitions[0].diagnostics.per_rank[1].kernel_config_records.records[0].w2_shape[1],2048
03-partial-auto-kv,repetitions[0].diagnostics.per_rank[1].kernel_config_records.records[0].w2_shape[2],128
03-partial-auto-kv,repetitions[0].diagnostics.per_rank[1].kernel_config_records.records[0].config.BLOCK_SIZE_K,64
03-partial-auto-kv,repetitions[0].diagnostics.per_rank[1].kernel_config_records.records[0].config.BLOCK_SIZE_M,128
03-partial-auto-kv,repetitions[0].diagnostics.per_rank[1].kernel_config_records.records[0].config.BLOCK_SIZE_N,128
03-partial-auto-kv,repetitions[0].diagnostics.per_rank[1].kernel_config_records.records[0].config.GROUP_SIZE_M,64
03-partial-auto-kv,repetitions[0].diagnostics.per_rank[1].kernel_config_records.records[0].config.num_stages,3
03-partial-auto-kv,repetitions[0].diagnostics.per_rank[1].kernel_config_records.records[0].config.num_warps,8
03-partial-auto-kv,repetitions[0].diagnostics.per_rank[1].kernel_config_records.records[1].chunk_tokens,1
03-partial-auto-kv,repetitions[0].diagnostics.per_rank[1].kernel_config_records.records[1].top_k,10
03-partial-auto-kv,repetitions[0].diagnostics.per_rank[1].kernel_config_records.records[1].selections,720
03-partial-auto-kv,repetitions[0].diagnostics.per_rank[1].kernel_config_records.records[1].w13_shape[0],512
03-partial-auto-kv,repetitions[0].diagnostics.per_rank[1].kernel_config_records.records[1].w13_shape[1],256
03-partial-auto-kv,repetitions[0].diagnostics.per_rank[1].kernel_config_records.records[1].w13_shape[2],2048
03-partial-auto-kv,repetitions[0].diagnostics.per_rank[1].kernel_config_records.records[1].w2_shape[0],512
03-partial-auto-kv,repetitions[0].diagnostics.per_rank[1].kernel_config_records.records[1].w2_shape[1],2048
03-partial-auto-kv,repetitions[0].diagnostics.per_rank[1].kernel_config_records.records[1].w2_shape[2],128
03-partial-auto-kv,repetitions[0].diagnostics.per_rank[1].kernel_config_records.records[1].config.BLOCK_SIZE_K,64
03-partial-auto-kv,repetitions[0].diagnostics.per_rank[1].kernel_config_records.records[1].config.BLOCK_SIZE_M,16
03-partial-auto-kv,repetitions[0].diagnostics.per_rank[1].kernel_config_records.records[1].config.BLOCK_SIZE_N,32
03-partial-auto-kv,repetitions[0].diagnostics.per_rank[1].kernel_config_records.records[1].config.GROUP_SIZE_M,1
03-partial-auto-kv,repetitions[0].diagnostics.per_rank[1].kernel_config_records.records[1].config.num_stages,4
03-partial-auto-kv,repetitions[0].diagnostics.per_rank[1].kernel_config_records.records[1].config.num_warps,4
03-partial-auto-kv,repetitions[0].diagnostics.per_rank[1].kernel_config_records.records[2].chunk_tokens,4096
03-partial-auto-kv,repetitions[0].diagnostics.per_rank[1].kernel_config_records.records[2].top_k,10
03-partial-auto-kv,repetitions[0].diagnostics.per_rank[1].kernel_config_records.records[2].selections,96
03-partial-auto-kv,repetitions[0].diagnostics.per_rank[1].kernel_config_records.records[2].w13_shape[0],512
03-partial-auto-kv,repetitions[0].diagnostics.per_rank[1].kernel_config_records.records[2].w13_shape[1],256
03-partial-auto-kv,repetitions[0].diagnostics.per_rank[1].kernel_config_records.records[2].w13_shape[2],2048
03-partial-auto-kv,repetitions[0].diagnostics.per_rank[1].kernel_config_records.records[2].w2_shape[0],512
03-partial-auto-kv,repetitions[0].diagnostics.per_rank[1].kernel_config_records.records[2].w2_shape[1],2048
03-partial-auto-kv,repetitions[0].diagnostics.per_rank[1].kernel_config_records.records[2].w2_shape[2],128
03-partial-auto-kv,repetitions[0].diagnostics.per_rank[1].kernel_config_records.records[2].config.BLOCK_SIZE_K,64
03-partial-auto-kv,repetitions[0].diagnostics.per_rank[1].kernel_config_records.records[2].config.BLOCK_SIZE_M,128
03-partial-auto-kv,repetitions[0].diagnostics.per_rank[1].kernel_config_records.records[2].config.BLOCK_SIZE_N,128
03-partial-auto-kv,repetitions[0].diagnostics.per_rank[1].kernel_config_records.records[2].config.GROUP_SIZE_M,64
03-partial-auto-kv,repetitions[0].diagnostics.per_rank[1].kernel_config_records.records[2].config.num_stages,3
03-partial-auto-kv,repetitions[0].diagnostics.per_rank[1].kernel_config_records.records[2].config.num_warps,8
03-partial-auto-kv,repetitions[0].diagnostics.per_rank[2].h2d_bytes,14394851328
03-partial-auto-kv,repetitions[0].diagnostics.per_rank[2].copy_launches,308
03-partial-auto-kv,repetitions[0].diagnostics.per_rank[2].startup_resident_h2d_bytes,0
03-partial-auto-kv,repetitions[0].diagnostics.per_rank[2].promotion_d2d_bytes,3145728
03-partial-auto-kv,repetitions[0].diagnostics.per_rank[2].metadata_h2d_bytes,786448
03-partial-auto-kv,repetitions[0].diagnostics.per_rank[2].unique_demands,24214
03-partial-auto-kv,repetitions[0].diagnostics.per_rank[2].resident_hits,14775
03-partial-auto-kv,repetitions[0].diagnostics.per_rank[2].timing.route_d2h_s,0.5863612075336277
03-partial-auto-kv,repetitions[0].diagnostics.per_rank[2].timing.policy_cpu_s,0.0505934851244092
03-partial-auto-kv,repetitions[0].diagnostics.per_rank[2].timing.host_reuse_wait_s,0.0018208371475338936
03-partial-auto-kv,repetitions[0].diagnostics.per_rank[2].timing.host_gather_s,2.8835565336048603
03-partial-auto-kv,repetitions[0].diagnostics.per_rank[2].timing.h2d_enqueue_s,0.016638641245663166
03-partial-auto-kv,repetitions[0].diagnostics.per_rank[2].timing.compute_enqueue_s,0.16422333102673292
03-partial-auto-kv,repetitions[0].diagnostics.per_rank[2].timing.cuda_sample_count,13
03-partial-auto-kv,repetitions[0].diagnostics.per_rank[2].timing.load_cuda_s,0.012783167973160741
03-partial-auto-kv,repetitions[0].diagnostics.per_rank[2].timing.compute_cuda_s,0.005526976048946381
03-partial-auto-kv,repetitions[0].diagnostics.per_rank[2].timing.promotion_cuda_s,0.00010892799962311984
03-partial-auto-kv,repetitions[0].diagnostics.per_rank[2].policy.observations,384
03-partial-auto-kv,repetitions[0].diagnostics.per_rank[2].policy.unique_demands,24214
03-partial-auto-kv,repetitions[0].diagnostics.per_rank[2].policy.completed_forwards,8
03-partial-auto-kv,repetitions[0].diagnostics.per_rank[2].policy.decay_events,0
03-partial-auto-kv,repetitions[0].diagnostics.per_rank[2].policy.cache_hits,287
03-partial-auto-kv,repetitions[0].diagnostics.per_rank[2].policy.cache_misses,9152
03-partial-auto-kv,repetitions[0].diagnostics.per_rank[2].policy.admissions,2
03-partial-auto-kv,repetitions[0].diagnostics.per_rank[2].policy.evictions,2
03-partial-auto-kv,repetitions[0].diagnostics.per_rank[2].policy.cache_bypasses,9150
03-partial-auto-kv,repetitions[0].diagnostics.per_rank[2].policy.reconfigurations,0
03-partial-auto-kv,repetitions[0].diagnostics.per_rank[2].policy.cache_hit_ratio,0.030405763322385846
03-partial-auto-kv,repetitions[0].diagnostics.per_rank[2].rank,2
03-partial-auto-kv,repetitions[0].diagnostics.per_rank[2].forward_counts[0],8
03-partial-auto-kv,repetitions[0].diagnostics.per_rank[2].forward_counts[1],8
03-partial-auto-kv,repetitions[0].diagnostics.per_rank[2].forward_counts[2],8
03-partial-auto-kv,repetitions[0].diagnostics.per_rank[2].forward_counts[3],8
03-partial-auto-kv,repetitions[0].diagnostics.per_rank[2].forward_counts[4],8
03-partial-auto-kv,repetitions[0].diagnostics.per_rank[2].forward_counts[5],8
03-partial-auto-kv,repetitions[0].diagnostics.per_rank[2].forward_counts[6],8
03-partial-auto-kv,repetitions[0].diagnostics.per_rank[2].forward_counts[7],8
03-partial-auto-kv,repetitions[0].diagnostics.per_rank[2].forward_counts[8],8
03-partial-auto-kv,repetitions[0].diagnostics.per_rank[2].forward_counts[9],8
03-partial-auto-kv,repetitions[0].diagnostics.per_rank[2].forward_counts[10],8
03-partial-auto-kv,repetitions[0].diagnostics.per_rank[2].forward_counts[11],8
03-partial-auto-kv,repetitions[0].diagnostics.per_rank[2].forward_counts[12],8
03-partial-auto-kv,repetitions[0].diagnostics.per_rank[2].forward_counts[13],8
03-partial-auto-kv,repetitions[0].diagnostics.per_rank[2].forward_counts[14],8
03-partial-auto-kv,repetitions[0].diagnostics.per_rank[2].forward_counts[15],8
03-partial-auto-kv,repetitions[0].diagnostics.per_rank[2].forward_counts[16],8
03-partial-auto-kv,repetitions[0].diagnostics.per_rank[2].forward_counts[17],8
03-partial-auto-kv,repetitions[0].diagnostics.per_rank[2].forward_counts[18],8
03-partial-auto-kv,repetitions[0].diagnostics.per_rank[2].forward_counts[19],8
03-partial-auto-kv,repetitions[0].diagnostics.per_rank[2].forward_counts[20],8
03-partial-auto-kv,repetitions[0].diagnostics.per_rank[2].forward_counts[21],8
03-partial-auto-kv,repetitions[0].diagnostics.per_rank[2].forward_counts[22],8
03-partial-auto-kv,repetitions[0].diagnostics.per_rank[2].forward_counts[23],8
03-partial-auto-kv,repetitions[0].diagnostics.per_rank[2].forward_counts[24],8
03-partial-auto-kv,repetitions[0].diagnostics.per_rank[2].forward_counts[25],8
03-partial-auto-kv,repetitions[0].diagnostics.per_rank[2].forward_counts[26],8
03-partial-auto-kv,repetitions[0].diagnostics.per_rank[2].forward_counts[27],8
03-partial-auto-kv,repetitions[0].diagnostics.per_rank[2].forward_counts[28],8
03-partial-auto-kv,repetitions[0].diagnostics.per_rank[2].forward_counts[29],8
03-partial-auto-kv,repetitions[0].diagnostics.per_rank[2].forward_counts[30],8
03-partial-auto-kv,repetitions[0].diagnostics.per_rank[2].forward_counts[31],8
03-partial-auto-kv,repetitions[0].diagnostics.per_rank[2].forward_counts[32],8
03-partial-auto-kv,repetitions[0].diagnostics.per_rank[2].forward_counts[33],8
03-partial-auto-kv,repetitions[0].diagnostics.per_rank[2].forward_counts[34],8
03-partial-auto-kv,repetitions[0].diagnostics.per_rank[2].forward_counts[35],8
03-partial-auto-kv,repetitions[0].diagnostics.per_rank[2].forward_counts[36],8
03-partial-auto-kv,repetitions[0].diagnostics.per_rank[2].forward_counts[37],8
03-partial-auto-kv,repetitions[0].diagnostics.per_rank[2].forward_counts[38],8
03-partial-auto-kv,repetitions[0].diagnostics.per_rank[2].forward_counts[39],8
03-partial-auto-kv,repetitions[0].diagnostics.per_rank[2].forward_counts[40],8
03-partial-auto-kv,repetitions[0].diagnostics.per_rank[2].forward_counts[41],8
03-partial-auto-kv,repetitions[0].diagnostics.per_rank[2].forward_counts[42],8
03-partial-auto-kv,repetitions[0].diagnostics.per_rank[2].forward_counts[43],8
03-partial-auto-kv,repetitions[0].diagnostics.per_rank[2].forward_counts[44],8
03-partial-auto-kv,repetitions[0].diagnostics.per_rank[2].forward_counts[45],8
03-partial-auto-kv,repetitions[0].diagnostics.per_rank[2].forward_counts[46],8
03-partial-auto-kv,repetitions[0].diagnostics.per_rank[2].forward_counts[47],8
03-partial-auto-kv,repetitions[0].diagnostics.per_rank[2].per_layer_unique_demands[0],568
03-partial-auto-kv,repetitions[0].diagnostics.per_rank[2].per_layer_unique_demands[1],507
03-partial-auto-kv,repetitions[0].diagnostics.per_rank[2].per_layer_unique_demands[2],579
03-partial-auto-kv,repetitions[0].diagnostics.per_rank[2].per_layer_unique_demands[3],490
03-partial-auto-kv,repetitions[0].diagnostics.per_rank[2].per_layer_unique_demands[4],485
03-partial-auto-kv,repetitions[0].diagnostics.per_rank[2].per_layer_unique_demands[5],530
03-partial-auto-kv,repetitions[0].diagnostics.per_rank[2].per_layer_unique_demands[6],560
03-partial-auto-kv,repetitions[0].diagnostics.per_rank[2].per_layer_unique_demands[7],553
03-partial-auto-kv,repetitions[0].diagnostics.per_rank[2].per_layer_unique_demands[8],517
03-partial-auto-kv,repetitions[0].diagnostics.per_rank[2].per_layer_unique_demands[9],456
03-partial-auto-kv,repetitions[0].diagnostics.per_rank[2].per_layer_unique_demands[10],470
03-partial-auto-kv,repetitions[0].diagnostics.per_rank[2].per_layer_unique_demands[11],488
03-partial-auto-kv,repetitions[0].diagnostics.per_rank[2].per_layer_unique_demands[12],439
03-partial-auto-kv,repetitions[0].diagnostics.per_rank[2].per_layer_unique_demands[13],459
03-partial-auto-kv,repetitions[0].diagnostics.per_rank[2].per_layer_unique_demands[14],496
03-partial-auto-kv,repetitions[0].diagnostics.per_rank[2].per_layer_unique_demands[15],526
03-partial-auto-kv,repetitions[0].diagnostics.per_rank[2].per_layer_unique_demands[16],495
03-partial-auto-kv,repetitions[0].diagnostics.per_rank[2].per_layer_unique_demands[17],531
03-partial-auto-kv,repetitions[0].diagnostics.per_rank[2].per_layer_unique_demands[18],563
03-partial-auto-kv,repetitions[0].diagnostics.per_rank[2].per_layer_unique_demands[19],556
03-partial-auto-kv,repetitions[0].diagnostics.per_rank[2].per_layer_unique_demands[20],513
03-partial-auto-kv,repetitions[0].diagnostics.per_rank[2].per_layer_unique_demands[21],457
03-partial-auto-kv,repetitions[0].diagnostics.per_rank[2].per_layer_unique_demands[22],484
03-partial-auto-kv,repetitions[0].diagnostics.per_rank[2].per_layer_unique_demands[23],495
03-partial-auto-kv,repetitions[0].diagnostics.per_rank[2].per_layer_unique_demands[24],462
03-partial-auto-kv,repetitions[0].diagnostics.per_rank[2].per_layer_unique_demands[25],475
03-partial-auto-kv,repetitions[0].diagnostics.per_rank[2].per_layer_unique_demands[26],510
03-partial-auto-kv,repetitions[0].diagnostics.per_rank[2].per_layer_unique_demands[27],545
03-partial-auto-kv,repetitions[0].diagnostics.per_rank[2].per_layer_unique_demands[28],512
03-partial-auto-kv,repetitions[0].diagnostics.per_rank[2].per_layer_unique_demands[29],539
03-partial-auto-kv,repetitions[0].diagnostics.per_rank[2].per_layer_unique_demands[30],559
03-partial-auto-kv,repetitions[0].diagnostics.per_rank[2].per_layer_unique_demands[31],558
03-partial-auto-kv,repetitions[0].diagnostics.per_rank[2].per_layer_unique_demands[32],526
03-partial-auto-kv,repetitions[0].diagnostics.per_rank[2].per_layer_unique_demands[33],461
03-partial-auto-kv,repetitions[0].diagnostics.per_rank[2].per_layer_unique_demands[34],482
03-partial-auto-kv,repetitions[0].diagnostics.per_rank[2].per_layer_unique_demands[35],497
03-partial-auto-kv,repetitions[0].diagnostics.per_rank[2].per_layer_unique_demands[36],473
03-partial-auto-kv,repetitions[0].diagnostics.per_rank[2].per_layer_unique_demands[37],484
03-partial-auto-kv,repetitions[0].diagnostics.per_rank[2].per_layer_unique_demands[38],506
03-partial-auto-kv,repetitions[0].diagnostics.per_rank[2].per_layer_unique_demands[39],523
03-partial-auto-kv,repetitions[0].diagnostics.per_rank[2].per_layer_unique_demands[40],530
03-partial-auto-kv,repetitions[0].diagnostics.per_rank[2].per_layer_unique_demands[41],509
03-partial-auto-kv,repetitions[0].diagnostics.per_rank[2].per_layer_unique_demands[42],476
03-partial-auto-kv,repetitions[0].diagnostics.per_rank[2].per_layer_unique_demands[43],485
03-partial-auto-kv,repetitions[0].diagnostics.per_rank[2].per_layer_unique_demands[44],469
03-partial-auto-kv,repetitions[0].diagnostics.per_rank[2].per_layer_unique_demands[45],460
03-partial-auto-kv,repetitions[0].diagnostics.per_rank[2].per_layer_unique_demands[46],462
03-partial-auto-kv,repetitions[0].diagnostics.per_rank[2].per_layer_unique_demands[47],494
03-partial-auto-kv,repetitions[0].diagnostics.per_rank[2].per_layer_mean_unique_coverage[0],0.138671875
03-partial-auto-kv,repetitions[0].diagnostics.per_rank[2].per_layer_mean_unique_coverage[1],0.123779296875
03-partial-auto-kv,repetitions[0].diagnostics.per_rank[2].per_layer_mean_unique_coverage[2],0.141357421875
03-partial-auto-kv,repetitions[0].diagnostics.per_rank[2].per_layer_mean_unique_coverage[3],0.11962890625
03-partial-auto-kv,repetitions[0].diagnostics.per_rank[2].per_layer_mean_unique_coverage[4],0.118408203125
03-partial-auto-kv,repetitions[0].diagnostics.per_rank[2].per_layer_mean_unique_coverage[5],0.12939453125
03-partial-auto-kv,repetitions[0].diagnostics.per_rank[2].per_layer_mean_unique_coverage[6],0.13671875
03-partial-auto-kv,repetitions[0].diagnostics.per_rank[2].per_layer_mean_unique_coverage[7],0.135009765625
03-partial-auto-kv,repetitions[0].diagnostics.per_rank[2].per_layer_mean_unique_coverage[8],0.126220703125
03-partial-auto-kv,repetitions[0].diagnostics.per_rank[2].per_layer_mean_unique_coverage[9],0.111328125
03-partial-auto-kv,repetitions[0].diagnostics.per_rank[2].per_layer_mean_unique_coverage[10],0.11474609375
03-partial-auto-kv,repetitions[0].diagnostics.per_rank[2].per_layer_mean_unique_coverage[11],0.119140625
03-partial-auto-kv,repetitions[0].diagnostics.per_rank[2].per_layer_mean_unique_coverage[12],0.107177734375
03-partial-auto-kv,repetitions[0].diagnostics.per_rank[2].per_layer_mean_unique_coverage[13],0.112060546875
03-partial-auto-kv,repetitions[0].diagnostics.per_rank[2].per_layer_mean_unique_coverage[14],0.12109375
03-partial-auto-kv,repetitions[0].diagnostics.per_rank[2].per_layer_mean_unique_coverage[15],0.12841796875
03-partial-auto-kv,repetitions[0].diagnostics.per_rank[2].per_layer_mean_unique_coverage[16],0.120849609375
03-partial-auto-kv,repetitions[0].diagnostics.per_rank[2].per_layer_mean_unique_coverage[17],0.129638671875
03-partial-auto-kv,repetitions[0].diagnostics.per_rank[2].per_layer_mean_unique_coverage[18],0.137451171875
03-partial-auto-kv,repetitions[0].diagnostics.per_rank[2].per_layer_mean_unique_coverage[19],0.1357421875
03-partial-auto-kv,repetitions[0].diagnostics.per_rank[2].per_layer_mean_unique_coverage[20],0.125244140625
03-partial-auto-kv,repetitions[0].diagnostics.per_rank[2].per_layer_mean_unique_coverage[21],0.111572265625
03-partial-auto-kv,repetitions[0].diagnostics.per_rank[2].per_layer_mean_unique_coverage[22],0.1181640625
03-partial-auto-kv,repetitions[0].diagnostics.per_rank[2].per_layer_mean_unique_coverage[23],0.120849609375
03-partial-auto-kv,repetitions[0].diagnostics.per_rank[2].per_layer_mean_unique_coverage[24],0.11279296875
03-partial-auto-kv,repetitions[0].diagnostics.per_rank[2].per_layer_mean_unique_coverage[25],0.115966796875
03-partial-auto-kv,repetitions[0].diagnostics.per_rank[2].per_layer_mean_unique_coverage[26],0.12451171875
03-partial-auto-kv,repetitions[0].diagnostics.per_rank[2].per_layer_mean_unique_coverage[27],0.133056640625
03-partial-auto-kv,repetitions[0].diagnostics.per_rank[2].per_layer_mean_unique_coverage[28],0.125
03-partial-auto-kv,repetitions[0].diagnostics.per_rank[2].per_layer_mean_unique_coverage[29],0.131591796875
03-partial-auto-kv,repetitions[0].diagnostics.per_rank[2].per_layer_mean_unique_coverage[30],0.136474609375
03-partial-auto-kv,repetitions[0].diagnostics.per_rank[2].per_layer_mean_unique_coverage[31],0.13623046875
03-partial-auto-kv,repetitions[0].diagnostics.per_rank[2].per_layer_mean_unique_coverage[32],0.12841796875
03-partial-auto-kv,repetitions[0].diagnostics.per_rank[2].per_layer_mean_unique_coverage[33],0.112548828125
03-partial-auto-kv,repetitions[0].diagnostics.per_rank[2].per_layer_mean_unique_coverage[34],0.11767578125
03-partial-auto-kv,repetitions[0].diagnostics.per_rank[2].per_layer_mean_unique_coverage[35],0.121337890625
03-partial-auto-kv,repetitions[0].diagnostics.per_rank[2].per_layer_mean_unique_coverage[36],0.115478515625
03-partial-auto-kv,repetitions[0].diagnostics.per_rank[2].per_layer_mean_unique_coverage[37],0.1181640625
03-partial-auto-kv,repetitions[0].diagnostics.per_rank[2].per_layer_mean_unique_coverage[38],0.12353515625
03-partial-auto-kv,repetitions[0].diagnostics.per_rank[2].per_layer_mean_unique_coverage[39],0.127685546875
03-partial-auto-kv,repetitions[0].diagnostics.per_rank[2].per_layer_mean_unique_coverage[40],0.12939453125
03-partial-auto-kv,repetitions[0].diagnostics.per_rank[2].per_layer_mean_unique_coverage[41],0.124267578125
03-partial-auto-kv,repetitions[0].diagnostics.per_rank[2].per_layer_mean_unique_coverage[42],0.1162109375
03-partial-auto-kv,repetitions[0].diagnostics.per_rank[2].per_layer_mean_unique_coverage[43],0.118408203125
03-partial-auto-kv,repetitions[0].diagnostics.per_rank[2].per_layer_mean_unique_coverage[44],0.114501953125
03-partial-auto-kv,repetitions[0].diagnostics.per_rank[2].per_layer_mean_unique_coverage[45],0.1123046875
03-partial-auto-kv,repetitions[0].diagnostics.per_rank[2].per_layer_mean_unique_coverage[46],0.11279296875
03-partial-auto-kv,repetitions[0].diagnostics.per_rank[2].per_layer_mean_unique_coverage[47],0.12060546875
03-partial-auto-kv,repetitions[0].diagnostics.per_rank[2].gauge_snapshot.max_unique_per_forward,509
03-partial-auto-kv,repetitions[0].diagnostics.per_rank[2].gauge_snapshot.mean_unique_coverage,0.10682651452850878
03-partial-auto-kv,repetitions[0].diagnostics.per_rank[2].gauge_snapshot.per_layer_max_unique_per_forward[0],498
03-partial-auto-kv,repetitions[0].diagnostics.per_rank[2].gauge_snapshot.per_layer_max_unique_per_forward[1],437
03-partial-auto-kv,repetitions[0].diagnostics.per_rank[2].gauge_snapshot.per_layer_max_unique_per_forward[2],509
03-partial-auto-kv,repetitions[0].diagnostics.per_rank[2].gauge_snapshot.per_layer_max_unique_per_forward[3],422
03-partial-auto-kv,repetitions[0].diagnostics.per_rank[2].gauge_snapshot.per_layer_max_unique_per_forward[4],415
03-partial-auto-kv,repetitions[0].diagnostics.per_rank[2].gauge_snapshot.per_layer_max_unique_per_forward[5],460
03-partial-auto-kv,repetitions[0].diagnostics.per_rank[2].gauge_snapshot.per_layer_max_unique_per_forward[6],490
03-partial-auto-kv,repetitions[0].diagnostics.per_rank[2].gauge_snapshot.per_layer_max_unique_per_forward[7],484
03-partial-auto-kv,repetitions[0].diagnostics.per_rank[2].gauge_snapshot.per_layer_max_unique_per_forward[8],447
03-partial-auto-kv,repetitions[0].diagnostics.per_rank[2].gauge_snapshot.per_layer_max_unique_per_forward[9],386
03-partial-auto-kv,repetitions[0].diagnostics.per_rank[2].gauge_snapshot.per_layer_max_unique_per_forward[10],400
03-partial-auto-kv,repetitions[0].diagnostics.per_rank[2].gauge_snapshot.per_layer_max_unique_per_forward[11],418
03-partial-auto-kv,repetitions[0].diagnostics.per_rank[2].gauge_snapshot.per_layer_max_unique_per_forward[12],369
03-partial-auto-kv,repetitions[0].diagnostics.per_rank[2].gauge_snapshot.per_layer_max_unique_per_forward[13],389
03-partial-auto-kv,repetitions[0].diagnostics.per_rank[2].gauge_snapshot.per_layer_max_unique_per_forward[14],426
03-partial-auto-kv,repetitions[0].diagnostics.per_rank[2].gauge_snapshot.per_layer_max_unique_per_forward[15],458
03-partial-auto-kv,repetitions[0].diagnostics.per_rank[2].gauge_snapshot.per_layer_max_unique_per_forward[16],427
03-partial-auto-kv,repetitions[0].diagnostics.per_rank[2].gauge_snapshot.per_layer_max_unique_per_forward[17],462
03-partial-auto-kv,repetitions[0].diagnostics.per_rank[2].gauge_snapshot.per_layer_max_unique_per_forward[18],494
03-partial-auto-kv,repetitions[0].diagnostics.per_rank[2].gauge_snapshot.per_layer_max_unique_per_forward[19],488
03-partial-auto-kv,repetitions[0].diagnostics.per_rank[2].gauge_snapshot.per_layer_max_unique_per_forward[20],443
03-partial-auto-kv,repetitions[0].diagnostics.per_rank[2].gauge_snapshot.per_layer_max_unique_per_forward[21],387
03-partial-auto-kv,repetitions[0].diagnostics.per_rank[2].gauge_snapshot.per_layer_max_unique_per_forward[22],414
03-partial-auto-kv,repetitions[0].diagnostics.per_rank[2].gauge_snapshot.per_layer_max_unique_per_forward[23],425
03-partial-auto-kv,repetitions[0].diagnostics.per_rank[2].gauge_snapshot.per_layer_max_unique_per_forward[24],392
03-partial-auto-kv,repetitions[0].diagnostics.per_rank[2].gauge_snapshot.per_layer_max_unique_per_forward[25],405
03-partial-auto-kv,repetitions[0].diagnostics.per_rank[2].gauge_snapshot.per_layer_max_unique_per_forward[26],440
03-partial-auto-kv,repetitions[0].diagnostics.per_rank[2].gauge_snapshot.per_layer_max_unique_per_forward[27],476
03-partial-auto-kv,repetitions[0].diagnostics.per_rank[2].gauge_snapshot.per_layer_max_unique_per_forward[28],442
03-partial-auto-kv,repetitions[0].diagnostics.per_rank[2].gauge_snapshot.per_layer_max_unique_per_forward[29],469
03-partial-auto-kv,repetitions[0].diagnostics.per_rank[2].gauge_snapshot.per_layer_max_unique_per_forward[30],489
03-partial-auto-kv,repetitions[0].diagnostics.per_rank[2].gauge_snapshot.per_layer_max_unique_per_forward[31],488
03-partial-auto-kv,repetitions[0].diagnostics.per_rank[2].gauge_snapshot.per_layer_max_unique_per_forward[32],456
03-partial-auto-kv,repetitions[0].diagnostics.per_rank[2].gauge_snapshot.per_layer_max_unique_per_forward[33],391
03-partial-auto-kv,repetitions[0].diagnostics.per_rank[2].gauge_snapshot.per_layer_max_unique_per_forward[34],414
03-partial-auto-kv,repetitions[0].diagnostics.per_rank[2].gauge_snapshot.per_layer_max_unique_per_forward[35],427
03-partial-auto-kv,repetitions[0].diagnostics.per_rank[2].gauge_snapshot.per_layer_max_unique_per_forward[36],404
03-partial-auto-kv,repetitions[0].diagnostics.per_rank[2].gauge_snapshot.per_layer_max_unique_per_forward[37],414
03-partial-auto-kv,repetitions[0].diagnostics.per_rank[2].gauge_snapshot.per_layer_max_unique_per_forward[38],438
03-partial-auto-kv,repetitions[0].diagnostics.per_rank[2].gauge_snapshot.per_layer_max_unique_per_forward[39],453
03-partial-auto-kv,repetitions[0].diagnostics.per_rank[2].gauge_snapshot.per_layer_max_unique_per_forward[40],460
03-partial-auto-kv,repetitions[0].diagnostics.per_rank[2].gauge_snapshot.per_layer_max_unique_per_forward[41],442
03-partial-auto-kv,repetitions[0].diagnostics.per_rank[2].gauge_snapshot.per_layer_max_unique_per_forward[42],410
03-partial-auto-kv,repetitions[0].diagnostics.per_rank[2].gauge_snapshot.per_layer_max_unique_per_forward[43],415
03-partial-auto-kv,repetitions[0].diagnostics.per_rank[2].gauge_snapshot.per_layer_max_unique_per_forward[44],400
03-partial-auto-kv,repetitions[0].diagnostics.per_rank[2].gauge_snapshot.per_layer_max_unique_per_forward[45],390
03-partial-auto-kv,repetitions[0].diagnostics.per_rank[2].gauge_snapshot.per_layer_max_unique_per_forward[46],393
03-partial-auto-kv,repetitions[0].diagnostics.per_rank[2].gauge_snapshot.per_layer_max_unique_per_forward[47],424
03-partial-auto-kv,repetitions[0].diagnostics.per_rank[2].policy_snapshot.resident_experts,12288
03-partial-auto-kv,repetitions[0].diagnostics.per_rank[2].policy_snapshot.cache_slots,256
03-partial-auto-kv,repetitions[0].diagnostics.per_rank[2].policy_snapshot.cache_entries,256
03-partial-auto-kv,repetitions[0].diagnostics.per_rank[2].policy_snapshot.cache_hit_ratio,0.01996351316132395
03-partial-auto-kv,repetitions[0].diagnostics.per_rank[2].kernel_config_records.capacity,64
03-partial-auto-kv,repetitions[0].diagnostics.per_rank[2].kernel_config_records.unrecorded_selections,0
03-partial-auto-kv,repetitions[0].diagnostics.per_rank[2].kernel_config_records.records[0].chunk_tokens,8192
03-partial-auto-kv,repetitions[0].diagnostics.per_rank[2].kernel_config_records.records[0].top_k,10
03-partial-auto-kv,repetitions[0].diagnostics.per_rank[2].kernel_config_records.records[0].selections,96
03-partial-auto-kv,repetitions[0].diagnostics.per_rank[2].kernel_config_records.records[0].w13_shape[0],512
03-partial-auto-kv,repetitions[0].diagnostics.per_rank[2].kernel_config_records.records[0].w13_shape[1],256
03-partial-auto-kv,repetitions[0].diagnostics.per_rank[2].kernel_config_records.records[0].w13_shape[2],2048
03-partial-auto-kv,repetitions[0].diagnostics.per_rank[2].kernel_config_records.records[0].w2_shape[0],512
03-partial-auto-kv,repetitions[0].diagnostics.per_rank[2].kernel_config_records.records[0].w2_shape[1],2048
03-partial-auto-kv,repetitions[0].diagnostics.per_rank[2].kernel_config_records.records[0].w2_shape[2],128
03-partial-auto-kv,repetitions[0].diagnostics.per_rank[2].kernel_config_records.records[0].config.BLOCK_SIZE_K,64
03-partial-auto-kv,repetitions[0].diagnostics.per_rank[2].kernel_config_records.records[0].config.BLOCK_SIZE_M,128
03-partial-auto-kv,repetitions[0].diagnostics.per_rank[2].kernel_config_records.records[0].config.BLOCK_SIZE_N,128
03-partial-auto-kv,repetitions[0].diagnostics.per_rank[2].kernel_config_records.records[0].config.GROUP_SIZE_M,64
03-partial-auto-kv,repetitions[0].diagnostics.per_rank[2].kernel_config_records.records[0].config.num_stages,3
03-partial-auto-kv,repetitions[0].diagnostics.per_rank[2].kernel_config_records.records[0].config.num_warps,8
03-partial-auto-kv,repetitions[0].diagnostics.per_rank[2].kernel_config_records.records[1].chunk_tokens,1
03-partial-auto-kv,repetitions[0].diagnostics.per_rank[2].kernel_config_records.records[1].top_k,10
03-partial-auto-kv,repetitions[0].diagnostics.per_rank[2].kernel_config_records.records[1].selections,720
03-partial-auto-kv,repetitions[0].diagnostics.per_rank[2].kernel_config_records.records[1].w13_shape[0],512
03-partial-auto-kv,repetitions[0].diagnostics.per_rank[2].kernel_config_records.records[1].w13_shape[1],256
03-partial-auto-kv,repetitions[0].diagnostics.per_rank[2].kernel_config_records.records[1].w13_shape[2],2048
03-partial-auto-kv,repetitions[0].diagnostics.per_rank[2].kernel_config_records.records[1].w2_shape[0],512
03-partial-auto-kv,repetitions[0].diagnostics.per_rank[2].kernel_config_records.records[1].w2_shape[1],2048
03-partial-auto-kv,repetitions[0].diagnostics.per_rank[2].kernel_config_records.records[1].w2_shape[2],128
03-partial-auto-kv,repetitions[0].diagnostics.per_rank[2].kernel_config_records.records[1].config.BLOCK_SIZE_K,64
03-partial-auto-kv,repetitions[0].diagnostics.per_rank[2].kernel_config_records.records[1].config.BLOCK_SIZE_M,16
03-partial-auto-kv,repetitions[0].diagnostics.per_rank[2].kernel_config_records.records[1].config.BLOCK_SIZE_N,32
03-partial-auto-kv,repetitions[0].diagnostics.per_rank[2].kernel_config_records.records[1].config.GROUP_SIZE_M,1
03-partial-auto-kv,repetitions[0].diagnostics.per_rank[2].kernel_config_records.records[1].config.num_stages,4
03-partial-auto-kv,repetitions[0].diagnostics.per_rank[2].kernel_config_records.records[1].config.num_warps,4
03-partial-auto-kv,repetitions[0].diagnostics.per_rank[2].kernel_config_records.records[2].chunk_tokens,4096
03-partial-auto-kv,repetitions[0].diagnostics.per_rank[2].kernel_config_records.records[2].top_k,10
03-partial-auto-kv,repetitions[0].diagnostics.per_rank[2].kernel_config_records.records[2].selections,96
03-partial-auto-kv,repetitions[0].diagnostics.per_rank[2].kernel_config_records.records[2].w13_shape[0],512
03-partial-auto-kv,repetitions[0].diagnostics.per_rank[2].kernel_config_records.records[2].w13_shape[1],256
03-partial-auto-kv,repetitions[0].diagnostics.per_rank[2].kernel_config_records.records[2].w13_shape[2],2048
03-partial-auto-kv,repetitions[0].diagnostics.per_rank[2].kernel_config_records.records[2].w2_shape[0],512
03-partial-auto-kv,repetitions[0].diagnostics.per_rank[2].kernel_config_records.records[2].w2_shape[1],2048
03-partial-auto-kv,repetitions[0].diagnostics.per_rank[2].kernel_config_records.records[2].w2_shape[2],128
03-partial-auto-kv,repetitions[0].diagnostics.per_rank[2].kernel_config_records.records[2].config.BLOCK_SIZE_K,64
03-partial-auto-kv,repetitions[0].diagnostics.per_rank[2].kernel_config_records.records[2].config.BLOCK_SIZE_M,128
03-partial-auto-kv,repetitions[0].diagnostics.per_rank[2].kernel_config_records.records[2].config.BLOCK_SIZE_N,128
03-partial-auto-kv,repetitions[0].diagnostics.per_rank[2].kernel_config_records.records[2].config.GROUP_SIZE_M,64
03-partial-auto-kv,repetitions[0].diagnostics.per_rank[2].kernel_config_records.records[2].config.num_stages,3
03-partial-auto-kv,repetitions[0].diagnostics.per_rank[2].kernel_config_records.records[2].config.num_warps,8
03-partial-auto-kv,repetitions[0].diagnostics.per_rank[3].h2d_bytes,14394851328
03-partial-auto-kv,repetitions[0].diagnostics.per_rank[3].copy_launches,308
03-partial-auto-kv,repetitions[0].diagnostics.per_rank[3].startup_resident_h2d_bytes,0
03-partial-auto-kv,repetitions[0].diagnostics.per_rank[3].promotion_d2d_bytes,3145728
03-partial-auto-kv,repetitions[0].diagnostics.per_rank[3].metadata_h2d_bytes,786448
03-partial-auto-kv,repetitions[0].diagnostics.per_rank[3].unique_demands,24214
03-partial-auto-kv,repetitions[0].diagnostics.per_rank[3].resident_hits,14775
03-partial-auto-kv,repetitions[0].diagnostics.per_rank[3].timing.route_d2h_s,0.6784408404491842
03-partial-auto-kv,repetitions[0].diagnostics.per_rank[3].timing.policy_cpu_s,0.0493225809186697
03-partial-auto-kv,repetitions[0].diagnostics.per_rank[3].timing.host_reuse_wait_s,0.0018013939261436462
03-partial-auto-kv,repetitions[0].diagnostics.per_rank[3].timing.host_gather_s,2.6948888823390007
03-partial-auto-kv,repetitions[0].diagnostics.per_rank[3].timing.h2d_enqueue_s,0.016835494432598352
03-partial-auto-kv,repetitions[0].diagnostics.per_rank[3].timing.compute_enqueue_s,0.16415917640551925
03-partial-auto-kv,repetitions[0].diagnostics.per_rank[3].timing.cuda_sample_count,13
03-partial-auto-kv,repetitions[0].diagnostics.per_rank[3].timing.load_cuda_s,0.012850240066647528
03-partial-auto-kv,repetitions[0].diagnostics.per_rank[3].timing.compute_cuda_s,0.005506560027599334
03-partial-auto-kv,repetitions[0].diagnostics.per_rank[3].timing.promotion_cuda_s,0.0001097600015345961
03-partial-auto-kv,repetitions[0].diagnostics.per_rank[3].policy.observations,384
03-partial-auto-kv,repetitions[0].diagnostics.per_rank[3].policy.unique_demands,24214
03-partial-auto-kv,repetitions[0].diagnostics.per_rank[3].policy.completed_forwards,8
03-partial-auto-kv,repetitions[0].diagnostics.per_rank[3].policy.decay_events,0
03-partial-auto-kv,repetitions[0].diagnostics.per_rank[3].policy.cache_hits,287
03-partial-auto-kv,repetitions[0].diagnostics.per_rank[3].policy.cache_misses,9152
03-partial-auto-kv,repetitions[0].diagnostics.per_rank[3].policy.admissions,2
03-partial-auto-kv,repetitions[0].diagnostics.per_rank[3].policy.evictions,2
03-partial-auto-kv,repetitions[0].diagnostics.per_rank[3].policy.cache_bypasses,9150
03-partial-auto-kv,repetitions[0].diagnostics.per_rank[3].policy.reconfigurations,0
03-partial-auto-kv,repetitions[0].diagnostics.per_rank[3].policy.cache_hit_ratio,0.030405763322385846
03-partial-auto-kv,repetitions[0].diagnostics.per_rank[3].rank,3
03-partial-auto-kv,repetitions[0].diagnostics.per_rank[3].forward_counts[0],8
03-partial-auto-kv,repetitions[0].diagnostics.per_rank[3].forward_counts[1],8
03-partial-auto-kv,repetitions[0].diagnostics.per_rank[3].forward_counts[2],8
03-partial-auto-kv,repetitions[0].diagnostics.per_rank[3].forward_counts[3],8
03-partial-auto-kv,repetitions[0].diagnostics.per_rank[3].forward_counts[4],8
03-partial-auto-kv,repetitions[0].diagnostics.per_rank[3].forward_counts[5],8
03-partial-auto-kv,repetitions[0].diagnostics.per_rank[3].forward_counts[6],8
03-partial-auto-kv,repetitions[0].diagnostics.per_rank[3].forward_counts[7],8
03-partial-auto-kv,repetitions[0].diagnostics.per_rank[3].forward_counts[8],8
03-partial-auto-kv,repetitions[0].diagnostics.per_rank[3].forward_counts[9],8
03-partial-auto-kv,repetitions[0].diagnostics.per_rank[3].forward_counts[10],8
03-partial-auto-kv,repetitions[0].diagnostics.per_rank[3].forward_counts[11],8
03-partial-auto-kv,repetitions[0].diagnostics.per_rank[3].forward_counts[12],8
03-partial-auto-kv,repetitions[0].diagnostics.per_rank[3].forward_counts[13],8
03-partial-auto-kv,repetitions[0].diagnostics.per_rank[3].forward_counts[14],8
03-partial-auto-kv,repetitions[0].diagnostics.per_rank[3].forward_counts[15],8
03-partial-auto-kv,repetitions[0].diagnostics.per_rank[3].forward_counts[16],8
03-partial-auto-kv,repetitions[0].diagnostics.per_rank[3].forward_counts[17],8
03-partial-auto-kv,repetitions[0].diagnostics.per_rank[3].forward_counts[18],8
03-partial-auto-kv,repetitions[0].diagnostics.per_rank[3].forward_counts[19],8
03-partial-auto-kv,repetitions[0].diagnostics.per_rank[3].forward_counts[20],8
03-partial-auto-kv,repetitions[0].diagnostics.per_rank[3].forward_counts[21],8
03-partial-auto-kv,repetitions[0].diagnostics.per_rank[3].forward_counts[22],8
03-partial-auto-kv,repetitions[0].diagnostics.per_rank[3].forward_counts[23],8
03-partial-auto-kv,repetitions[0].diagnostics.per_rank[3].forward_counts[24],8
03-partial-auto-kv,repetitions[0].diagnostics.per_rank[3].forward_counts[25],8
03-partial-auto-kv,repetitions[0].diagnostics.per_rank[3].forward_counts[26],8
03-partial-auto-kv,repetitions[0].diagnostics.per_rank[3].forward_counts[27],8
03-partial-auto-kv,repetitions[0].diagnostics.per_rank[3].forward_counts[28],8
03-partial-auto-kv,repetitions[0].diagnostics.per_rank[3].forward_counts[29],8
03-partial-auto-kv,repetitions[0].diagnostics.per_rank[3].forward_counts[30],8
03-partial-auto-kv,repetitions[0].diagnostics.per_rank[3].forward_counts[31],8
03-partial-auto-kv,repetitions[0].diagnostics.per_rank[3].forward_counts[32],8
03-partial-auto-kv,repetitions[0].diagnostics.per_rank[3].forward_counts[33],8
03-partial-auto-kv,repetitions[0].diagnostics.per_rank[3].forward_counts[34],8
03-partial-auto-kv,repetitions[0].diagnostics.per_rank[3].forward_counts[35],8
03-partial-auto-kv,repetitions[0].diagnostics.per_rank[3].forward_counts[36],8
03-partial-auto-kv,repetitions[0].diagnostics.per_rank[3].forward_counts[37],8
03-partial-auto-kv,repetitions[0].diagnostics.per_rank[3].forward_counts[38],8
03-partial-auto-kv,repetitions[0].diagnostics.per_rank[3].forward_counts[39],8
03-partial-auto-kv,repetitions[0].diagnostics.per_rank[3].forward_counts[40],8
03-partial-auto-kv,repetitions[0].diagnostics.per_rank[3].forward_counts[41],8
03-partial-auto-kv,repetitions[0].diagnostics.per_rank[3].forward_counts[42],8
03-partial-auto-kv,repetitions[0].diagnostics.per_rank[3].forward_counts[43],8
03-partial-auto-kv,repetitions[0].diagnostics.per_rank[3].forward_counts[44],8
03-partial-auto-kv,repetitions[0].diagnostics.per_rank[3].forward_counts[45],8
03-partial-auto-kv,repetitions[0].diagnostics.per_rank[3].forward_counts[46],8
03-partial-auto-kv,repetitions[0].diagnostics.per_rank[3].forward_counts[47],8
03-partial-auto-kv,repetitions[0].diagnostics.per_rank[3].per_layer_unique_demands[0],568
03-partial-auto-kv,repetitions[0].diagnostics.per_rank[3].per_layer_unique_demands[1],507
03-partial-auto-kv,repetitions[0].diagnostics.per_rank[3].per_layer_unique_demands[2],579
03-partial-auto-kv,repetitions[0].diagnostics.per_rank[3].per_layer_unique_demands[3],490
03-partial-auto-kv,repetitions[0].diagnostics.per_rank[3].per_layer_unique_demands[4],485
03-partial-auto-kv,repetitions[0].diagnostics.per_rank[3].per_layer_unique_demands[5],530
03-partial-auto-kv,repetitions[0].diagnostics.per_rank[3].per_layer_unique_demands[6],560
03-partial-auto-kv,repetitions[0].diagnostics.per_rank[3].per_layer_unique_demands[7],553
03-partial-auto-kv,repetitions[0].diagnostics.per_rank[3].per_layer_unique_demands[8],517
03-partial-auto-kv,repetitions[0].diagnostics.per_rank[3].per_layer_unique_demands[9],456
03-partial-auto-kv,repetitions[0].diagnostics.per_rank[3].per_layer_unique_demands[10],470
03-partial-auto-kv,repetitions[0].diagnostics.per_rank[3].per_layer_unique_demands[11],488
03-partial-auto-kv,repetitions[0].diagnostics.per_rank[3].per_layer_unique_demands[12],439
03-partial-auto-kv,repetitions[0].diagnostics.per_rank[3].per_layer_unique_demands[13],459
03-partial-auto-kv,repetitions[0].diagnostics.per_rank[3].per_layer_unique_demands[14],496
03-partial-auto-kv,repetitions[0].diagnostics.per_rank[3].per_layer_unique_demands[15],526
03-partial-auto-kv,repetitions[0].diagnostics.per_rank[3].per_layer_unique_demands[16],495
03-partial-auto-kv,repetitions[0].diagnostics.per_rank[3].per_layer_unique_demands[17],531
03-partial-auto-kv,repetitions[0].diagnostics.per_rank[3].per_layer_unique_demands[18],563
03-partial-auto-kv,repetitions[0].diagnostics.per_rank[3].per_layer_unique_demands[19],556
03-partial-auto-kv,repetitions[0].diagnostics.per_rank[3].per_layer_unique_demands[20],513
03-partial-auto-kv,repetitions[0].diagnostics.per_rank[3].per_layer_unique_demands[21],457
03-partial-auto-kv,repetitions[0].diagnostics.per_rank[3].per_layer_unique_demands[22],484
03-partial-auto-kv,repetitions[0].diagnostics.per_rank[3].per_layer_unique_demands[23],495
03-partial-auto-kv,repetitions[0].diagnostics.per_rank[3].per_layer_unique_demands[24],462
03-partial-auto-kv,repetitions[0].diagnostics.per_rank[3].per_layer_unique_demands[25],475
03-partial-auto-kv,repetitions[0].diagnostics.per_rank[3].per_layer_unique_demands[26],510
03-partial-auto-kv,repetitions[0].diagnostics.per_rank[3].per_layer_unique_demands[27],545
03-partial-auto-kv,repetitions[0].diagnostics.per_rank[3].per_layer_unique_demands[28],512
03-partial-auto-kv,repetitions[0].diagnostics.per_rank[3].per_layer_unique_demands[29],539
03-partial-auto-kv,repetitions[0].diagnostics.per_rank[3].per_layer_unique_demands[30],559
03-partial-auto-kv,repetitions[0].diagnostics.per_rank[3].per_layer_unique_demands[31],558
03-partial-auto-kv,repetitions[0].diagnostics.per_rank[3].per_layer_unique_demands[32],526
03-partial-auto-kv,repetitions[0].diagnostics.per_rank[3].per_layer_unique_demands[33],461
03-partial-auto-kv,repetitions[0].diagnostics.per_rank[3].per_layer_unique_demands[34],482
03-partial-auto-kv,repetitions[0].diagnostics.per_rank[3].per_layer_unique_demands[35],497
03-partial-auto-kv,repetitions[0].diagnostics.per_rank[3].per_layer_unique_demands[36],473
03-partial-auto-kv,repetitions[0].diagnostics.per_rank[3].per_layer_unique_demands[37],484
03-partial-auto-kv,repetitions[0].diagnostics.per_rank[3].per_layer_unique_demands[38],506
03-partial-auto-kv,repetitions[0].diagnostics.per_rank[3].per_layer_unique_demands[39],523
03-partial-auto-kv,repetitions[0].diagnostics.per_rank[3].per_layer_unique_demands[40],530
03-partial-auto-kv,repetitions[0].diagnostics.per_rank[3].per_layer_unique_demands[41],509
03-partial-auto-kv,repetitions[0].diagnostics.per_rank[3].per_layer_unique_demands[42],476
03-partial-auto-kv,repetitions[0].diagnostics.per_rank[3].per_layer_unique_demands[43],485
03-partial-auto-kv,repetitions[0].diagnostics.per_rank[3].per_layer_unique_demands[44],469
03-partial-auto-kv,repetitions[0].diagnostics.per_rank[3].per_layer_unique_demands[45],460
03-partial-auto-kv,repetitions[0].diagnostics.per_rank[3].per_layer_unique_demands[46],462
03-partial-auto-kv,repetitions[0].diagnostics.per_rank[3].per_layer_unique_demands[47],494
03-partial-auto-kv,repetitions[0].diagnostics.per_rank[3].per_layer_mean_unique_coverage[0],0.138671875
03-partial-auto-kv,repetitions[0].diagnostics.per_rank[3].per_layer_mean_unique_coverage[1],0.123779296875
03-partial-auto-kv,repetitions[0].diagnostics.per_rank[3].per_layer_mean_unique_coverage[2],0.141357421875
03-partial-auto-kv,repetitions[0].diagnostics.per_rank[3].per_layer_mean_unique_coverage[3],0.11962890625
03-partial-auto-kv,repetitions[0].diagnostics.per_rank[3].per_layer_mean_unique_coverage[4],0.118408203125
03-partial-auto-kv,repetitions[0].diagnostics.per_rank[3].per_layer_mean_unique_coverage[5],0.12939453125
03-partial-auto-kv,repetitions[0].diagnostics.per_rank[3].per_layer_mean_unique_coverage[6],0.13671875
03-partial-auto-kv,repetitions[0].diagnostics.per_rank[3].per_layer_mean_unique_coverage[7],0.135009765625
03-partial-auto-kv,repetitions[0].diagnostics.per_rank[3].per_layer_mean_unique_coverage[8],0.126220703125
03-partial-auto-kv,repetitions[0].diagnostics.per_rank[3].per_layer_mean_unique_coverage[9],0.111328125
03-partial-auto-kv,repetitions[0].diagnostics.per_rank[3].per_layer_mean_unique_coverage[10],0.11474609375
03-partial-auto-kv,repetitions[0].diagnostics.per_rank[3].per_layer_mean_unique_coverage[11],0.119140625
03-partial-auto-kv,repetitions[0].diagnostics.per_rank[3].per_layer_mean_unique_coverage[12],0.107177734375
03-partial-auto-kv,repetitions[0].diagnostics.per_rank[3].per_layer_mean_unique_coverage[13],0.112060546875
03-partial-auto-kv,repetitions[0].diagnostics.per_rank[3].per_layer_mean_unique_coverage[14],0.12109375
03-partial-auto-kv,repetitions[0].diagnostics.per_rank[3].per_layer_mean_unique_coverage[15],0.12841796875
03-partial-auto-kv,repetitions[0].diagnostics.per_rank[3].per_layer_mean_unique_coverage[16],0.120849609375
03-partial-auto-kv,repetitions[0].diagnostics.per_rank[3].per_layer_mean_unique_coverage[17],0.129638671875
03-partial-auto-kv,repetitions[0].diagnostics.per_rank[3].per_layer_mean_unique_coverage[18],0.137451171875
03-partial-auto-kv,repetitions[0].diagnostics.per_rank[3].per_layer_mean_unique_coverage[19],0.1357421875
03-partial-auto-kv,repetitions[0].diagnostics.per_rank[3].per_layer_mean_unique_coverage[20],0.125244140625
03-partial-auto-kv,repetitions[0].diagnostics.per_rank[3].per_layer_mean_unique_coverage[21],0.111572265625
03-partial-auto-kv,repetitions[0].diagnostics.per_rank[3].per_layer_mean_unique_coverage[22],0.1181640625
03-partial-auto-kv,repetitions[0].diagnostics.per_rank[3].per_layer_mean_unique_coverage[23],0.120849609375
03-partial-auto-kv,repetitions[0].diagnostics.per_rank[3].per_layer_mean_unique_coverage[24],0.11279296875
03-partial-auto-kv,repetitions[0].diagnostics.per_rank[3].per_layer_mean_unique_coverage[25],0.115966796875
03-partial-auto-kv,repetitions[0].diagnostics.per_rank[3].per_layer_mean_unique_coverage[26],0.12451171875
03-partial-auto-kv,repetitions[0].diagnostics.per_rank[3].per_layer_mean_unique_coverage[27],0.133056640625
03-partial-auto-kv,repetitions[0].diagnostics.per_rank[3].per_layer_mean_unique_coverage[28],0.125
03-partial-auto-kv,repetitions[0].diagnostics.per_rank[3].per_layer_mean_unique_coverage[29],0.131591796875
03-partial-auto-kv,repetitions[0].diagnostics.per_rank[3].per_layer_mean_unique_coverage[30],0.136474609375
03-partial-auto-kv,repetitions[0].diagnostics.per_rank[3].per_layer_mean_unique_coverage[31],0.13623046875
03-partial-auto-kv,repetitions[0].diagnostics.per_rank[3].per_layer_mean_unique_coverage[32],0.12841796875
03-partial-auto-kv,repetitions[0].diagnostics.per_rank[3].per_layer_mean_unique_coverage[33],0.112548828125
03-partial-auto-kv,repetitions[0].diagnostics.per_rank[3].per_layer_mean_unique_coverage[34],0.11767578125
03-partial-auto-kv,repetitions[0].diagnostics.per_rank[3].per_layer_mean_unique_coverage[35],0.121337890625
03-partial-auto-kv,repetitions[0].diagnostics.per_rank[3].per_layer_mean_unique_coverage[36],0.115478515625
03-partial-auto-kv,repetitions[0].diagnostics.per_rank[3].per_layer_mean_unique_coverage[37],0.1181640625
03-partial-auto-kv,repetitions[0].diagnostics.per_rank[3].per_layer_mean_unique_coverage[38],0.12353515625
03-partial-auto-kv,repetitions[0].diagnostics.per_rank[3].per_layer_mean_unique_coverage[39],0.127685546875
03-partial-auto-kv,repetitions[0].diagnostics.per_rank[3].per_layer_mean_unique_coverage[40],0.12939453125
03-partial-auto-kv,repetitions[0].diagnostics.per_rank[3].per_layer_mean_unique_coverage[41],0.124267578125
03-partial-auto-kv,repetitions[0].diagnostics.per_rank[3].per_layer_mean_unique_coverage[42],0.1162109375
03-partial-auto-kv,repetitions[0].diagnostics.per_rank[3].per_layer_mean_unique_coverage[43],0.118408203125
03-partial-auto-kv,repetitions[0].diagnostics.per_rank[3].per_layer_mean_unique_coverage[44],0.114501953125
03-partial-auto-kv,repetitions[0].diagnostics.per_rank[3].per_layer_mean_unique_coverage[45],0.1123046875
03-partial-auto-kv,repetitions[0].diagnostics.per_rank[3].per_layer_mean_unique_coverage[46],0.11279296875
03-partial-auto-kv,repetitions[0].diagnostics.per_rank[3].per_layer_mean_unique_coverage[47],0.12060546875
03-partial-auto-kv,repetitions[0].diagnostics.per_rank[3].gauge_snapshot.max_unique_per_forward,509
03-partial-auto-kv,repetitions[0].diagnostics.per_rank[3].gauge_snapshot.mean_unique_coverage,0.10682651452850878
03-partial-auto-kv,repetitions[0].diagnostics.per_rank[3].gauge_snapshot.per_layer_max_unique_per_forward[0],498
03-partial-auto-kv,repetitions[0].diagnostics.per_rank[3].gauge_snapshot.per_layer_max_unique_per_forward[1],437
03-partial-auto-kv,repetitions[0].diagnostics.per_rank[3].gauge_snapshot.per_layer_max_unique_per_forward[2],509
03-partial-auto-kv,repetitions[0].diagnostics.per_rank[3].gauge_snapshot.per_layer_max_unique_per_forward[3],422
03-partial-auto-kv,repetitions[0].diagnostics.per_rank[3].gauge_snapshot.per_layer_max_unique_per_forward[4],415
03-partial-auto-kv,repetitions[0].diagnostics.per_rank[3].gauge_snapshot.per_layer_max_unique_per_forward[5],460
03-partial-auto-kv,repetitions[0].diagnostics.per_rank[3].gauge_snapshot.per_layer_max_unique_per_forward[6],490
03-partial-auto-kv,repetitions[0].diagnostics.per_rank[3].gauge_snapshot.per_layer_max_unique_per_forward[7],484
03-partial-auto-kv,repetitions[0].diagnostics.per_rank[3].gauge_snapshot.per_layer_max_unique_per_forward[8],447
03-partial-auto-kv,repetitions[0].diagnostics.per_rank[3].gauge_snapshot.per_layer_max_unique_per_forward[9],386
03-partial-auto-kv,repetitions[0].diagnostics.per_rank[3].gauge_snapshot.per_layer_max_unique_per_forward[10],400
03-partial-auto-kv,repetitions[0].diagnostics.per_rank[3].gauge_snapshot.per_layer_max_unique_per_forward[11],418
03-partial-auto-kv,repetitions[0].diagnostics.per_rank[3].gauge_snapshot.per_layer_max_unique_per_forward[12],369
03-partial-auto-kv,repetitions[0].diagnostics.per_rank[3].gauge_snapshot.per_layer_max_unique_per_forward[13],389
03-partial-auto-kv,repetitions[0].diagnostics.per_rank[3].gauge_snapshot.per_layer_max_unique_per_forward[14],426
03-partial-auto-kv,repetitions[0].diagnostics.per_rank[3].gauge_snapshot.per_layer_max_unique_per_forward[15],458
03-partial-auto-kv,repetitions[0].diagnostics.per_rank[3].gauge_snapshot.per_layer_max_unique_per_forward[16],427
03-partial-auto-kv,repetitions[0].diagnostics.per_rank[3].gauge_snapshot.per_layer_max_unique_per_forward[17],462
03-partial-auto-kv,repetitions[0].diagnostics.per_rank[3].gauge_snapshot.per_layer_max_unique_per_forward[18],494
03-partial-auto-kv,repetitions[0].diagnostics.per_rank[3].gauge_snapshot.per_layer_max_unique_per_forward[19],488
03-partial-auto-kv,repetitions[0].diagnostics.per_rank[3].gauge_snapshot.per_layer_max_unique_per_forward[20],443
03-partial-auto-kv,repetitions[0].diagnostics.per_rank[3].gauge_snapshot.per_layer_max_unique_per_forward[21],387
03-partial-auto-kv,repetitions[0].diagnostics.per_rank[3].gauge_snapshot.per_layer_max_unique_per_forward[22],414
03-partial-auto-kv,repetitions[0].diagnostics.per_rank[3].gauge_snapshot.per_layer_max_unique_per_forward[23],425
03-partial-auto-kv,repetitions[0].diagnostics.per_rank[3].gauge_snapshot.per_layer_max_unique_per_forward[24],392
03-partial-auto-kv,repetitions[0].diagnostics.per_rank[3].gauge_snapshot.per_layer_max_unique_per_forward[25],405
03-partial-auto-kv,repetitions[0].diagnostics.per_rank[3].gauge_snapshot.per_layer_max_unique_per_forward[26],440
03-partial-auto-kv,repetitions[0].diagnostics.per_rank[3].gauge_snapshot.per_layer_max_unique_per_forward[27],476
03-partial-auto-kv,repetitions[0].diagnostics.per_rank[3].gauge_snapshot.per_layer_max_unique_per_forward[28],442
03-partial-auto-kv,repetitions[0].diagnostics.per_rank[3].gauge_snapshot.per_layer_max_unique_per_forward[29],469
03-partial-auto-kv,repetitions[0].diagnostics.per_rank[3].gauge_snapshot.per_layer_max_unique_per_forward[30],489
03-partial-auto-kv,repetitions[0].diagnostics.per_rank[3].gauge_snapshot.per_layer_max_unique_per_forward[31],488
03-partial-auto-kv,repetitions[0].diagnostics.per_rank[3].gauge_snapshot.per_layer_max_unique_per_forward[32],456
03-partial-auto-kv,repetitions[0].diagnostics.per_rank[3].gauge_snapshot.per_layer_max_unique_per_forward[33],391
03-partial-auto-kv,repetitions[0].diagnostics.per_rank[3].gauge_snapshot.per_layer_max_unique_per_forward[34],414
03-partial-auto-kv,repetitions[0].diagnostics.per_rank[3].gauge_snapshot.per_layer_max_unique_per_forward[35],427
03-partial-auto-kv,repetitions[0].diagnostics.per_rank[3].gauge_snapshot.per_layer_max_unique_per_forward[36],404
03-partial-auto-kv,repetitions[0].diagnostics.per_rank[3].gauge_snapshot.per_layer_max_unique_per_forward[37],414
03-partial-auto-kv,repetitions[0].diagnostics.per_rank[3].gauge_snapshot.per_layer_max_unique_per_forward[38],438
03-partial-auto-kv,repetitions[0].diagnostics.per_rank[3].gauge_snapshot.per_layer_max_unique_per_forward[39],453
03-partial-auto-kv,repetitions[0].diagnostics.per_rank[3].gauge_snapshot.per_layer_max_unique_per_forward[40],460
03-partial-auto-kv,repetitions[0].diagnostics.per_rank[3].gauge_snapshot.per_layer_max_unique_per_forward[41],442
03-partial-auto-kv,repetitions[0].diagnostics.per_rank[3].gauge_snapshot.per_layer_max_unique_per_forward[42],410
03-partial-auto-kv,repetitions[0].diagnostics.per_rank[3].gauge_snapshot.per_layer_max_unique_per_forward[43],415
03-partial-auto-kv,repetitions[0].diagnostics.per_rank[3].gauge_snapshot.per_layer_max_unique_per_forward[44],400
03-partial-auto-kv,repetitions[0].diagnostics.per_rank[3].gauge_snapshot.per_layer_max_unique_per_forward[45],390
03-partial-auto-kv,repetitions[0].diagnostics.per_rank[3].gauge_snapshot.per_layer_max_unique_per_forward[46],393
03-partial-auto-kv,repetitions[0].diagnostics.per_rank[3].gauge_snapshot.per_layer_max_unique_per_forward[47],424
03-partial-auto-kv,repetitions[0].diagnostics.per_rank[3].policy_snapshot.resident_experts,12288
03-partial-auto-kv,repetitions[0].diagnostics.per_rank[3].policy_snapshot.cache_slots,256
03-partial-auto-kv,repetitions[0].diagnostics.per_rank[3].policy_snapshot.cache_entries,256
03-partial-auto-kv,repetitions[0].diagnostics.per_rank[3].policy_snapshot.cache_hit_ratio,0.01996351316132395
03-partial-auto-kv,repetitions[0].diagnostics.per_rank[3].kernel_config_records.capacity,64
03-partial-auto-kv,repetitions[0].diagnostics.per_rank[3].kernel_config_records.unrecorded_selections,0
03-partial-auto-kv,repetitions[0].diagnostics.per_rank[3].kernel_config_records.records[0].chunk_tokens,8192
03-partial-auto-kv,repetitions[0].diagnostics.per_rank[3].kernel_config_records.records[0].top_k,10
03-partial-auto-kv,repetitions[0].diagnostics.per_rank[3].kernel_config_records.records[0].selections,96
03-partial-auto-kv,repetitions[0].diagnostics.per_rank[3].kernel_config_records.records[0].w13_shape[0],512
03-partial-auto-kv,repetitions[0].diagnostics.per_rank[3].kernel_config_records.records[0].w13_shape[1],256
03-partial-auto-kv,repetitions[0].diagnostics.per_rank[3].kernel_config_records.records[0].w13_shape[2],2048
03-partial-auto-kv,repetitions[0].diagnostics.per_rank[3].kernel_config_records.records[0].w2_shape[0],512
03-partial-auto-kv,repetitions[0].diagnostics.per_rank[3].kernel_config_records.records[0].w2_shape[1],2048
03-partial-auto-kv,repetitions[0].diagnostics.per_rank[3].kernel_config_records.records[0].w2_shape[2],128
03-partial-auto-kv,repetitions[0].diagnostics.per_rank[3].kernel_config_records.records[0].config.BLOCK_SIZE_K,64
03-partial-auto-kv,repetitions[0].diagnostics.per_rank[3].kernel_config_records.records[0].config.BLOCK_SIZE_M,128
03-partial-auto-kv,repetitions[0].diagnostics.per_rank[3].kernel_config_records.records[0].config.BLOCK_SIZE_N,128
03-partial-auto-kv,repetitions[0].diagnostics.per_rank[3].kernel_config_records.records[0].config.GROUP_SIZE_M,64
03-partial-auto-kv,repetitions[0].diagnostics.per_rank[3].kernel_config_records.records[0].config.num_stages,3
03-partial-auto-kv,repetitions[0].diagnostics.per_rank[3].kernel_config_records.records[0].config.num_warps,8
03-partial-auto-kv,repetitions[0].diagnostics.per_rank[3].kernel_config_records.records[1].chunk_tokens,1
03-partial-auto-kv,repetitions[0].diagnostics.per_rank[3].kernel_config_records.records[1].top_k,10
03-partial-auto-kv,repetitions[0].diagnostics.per_rank[3].kernel_config_records.records[1].selections,720
03-partial-auto-kv,repetitions[0].diagnostics.per_rank[3].kernel_config_records.records[1].w13_shape[0],512
03-partial-auto-kv,repetitions[0].diagnostics.per_rank[3].kernel_config_records.records[1].w13_shape[1],256
03-partial-auto-kv,repetitions[0].diagnostics.per_rank[3].kernel_config_records.records[1].w13_shape[2],2048
03-partial-auto-kv,repetitions[0].diagnostics.per_rank[3].kernel_config_records.records[1].w2_shape[0],512
03-partial-auto-kv,repetitions[0].diagnostics.per_rank[3].kernel_config_records.records[1].w2_shape[1],2048
03-partial-auto-kv,repetitions[0].diagnostics.per_rank[3].kernel_config_records.records[1].w2_shape[2],128
03-partial-auto-kv,repetitions[0].diagnostics.per_rank[3].kernel_config_records.records[1].config.BLOCK_SIZE_K,64
03-partial-auto-kv,repetitions[0].diagnostics.per_rank[3].kernel_config_records.records[1].config.BLOCK_SIZE_M,16
03-partial-auto-kv,repetitions[0].diagnostics.per_rank[3].kernel_config_records.records[1].config.BLOCK_SIZE_N,32
03-partial-auto-kv,repetitions[0].diagnostics.per_rank[3].kernel_config_records.records[1].config.GROUP_SIZE_M,1
03-partial-auto-kv,repetitions[0].diagnostics.per_rank[3].kernel_config_records.records[1].config.num_stages,4
03-partial-auto-kv,repetitions[0].diagnostics.per_rank[3].kernel_config_records.records[1].config.num_warps,4
03-partial-auto-kv,repetitions[0].diagnostics.per_rank[3].kernel_config_records.records[2].chunk_tokens,4096
03-partial-auto-kv,repetitions[0].diagnostics.per_rank[3].kernel_config_records.records[2].top_k,10
03-partial-auto-kv,repetitions[0].diagnostics.per_rank[3].kernel_config_records.records[2].selections,96
03-partial-auto-kv,repetitions[0].diagnostics.per_rank[3].kernel_config_records.records[2].w13_shape[0],512
03-partial-auto-kv,repetitions[0].diagnostics.per_rank[3].kernel_config_records.records[2].w13_shape[1],256
03-partial-auto-kv,repetitions[0].diagnostics.per_rank[3].kernel_config_records.records[2].w13_shape[2],2048
03-partial-auto-kv,repetitions[0].diagnostics.per_rank[3].kernel_config_records.records[2].w2_shape[0],512
03-partial-auto-kv,repetitions[0].diagnostics.per_rank[3].kernel_config_records.records[2].w2_shape[1],2048
03-partial-auto-kv,repetitions[0].diagnostics.per_rank[3].kernel_config_records.records[2].w2_shape[2],128
03-partial-auto-kv,repetitions[0].diagnostics.per_rank[3].kernel_config_records.records[2].config.BLOCK_SIZE_K,64
03-partial-auto-kv,repetitions[0].diagnostics.per_rank[3].kernel_config_records.records[2].config.BLOCK_SIZE_M,128
03-partial-auto-kv,repetitions[0].diagnostics.per_rank[3].kernel_config_records.records[2].config.BLOCK_SIZE_N,128
03-partial-auto-kv,repetitions[0].diagnostics.per_rank[3].kernel_config_records.records[2].config.GROUP_SIZE_M,64
03-partial-auto-kv,repetitions[0].diagnostics.per_rank[3].kernel_config_records.records[2].config.num_stages,3
03-partial-auto-kv,repetitions[0].diagnostics.per_rank[3].kernel_config_records.records[2].config.num_warps,8
03-partial-auto-kv,repetitions[0].memory[0].rank,0
03-partial-auto-kv,repetitions[0].memory[0].total_gpu_bytes,85017493504
03-partial-auto-kv,repetitions[0].memory[0].free_gpu_bytes,30274551808
03-partial-auto-kv,repetitions[0].memory[0].torch_allocated_bytes,48985906688
03-partial-auto-kv,repetitions[0].memory[0].torch_reserved_bytes,49685725184
03-partial-auto-kv,repetitions[0].memory[0].torch_peak_allocated_bytes,49286568960
03-partial-auto-kv,repetitions[0].memory[0].torch_peak_reserved_bytes,49685725184
03-partial-auto-kv,repetitions[0].memory[0].kv_cache_allocated_bytes,27066236928
03-partial-auto-kv,repetitions[0].memory[0].num_gpu_blocks,8098
03-partial-auto-kv,repetitions[0].memory[0].kv_cache_declared_bytes,27066236928
03-partial-auto-kv,repetitions[0].memory[0].kv_cache_accounting_consistent,True
03-partial-auto-kv,repetitions[0].memory[1].rank,1
03-partial-auto-kv,repetitions[0].memory[1].total_gpu_bytes,85017493504
03-partial-auto-kv,repetitions[0].memory[1].free_gpu_bytes,30274551808
03-partial-auto-kv,repetitions[0].memory[1].torch_allocated_bytes,48985906688
03-partial-auto-kv,repetitions[0].memory[1].torch_reserved_bytes,49685725184
03-partial-auto-kv,repetitions[0].memory[1].torch_peak_allocated_bytes,49286568960
03-partial-auto-kv,repetitions[0].memory[1].torch_peak_reserved_bytes,49685725184
03-partial-auto-kv,repetitions[0].memory[1].kv_cache_allocated_bytes,27066236928
03-partial-auto-kv,repetitions[0].memory[1].num_gpu_blocks,8098
03-partial-auto-kv,repetitions[0].memory[1].kv_cache_declared_bytes,27066236928
03-partial-auto-kv,repetitions[0].memory[1].kv_cache_accounting_consistent,True
03-partial-auto-kv,repetitions[0].memory[2].rank,2
03-partial-auto-kv,repetitions[0].memory[2].total_gpu_bytes,85017493504
03-partial-auto-kv,repetitions[0].memory[2].free_gpu_bytes,30274551808
03-partial-auto-kv,repetitions[0].memory[2].torch_allocated_bytes,48985906688
03-partial-auto-kv,repetitions[0].memory[2].torch_reserved_bytes,49685725184
03-partial-auto-kv,repetitions[0].memory[2].torch_peak_allocated_bytes,49286568960
03-partial-auto-kv,repetitions[0].memory[2].torch_peak_reserved_bytes,49685725184
03-partial-auto-kv,repetitions[0].memory[2].kv_cache_allocated_bytes,27066236928
03-partial-auto-kv,repetitions[0].memory[2].num_gpu_blocks,8098
03-partial-auto-kv,repetitions[0].memory[2].kv_cache_declared_bytes,27066236928
03-partial-auto-kv,repetitions[0].memory[2].kv_cache_accounting_consistent,True
03-partial-auto-kv,repetitions[0].memory[3].rank,3
03-partial-auto-kv,repetitions[0].memory[3].total_gpu_bytes,85017493504
03-partial-auto-kv,repetitions[0].memory[3].free_gpu_bytes,30274551808
03-partial-auto-kv,repetitions[0].memory[3].torch_allocated_bytes,48985906688
03-partial-auto-kv,repetitions[0].memory[3].torch_reserved_bytes,49685725184
03-partial-auto-kv,repetitions[0].memory[3].torch_peak_allocated_bytes,49286568960
03-partial-auto-kv,repetitions[0].memory[3].torch_peak_reserved_bytes,49685725184
03-partial-auto-kv,repetitions[0].memory[3].kv_cache_allocated_bytes,27066236928
03-partial-auto-kv,repetitions[0].memory[3].num_gpu_blocks,8098
03-partial-auto-kv,repetitions[0].memory[3].kv_cache_declared_bytes,27066236928
03-partial-auto-kv,repetitions[0].memory[3].kv_cache_accounting_consistent,True
03-partial-auto-kv,repetitions[0].memory_peak_scope,measured-generate-after-synchronized-reset
03-partial-auto-kv,storage_backend,expert-cache
03-partial-auto-kv,expert_cache_stats[0].schema_version,1
03-partial-auto-kv,expert_cache_stats[0].rank,0
03-partial-auto-kv,expert_cache_stats[0].tensor_parallel_size,4
03-partial-auto-kv,expert_cache_stats[0].total_layers,48
03-partial-auto-kv,expert_cache_stats[0].num_experts,512
03-partial-auto-kv,expert_cache_stats[0].physical_slots,13056
03-partial-auto-kv,expert_cache_stats[0].resident_slots,12288
03-partial-auto-kv,expert_cache_stats[0].cache_slots,256
03-partial-auto-kv,expert_cache_stats[0].ingress_slots,512
03-partial-auto-kv,expert_cache_stats[0].expert_bytes,1572864
03-partial-auto-kv,expert_cache_stats[0].host_source_bytes,38654705664
03-partial-auto-kv,expert_cache_stats[0].pinned_gather_bytes,805306368
03-partial-auto-kv,expert_cache_stats[0].gpu_pool_bytes,20535312384
03-partial-auto-kv,expert_cache_stats[0].gpu_resident_bytes,19327352832
03-partial-auto-kv,expert_cache_stats[0].gpu_cache_bytes,402653184
03-partial-auto-kv,expert_cache_stats[0].gpu_ingress_bytes,805306368
03-partial-auto-kv,expert_cache_stats[0].gpu_metadata_bytes,6144
03-partial-auto-kv,expert_cache_stats[0].pinned_metadata_bytes,6144
03-partial-auto-kv,expert_cache_stats[0].net_freed_bytes,18119387136
03-partial-auto-kv,expert_cache_stats[0].weights_verified,0
03-partial-auto-kv,expert_cache_stats[0].cuda_timing_capacity,128
03-partial-auto-kv,expert_cache_stats[0].h2d_bytes,29572988928
03-partial-auto-kv,expert_cache_stats[0].copy_launches,782
03-partial-auto-kv,expert_cache_stats[0].startup_resident_h2d_bytes,19327352832
03-partial-auto-kv,expert_cache_stats[0].promotion_d2d_bytes,1585446912
03-partial-auto-kv,expert_cache_stats[0].metadata_h2d_bytes,1875840
03-partial-auto-kv,expert_cache_stats[0].unique_demands,49882
03-partial-auto-kv,expert_cache_stats[0].resident_hits,30697
03-partial-auto-kv,expert_cache_stats[0].max_unique_per_forward,509
03-partial-auto-kv,expert_cache_stats[0].mean_unique_coverage,0.10682651452850878
03-partial-auto-kv,expert_cache_stats[0].resident_ratio,0.5
03-partial-auto-kv,expert_cache_stats[0].policy.observations,912
03-partial-auto-kv,expert_cache_stats[0].policy.unique_demands,49882
03-partial-auto-kv,expert_cache_stats[0].policy.completed_forwards,19
03-partial-auto-kv,expert_cache_stats[0].policy.decay_events,0
03-partial-auto-kv,expert_cache_stats[0].policy.cache_hits,383
03-partial-auto-kv,expert_cache_stats[0].policy.cache_misses,18802
03-partial-auto-kv,expert_cache_stats[0].policy.admissions,1008
03-partial-auto-kv,expert_cache_stats[0].policy.evictions,752
03-partial-auto-kv,expert_cache_stats[0].policy.cache_bypasses,17794
03-partial-auto-kv,expert_cache_stats[0].policy.reconfigurations,0
03-partial-auto-kv,expert_cache_stats[0].policy.resident_experts,12288
03-partial-auto-kv,expert_cache_stats[0].policy.cache_slots,256
03-partial-auto-kv,expert_cache_stats[0].policy.cache_entries,256
03-partial-auto-kv,expert_cache_stats[0].policy.cache_hit_ratio,0.01996351316132395
03-partial-auto-kv,expert_cache_stats[0].timing.route_d2h_s,0.5050653060898185
03-partial-auto-kv,expert_cache_stats[0].timing.policy_cpu_s,0.049683783669024706
03-partial-auto-kv,expert_cache_stats[0].timing.host_reuse_wait_s,0.0018550991080701351
03-partial-auto-kv,expert_cache_stats[0].timing.host_gather_s,3.1988997240550816
03-partial-auto-kv,expert_cache_stats[0].timing.h2d_enqueue_s,0.016231521032750607
03-partial-auto-kv,expert_cache_stats[0].timing.compute_enqueue_s,0.16545952577143908
03-partial-auto-kv,expert_cache_stats[0].timing.cuda_sample_count,13
03-partial-auto-kv,expert_cache_stats[0].timing.load_cuda_s,0.012528992135077714
03-partial-auto-kv,expert_cache_stats[0].timing.compute_cuda_s,0.00549600002169609
03-partial-auto-kv,expert_cache_stats[0].timing.promotion_cuda_s,0.00010777600132860242
03-partial-auto-kv,expert_cache_stats[0].forward_counts[0],19
03-partial-auto-kv,expert_cache_stats[0].forward_counts[1],19
03-partial-auto-kv,expert_cache_stats[0].forward_counts[2],19
03-partial-auto-kv,expert_cache_stats[0].forward_counts[3],19
03-partial-auto-kv,expert_cache_stats[0].forward_counts[4],19
03-partial-auto-kv,expert_cache_stats[0].forward_counts[5],19
03-partial-auto-kv,expert_cache_stats[0].forward_counts[6],19
03-partial-auto-kv,expert_cache_stats[0].forward_counts[7],19
03-partial-auto-kv,expert_cache_stats[0].forward_counts[8],19
03-partial-auto-kv,expert_cache_stats[0].forward_counts[9],19
03-partial-auto-kv,expert_cache_stats[0].forward_counts[10],19
03-partial-auto-kv,expert_cache_stats[0].forward_counts[11],19
03-partial-auto-kv,expert_cache_stats[0].forward_counts[12],19
03-partial-auto-kv,expert_cache_stats[0].forward_counts[13],19
03-partial-auto-kv,expert_cache_stats[0].forward_counts[14],19
03-partial-auto-kv,expert_cache_stats[0].forward_counts[15],19
03-partial-auto-kv,expert_cache_stats[0].forward_counts[16],19
03-partial-auto-kv,expert_cache_stats[0].forward_counts[17],19
03-partial-auto-kv,expert_cache_stats[0].forward_counts[18],19
03-partial-auto-kv,expert_cache_stats[0].forward_counts[19],19
03-partial-auto-kv,expert_cache_stats[0].forward_counts[20],19
03-partial-auto-kv,expert_cache_stats[0].forward_counts[21],19
03-partial-auto-kv,expert_cache_stats[0].forward_counts[22],19
03-partial-auto-kv,expert_cache_stats[0].forward_counts[23],19
03-partial-auto-kv,expert_cache_stats[0].forward_counts[24],19
03-partial-auto-kv,expert_cache_stats[0].forward_counts[25],19
03-partial-auto-kv,expert_cache_stats[0].forward_counts[26],19
03-partial-auto-kv,expert_cache_stats[0].forward_counts[27],19
03-partial-auto-kv,expert_cache_stats[0].forward_counts[28],19
03-partial-auto-kv,expert_cache_stats[0].forward_counts[29],19
03-partial-auto-kv,expert_cache_stats[0].forward_counts[30],19
03-partial-auto-kv,expert_cache_stats[0].forward_counts[31],19
03-partial-auto-kv,expert_cache_stats[0].forward_counts[32],19
03-partial-auto-kv,expert_cache_stats[0].forward_counts[33],19
03-partial-auto-kv,expert_cache_stats[0].forward_counts[34],19
03-partial-auto-kv,expert_cache_stats[0].forward_counts[35],19
03-partial-auto-kv,expert_cache_stats[0].forward_counts[36],19
03-partial-auto-kv,expert_cache_stats[0].forward_counts[37],19
03-partial-auto-kv,expert_cache_stats[0].forward_counts[38],19
03-partial-auto-kv,expert_cache_stats[0].forward_counts[39],19
03-partial-auto-kv,expert_cache_stats[0].forward_counts[40],19
03-partial-auto-kv,expert_cache_stats[0].forward_counts[41],19
03-partial-auto-kv,expert_cache_stats[0].forward_counts[42],19
03-partial-auto-kv,expert_cache_stats[0].forward_counts[43],19
03-partial-auto-kv,expert_cache_stats[0].forward_counts[44],19
03-partial-auto-kv,expert_cache_stats[0].forward_counts[45],19
03-partial-auto-kv,expert_cache_stats[0].forward_counts[46],19
03-partial-auto-kv,expert_cache_stats[0].forward_counts[47],19
03-partial-auto-kv,expert_cache_stats[0].per_layer_unique_demands[0],1166
03-partial-auto-kv,expert_cache_stats[0].per_layer_unique_demands[1],1043
03-partial-auto-kv,expert_cache_stats[0].per_layer_unique_demands[2],1188
03-partial-auto-kv,expert_cache_stats[0].per_layer_unique_demands[3],1012
03-partial-auto-kv,expert_cache_stats[0].per_layer_unique_demands[4],1000
03-partial-auto-kv,expert_cache_stats[0].per_layer_unique_demands[5],1089
03-partial-auto-kv,expert_cache_stats[0].per_layer_unique_demands[6],1150
03-partial-auto-kv,expert_cache_stats[0].per_layer_unique_demands[7],1137
03-partial-auto-kv,expert_cache_stats[0].per_layer_unique_demands[8],1064
03-partial-auto-kv,expert_cache_stats[0].per_layer_unique_demands[9],940
03-partial-auto-kv,expert_cache_stats[0].per_layer_unique_demands[10],970
03-partial-auto-kv,expert_cache_stats[0].per_layer_unique_demands[11],1003
03-partial-auto-kv,expert_cache_stats[0].per_layer_unique_demands[12],906
03-partial-auto-kv,expert_cache_stats[0].per_layer_unique_demands[13],948
03-partial-auto-kv,expert_cache_stats[0].per_layer_unique_demands[14],1022
03-partial-auto-kv,expert_cache_stats[0].per_layer_unique_demands[15],1084
03-partial-auto-kv,expert_cache_stats[0].per_layer_unique_demands[16],1022
03-partial-auto-kv,expert_cache_stats[0].per_layer_unique_demands[17],1093
03-partial-auto-kv,expert_cache_stats[0].per_layer_unique_demands[18],1157
03-partial-auto-kv,expert_cache_stats[0].per_layer_unique_demands[19],1144
03-partial-auto-kv,expert_cache_stats[0].per_layer_unique_demands[20],1056
03-partial-auto-kv,expert_cache_stats[0].per_layer_unique_demands[21],944
03-partial-auto-kv,expert_cache_stats[0].per_layer_unique_demands[22],997
03-partial-auto-kv,expert_cache_stats[0].per_layer_unique_demands[23],1019
03-partial-auto-kv,expert_cache_stats[0].per_layer_unique_demands[24],954
03-partial-auto-kv,expert_cache_stats[0].per_layer_unique_demands[25],975
03-partial-auto-kv,expert_cache_stats[0].per_layer_unique_demands[26],1052
03-partial-auto-kv,expert_cache_stats[0].per_layer_unique_demands[27],1121
03-partial-auto-kv,expert_cache_stats[0].per_layer_unique_demands[28],1054
03-partial-auto-kv,expert_cache_stats[0].per_layer_unique_demands[29],1107
03-partial-auto-kv,expert_cache_stats[0].per_layer_unique_demands[30],1150
03-partial-auto-kv,expert_cache_stats[0].per_layer_unique_demands[31],1145
03-partial-auto-kv,expert_cache_stats[0].per_layer_unique_demands[32],1080
03-partial-auto-kv,expert_cache_stats[0].per_layer_unique_demands[33],952
03-partial-auto-kv,expert_cache_stats[0].per_layer_unique_demands[34],996
03-partial-auto-kv,expert_cache_stats[0].per_layer_unique_demands[35],1023
03-partial-auto-kv,expert_cache_stats[0].per_layer_unique_demands[36],977
03-partial-auto-kv,expert_cache_stats[0].per_layer_unique_demands[37],996
03-partial-auto-kv,expert_cache_stats[0].per_layer_unique_demands[38],1046
03-partial-auto-kv,expert_cache_stats[0].per_layer_unique_demands[39],1076
03-partial-auto-kv,expert_cache_stats[0].per_layer_unique_demands[40],1088
03-partial-auto-kv,expert_cache_stats[0].per_layer_unique_demands[41],1053
03-partial-auto-kv,expert_cache_stats[0].per_layer_unique_demands[42],988
03-partial-auto-kv,expert_cache_stats[0].per_layer_unique_demands[43],1001
03-partial-auto-kv,expert_cache_stats[0].per_layer_unique_demands[44],969
03-partial-auto-kv,expert_cache_stats[0].per_layer_unique_demands[45],948
03-partial-auto-kv,expert_cache_stats[0].per_layer_unique_demands[46],957
03-partial-auto-kv,expert_cache_stats[0].per_layer_unique_demands[47],1020
03-partial-auto-kv,expert_cache_stats[0].per_layer_max_unique_per_forward[0],498
03-partial-auto-kv,expert_cache_stats[0].per_layer_max_unique_per_forward[1],437
03-partial-auto-kv,expert_cache_stats[0].per_layer_max_unique_per_forward[2],509
03-partial-auto-kv,expert_cache_stats[0].per_layer_max_unique_per_forward[3],422
03-partial-auto-kv,expert_cache_stats[0].per_layer_max_unique_per_forward[4],415
03-partial-auto-kv,expert_cache_stats[0].per_layer_max_unique_per_forward[5],460
03-partial-auto-kv,expert_cache_stats[0].per_layer_max_unique_per_forward[6],490
03-partial-auto-kv,expert_cache_stats[0].per_layer_max_unique_per_forward[7],484
03-partial-auto-kv,expert_cache_stats[0].per_layer_max_unique_per_forward[8],447
03-partial-auto-kv,expert_cache_stats[0].per_layer_max_unique_per_forward[9],386
03-partial-auto-kv,expert_cache_stats[0].per_layer_max_unique_per_forward[10],400
03-partial-auto-kv,expert_cache_stats[0].per_layer_max_unique_per_forward[11],418
03-partial-auto-kv,expert_cache_stats[0].per_layer_max_unique_per_forward[12],369
03-partial-auto-kv,expert_cache_stats[0].per_layer_max_unique_per_forward[13],389
03-partial-auto-kv,expert_cache_stats[0].per_layer_max_unique_per_forward[14],426
03-partial-auto-kv,expert_cache_stats[0].per_layer_max_unique_per_forward[15],458
03-partial-auto-kv,expert_cache_stats[0].per_layer_max_unique_per_forward[16],427
03-partial-auto-kv,expert_cache_stats[0].per_layer_max_unique_per_forward[17],462
03-partial-auto-kv,expert_cache_stats[0].per_layer_max_unique_per_forward[18],494
03-partial-auto-kv,expert_cache_stats[0].per_layer_max_unique_per_forward[19],488
03-partial-auto-kv,expert_cache_stats[0].per_layer_max_unique_per_forward[20],443
03-partial-auto-kv,expert_cache_stats[0].per_layer_max_unique_per_forward[21],387
03-partial-auto-kv,expert_cache_stats[0].per_layer_max_unique_per_forward[22],414
03-partial-auto-kv,expert_cache_stats[0].per_layer_max_unique_per_forward[23],425
03-partial-auto-kv,expert_cache_stats[0].per_layer_max_unique_per_forward[24],392
03-partial-auto-kv,expert_cache_stats[0].per_layer_max_unique_per_forward[25],405
03-partial-auto-kv,expert_cache_stats[0].per_layer_max_unique_per_forward[26],440
03-partial-auto-kv,expert_cache_stats[0].per_layer_max_unique_per_forward[27],476
03-partial-auto-kv,expert_cache_stats[0].per_layer_max_unique_per_forward[28],442
03-partial-auto-kv,expert_cache_stats[0].per_layer_max_unique_per_forward[29],469
03-partial-auto-kv,expert_cache_stats[0].per_layer_max_unique_per_forward[30],489
03-partial-auto-kv,expert_cache_stats[0].per_layer_max_unique_per_forward[31],488
03-partial-auto-kv,expert_cache_stats[0].per_layer_max_unique_per_forward[32],456
03-partial-auto-kv,expert_cache_stats[0].per_layer_max_unique_per_forward[33],391
03-partial-auto-kv,expert_cache_stats[0].per_layer_max_unique_per_forward[34],414
03-partial-auto-kv,expert_cache_stats[0].per_layer_max_unique_per_forward[35],427
03-partial-auto-kv,expert_cache_stats[0].per_layer_max_unique_per_forward[36],404
03-partial-auto-kv,expert_cache_stats[0].per_layer_max_unique_per_forward[37],414
03-partial-auto-kv,expert_cache_stats[0].per_layer_max_unique_per_forward[38],438
03-partial-auto-kv,expert_cache_stats[0].per_layer_max_unique_per_forward[39],453
03-partial-auto-kv,expert_cache_stats[0].per_layer_max_unique_per_forward[40],460
03-partial-auto-kv,expert_cache_stats[0].per_layer_max_unique_per_forward[41],442
03-partial-auto-kv,expert_cache_stats[0].per_layer_max_unique_per_forward[42],410
03-partial-auto-kv,expert_cache_stats[0].per_layer_max_unique_per_forward[43],415
03-partial-auto-kv,expert_cache_stats[0].per_layer_max_unique_per_forward[44],400
03-partial-auto-kv,expert_cache_stats[0].per_layer_max_unique_per_forward[45],390
03-partial-auto-kv,expert_cache_stats[0].per_layer_max_unique_per_forward[46],393
03-partial-auto-kv,expert_cache_stats[0].per_layer_max_unique_per_forward[47],424
03-partial-auto-kv,expert_cache_stats[0].identity.geometry.total_layers,48
03-partial-auto-kv,expert_cache_stats[0].identity.geometry.num_experts,512
03-partial-auto-kv,expert_cache_stats[0].identity.geometry.hidden_size,2048
03-partial-auto-kv,expert_cache_stats[0].identity.geometry.intermediate_size,128
03-partial-auto-kv,expert_cache_stats[0].identity.tensor_parallel_size,4
03-partial-auto-kv,expert_cache_stats[0].identity.model_config_sha256,2d483c7cabad7c8704478ed4038fa7e7b2eff840bc00a118eccbe38e2b488303
03-partial-auto-kv,expert_cache_stats[0].identity.model_identity_sha256,24f6a89ba0e0435caffbb3d056425fb1fe980fca09d5a8749dfb231bd24880d8
03-partial-auto-kv,expert_cache_stats[0].profile_sha256,0c54d62f0f172a2fe11e201125c385bed91db37df7d949dff7a929686b96357e
03-partial-auto-kv,expert_cache_stats[0].cache_policy,decayed-lfu
03-partial-auto-kv,expert_cache_stats[0].failed,False
03-partial-auto-kv,expert_cache_stats[0].weight_verification_scope,CUDA parity tests required; no runtime weight D2H verification
03-partial-auto-kv,expert_cache_stats[0].temporary_memory_scope,native fused kernel workspace/output and CPU route IDs scale with scheduled tokens; no weight-sized GPU gather temporary
03-partial-auto-kv,expert_cache_stats[0].memory_accounting_scope,"tensor payload bytes; excludes allocator rounding, CUDA event driver memory and Python policy metadata; native/chunk output workspace must be included in vLLM measured profiling peak"
03-partial-auto-kv,expert_cache_stats[0].kernel_config_scope,native logical E geometry per actual native chunk size
03-partial-auto-kv,expert_cache_stats[0].transfer_schedule,demand-critical H2D on compute stream; no speculative prefetch
03-partial-auto-kv,expert_cache_stats[0].kernel_config_records.capacity,64
03-partial-auto-kv,expert_cache_stats[0].kernel_config_records.unrecorded_selections,0
03-partial-auto-kv,expert_cache_stats[0].kernel_config_records.records[0].chunk_tokens,8192
03-partial-auto-kv,expert_cache_stats[0].kernel_config_records.records[0].top_k,10
03-partial-auto-kv,expert_cache_stats[0].kernel_config_records.records[0].selections,96
03-partial-auto-kv,expert_cache_stats[0].kernel_config_records.records[0].w13_shape[0],512
03-partial-auto-kv,expert_cache_stats[0].kernel_config_records.records[0].w13_shape[1],256
03-partial-auto-kv,expert_cache_stats[0].kernel_config_records.records[0].w13_shape[2],2048
03-partial-auto-kv,expert_cache_stats[0].kernel_config_records.records[0].w2_shape[0],512
03-partial-auto-kv,expert_cache_stats[0].kernel_config_records.records[0].w2_shape[1],2048
03-partial-auto-kv,expert_cache_stats[0].kernel_config_records.records[0].w2_shape[2],128
03-partial-auto-kv,expert_cache_stats[0].kernel_config_records.records[0].config.BLOCK_SIZE_K,64
03-partial-auto-kv,expert_cache_stats[0].kernel_config_records.records[0].config.BLOCK_SIZE_M,128
03-partial-auto-kv,expert_cache_stats[0].kernel_config_records.records[0].config.BLOCK_SIZE_N,128
03-partial-auto-kv,expert_cache_stats[0].kernel_config_records.records[0].config.GROUP_SIZE_M,64
03-partial-auto-kv,expert_cache_stats[0].kernel_config_records.records[0].config.num_stages,3
03-partial-auto-kv,expert_cache_stats[0].kernel_config_records.records[0].config.num_warps,8
03-partial-auto-kv,expert_cache_stats[0].kernel_config_records.records[1].chunk_tokens,1
03-partial-auto-kv,expert_cache_stats[0].kernel_config_records.records[1].top_k,10
03-partial-auto-kv,expert_cache_stats[0].kernel_config_records.records[1].selections,720
03-partial-auto-kv,expert_cache_stats[0].kernel_config_records.records[1].w13_shape[0],512
03-partial-auto-kv,expert_cache_stats[0].kernel_config_records.records[1].w13_shape[1],256
03-partial-auto-kv,expert_cache_stats[0].kernel_config_records.records[1].w13_shape[2],2048
03-partial-auto-kv,expert_cache_stats[0].kernel_config_records.records[1].w2_shape[0],512
03-partial-auto-kv,expert_cache_stats[0].kernel_config_records.records[1].w2_shape[1],2048
03-partial-auto-kv,expert_cache_stats[0].kernel_config_records.records[1].w2_shape[2],128
03-partial-auto-kv,expert_cache_stats[0].kernel_config_records.records[1].config.BLOCK_SIZE_K,64
03-partial-auto-kv,expert_cache_stats[0].kernel_config_records.records[1].config.BLOCK_SIZE_M,16
03-partial-auto-kv,expert_cache_stats[0].kernel_config_records.records[1].config.BLOCK_SIZE_N,32
03-partial-auto-kv,expert_cache_stats[0].kernel_config_records.records[1].config.GROUP_SIZE_M,1
03-partial-auto-kv,expert_cache_stats[0].kernel_config_records.records[1].config.num_stages,4
03-partial-auto-kv,expert_cache_stats[0].kernel_config_records.records[1].config.num_warps,4
03-partial-auto-kv,expert_cache_stats[0].kernel_config_records.records[2].chunk_tokens,4096
03-partial-auto-kv,expert_cache_stats[0].kernel_config_records.records[2].top_k,10
03-partial-auto-kv,expert_cache_stats[0].kernel_config_records.records[2].selections,96
03-partial-auto-kv,expert_cache_stats[0].kernel_config_records.records[2].w13_shape[0],512
03-partial-auto-kv,expert_cache_stats[0].kernel_config_records.records[2].w13_shape[1],256
03-partial-auto-kv,expert_cache_stats[0].kernel_config_records.records[2].w13_shape[2],2048
03-partial-auto-kv,expert_cache_stats[0].kernel_config_records.records[2].w2_shape[0],512
03-partial-auto-kv,expert_cache_stats[0].kernel_config_records.records[2].w2_shape[1],2048
03-partial-auto-kv,expert_cache_stats[0].kernel_config_records.records[2].w2_shape[2],128
03-partial-auto-kv,expert_cache_stats[0].kernel_config_records.records[2].config.BLOCK_SIZE_K,64
03-partial-auto-kv,expert_cache_stats[0].kernel_config_records.records[2].config.BLOCK_SIZE_M,128
03-partial-auto-kv,expert_cache_stats[0].kernel_config_records.records[2].config.BLOCK_SIZE_N,128
03-partial-auto-kv,expert_cache_stats[0].kernel_config_records.records[2].config.GROUP_SIZE_M,64
03-partial-auto-kv,expert_cache_stats[0].kernel_config_records.records[2].config.num_stages,3
03-partial-auto-kv,expert_cache_stats[0].kernel_config_records.records[2].config.num_warps,8
03-partial-auto-kv,expert_cache_stats[1].schema_version,1
03-partial-auto-kv,expert_cache_stats[1].rank,1
03-partial-auto-kv,expert_cache_stats[1].tensor_parallel_size,4
03-partial-auto-kv,expert_cache_stats[1].total_layers,48
03-partial-auto-kv,expert_cache_stats[1].num_experts,512
03-partial-auto-kv,expert_cache_stats[1].physical_slots,13056
03-partial-auto-kv,expert_cache_stats[1].resident_slots,12288
03-partial-auto-kv,expert_cache_stats[1].cache_slots,256
03-partial-auto-kv,expert_cache_stats[1].ingress_slots,512
03-partial-auto-kv,expert_cache_stats[1].expert_bytes,1572864
03-partial-auto-kv,expert_cache_stats[1].host_source_bytes,38654705664
03-partial-auto-kv,expert_cache_stats[1].pinned_gather_bytes,805306368
03-partial-auto-kv,expert_cache_stats[1].gpu_pool_bytes,20535312384
03-partial-auto-kv,expert_cache_stats[1].gpu_resident_bytes,19327352832
03-partial-auto-kv,expert_cache_stats[1].gpu_cache_bytes,402653184
03-partial-auto-kv,expert_cache_stats[1].gpu_ingress_bytes,805306368
03-partial-auto-kv,expert_cache_stats[1].gpu_metadata_bytes,6144
03-partial-auto-kv,expert_cache_stats[1].pinned_metadata_bytes,6144
03-partial-auto-kv,expert_cache_stats[1].net_freed_bytes,18119387136
03-partial-auto-kv,expert_cache_stats[1].weights_verified,0
03-partial-auto-kv,expert_cache_stats[1].cuda_timing_capacity,128
03-partial-auto-kv,expert_cache_stats[1].h2d_bytes,29572988928
03-partial-auto-kv,expert_cache_stats[1].copy_launches,782
03-partial-auto-kv,expert_cache_stats[1].startup_resident_h2d_bytes,19327352832
03-partial-auto-kv,expert_cache_stats[1].promotion_d2d_bytes,1585446912
03-partial-auto-kv,expert_cache_stats[1].metadata_h2d_bytes,1875840
03-partial-auto-kv,expert_cache_stats[1].unique_demands,49882
03-partial-auto-kv,expert_cache_stats[1].resident_hits,30697
03-partial-auto-kv,expert_cache_stats[1].max_unique_per_forward,509
03-partial-auto-kv,expert_cache_stats[1].mean_unique_coverage,0.10682651452850878
03-partial-auto-kv,expert_cache_stats[1].resident_ratio,0.5
03-partial-auto-kv,expert_cache_stats[1].policy.observations,912
03-partial-auto-kv,expert_cache_stats[1].policy.unique_demands,49882
03-partial-auto-kv,expert_cache_stats[1].policy.completed_forwards,19
03-partial-auto-kv,expert_cache_stats[1].policy.decay_events,0
03-partial-auto-kv,expert_cache_stats[1].policy.cache_hits,383
03-partial-auto-kv,expert_cache_stats[1].policy.cache_misses,18802
03-partial-auto-kv,expert_cache_stats[1].policy.admissions,1008
03-partial-auto-kv,expert_cache_stats[1].policy.evictions,752
03-partial-auto-kv,expert_cache_stats[1].policy.cache_bypasses,17794
03-partial-auto-kv,expert_cache_stats[1].policy.reconfigurations,0
03-partial-auto-kv,expert_cache_stats[1].policy.resident_experts,12288
03-partial-auto-kv,expert_cache_stats[1].policy.cache_slots,256
03-partial-auto-kv,expert_cache_stats[1].policy.cache_entries,256
03-partial-auto-kv,expert_cache_stats[1].policy.cache_hit_ratio,0.01996351316132395
03-partial-auto-kv,expert_cache_stats[1].timing.route_d2h_s,0.31323369359597564
03-partial-auto-kv,expert_cache_stats[1].timing.policy_cpu_s,0.052299837581813335
03-partial-auto-kv,expert_cache_stats[1].timing.host_reuse_wait_s,0.0018465500324964523
03-partial-auto-kv,expert_cache_stats[1].timing.host_gather_s,3.949283788446337
03-partial-auto-kv,expert_cache_stats[1].timing.h2d_enqueue_s,0.018745961599051952
03-partial-auto-kv,expert_cache_stats[1].timing.compute_enqueue_s,0.17301760567352176
03-partial-auto-kv,expert_cache_stats[1].timing.cuda_sample_count,13
03-partial-auto-kv,expert_cache_stats[1].timing.load_cuda_s,0.012713024083524942
03-partial-auto-kv,expert_cache_stats[1].timing.compute_cuda_s,0.005576192051172256
03-partial-auto-kv,expert_cache_stats[1].timing.promotion_cuda_s,0.00011708799796178938
03-partial-auto-kv,expert_cache_stats[1].forward_counts[0],19
03-partial-auto-kv,expert_cache_stats[1].forward_counts[1],19
03-partial-auto-kv,expert_cache_stats[1].forward_counts[2],19
03-partial-auto-kv,expert_cache_stats[1].forward_counts[3],19
03-partial-auto-kv,expert_cache_stats[1].forward_counts[4],19
03-partial-auto-kv,expert_cache_stats[1].forward_counts[5],19
03-partial-auto-kv,expert_cache_stats[1].forward_counts[6],19
03-partial-auto-kv,expert_cache_stats[1].forward_counts[7],19
03-partial-auto-kv,expert_cache_stats[1].forward_counts[8],19
03-partial-auto-kv,expert_cache_stats[1].forward_counts[9],19
03-partial-auto-kv,expert_cache_stats[1].forward_counts[10],19
03-partial-auto-kv,expert_cache_stats[1].forward_counts[11],19
03-partial-auto-kv,expert_cache_stats[1].forward_counts[12],19
03-partial-auto-kv,expert_cache_stats[1].forward_counts[13],19
03-partial-auto-kv,expert_cache_stats[1].forward_counts[14],19
03-partial-auto-kv,expert_cache_stats[1].forward_counts[15],19
03-partial-auto-kv,expert_cache_stats[1].forward_counts[16],19
03-partial-auto-kv,expert_cache_stats[1].forward_counts[17],19
03-partial-auto-kv,expert_cache_stats[1].forward_counts[18],19
03-partial-auto-kv,expert_cache_stats[1].forward_counts[19],19
03-partial-auto-kv,expert_cache_stats[1].forward_counts[20],19
03-partial-auto-kv,expert_cache_stats[1].forward_counts[21],19
03-partial-auto-kv,expert_cache_stats[1].forward_counts[22],19
03-partial-auto-kv,expert_cache_stats[1].forward_counts[23],19
03-partial-auto-kv,expert_cache_stats[1].forward_counts[24],19
03-partial-auto-kv,expert_cache_stats[1].forward_counts[25],19
03-partial-auto-kv,expert_cache_stats[1].forward_counts[26],19
03-partial-auto-kv,expert_cache_stats[1].forward_counts[27],19
03-partial-auto-kv,expert_cache_stats[1].forward_counts[28],19
03-partial-auto-kv,expert_cache_stats[1].forward_counts[29],19
03-partial-auto-kv,expert_cache_stats[1].forward_counts[30],19
03-partial-auto-kv,expert_cache_stats[1].forward_counts[31],19
03-partial-auto-kv,expert_cache_stats[1].forward_counts[32],19
03-partial-auto-kv,expert_cache_stats[1].forward_counts[33],19
03-partial-auto-kv,expert_cache_stats[1].forward_counts[34],19
03-partial-auto-kv,expert_cache_stats[1].forward_counts[35],19
03-partial-auto-kv,expert_cache_stats[1].forward_counts[36],19
03-partial-auto-kv,expert_cache_stats[1].forward_counts[37],19
03-partial-auto-kv,expert_cache_stats[1].forward_counts[38],19
03-partial-auto-kv,expert_cache_stats[1].forward_counts[39],19
03-partial-auto-kv,expert_cache_stats[1].forward_counts[40],19
03-partial-auto-kv,expert_cache_stats[1].forward_counts[41],19
03-partial-auto-kv,expert_cache_stats[1].forward_counts[42],19
03-partial-auto-kv,expert_cache_stats[1].forward_counts[43],19
03-partial-auto-kv,expert_cache_stats[1].forward_counts[44],19
03-partial-auto-kv,expert_cache_stats[1].forward_counts[45],19
03-partial-auto-kv,expert_cache_stats[1].forward_counts[46],19
03-partial-auto-kv,expert_cache_stats[1].forward_counts[47],19
03-partial-auto-kv,expert_cache_stats[1].per_layer_unique_demands[0],1166
03-partial-auto-kv,expert_cache_stats[1].per_layer_unique_demands[1],1043
03-partial-auto-kv,expert_cache_stats[1].per_layer_unique_demands[2],1188
03-partial-auto-kv,expert_cache_stats[1].per_layer_unique_demands[3],1012
03-partial-auto-kv,expert_cache_stats[1].per_layer_unique_demands[4],1000
03-partial-auto-kv,expert_cache_stats[1].per_layer_unique_demands[5],1089
03-partial-auto-kv,expert_cache_stats[1].per_layer_unique_demands[6],1150
03-partial-auto-kv,expert_cache_stats[1].per_layer_unique_demands[7],1137
03-partial-auto-kv,expert_cache_stats[1].per_layer_unique_demands[8],1064
03-partial-auto-kv,expert_cache_stats[1].per_layer_unique_demands[9],940
03-partial-auto-kv,expert_cache_stats[1].per_layer_unique_demands[10],970
03-partial-auto-kv,expert_cache_stats[1].per_layer_unique_demands[11],1003
03-partial-auto-kv,expert_cache_stats[1].per_layer_unique_demands[12],906
03-partial-auto-kv,expert_cache_stats[1].per_layer_unique_demands[13],948
03-partial-auto-kv,expert_cache_stats[1].per_layer_unique_demands[14],1022
03-partial-auto-kv,expert_cache_stats[1].per_layer_unique_demands[15],1084
03-partial-auto-kv,expert_cache_stats[1].per_layer_unique_demands[16],1022
03-partial-auto-kv,expert_cache_stats[1].per_layer_unique_demands[17],1093
03-partial-auto-kv,expert_cache_stats[1].per_layer_unique_demands[18],1157
03-partial-auto-kv,expert_cache_stats[1].per_layer_unique_demands[19],1144
03-partial-auto-kv,expert_cache_stats[1].per_layer_unique_demands[20],1056
03-partial-auto-kv,expert_cache_stats[1].per_layer_unique_demands[21],944
03-partial-auto-kv,expert_cache_stats[1].per_layer_unique_demands[22],997
03-partial-auto-kv,expert_cache_stats[1].per_layer_unique_demands[23],1019
03-partial-auto-kv,expert_cache_stats[1].per_layer_unique_demands[24],954
03-partial-auto-kv,expert_cache_stats[1].per_layer_unique_demands[25],975
03-partial-auto-kv,expert_cache_stats[1].per_layer_unique_demands[26],1052
03-partial-auto-kv,expert_cache_stats[1].per_layer_unique_demands[27],1121
03-partial-auto-kv,expert_cache_stats[1].per_layer_unique_demands[28],1054
03-partial-auto-kv,expert_cache_stats[1].per_layer_unique_demands[29],1107
03-partial-auto-kv,expert_cache_stats[1].per_layer_unique_demands[30],1150
03-partial-auto-kv,expert_cache_stats[1].per_layer_unique_demands[31],1145
03-partial-auto-kv,expert_cache_stats[1].per_layer_unique_demands[32],1080
03-partial-auto-kv,expert_cache_stats[1].per_layer_unique_demands[33],952
03-partial-auto-kv,expert_cache_stats[1].per_layer_unique_demands[34],996
03-partial-auto-kv,expert_cache_stats[1].per_layer_unique_demands[35],1023
03-partial-auto-kv,expert_cache_stats[1].per_layer_unique_demands[36],977
03-partial-auto-kv,expert_cache_stats[1].per_layer_unique_demands[37],996
03-partial-auto-kv,expert_cache_stats[1].per_layer_unique_demands[38],1046
03-partial-auto-kv,expert_cache_stats[1].per_layer_unique_demands[39],1076
03-partial-auto-kv,expert_cache_stats[1].per_layer_unique_demands[40],1088
03-partial-auto-kv,expert_cache_stats[1].per_layer_unique_demands[41],1053
03-partial-auto-kv,expert_cache_stats[1].per_layer_unique_demands[42],988
03-partial-auto-kv,expert_cache_stats[1].per_layer_unique_demands[43],1001
03-partial-auto-kv,expert_cache_stats[1].per_layer_unique_demands[44],969
03-partial-auto-kv,expert_cache_stats[1].per_layer_unique_demands[45],948
03-partial-auto-kv,expert_cache_stats[1].per_layer_unique_demands[46],957
03-partial-auto-kv,expert_cache_stats[1].per_layer_unique_demands[47],1020
03-partial-auto-kv,expert_cache_stats[1].per_layer_max_unique_per_forward[0],498
03-partial-auto-kv,expert_cache_stats[1].per_layer_max_unique_per_forward[1],437
03-partial-auto-kv,expert_cache_stats[1].per_layer_max_unique_per_forward[2],509
03-partial-auto-kv,expert_cache_stats[1].per_layer_max_unique_per_forward[3],422
03-partial-auto-kv,expert_cache_stats[1].per_layer_max_unique_per_forward[4],415
03-partial-auto-kv,expert_cache_stats[1].per_layer_max_unique_per_forward[5],460
03-partial-auto-kv,expert_cache_stats[1].per_layer_max_unique_per_forward[6],490
03-partial-auto-kv,expert_cache_stats[1].per_layer_max_unique_per_forward[7],484
03-partial-auto-kv,expert_cache_stats[1].per_layer_max_unique_per_forward[8],447
03-partial-auto-kv,expert_cache_stats[1].per_layer_max_unique_per_forward[9],386
03-partial-auto-kv,expert_cache_stats[1].per_layer_max_unique_per_forward[10],400
03-partial-auto-kv,expert_cache_stats[1].per_layer_max_unique_per_forward[11],418
03-partial-auto-kv,expert_cache_stats[1].per_layer_max_unique_per_forward[12],369
03-partial-auto-kv,expert_cache_stats[1].per_layer_max_unique_per_forward[13],389
03-partial-auto-kv,expert_cache_stats[1].per_layer_max_unique_per_forward[14],426
03-partial-auto-kv,expert_cache_stats[1].per_layer_max_unique_per_forward[15],458
03-partial-auto-kv,expert_cache_stats[1].per_layer_max_unique_per_forward[16],427
03-partial-auto-kv,expert_cache_stats[1].per_layer_max_unique_per_forward[17],462
03-partial-auto-kv,expert_cache_stats[1].per_layer_max_unique_per_forward[18],494
03-partial-auto-kv,expert_cache_stats[1].per_layer_max_unique_per_forward[19],488
03-partial-auto-kv,expert_cache_stats[1].per_layer_max_unique_per_forward[20],443
03-partial-auto-kv,expert_cache_stats[1].per_layer_max_unique_per_forward[21],387
03-partial-auto-kv,expert_cache_stats[1].per_layer_max_unique_per_forward[22],414
03-partial-auto-kv,expert_cache_stats[1].per_layer_max_unique_per_forward[23],425
03-partial-auto-kv,expert_cache_stats[1].per_layer_max_unique_per_forward[24],392
03-partial-auto-kv,expert_cache_stats[1].per_layer_max_unique_per_forward[25],405
03-partial-auto-kv,expert_cache_stats[1].per_layer_max_unique_per_forward[26],440
03-partial-auto-kv,expert_cache_stats[1].per_layer_max_unique_per_forward[27],476
03-partial-auto-kv,expert_cache_stats[1].per_layer_max_unique_per_forward[28],442
03-partial-auto-kv,expert_cache_stats[1].per_layer_max_unique_per_forward[29],469
03-partial-auto-kv,expert_cache_stats[1].per_layer_max_unique_per_forward[30],489
03-partial-auto-kv,expert_cache_stats[1].per_layer_max_unique_per_forward[31],488
03-partial-auto-kv,expert_cache_stats[1].per_layer_max_unique_per_forward[32],456
03-partial-auto-kv,expert_cache_stats[1].per_layer_max_unique_per_forward[33],391
03-partial-auto-kv,expert_cache_stats[1].per_layer_max_unique_per_forward[34],414
03-partial-auto-kv,expert_cache_stats[1].per_layer_max_unique_per_forward[35],427
03-partial-auto-kv,expert_cache_stats[1].per_layer_max_unique_per_forward[36],404
03-partial-auto-kv,expert_cache_stats[1].per_layer_max_unique_per_forward[37],414
03-partial-auto-kv,expert_cache_stats[1].per_layer_max_unique_per_forward[38],438
03-partial-auto-kv,expert_cache_stats[1].per_layer_max_unique_per_forward[39],453
03-partial-auto-kv,expert_cache_stats[1].per_layer_max_unique_per_forward[40],460
03-partial-auto-kv,expert_cache_stats[1].per_layer_max_unique_per_forward[41],442
03-partial-auto-kv,expert_cache_stats[1].per_layer_max_unique_per_forward[42],410
03-partial-auto-kv,expert_cache_stats[1].per_layer_max_unique_per_forward[43],415
03-partial-auto-kv,expert_cache_stats[1].per_layer_max_unique_per_forward[44],400
03-partial-auto-kv,expert_cache_stats[1].per_layer_max_unique_per_forward[45],390
03-partial-auto-kv,expert_cache_stats[1].per_layer_max_unique_per_forward[46],393
03-partial-auto-kv,expert_cache_stats[1].per_layer_max_unique_per_forward[47],424
03-partial-auto-kv,expert_cache_stats[1].identity.geometry.total_layers,48
03-partial-auto-kv,expert_cache_stats[1].identity.geometry.num_experts,512
03-partial-auto-kv,expert_cache_stats[1].identity.geometry.hidden_size,2048
03-partial-auto-kv,expert_cache_stats[1].identity.geometry.intermediate_size,128
03-partial-auto-kv,expert_cache_stats[1].identity.tensor_parallel_size,4
03-partial-auto-kv,expert_cache_stats[1].identity.model_config_sha256,2d483c7cabad7c8704478ed4038fa7e7b2eff840bc00a118eccbe38e2b488303
03-partial-auto-kv,expert_cache_stats[1].identity.model_identity_sha256,24f6a89ba0e0435caffbb3d056425fb1fe980fca09d5a8749dfb231bd24880d8
03-partial-auto-kv,expert_cache_stats[1].profile_sha256,0c54d62f0f172a2fe11e201125c385bed91db37df7d949dff7a929686b96357e
03-partial-auto-kv,expert_cache_stats[1].cache_policy,decayed-lfu
03-partial-auto-kv,expert_cache_stats[1].failed,False
03-partial-auto-kv,expert_cache_stats[1].weight_verification_scope,CUDA parity tests required; no runtime weight D2H verification
03-partial-auto-kv,expert_cache_stats[1].temporary_memory_scope,native fused kernel workspace/output and CPU route IDs scale with scheduled tokens; no weight-sized GPU gather temporary
03-partial-auto-kv,expert_cache_stats[1].memory_accounting_scope,"tensor payload bytes; excludes allocator rounding, CUDA event driver memory and Python policy metadata; native/chunk output workspace must be included in vLLM measured profiling peak"
03-partial-auto-kv,expert_cache_stats[1].kernel_config_scope,native logical E geometry per actual native chunk size
03-partial-auto-kv,expert_cache_stats[1].transfer_schedule,demand-critical H2D on compute stream; no speculative prefetch
03-partial-auto-kv,expert_cache_stats[1].kernel_config_records.capacity,64
03-partial-auto-kv,expert_cache_stats[1].kernel_config_records.unrecorded_selections,0
03-partial-auto-kv,expert_cache_stats[1].kernel_config_records.records[0].chunk_tokens,8192
03-partial-auto-kv,expert_cache_stats[1].kernel_config_records.records[0].top_k,10
03-partial-auto-kv,expert_cache_stats[1].kernel_config_records.records[0].selections,96
03-partial-auto-kv,expert_cache_stats[1].kernel_config_records.records[0].w13_shape[0],512
03-partial-auto-kv,expert_cache_stats[1].kernel_config_records.records[0].w13_shape[1],256
03-partial-auto-kv,expert_cache_stats[1].kernel_config_records.records[0].w13_shape[2],2048
03-partial-auto-kv,expert_cache_stats[1].kernel_config_records.records[0].w2_shape[0],512
03-partial-auto-kv,expert_cache_stats[1].kernel_config_records.records[0].w2_shape[1],2048
03-partial-auto-kv,expert_cache_stats[1].kernel_config_records.records[0].w2_shape[2],128
03-partial-auto-kv,expert_cache_stats[1].kernel_config_records.records[0].config.BLOCK_SIZE_K,64
03-partial-auto-kv,expert_cache_stats[1].kernel_config_records.records[0].config.BLOCK_SIZE_M,128
03-partial-auto-kv,expert_cache_stats[1].kernel_config_records.records[0].config.BLOCK_SIZE_N,128
03-partial-auto-kv,expert_cache_stats[1].kernel_config_records.records[0].config.GROUP_SIZE_M,64
03-partial-auto-kv,expert_cache_stats[1].kernel_config_records.records[0].config.num_stages,3
03-partial-auto-kv,expert_cache_stats[1].kernel_config_records.records[0].config.num_warps,8
03-partial-auto-kv,expert_cache_stats[1].kernel_config_records.records[1].chunk_tokens,1
03-partial-auto-kv,expert_cache_stats[1].kernel_config_records.records[1].top_k,10
03-partial-auto-kv,expert_cache_stats[1].kernel_config_records.records[1].selections,720
03-partial-auto-kv,expert_cache_stats[1].kernel_config_records.records[1].w13_shape[0],512
03-partial-auto-kv,expert_cache_stats[1].kernel_config_records.records[1].w13_shape[1],256
03-partial-auto-kv,expert_cache_stats[1].kernel_config_records.records[1].w13_shape[2],2048
03-partial-auto-kv,expert_cache_stats[1].kernel_config_records.records[1].w2_shape[0],512
03-partial-auto-kv,expert_cache_stats[1].kernel_config_records.records[1].w2_shape[1],2048
03-partial-auto-kv,expert_cache_stats[1].kernel_config_records.records[1].w2_shape[2],128
03-partial-auto-kv,expert_cache_stats[1].kernel_config_records.records[1].config.BLOCK_SIZE_K,64
03-partial-auto-kv,expert_cache_stats[1].kernel_config_records.records[1].config.BLOCK_SIZE_M,16
03-partial-auto-kv,expert_cache_stats[1].kernel_config_records.records[1].config.BLOCK_SIZE_N,32
03-partial-auto-kv,expert_cache_stats[1].kernel_config_records.records[1].config.GROUP_SIZE_M,1
03-partial-auto-kv,expert_cache_stats[1].kernel_config_records.records[1].config.num_stages,4
03-partial-auto-kv,expert_cache_stats[1].kernel_config_records.records[1].config.num_warps,4
03-partial-auto-kv,expert_cache_stats[1].kernel_config_records.records[2].chunk_tokens,4096
03-partial-auto-kv,expert_cache_stats[1].kernel_config_records.records[2].top_k,10
03-partial-auto-kv,expert_cache_stats[1].kernel_config_records.records[2].selections,96
03-partial-auto-kv,expert_cache_stats[1].kernel_config_records.records[2].w13_shape[0],512
03-partial-auto-kv,expert_cache_stats[1].kernel_config_records.records[2].w13_shape[1],256
03-partial-auto-kv,expert_cache_stats[1].kernel_config_records.records[2].w13_shape[2],2048
03-partial-auto-kv,expert_cache_stats[1].kernel_config_records.records[2].w2_shape[0],512
03-partial-auto-kv,expert_cache_stats[1].kernel_config_records.records[2].w2_shape[1],2048
03-partial-auto-kv,expert_cache_stats[1].kernel_config_records.records[2].w2_shape[2],128
03-partial-auto-kv,expert_cache_stats[1].kernel_config_records.records[2].config.BLOCK_SIZE_K,64
03-partial-auto-kv,expert_cache_stats[1].kernel_config_records.records[2].config.BLOCK_SIZE_M,128
03-partial-auto-kv,expert_cache_stats[1].kernel_config_records.records[2].config.BLOCK_SIZE_N,128
03-partial-auto-kv,expert_cache_stats[1].kernel_config_records.records[2].config.GROUP_SIZE_M,64
03-partial-auto-kv,expert_cache_stats[1].kernel_config_records.records[2].config.num_stages,3
03-partial-auto-kv,expert_cache_stats[1].kernel_config_records.records[2].config.num_warps,8
03-partial-auto-kv,expert_cache_stats[2].schema_version,1
03-partial-auto-kv,expert_cache_stats[2].rank,2
03-partial-auto-kv,expert_cache_stats[2].tensor_parallel_size,4
03-partial-auto-kv,expert_cache_stats[2].total_layers,48
03-partial-auto-kv,expert_cache_stats[2].num_experts,512
03-partial-auto-kv,expert_cache_stats[2].physical_slots,13056
03-partial-auto-kv,expert_cache_stats[2].resident_slots,12288
03-partial-auto-kv,expert_cache_stats[2].cache_slots,256
03-partial-auto-kv,expert_cache_stats[2].ingress_slots,512
03-partial-auto-kv,expert_cache_stats[2].expert_bytes,1572864
03-partial-auto-kv,expert_cache_stats[2].host_source_bytes,38654705664
03-partial-auto-kv,expert_cache_stats[2].pinned_gather_bytes,805306368
03-partial-auto-kv,expert_cache_stats[2].gpu_pool_bytes,20535312384
03-partial-auto-kv,expert_cache_stats[2].gpu_resident_bytes,19327352832
03-partial-auto-kv,expert_cache_stats[2].gpu_cache_bytes,402653184
03-partial-auto-kv,expert_cache_stats[2].gpu_ingress_bytes,805306368
03-partial-auto-kv,expert_cache_stats[2].gpu_metadata_bytes,6144
03-partial-auto-kv,expert_cache_stats[2].pinned_metadata_bytes,6144
03-partial-auto-kv,expert_cache_stats[2].net_freed_bytes,18119387136
03-partial-auto-kv,expert_cache_stats[2].weights_verified,0
03-partial-auto-kv,expert_cache_stats[2].cuda_timing_capacity,128
03-partial-auto-kv,expert_cache_stats[2].h2d_bytes,29572988928
03-partial-auto-kv,expert_cache_stats[2].copy_launches,782
03-partial-auto-kv,expert_cache_stats[2].startup_resident_h2d_bytes,19327352832
03-partial-auto-kv,expert_cache_stats[2].promotion_d2d_bytes,1585446912
03-partial-auto-kv,expert_cache_stats[2].metadata_h2d_bytes,1875840
03-partial-auto-kv,expert_cache_stats[2].unique_demands,49882
03-partial-auto-kv,expert_cache_stats[2].resident_hits,30697
03-partial-auto-kv,expert_cache_stats[2].max_unique_per_forward,509
03-partial-auto-kv,expert_cache_stats[2].mean_unique_coverage,0.10682651452850878
03-partial-auto-kv,expert_cache_stats[2].resident_ratio,0.5
03-partial-auto-kv,expert_cache_stats[2].policy.observations,912
03-partial-auto-kv,expert_cache_stats[2].policy.unique_demands,49882
03-partial-auto-kv,expert_cache_stats[2].policy.completed_forwards,19
03-partial-auto-kv,expert_cache_stats[2].policy.decay_events,0
03-partial-auto-kv,expert_cache_stats[2].policy.cache_hits,383
03-partial-auto-kv,expert_cache_stats[2].policy.cache_misses,18802
03-partial-auto-kv,expert_cache_stats[2].policy.admissions,1008
03-partial-auto-kv,expert_cache_stats[2].policy.evictions,752
03-partial-auto-kv,expert_cache_stats[2].policy.cache_bypasses,17794
03-partial-auto-kv,expert_cache_stats[2].policy.reconfigurations,0
03-partial-auto-kv,expert_cache_stats[2].policy.resident_experts,12288
03-partial-auto-kv,expert_cache_stats[2].policy.cache_slots,256
03-partial-auto-kv,expert_cache_stats[2].policy.cache_entries,256
03-partial-auto-kv,expert_cache_stats[2].policy.cache_hit_ratio,0.01996351316132395
03-partial-auto-kv,expert_cache_stats[2].timing.route_d2h_s,0.5863612075336277
03-partial-auto-kv,expert_cache_stats[2].timing.policy_cpu_s,0.0505934851244092
03-partial-auto-kv,expert_cache_stats[2].timing.host_reuse_wait_s,0.0018208371475338936
03-partial-auto-kv,expert_cache_stats[2].timing.host_gather_s,2.8835565336048603
03-partial-auto-kv,expert_cache_stats[2].timing.h2d_enqueue_s,0.016638641245663166
03-partial-auto-kv,expert_cache_stats[2].timing.compute_enqueue_s,0.16422333102673292
03-partial-auto-kv,expert_cache_stats[2].timing.cuda_sample_count,13
03-partial-auto-kv,expert_cache_stats[2].timing.load_cuda_s,0.012783167973160741
03-partial-auto-kv,expert_cache_stats[2].timing.compute_cuda_s,0.005526976048946381
03-partial-auto-kv,expert_cache_stats[2].timing.promotion_cuda_s,0.00010892799962311984
03-partial-auto-kv,expert_cache_stats[2].forward_counts[0],19
03-partial-auto-kv,expert_cache_stats[2].forward_counts[1],19
03-partial-auto-kv,expert_cache_stats[2].forward_counts[2],19
03-partial-auto-kv,expert_cache_stats[2].forward_counts[3],19
03-partial-auto-kv,expert_cache_stats[2].forward_counts[4],19
03-partial-auto-kv,expert_cache_stats[2].forward_counts[5],19
03-partial-auto-kv,expert_cache_stats[2].forward_counts[6],19
03-partial-auto-kv,expert_cache_stats[2].forward_counts[7],19
03-partial-auto-kv,expert_cache_stats[2].forward_counts[8],19
03-partial-auto-kv,expert_cache_stats[2].forward_counts[9],19
03-partial-auto-kv,expert_cache_stats[2].forward_counts[10],19
03-partial-auto-kv,expert_cache_stats[2].forward_counts[11],19
03-partial-auto-kv,expert_cache_stats[2].forward_counts[12],19
03-partial-auto-kv,expert_cache_stats[2].forward_counts[13],19
03-partial-auto-kv,expert_cache_stats[2].forward_counts[14],19
03-partial-auto-kv,expert_cache_stats[2].forward_counts[15],19
03-partial-auto-kv,expert_cache_stats[2].forward_counts[16],19
03-partial-auto-kv,expert_cache_stats[2].forward_counts[17],19
03-partial-auto-kv,expert_cache_stats[2].forward_counts[18],19
03-partial-auto-kv,expert_cache_stats[2].forward_counts[19],19
03-partial-auto-kv,expert_cache_stats[2].forward_counts[20],19
03-partial-auto-kv,expert_cache_stats[2].forward_counts[21],19
03-partial-auto-kv,expert_cache_stats[2].forward_counts[22],19
03-partial-auto-kv,expert_cache_stats[2].forward_counts[23],19
03-partial-auto-kv,expert_cache_stats[2].forward_counts[24],19
03-partial-auto-kv,expert_cache_stats[2].forward_counts[25],19
03-partial-auto-kv,expert_cache_stats[2].forward_counts[26],19
03-partial-auto-kv,expert_cache_stats[2].forward_counts[27],19
03-partial-auto-kv,expert_cache_stats[2].forward_counts[28],19
03-partial-auto-kv,expert_cache_stats[2].forward_counts[29],19
03-partial-auto-kv,expert_cache_stats[2].forward_counts[30],19
03-partial-auto-kv,expert_cache_stats[2].forward_counts[31],19
03-partial-auto-kv,expert_cache_stats[2].forward_counts[32],19
03-partial-auto-kv,expert_cache_stats[2].forward_counts[33],19
03-partial-auto-kv,expert_cache_stats[2].forward_counts[34],19
03-partial-auto-kv,expert_cache_stats[2].forward_counts[35],19
03-partial-auto-kv,expert_cache_stats[2].forward_counts[36],19
03-partial-auto-kv,expert_cache_stats[2].forward_counts[37],19
03-partial-auto-kv,expert_cache_stats[2].forward_counts[38],19
03-partial-auto-kv,expert_cache_stats[2].forward_counts[39],19
03-partial-auto-kv,expert_cache_stats[2].forward_counts[40],19
03-partial-auto-kv,expert_cache_stats[2].forward_counts[41],19
03-partial-auto-kv,expert_cache_stats[2].forward_counts[42],19
03-partial-auto-kv,expert_cache_stats[2].forward_counts[43],19
03-partial-auto-kv,expert_cache_stats[2].forward_counts[44],19
03-partial-auto-kv,expert_cache_stats[2].forward_counts[45],19
03-partial-auto-kv,expert_cache_stats[2].forward_counts[46],19
03-partial-auto-kv,expert_cache_stats[2].forward_counts[47],19
03-partial-auto-kv,expert_cache_stats[2].per_layer_unique_demands[0],1166
03-partial-auto-kv,expert_cache_stats[2].per_layer_unique_demands[1],1043
03-partial-auto-kv,expert_cache_stats[2].per_layer_unique_demands[2],1188
03-partial-auto-kv,expert_cache_stats[2].per_layer_unique_demands[3],1012
03-partial-auto-kv,expert_cache_stats[2].per_layer_unique_demands[4],1000
03-partial-auto-kv,expert_cache_stats[2].per_layer_unique_demands[5],1089
03-partial-auto-kv,expert_cache_stats[2].per_layer_unique_demands[6],1150
03-partial-auto-kv,expert_cache_stats[2].per_layer_unique_demands[7],1137
03-partial-auto-kv,expert_cache_stats[2].per_layer_unique_demands[8],1064
03-partial-auto-kv,expert_cache_stats[2].per_layer_unique_demands[9],940
03-partial-auto-kv,expert_cache_stats[2].per_layer_unique_demands[10],970
03-partial-auto-kv,expert_cache_stats[2].per_layer_unique_demands[11],1003
03-partial-auto-kv,expert_cache_stats[2].per_layer_unique_demands[12],906
03-partial-auto-kv,expert_cache_stats[2].per_layer_unique_demands[13],948
03-partial-auto-kv,expert_cache_stats[2].per_layer_unique_demands[14],1022
03-partial-auto-kv,expert_cache_stats[2].per_layer_unique_demands[15],1084
03-partial-auto-kv,expert_cache_stats[2].per_layer_unique_demands[16],1022
03-partial-auto-kv,expert_cache_stats[2].per_layer_unique_demands[17],1093
03-partial-auto-kv,expert_cache_stats[2].per_layer_unique_demands[18],1157
03-partial-auto-kv,expert_cache_stats[2].per_layer_unique_demands[19],1144
03-partial-auto-kv,expert_cache_stats[2].per_layer_unique_demands[20],1056
03-partial-auto-kv,expert_cache_stats[2].per_layer_unique_demands[21],944
03-partial-auto-kv,expert_cache_stats[2].per_layer_unique_demands[22],997
03-partial-auto-kv,expert_cache_stats[2].per_layer_unique_demands[23],1019
03-partial-auto-kv,expert_cache_stats[2].per_layer_unique_demands[24],954
03-partial-auto-kv,expert_cache_stats[2].per_layer_unique_demands[25],975
03-partial-auto-kv,expert_cache_stats[2].per_layer_unique_demands[26],1052
03-partial-auto-kv,expert_cache_stats[2].per_layer_unique_demands[27],1121
03-partial-auto-kv,expert_cache_stats[2].per_layer_unique_demands[28],1054
03-partial-auto-kv,expert_cache_stats[2].per_layer_unique_demands[29],1107
03-partial-auto-kv,expert_cache_stats[2].per_layer_unique_demands[30],1150
03-partial-auto-kv,expert_cache_stats[2].per_layer_unique_demands[31],1145
03-partial-auto-kv,expert_cache_stats[2].per_layer_unique_demands[32],1080
03-partial-auto-kv,expert_cache_stats[2].per_layer_unique_demands[33],952
03-partial-auto-kv,expert_cache_stats[2].per_layer_unique_demands[34],996
03-partial-auto-kv,expert_cache_stats[2].per_layer_unique_demands[35],1023
03-partial-auto-kv,expert_cache_stats[2].per_layer_unique_demands[36],977
03-partial-auto-kv,expert_cache_stats[2].per_layer_unique_demands[37],996
03-partial-auto-kv,expert_cache_stats[2].per_layer_unique_demands[38],1046
03-partial-auto-kv,expert_cache_stats[2].per_layer_unique_demands[39],1076
03-partial-auto-kv,expert_cache_stats[2].per_layer_unique_demands[40],1088
03-partial-auto-kv,expert_cache_stats[2].per_layer_unique_demands[41],1053
03-partial-auto-kv,expert_cache_stats[2].per_layer_unique_demands[42],988
03-partial-auto-kv,expert_cache_stats[2].per_layer_unique_demands[43],1001
03-partial-auto-kv,expert_cache_stats[2].per_layer_unique_demands[44],969
03-partial-auto-kv,expert_cache_stats[2].per_layer_unique_demands[45],948
03-partial-auto-kv,expert_cache_stats[2].per_layer_unique_demands[46],957
03-partial-auto-kv,expert_cache_stats[2].per_layer_unique_demands[47],1020
03-partial-auto-kv,expert_cache_stats[2].per_layer_max_unique_per_forward[0],498
03-partial-auto-kv,expert_cache_stats[2].per_layer_max_unique_per_forward[1],437
03-partial-auto-kv,expert_cache_stats[2].per_layer_max_unique_per_forward[2],509
03-partial-auto-kv,expert_cache_stats[2].per_layer_max_unique_per_forward[3],422
03-partial-auto-kv,expert_cache_stats[2].per_layer_max_unique_per_forward[4],415
03-partial-auto-kv,expert_cache_stats[2].per_layer_max_unique_per_forward[5],460
03-partial-auto-kv,expert_cache_stats[2].per_layer_max_unique_per_forward[6],490
03-partial-auto-kv,expert_cache_stats[2].per_layer_max_unique_per_forward[7],484
03-partial-auto-kv,expert_cache_stats[2].per_layer_max_unique_per_forward[8],447
03-partial-auto-kv,expert_cache_stats[2].per_layer_max_unique_per_forward[9],386
03-partial-auto-kv,expert_cache_stats[2].per_layer_max_unique_per_forward[10],400
03-partial-auto-kv,expert_cache_stats[2].per_layer_max_unique_per_forward[11],418
03-partial-auto-kv,expert_cache_stats[2].per_layer_max_unique_per_forward[12],369
03-partial-auto-kv,expert_cache_stats[2].per_layer_max_unique_per_forward[13],389
03-partial-auto-kv,expert_cache_stats[2].per_layer_max_unique_per_forward[14],426
03-partial-auto-kv,expert_cache_stats[2].per_layer_max_unique_per_forward[15],458
03-partial-auto-kv,expert_cache_stats[2].per_layer_max_unique_per_forward[16],427
03-partial-auto-kv,expert_cache_stats[2].per_layer_max_unique_per_forward[17],462
03-partial-auto-kv,expert_cache_stats[2].per_layer_max_unique_per_forward[18],494
03-partial-auto-kv,expert_cache_stats[2].per_layer_max_unique_per_forward[19],488
03-partial-auto-kv,expert_cache_stats[2].per_layer_max_unique_per_forward[20],443
03-partial-auto-kv,expert_cache_stats[2].per_layer_max_unique_per_forward[21],387
03-partial-auto-kv,expert_cache_stats[2].per_layer_max_unique_per_forward[22],414
03-partial-auto-kv,expert_cache_stats[2].per_layer_max_unique_per_forward[23],425
03-partial-auto-kv,expert_cache_stats[2].per_layer_max_unique_per_forward[24],392
03-partial-auto-kv,expert_cache_stats[2].per_layer_max_unique_per_forward[25],405
03-partial-auto-kv,expert_cache_stats[2].per_layer_max_unique_per_forward[26],440
03-partial-auto-kv,expert_cache_stats[2].per_layer_max_unique_per_forward[27],476
03-partial-auto-kv,expert_cache_stats[2].per_layer_max_unique_per_forward[28],442
03-partial-auto-kv,expert_cache_stats[2].per_layer_max_unique_per_forward[29],469
03-partial-auto-kv,expert_cache_stats[2].per_layer_max_unique_per_forward[30],489
03-partial-auto-kv,expert_cache_stats[2].per_layer_max_unique_per_forward[31],488
03-partial-auto-kv,expert_cache_stats[2].per_layer_max_unique_per_forward[32],456
03-partial-auto-kv,expert_cache_stats[2].per_layer_max_unique_per_forward[33],391
03-partial-auto-kv,expert_cache_stats[2].per_layer_max_unique_per_forward[34],414
03-partial-auto-kv,expert_cache_stats[2].per_layer_max_unique_per_forward[35],427
03-partial-auto-kv,expert_cache_stats[2].per_layer_max_unique_per_forward[36],404
03-partial-auto-kv,expert_cache_stats[2].per_layer_max_unique_per_forward[37],414
03-partial-auto-kv,expert_cache_stats[2].per_layer_max_unique_per_forward[38],438
03-partial-auto-kv,expert_cache_stats[2].per_layer_max_unique_per_forward[39],453
03-partial-auto-kv,expert_cache_stats[2].per_layer_max_unique_per_forward[40],460
03-partial-auto-kv,expert_cache_stats[2].per_layer_max_unique_per_forward[41],442
03-partial-auto-kv,expert_cache_stats[2].per_layer_max_unique_per_forward[42],410
03-partial-auto-kv,expert_cache_stats[2].per_layer_max_unique_per_forward[43],415
03-partial-auto-kv,expert_cache_stats[2].per_layer_max_unique_per_forward[44],400
03-partial-auto-kv,expert_cache_stats[2].per_layer_max_unique_per_forward[45],390
03-partial-auto-kv,expert_cache_stats[2].per_layer_max_unique_per_forward[46],393
03-partial-auto-kv,expert_cache_stats[2].per_layer_max_unique_per_forward[47],424
03-partial-auto-kv,expert_cache_stats[2].identity.geometry.total_layers,48
03-partial-auto-kv,expert_cache_stats[2].identity.geometry.num_experts,512
03-partial-auto-kv,expert_cache_stats[2].identity.geometry.hidden_size,2048
03-partial-auto-kv,expert_cache_stats[2].identity.geometry.intermediate_size,128
03-partial-auto-kv,expert_cache_stats[2].identity.tensor_parallel_size,4
03-partial-auto-kv,expert_cache_stats[2].identity.model_config_sha256,2d483c7cabad7c8704478ed4038fa7e7b2eff840bc00a118eccbe38e2b488303
03-partial-auto-kv,expert_cache_stats[2].identity.model_identity_sha256,24f6a89ba0e0435caffbb3d056425fb1fe980fca09d5a8749dfb231bd24880d8
03-partial-auto-kv,expert_cache_stats[2].profile_sha256,0c54d62f0f172a2fe11e201125c385bed91db37df7d949dff7a929686b96357e
03-partial-auto-kv,expert_cache_stats[2].cache_policy,decayed-lfu
03-partial-auto-kv,expert_cache_stats[2].failed,False
03-partial-auto-kv,expert_cache_stats[2].weight_verification_scope,CUDA parity tests required; no runtime weight D2H verification
03-partial-auto-kv,expert_cache_stats[2].temporary_memory_scope,native fused kernel workspace/output and CPU route IDs scale with scheduled tokens; no weight-sized GPU gather temporary
03-partial-auto-kv,expert_cache_stats[2].memory_accounting_scope,"tensor payload bytes; excludes allocator rounding, CUDA event driver memory and Python policy metadata; native/chunk output workspace must be included in vLLM measured profiling peak"
03-partial-auto-kv,expert_cache_stats[2].kernel_config_scope,native logical E geometry per actual native chunk size
03-partial-auto-kv,expert_cache_stats[2].transfer_schedule,demand-critical H2D on compute stream; no speculative prefetch
03-partial-auto-kv,expert_cache_stats[2].kernel_config_records.capacity,64
03-partial-auto-kv,expert_cache_stats[2].kernel_config_records.unrecorded_selections,0
03-partial-auto-kv,expert_cache_stats[2].kernel_config_records.records[0].chunk_tokens,8192
03-partial-auto-kv,expert_cache_stats[2].kernel_config_records.records[0].top_k,10
03-partial-auto-kv,expert_cache_stats[2].kernel_config_records.records[0].selections,96
03-partial-auto-kv,expert_cache_stats[2].kernel_config_records.records[0].w13_shape[0],512
03-partial-auto-kv,expert_cache_stats[2].kernel_config_records.records[0].w13_shape[1],256
03-partial-auto-kv,expert_cache_stats[2].kernel_config_records.records[0].w13_shape[2],2048
03-partial-auto-kv,expert_cache_stats[2].kernel_config_records.records[0].w2_shape[0],512
03-partial-auto-kv,expert_cache_stats[2].kernel_config_records.records[0].w2_shape[1],2048
03-partial-auto-kv,expert_cache_stats[2].kernel_config_records.records[0].w2_shape[2],128
03-partial-auto-kv,expert_cache_stats[2].kernel_config_records.records[0].config.BLOCK_SIZE_K,64
03-partial-auto-kv,expert_cache_stats[2].kernel_config_records.records[0].config.BLOCK_SIZE_M,128
03-partial-auto-kv,expert_cache_stats[2].kernel_config_records.records[0].config.BLOCK_SIZE_N,128
03-partial-auto-kv,expert_cache_stats[2].kernel_config_records.records[0].config.GROUP_SIZE_M,64
03-partial-auto-kv,expert_cache_stats[2].kernel_config_records.records[0].config.num_stages,3
03-partial-auto-kv,expert_cache_stats[2].kernel_config_records.records[0].config.num_warps,8
03-partial-auto-kv,expert_cache_stats[2].kernel_config_records.records[1].chunk_tokens,1
03-partial-auto-kv,expert_cache_stats[2].kernel_config_records.records[1].top_k,10
03-partial-auto-kv,expert_cache_stats[2].kernel_config_records.records[1].selections,720
03-partial-auto-kv,expert_cache_stats[2].kernel_config_records.records[1].w13_shape[0],512
03-partial-auto-kv,expert_cache_stats[2].kernel_config_records.records[1].w13_shape[1],256
03-partial-auto-kv,expert_cache_stats[2].kernel_config_records.records[1].w13_shape[2],2048
03-partial-auto-kv,expert_cache_stats[2].kernel_config_records.records[1].w2_shape[0],512
03-partial-auto-kv,expert_cache_stats[2].kernel_config_records.records[1].w2_shape[1],2048
03-partial-auto-kv,expert_cache_stats[2].kernel_config_records.records[1].w2_shape[2],128
03-partial-auto-kv,expert_cache_stats[2].kernel_config_records.records[1].config.BLOCK_SIZE_K,64
03-partial-auto-kv,expert_cache_stats[2].kernel_config_records.records[1].config.BLOCK_SIZE_M,16
03-partial-auto-kv,expert_cache_stats[2].kernel_config_records.records[1].config.BLOCK_SIZE_N,32
03-partial-auto-kv,expert_cache_stats[2].kernel_config_records.records[1].config.GROUP_SIZE_M,1
03-partial-auto-kv,expert_cache_stats[2].kernel_config_records.records[1].config.num_stages,4
03-partial-auto-kv,expert_cache_stats[2].kernel_config_records.records[1].config.num_warps,4
03-partial-auto-kv,expert_cache_stats[2].kernel_config_records.records[2].chunk_tokens,4096
03-partial-auto-kv,expert_cache_stats[2].kernel_config_records.records[2].top_k,10
03-partial-auto-kv,expert_cache_stats[2].kernel_config_records.records[2].selections,96
03-partial-auto-kv,expert_cache_stats[2].kernel_config_records.records[2].w13_shape[0],512
03-partial-auto-kv,expert_cache_stats[2].kernel_config_records.records[2].w13_shape[1],256
03-partial-auto-kv,expert_cache_stats[2].kernel_config_records.records[2].w13_shape[2],2048
03-partial-auto-kv,expert_cache_stats[2].kernel_config_records.records[2].w2_shape[0],512
03-partial-auto-kv,expert_cache_stats[2].kernel_config_records.records[2].w2_shape[1],2048
03-partial-auto-kv,expert_cache_stats[2].kernel_config_records.records[2].w2_shape[2],128
03-partial-auto-kv,expert_cache_stats[2].kernel_config_records.records[2].config.BLOCK_SIZE_K,64
03-partial-auto-kv,expert_cache_stats[2].kernel_config_records.records[2].config.BLOCK_SIZE_M,128
03-partial-auto-kv,expert_cache_stats[2].kernel_config_records.records[2].config.BLOCK_SIZE_N,128
03-partial-auto-kv,expert_cache_stats[2].kernel_config_records.records[2].config.GROUP_SIZE_M,64
03-partial-auto-kv,expert_cache_stats[2].kernel_config_records.records[2].config.num_stages,3
03-partial-auto-kv,expert_cache_stats[2].kernel_config_records.records[2].config.num_warps,8
03-partial-auto-kv,expert_cache_stats[3].schema_version,1
03-partial-auto-kv,expert_cache_stats[3].rank,3
03-partial-auto-kv,expert_cache_stats[3].tensor_parallel_size,4
03-partial-auto-kv,expert_cache_stats[3].total_layers,48
03-partial-auto-kv,expert_cache_stats[3].num_experts,512
03-partial-auto-kv,expert_cache_stats[3].physical_slots,13056
03-partial-auto-kv,expert_cache_stats[3].resident_slots,12288
03-partial-auto-kv,expert_cache_stats[3].cache_slots,256
03-partial-auto-kv,expert_cache_stats[3].ingress_slots,512
03-partial-auto-kv,expert_cache_stats[3].expert_bytes,1572864
03-partial-auto-kv,expert_cache_stats[3].host_source_bytes,38654705664
03-partial-auto-kv,expert_cache_stats[3].pinned_gather_bytes,805306368
03-partial-auto-kv,expert_cache_stats[3].gpu_pool_bytes,20535312384
03-partial-auto-kv,expert_cache_stats[3].gpu_resident_bytes,19327352832
03-partial-auto-kv,expert_cache_stats[3].gpu_cache_bytes,402653184
03-partial-auto-kv,expert_cache_stats[3].gpu_ingress_bytes,805306368
03-partial-auto-kv,expert_cache_stats[3].gpu_metadata_bytes,6144
03-partial-auto-kv,expert_cache_stats[3].pinned_metadata_bytes,6144
03-partial-auto-kv,expert_cache_stats[3].net_freed_bytes,18119387136
03-partial-auto-kv,expert_cache_stats[3].weights_verified,0
03-partial-auto-kv,expert_cache_stats[3].cuda_timing_capacity,128
03-partial-auto-kv,expert_cache_stats[3].h2d_bytes,29572988928
03-partial-auto-kv,expert_cache_stats[3].copy_launches,782
03-partial-auto-kv,expert_cache_stats[3].startup_resident_h2d_bytes,19327352832
03-partial-auto-kv,expert_cache_stats[3].promotion_d2d_bytes,1585446912
03-partial-auto-kv,expert_cache_stats[3].metadata_h2d_bytes,1875840
03-partial-auto-kv,expert_cache_stats[3].unique_demands,49882
03-partial-auto-kv,expert_cache_stats[3].resident_hits,30697
03-partial-auto-kv,expert_cache_stats[3].max_unique_per_forward,509
03-partial-auto-kv,expert_cache_stats[3].mean_unique_coverage,0.10682651452850878
03-partial-auto-kv,expert_cache_stats[3].resident_ratio,0.5
03-partial-auto-kv,expert_cache_stats[3].policy.observations,912
03-partial-auto-kv,expert_cache_stats[3].policy.unique_demands,49882
03-partial-auto-kv,expert_cache_stats[3].policy.completed_forwards,19
03-partial-auto-kv,expert_cache_stats[3].policy.decay_events,0
03-partial-auto-kv,expert_cache_stats[3].policy.cache_hits,383
03-partial-auto-kv,expert_cache_stats[3].policy.cache_misses,18802
03-partial-auto-kv,expert_cache_stats[3].policy.admissions,1008
03-partial-auto-kv,expert_cache_stats[3].policy.evictions,752
03-partial-auto-kv,expert_cache_stats[3].policy.cache_bypasses,17794
03-partial-auto-kv,expert_cache_stats[3].policy.reconfigurations,0
03-partial-auto-kv,expert_cache_stats[3].policy.resident_experts,12288
03-partial-auto-kv,expert_cache_stats[3].policy.cache_slots,256
03-partial-auto-kv,expert_cache_stats[3].policy.cache_entries,256
03-partial-auto-kv,expert_cache_stats[3].policy.cache_hit_ratio,0.01996351316132395
03-partial-auto-kv,expert_cache_stats[3].timing.route_d2h_s,0.6784408404491842
03-partial-auto-kv,expert_cache_stats[3].timing.policy_cpu_s,0.0493225809186697
03-partial-auto-kv,expert_cache_stats[3].timing.host_reuse_wait_s,0.0018013939261436462
03-partial-auto-kv,expert_cache_stats[3].timing.host_gather_s,2.6948888823390007
03-partial-auto-kv,expert_cache_stats[3].timing.h2d_enqueue_s,0.016835494432598352
03-partial-auto-kv,expert_cache_stats[3].timing.compute_enqueue_s,0.16415917640551925
03-partial-auto-kv,expert_cache_stats[3].timing.cuda_sample_count,13
03-partial-auto-kv,expert_cache_stats[3].timing.load_cuda_s,0.012850240066647528
03-partial-auto-kv,expert_cache_stats[3].timing.compute_cuda_s,0.005506560027599334
03-partial-auto-kv,expert_cache_stats[3].timing.promotion_cuda_s,0.0001097600015345961
03-partial-auto-kv,expert_cache_stats[3].forward_counts[0],19
03-partial-auto-kv,expert_cache_stats[3].forward_counts[1],19
03-partial-auto-kv,expert_cache_stats[3].forward_counts[2],19
03-partial-auto-kv,expert_cache_stats[3].forward_counts[3],19
03-partial-auto-kv,expert_cache_stats[3].forward_counts[4],19
03-partial-auto-kv,expert_cache_stats[3].forward_counts[5],19
03-partial-auto-kv,expert_cache_stats[3].forward_counts[6],19
03-partial-auto-kv,expert_cache_stats[3].forward_counts[7],19
03-partial-auto-kv,expert_cache_stats[3].forward_counts[8],19
03-partial-auto-kv,expert_cache_stats[3].forward_counts[9],19
03-partial-auto-kv,expert_cache_stats[3].forward_counts[10],19
03-partial-auto-kv,expert_cache_stats[3].forward_counts[11],19
03-partial-auto-kv,expert_cache_stats[3].forward_counts[12],19
03-partial-auto-kv,expert_cache_stats[3].forward_counts[13],19
03-partial-auto-kv,expert_cache_stats[3].forward_counts[14],19
03-partial-auto-kv,expert_cache_stats[3].forward_counts[15],19
03-partial-auto-kv,expert_cache_stats[3].forward_counts[16],19
03-partial-auto-kv,expert_cache_stats[3].forward_counts[17],19
03-partial-auto-kv,expert_cache_stats[3].forward_counts[18],19
03-partial-auto-kv,expert_cache_stats[3].forward_counts[19],19
03-partial-auto-kv,expert_cache_stats[3].forward_counts[20],19
03-partial-auto-kv,expert_cache_stats[3].forward_counts[21],19
03-partial-auto-kv,expert_cache_stats[3].forward_counts[22],19
03-partial-auto-kv,expert_cache_stats[3].forward_counts[23],19
03-partial-auto-kv,expert_cache_stats[3].forward_counts[24],19
03-partial-auto-kv,expert_cache_stats[3].forward_counts[25],19
03-partial-auto-kv,expert_cache_stats[3].forward_counts[26],19
03-partial-auto-kv,expert_cache_stats[3].forward_counts[27],19
03-partial-auto-kv,expert_cache_stats[3].forward_counts[28],19
03-partial-auto-kv,expert_cache_stats[3].forward_counts[29],19
03-partial-auto-kv,expert_cache_stats[3].forward_counts[30],19
03-partial-auto-kv,expert_cache_stats[3].forward_counts[31],19
03-partial-auto-kv,expert_cache_stats[3].forward_counts[32],19
03-partial-auto-kv,expert_cache_stats[3].forward_counts[33],19
03-partial-auto-kv,expert_cache_stats[3].forward_counts[34],19
03-partial-auto-kv,expert_cache_stats[3].forward_counts[35],19
03-partial-auto-kv,expert_cache_stats[3].forward_counts[36],19
03-partial-auto-kv,expert_cache_stats[3].forward_counts[37],19
03-partial-auto-kv,expert_cache_stats[3].forward_counts[38],19
03-partial-auto-kv,expert_cache_stats[3].forward_counts[39],19
03-partial-auto-kv,expert_cache_stats[3].forward_counts[40],19
03-partial-auto-kv,expert_cache_stats[3].forward_counts[41],19
03-partial-auto-kv,expert_cache_stats[3].forward_counts[42],19
03-partial-auto-kv,expert_cache_stats[3].forward_counts[43],19
03-partial-auto-kv,expert_cache_stats[3].forward_counts[44],19
03-partial-auto-kv,expert_cache_stats[3].forward_counts[45],19
03-partial-auto-kv,expert_cache_stats[3].forward_counts[46],19
03-partial-auto-kv,expert_cache_stats[3].forward_counts[47],19
03-partial-auto-kv,expert_cache_stats[3].per_layer_unique_demands[0],1166
03-partial-auto-kv,expert_cache_stats[3].per_layer_unique_demands[1],1043
03-partial-auto-kv,expert_cache_stats[3].per_layer_unique_demands[2],1188
03-partial-auto-kv,expert_cache_stats[3].per_layer_unique_demands[3],1012
03-partial-auto-kv,expert_cache_stats[3].per_layer_unique_demands[4],1000
03-partial-auto-kv,expert_cache_stats[3].per_layer_unique_demands[5],1089
03-partial-auto-kv,expert_cache_stats[3].per_layer_unique_demands[6],1150
03-partial-auto-kv,expert_cache_stats[3].per_layer_unique_demands[7],1137
03-partial-auto-kv,expert_cache_stats[3].per_layer_unique_demands[8],1064
03-partial-auto-kv,expert_cache_stats[3].per_layer_unique_demands[9],940
03-partial-auto-kv,expert_cache_stats[3].per_layer_unique_demands[10],970
03-partial-auto-kv,expert_cache_stats[3].per_layer_unique_demands[11],1003
03-partial-auto-kv,expert_cache_stats[3].per_layer_unique_demands[12],906
03-partial-auto-kv,expert_cache_stats[3].per_layer_unique_demands[13],948
03-partial-auto-kv,expert_cache_stats[3].per_layer_unique_demands[14],1022
03-partial-auto-kv,expert_cache_stats[3].per_layer_unique_demands[15],1084
03-partial-auto-kv,expert_cache_stats[3].per_layer_unique_demands[16],1022
03-partial-auto-kv,expert_cache_stats[3].per_layer_unique_demands[17],1093
03-partial-auto-kv,expert_cache_stats[3].per_layer_unique_demands[18],1157
03-partial-auto-kv,expert_cache_stats[3].per_layer_unique_demands[19],1144
03-partial-auto-kv,expert_cache_stats[3].per_layer_unique_demands[20],1056
03-partial-auto-kv,expert_cache_stats[3].per_layer_unique_demands[21],944
03-partial-auto-kv,expert_cache_stats[3].per_layer_unique_demands[22],997
03-partial-auto-kv,expert_cache_stats[3].per_layer_unique_demands[23],1019
03-partial-auto-kv,expert_cache_stats[3].per_layer_unique_demands[24],954
03-partial-auto-kv,expert_cache_stats[3].per_layer_unique_demands[25],975
03-partial-auto-kv,expert_cache_stats[3].per_layer_unique_demands[26],1052
03-partial-auto-kv,expert_cache_stats[3].per_layer_unique_demands[27],1121
03-partial-auto-kv,expert_cache_stats[3].per_layer_unique_demands[28],1054
03-partial-auto-kv,expert_cache_stats[3].per_layer_unique_demands[29],1107
03-partial-auto-kv,expert_cache_stats[3].per_layer_unique_demands[30],1150
03-partial-auto-kv,expert_cache_stats[3].per_layer_unique_demands[31],1145
03-partial-auto-kv,expert_cache_stats[3].per_layer_unique_demands[32],1080
03-partial-auto-kv,expert_cache_stats[3].per_layer_unique_demands[33],952
03-partial-auto-kv,expert_cache_stats[3].per_layer_unique_demands[34],996
03-partial-auto-kv,expert_cache_stats[3].per_layer_unique_demands[35],1023
03-partial-auto-kv,expert_cache_stats[3].per_layer_unique_demands[36],977
03-partial-auto-kv,expert_cache_stats[3].per_layer_unique_demands[37],996
03-partial-auto-kv,expert_cache_stats[3].per_layer_unique_demands[38],1046
03-partial-auto-kv,expert_cache_stats[3].per_layer_unique_demands[39],1076
03-partial-auto-kv,expert_cache_stats[3].per_layer_unique_demands[40],1088
03-partial-auto-kv,expert_cache_stats[3].per_layer_unique_demands[41],1053
03-partial-auto-kv,expert_cache_stats[3].per_layer_unique_demands[42],988
03-partial-auto-kv,expert_cache_stats[3].per_layer_unique_demands[43],1001
03-partial-auto-kv,expert_cache_stats[3].per_layer_unique_demands[44],969
03-partial-auto-kv,expert_cache_stats[3].per_layer_unique_demands[45],948
03-partial-auto-kv,expert_cache_stats[3].per_layer_unique_demands[46],957
03-partial-auto-kv,expert_cache_stats[3].per_layer_unique_demands[47],1020
03-partial-auto-kv,expert_cache_stats[3].per_layer_max_unique_per_forward[0],498
03-partial-auto-kv,expert_cache_stats[3].per_layer_max_unique_per_forward[1],437
03-partial-auto-kv,expert_cache_stats[3].per_layer_max_unique_per_forward[2],509
03-partial-auto-kv,expert_cache_stats[3].per_layer_max_unique_per_forward[3],422
03-partial-auto-kv,expert_cache_stats[3].per_layer_max_unique_per_forward[4],415
03-partial-auto-kv,expert_cache_stats[3].per_layer_max_unique_per_forward[5],460
03-partial-auto-kv,expert_cache_stats[3].per_layer_max_unique_per_forward[6],490
03-partial-auto-kv,expert_cache_stats[3].per_layer_max_unique_per_forward[7],484
03-partial-auto-kv,expert_cache_stats[3].per_layer_max_unique_per_forward[8],447
03-partial-auto-kv,expert_cache_stats[3].per_layer_max_unique_per_forward[9],386
03-partial-auto-kv,expert_cache_stats[3].per_layer_max_unique_per_forward[10],400
03-partial-auto-kv,expert_cache_stats[3].per_layer_max_unique_per_forward[11],418
03-partial-auto-kv,expert_cache_stats[3].per_layer_max_unique_per_forward[12],369
03-partial-auto-kv,expert_cache_stats[3].per_layer_max_unique_per_forward[13],389
03-partial-auto-kv,expert_cache_stats[3].per_layer_max_unique_per_forward[14],426
03-partial-auto-kv,expert_cache_stats[3].per_layer_max_unique_per_forward[15],458
03-partial-auto-kv,expert_cache_stats[3].per_layer_max_unique_per_forward[16],427
03-partial-auto-kv,expert_cache_stats[3].per_layer_max_unique_per_forward[17],462
03-partial-auto-kv,expert_cache_stats[3].per_layer_max_unique_per_forward[18],494
03-partial-auto-kv,expert_cache_stats[3].per_layer_max_unique_per_forward[19],488
03-partial-auto-kv,expert_cache_stats[3].per_layer_max_unique_per_forward[20],443
03-partial-auto-kv,expert_cache_stats[3].per_layer_max_unique_per_forward[21],387
03-partial-auto-kv,expert_cache_stats[3].per_layer_max_unique_per_forward[22],414
03-partial-auto-kv,expert_cache_stats[3].per_layer_max_unique_per_forward[23],425
03-partial-auto-kv,expert_cache_stats[3].per_layer_max_unique_per_forward[24],392
03-partial-auto-kv,expert_cache_stats[3].per_layer_max_unique_per_forward[25],405
03-partial-auto-kv,expert_cache_stats[3].per_layer_max_unique_per_forward[26],440
03-partial-auto-kv,expert_cache_stats[3].per_layer_max_unique_per_forward[27],476
03-partial-auto-kv,expert_cache_stats[3].per_layer_max_unique_per_forward[28],442
03-partial-auto-kv,expert_cache_stats[3].per_layer_max_unique_per_forward[29],469
03-partial-auto-kv,expert_cache_stats[3].per_layer_max_unique_per_forward[30],489
03-partial-auto-kv,expert_cache_stats[3].per_layer_max_unique_per_forward[31],488
03-partial-auto-kv,expert_cache_stats[3].per_layer_max_unique_per_forward[32],456
03-partial-auto-kv,expert_cache_stats[3].per_layer_max_unique_per_forward[33],391
03-partial-auto-kv,expert_cache_stats[3].per_layer_max_unique_per_forward[34],414
03-partial-auto-kv,expert_cache_stats[3].per_layer_max_unique_per_forward[35],427
03-partial-auto-kv,expert_cache_stats[3].per_layer_max_unique_per_forward[36],404
03-partial-auto-kv,expert_cache_stats[3].per_layer_max_unique_per_forward[37],414
03-partial-auto-kv,expert_cache_stats[3].per_layer_max_unique_per_forward[38],438
03-partial-auto-kv,expert_cache_stats[3].per_layer_max_unique_per_forward[39],453
03-partial-auto-kv,expert_cache_stats[3].per_layer_max_unique_per_forward[40],460
03-partial-auto-kv,expert_cache_stats[3].per_layer_max_unique_per_forward[41],442
03-partial-auto-kv,expert_cache_stats[3].per_layer_max_unique_per_forward[42],410
03-partial-auto-kv,expert_cache_stats[3].per_layer_max_unique_per_forward[43],415
03-partial-auto-kv,expert_cache_stats[3].per_layer_max_unique_per_forward[44],400
03-partial-auto-kv,expert_cache_stats[3].per_layer_max_unique_per_forward[45],390
03-partial-auto-kv,expert_cache_stats[3].per_layer_max_unique_per_forward[46],393
03-partial-auto-kv,expert_cache_stats[3].per_layer_max_unique_per_forward[47],424
03-partial-auto-kv,expert_cache_stats[3].identity.geometry.total_layers,48
03-partial-auto-kv,expert_cache_stats[3].identity.geometry.num_experts,512
03-partial-auto-kv,expert_cache_stats[3].identity.geometry.hidden_size,2048
03-partial-auto-kv,expert_cache_stats[3].identity.geometry.intermediate_size,128
03-partial-auto-kv,expert_cache_stats[3].identity.tensor_parallel_size,4
03-partial-auto-kv,expert_cache_stats[3].identity.model_config_sha256,2d483c7cabad7c8704478ed4038fa7e7b2eff840bc00a118eccbe38e2b488303
03-partial-auto-kv,expert_cache_stats[3].identity.model_identity_sha256,24f6a89ba0e0435caffbb3d056425fb1fe980fca09d5a8749dfb231bd24880d8
03-partial-auto-kv,expert_cache_stats[3].profile_sha256,0c54d62f0f172a2fe11e201125c385bed91db37df7d949dff7a929686b96357e
03-partial-auto-kv,expert_cache_stats[3].cache_policy,decayed-lfu
03-partial-auto-kv,expert_cache_stats[3].failed,False
03-partial-auto-kv,expert_cache_stats[3].weight_verification_scope,CUDA parity tests required; no runtime weight D2H verification
03-partial-auto-kv,expert_cache_stats[3].temporary_memory_scope,native fused kernel workspace/output and CPU route IDs scale with scheduled tokens; no weight-sized GPU gather temporary
03-partial-auto-kv,expert_cache_stats[3].memory_accounting_scope,"tensor payload bytes; excludes allocator rounding, CUDA event driver memory and Python policy metadata; native/chunk output workspace must be included in vLLM measured profiling peak"
03-partial-auto-kv,expert_cache_stats[3].kernel_config_scope,native logical E geometry per actual native chunk size
03-partial-auto-kv,expert_cache_stats[3].transfer_schedule,demand-critical H2D on compute stream; no speculative prefetch
03-partial-auto-kv,expert_cache_stats[3].kernel_config_records.capacity,64
03-partial-auto-kv,expert_cache_stats[3].kernel_config_records.unrecorded_selections,0
03-partial-auto-kv,expert_cache_stats[3].kernel_config_records.records[0].chunk_tokens,8192
03-partial-auto-kv,expert_cache_stats[3].kernel_config_records.records[0].top_k,10
03-partial-auto-kv,expert_cache_stats[3].kernel_config_records.records[0].selections,96
03-partial-auto-kv,expert_cache_stats[3].kernel_config_records.records[0].w13_shape[0],512
03-partial-auto-kv,expert_cache_stats[3].kernel_config_records.records[0].w13_shape[1],256
03-partial-auto-kv,expert_cache_stats[3].kernel_config_records.records[0].w13_shape[2],2048
03-partial-auto-kv,expert_cache_stats[3].kernel_config_records.records[0].w2_shape[0],512
03-partial-auto-kv,expert_cache_stats[3].kernel_config_records.records[0].w2_shape[1],2048
03-partial-auto-kv,expert_cache_stats[3].kernel_config_records.records[0].w2_shape[2],128
03-partial-auto-kv,expert_cache_stats[3].kernel_config_records.records[0].config.BLOCK_SIZE_K,64
03-partial-auto-kv,expert_cache_stats[3].kernel_config_records.records[0].config.BLOCK_SIZE_M,128
03-partial-auto-kv,expert_cache_stats[3].kernel_config_records.records[0].config.BLOCK_SIZE_N,128
03-partial-auto-kv,expert_cache_stats[3].kernel_config_records.records[0].config.GROUP_SIZE_M,64
03-partial-auto-kv,expert_cache_stats[3].kernel_config_records.records[0].config.num_stages,3
03-partial-auto-kv,expert_cache_stats[3].kernel_config_records.records[0].config.num_warps,8
03-partial-auto-kv,expert_cache_stats[3].kernel_config_records.records[1].chunk_tokens,1
03-partial-auto-kv,expert_cache_stats[3].kernel_config_records.records[1].top_k,10
03-partial-auto-kv,expert_cache_stats[3].kernel_config_records.records[1].selections,720
03-partial-auto-kv,expert_cache_stats[3].kernel_config_records.records[1].w13_shape[0],512
03-partial-auto-kv,expert_cache_stats[3].kernel_config_records.records[1].w13_shape[1],256
03-partial-auto-kv,expert_cache_stats[3].kernel_config_records.records[1].w13_shape[2],2048
03-partial-auto-kv,expert_cache_stats[3].kernel_config_records.records[1].w2_shape[0],512
03-partial-auto-kv,expert_cache_stats[3].kernel_config_records.records[1].w2_shape[1],2048
03-partial-auto-kv,expert_cache_stats[3].kernel_config_records.records[1].w2_shape[2],128
03-partial-auto-kv,expert_cache_stats[3].kernel_config_records.records[1].config.BLOCK_SIZE_K,64
03-partial-auto-kv,expert_cache_stats[3].kernel_config_records.records[1].config.BLOCK_SIZE_M,16
03-partial-auto-kv,expert_cache_stats[3].kernel_config_records.records[1].config.BLOCK_SIZE_N,32
03-partial-auto-kv,expert_cache_stats[3].kernel_config_records.records[1].config.GROUP_SIZE_M,1
03-partial-auto-kv,expert_cache_stats[3].kernel_config_records.records[1].config.num_stages,4
03-partial-auto-kv,expert_cache_stats[3].kernel_config_records.records[1].config.num_warps,4
03-partial-auto-kv,expert_cache_stats[3].kernel_config_records.records[2].chunk_tokens,4096
03-partial-auto-kv,expert_cache_stats[3].kernel_config_records.records[2].top_k,10
03-partial-auto-kv,expert_cache_stats[3].kernel_config_records.records[2].selections,96
03-partial-auto-kv,expert_cache_stats[3].kernel_config_records.records[2].w13_shape[0],512
03-partial-auto-kv,expert_cache_stats[3].kernel_config_records.records[2].w13_shape[1],256
03-partial-auto-kv,expert_cache_stats[3].kernel_config_records.records[2].w13_shape[2],2048
03-partial-auto-kv,expert_cache_stats[3].kernel_config_records.records[2].w2_shape[0],512
03-partial-auto-kv,expert_cache_stats[3].kernel_config_records.records[2].w2_shape[1],2048
03-partial-auto-kv,expert_cache_stats[3].kernel_config_records.records[2].w2_shape[2],128
03-partial-auto-kv,expert_cache_stats[3].kernel_config_records.records[2].config.BLOCK_SIZE_K,64
03-partial-auto-kv,expert_cache_stats[3].kernel_config_records.records[2].config.BLOCK_SIZE_M,128
03-partial-auto-kv,expert_cache_stats[3].kernel_config_records.records[2].config.BLOCK_SIZE_N,128
03-partial-auto-kv,expert_cache_stats[3].kernel_config_records.records[2].config.GROUP_SIZE_M,64
03-partial-auto-kv,expert_cache_stats[3].kernel_config_records.records[2].config.num_stages,3
03-partial-auto-kv,expert_cache_stats[3].kernel_config_records.records[2].config.num_warps,8
