run_id,field,value
01-resident,schema_version,1
01-resident,run_id,01-resident
01-resident,arm,resident
01-resident,status,complete
01-resident,offload_count,0
01-resident,staging_slots,1
01-resident,repetitions_completed,1
01-resident,requested_kv_cache_bytes,
01-resident,exit_code,0
01-resident,launcher_elapsed_s,132.83125479286537
01-resident,smoke_matches_resident,
01-resident,performance_outputs_stable,True
01-resident,contract.batch_size,32
01-resident,contract.context_length,4096
01-resident,contract.output_length,64
01-resident,contract.tensor_parallel_size,4
01-resident,contract.gpu_memory_utilization,0.6
01-resident,contract.seed,20260905
01-resident,contract.warmups,0
01-resident,contract.timing_samples,128
01-resident,contract.max_num_seqs,32
01-resident,contract.max_num_batched_tokens,8192
01-resident,contract.repetitions_requested,1
01-resident,contract.smoke_output_length,8
01-resident,contract.source_request_count,512
01-resident,contract.unique_selected_request_count,32
01-resident,contract.repeated_request_count,0
01-resident,contract.commit,4e62dcc0a2ce74dadc56f32f2e0efb820ce7048d
01-resident,contract.model_identity_sha256,f197bd16d71c7da5e1472aacaeb3bd213c41d7688695ac857cf30665fe951a59
01-resident,contract.model_config_sha256,2d483c7cabad7c8704478ed4038fa7e7b2eff840bc00a118eccbe38e2b488303
01-resident,contract.dataset_sha256,e2c49470808ee926dbc90538fde50bcd15852d1be946cd521e6a257a4e2788c0
01-resident,contract.dataset_manifest_sha256,c5b24da6ce5d77cbe6734dc5bd5e7458d1a0a28bb1797bdae282843b35df93e6
01-resident,contract.input_sha256,24f7a1479959083d6064ec0a689eaf047cee4f6a272761d123f2880fe5406bb9
01-resident,contract.engine_policy_sha256,453c3f01dab00f2691d5cf44920bef90559949bac7ef297c0848d986c64de95e
01-resident,contract.dtype,bfloat16
01-resident,contract.versions.torch,2.8.0+cu128
01-resident,contract.versions.vllm,0.10.2
01-resident,contract.versions.cuda,12.8
01-resident,contract.versions.vllm_commit,01efc7ef781391e744ed08c3292817a773d654e6
01-resident,contract.comparison_backend,expert-cache
01-resident,contract.expert_cache.resident_ratio,0.5
01-resident,contract.expert_cache.cache_policy,decayed-lfu
01-resident,contract.expert_cache.cache_slots,256
01-resident,contract.expert_cache.calibration_count,32
01-resident,contract.expert_cache.timing_samples,128
01-resident,contract.expert_cache.profile_sha256,e102f6959c1e9a64d67294b1800b9f093fb41907a0ca4aa42aa030b7c2dad3fb
01-resident,contract.expert_cache.identity.geometry.total_layers,48
01-resident,contract.expert_cache.identity.geometry.num_experts,512
01-resident,contract.expert_cache.identity.geometry.hidden_size,2048
01-resident,contract.expert_cache.identity.geometry.intermediate_size,128
01-resident,contract.expert_cache.identity.tensor_parallel_size,4
01-resident,contract.expert_cache.identity.model_config_sha256,2d483c7cabad7c8704478ed4038fa7e7b2eff840bc00a118eccbe38e2b488303
01-resident,contract.expert_cache.identity.model_identity_sha256,24f6a89ba0e0435caffbb3d056425fb1fe980fca09d5a8749dfb231bd24880d8
01-resident,contract.calibration_count,32
01-resident,contract.evaluation_pool_count,45
01-resident,contract.calibration_input_hashes_sha256,e750c8cc9181b644e745c419ca77123f9edd3e336658d6399e0ba5e721adb07a
01-resident,contract.sampling_policy,heldout-token-hash-first-unique
01-resident,contract.split_scope,full-prompt-token-hashes; source-conversation-disjointness-not-claimed
01-resident,memory[0].rank,0
01-resident,memory[0].total_gpu_bytes,85017493504
01-resident,memory[0].free_gpu_bytes,32923254784
01-resident,memory[0].torch_allocated_bytes,49011060736
01-resident,memory[0].torch_reserved_bytes,49977229312
01-resident,memory[0].torch_peak_allocated_bytes,49578542592
01-resident,memory[0].torch_peak_reserved_bytes,49977229312
01-resident,memory[0].available_kv_cache_bytes,
01-resident,memory[0].model_memory_bytes,39959379968
01-resident,memory[0].kv_cache_allocated_bytes,8980856832
01-resident,memory[0].kv_cache_declared_bytes,8980856832
01-resident,memory[0].num_gpu_blocks,2687
01-resident,memory[0].kv_cache_accounting_consistent,True
01-resident,memory[1].rank,1
01-resident,memory[1].total_gpu_bytes,85017493504
01-resident,memory[1].free_gpu_bytes,32923254784
01-resident,memory[1].torch_allocated_bytes,49011060736
01-resident,memory[1].torch_reserved_bytes,49977229312
01-resident,memory[1].torch_peak_allocated_bytes,49578542592
01-resident,memory[1].torch_peak_reserved_bytes,49977229312
01-resident,memory[1].available_kv_cache_bytes,
01-resident,memory[1].model_memory_bytes,39959379968
01-resident,memory[1].kv_cache_allocated_bytes,8980856832
01-resident,memory[1].kv_cache_declared_bytes,8980856832
01-resident,memory[1].num_gpu_blocks,2687
01-resident,memory[1].kv_cache_accounting_consistent,True
01-resident,memory[2].rank,2
01-resident,memory[2].total_gpu_bytes,85017493504
01-resident,memory[2].free_gpu_bytes,32923254784
01-resident,memory[2].torch_allocated_bytes,49011060736
01-resident,memory[2].torch_reserved_bytes,49977229312
01-resident,memory[2].torch_peak_allocated_bytes,49578542592
01-resident,memory[2].torch_peak_reserved_bytes,49977229312
01-resident,memory[2].available_kv_cache_bytes,
01-resident,memory[2].model_memory_bytes,39959379968
01-resident,memory[2].kv_cache_allocated_bytes,8980856832
01-resident,memory[2].kv_cache_declared_bytes,8980856832
01-resident,memory[2].num_gpu_blocks,2687
01-resident,memory[2].kv_cache_accounting_consistent,True
01-resident,memory[3].rank,3
01-resident,memory[3].total_gpu_bytes,85017493504
01-resident,memory[3].free_gpu_bytes,32923254784
01-resident,memory[3].torch_allocated_bytes,49011060736
01-resident,memory[3].torch_reserved_bytes,49977229312
01-resident,memory[3].torch_peak_allocated_bytes,49578542592
01-resident,memory[3].torch_peak_reserved_bytes,49977229312
01-resident,memory[3].available_kv_cache_bytes,
01-resident,memory[3].model_memory_bytes,39959379968
01-resident,memory[3].kv_cache_allocated_bytes,8980856832
01-resident,memory[3].kv_cache_declared_bytes,8980856832
01-resident,memory[3].num_gpu_blocks,2687
01-resident,memory[3].kv_cache_accounting_consistent,True
01-resident,final_memory[0].rank,0
01-resident,final_memory[0].total_gpu_bytes,85017493504
01-resident,final_memory[0].free_gpu_bytes,29983047680
01-resident,final_memory[0].torch_allocated_bytes,49011074560
01-resident,final_memory[0].torch_reserved_bytes,49977229312
01-resident,final_memory[0].torch_peak_allocated_bytes,49578562560
01-resident,final_memory[0].torch_peak_reserved_bytes,49977229312
01-resident,final_memory[0].available_kv_cache_bytes,
01-resident,final_memory[0].model_memory_bytes,39959379968
01-resident,final_memory[0].kv_cache_allocated_bytes,8980856832
01-resident,final_memory[0].kv_cache_declared_bytes,8980856832
01-resident,final_memory[0].num_gpu_blocks,2687
01-resident,final_memory[0].kv_cache_accounting_consistent,True
01-resident,final_memory[1].rank,1
01-resident,final_memory[1].total_gpu_bytes,85017493504
01-resident,final_memory[1].free_gpu_bytes,29983047680
01-resident,final_memory[1].torch_allocated_bytes,49011074560
01-resident,final_memory[1].torch_reserved_bytes,49977229312
01-resident,final_memory[1].torch_peak_allocated_bytes,49578562560
01-resident,final_memory[1].torch_peak_reserved_bytes,49977229312
01-resident,final_memory[1].available_kv_cache_bytes,
01-resident,final_memory[1].model_memory_bytes,39959379968
01-resident,final_memory[1].kv_cache_allocated_bytes,8980856832
01-resident,final_memory[1].kv_cache_declared_bytes,8980856832
01-resident,final_memory[1].num_gpu_blocks,2687
01-resident,final_memory[1].kv_cache_accounting_consistent,True
01-resident,final_memory[2].rank,2
01-resident,final_memory[2].total_gpu_bytes,85017493504
01-resident,final_memory[2].free_gpu_bytes,29983047680
01-resident,final_memory[2].torch_allocated_bytes,49011074560
01-resident,final_memory[2].torch_reserved_bytes,49977229312
01-resident,final_memory[2].torch_peak_allocated_bytes,49578562560
01-resident,final_memory[2].torch_peak_reserved_bytes,49977229312
01-resident,final_memory[2].available_kv_cache_bytes,
01-resident,final_memory[2].model_memory_bytes,39959379968
01-resident,final_memory[2].kv_cache_allocated_bytes,8980856832
01-resident,final_memory[2].kv_cache_declared_bytes,8980856832
01-resident,final_memory[2].num_gpu_blocks,2687
01-resident,final_memory[2].kv_cache_accounting_consistent,True
01-resident,final_memory[3].rank,3
01-resident,final_memory[3].total_gpu_bytes,85017493504
01-resident,final_memory[3].free_gpu_bytes,29983047680
01-resident,final_memory[3].torch_allocated_bytes,49011074560
01-resident,final_memory[3].torch_reserved_bytes,49977229312
01-resident,final_memory[3].torch_peak_allocated_bytes,49578562560
01-resident,final_memory[3].torch_peak_reserved_bytes,49977229312
01-resident,final_memory[3].available_kv_cache_bytes,
01-resident,final_memory[3].model_memory_bytes,39959379968
01-resident,final_memory[3].kv_cache_allocated_bytes,8980856832
01-resident,final_memory[3].kv_cache_declared_bytes,8980856832
01-resident,final_memory[3].num_gpu_blocks,2687
01-resident,final_memory[3].kv_cache_accounting_consistent,True
01-resident,hardware_budget.total_gpu_bytes_by_rank[0],85017493504
01-resident,hardware_budget.total_gpu_bytes_by_rank[1],85017493504
01-resident,hardware_budget.total_gpu_bytes_by_rank[2],85017493504
01-resident,hardware_budget.total_gpu_bytes_by_rank[3],85017493504
01-resident,hardware_budget.requested_gpu_bytes_by_rank[0],51010496102
01-resident,hardware_budget.requested_gpu_bytes_by_rank[1],51010496102
01-resident,hardware_budget.requested_gpu_bytes_by_rank[2],51010496102
01-resident,hardware_budget.requested_gpu_bytes_by_rank[3],51010496102
01-resident,smoke.elapsed_s,14.649624284822494
01-resident,smoke.generated_tokens,8
01-resident,smoke.request_count,1
01-resident,smoke.output_tokens_per_second,0.5460890903726637
01-resident,smoke.latency_available_requests,0
01-resident,smoke.ttft_available_requests,0
01-resident,smoke.ttft_median_s,
01-resident,smoke.request_latency_median_s,
01-resident,smoke.input_sha256,8f63bdbc6e4ba404b90c7517bb32e8ab02871aca0ff010fdcf90ce8de5a5a7be
01-resident,smoke.output_sha256,aca6a96d6190b30731841211aa6dc44913c8f1995ea7500945641e467c508c32
01-resident,repetitions[0].repetition,0
01-resident,repetitions[0].elapsed_s,8.006163274869323
01-resident,repetitions[0].generated_tokens,2048
01-resident,repetitions[0].request_count,32
01-resident,repetitions[0].output_tokens_per_second,255.8029270310413
01-resident,repetitions[0].latency_available_requests,0
01-resident,repetitions[0].ttft_available_requests,0
01-resident,repetitions[0].ttft_median_s,
01-resident,repetitions[0].request_latency_median_s,
01-resident,repetitions[0].output_sha256,cca875f9ecf0705a41d2979b11c58941660aa500c2c73e40f26e51aec6a503db
01-resident,repetitions[0].timing_available,False
01-resident,repetitions[0].diagnostics.h2d_bytes,0
01-resident,repetitions[0].diagnostics.copy_launches,0
01-resident,repetitions[0].diagnostics.startup_resident_h2d_bytes,0
01-resident,repetitions[0].diagnostics.promotion_d2d_bytes,0
01-resident,repetitions[0].diagnostics.metadata_h2d_bytes,0
01-resident,repetitions[0].diagnostics.unique_demands,0
01-resident,repetitions[0].diagnostics.resident_hits,0
01-resident,repetitions[0].diagnostics.timing.route_d2h_s,0
01-resident,repetitions[0].diagnostics.timing.policy_cpu_s,0
01-resident,repetitions[0].diagnostics.timing.host_reuse_wait_s,0
01-resident,repetitions[0].diagnostics.timing.host_gather_s,0
01-resident,repetitions[0].diagnostics.timing.h2d_enqueue_s,0
01-resident,repetitions[0].diagnostics.timing.compute_enqueue_s,0
01-resident,repetitions[0].diagnostics.timing.cuda_sample_count,0
01-resident,repetitions[0].diagnostics.timing.load_cuda_s,0
01-resident,repetitions[0].diagnostics.timing.compute_cuda_s,0
01-resident,repetitions[0].diagnostics.timing.promotion_cuda_s,0
01-resident,repetitions[0].diagnostics.policy.observations,0
01-resident,repetitions[0].diagnostics.policy.unique_demands,0
01-resident,repetitions[0].diagnostics.policy.completed_forwards,0
01-resident,repetitions[0].diagnostics.policy.decay_events,0
01-resident,repetitions[0].diagnostics.policy.cache_hits,0
01-resident,repetitions[0].diagnostics.policy.cache_misses,0
01-resident,repetitions[0].diagnostics.policy.admissions,0
01-resident,repetitions[0].diagnostics.policy.evictions,0
01-resident,repetitions[0].diagnostics.policy.cache_bypasses,0
01-resident,repetitions[0].diagnostics.policy.reconfigurations,0
01-resident,repetitions[0].diagnostics.policy.cache_hit_ratio,
01-resident,repetitions[0].diagnostics.per_rank[0].h2d_bytes,0
01-resident,repetitions[0].diagnostics.per_rank[0].copy_launches,0
01-resident,repetitions[0].diagnostics.per_rank[0].startup_resident_h2d_bytes,0
01-resident,repetitions[0].diagnostics.per_rank[0].promotion_d2d_bytes,0
01-resident,repetitions[0].diagnostics.per_rank[0].metadata_h2d_bytes,0
01-resident,repetitions[0].diagnostics.per_rank[0].unique_demands,0
01-resident,repetitions[0].diagnostics.per_rank[0].resident_hits,0
01-resident,repetitions[0].diagnostics.per_rank[0].timing.route_d2h_s,0
01-resident,repetitions[0].diagnostics.per_rank[0].timing.policy_cpu_s,0
01-resident,repetitions[0].diagnostics.per_rank[0].timing.host_reuse_wait_s,0
01-resident,repetitions[0].diagnostics.per_rank[0].timing.host_gather_s,0
01-resident,repetitions[0].diagnostics.per_rank[0].timing.h2d_enqueue_s,0
01-resident,repetitions[0].diagnostics.per_rank[0].timing.compute_enqueue_s,0
01-resident,repetitions[0].diagnostics.per_rank[0].timing.cuda_sample_count,0
01-resident,repetitions[0].diagnostics.per_rank[0].timing.load_cuda_s,0
01-resident,repetitions[0].diagnostics.per_rank[0].timing.compute_cuda_s,0
01-resident,repetitions[0].diagnostics.per_rank[0].timing.promotion_cuda_s,0
01-resident,repetitions[0].diagnostics.per_rank[0].policy.observations,0
01-resident,repetitions[0].diagnostics.per_rank[0].policy.unique_demands,0
01-resident,repetitions[0].diagnostics.per_rank[0].policy.completed_forwards,0
01-resident,repetitions[0].diagnostics.per_rank[0].policy.decay_events,0
01-resident,repetitions[0].diagnostics.per_rank[0].policy.cache_hits,0
01-resident,repetitions[0].diagnostics.per_rank[0].policy.cache_misses,0
01-resident,repetitions[0].diagnostics.per_rank[0].policy.admissions,0
01-resident,repetitions[0].diagnostics.per_rank[0].policy.evictions,0
01-resident,repetitions[0].diagnostics.per_rank[0].policy.cache_bypasses,0
01-resident,repetitions[0].diagnostics.per_rank[0].policy.reconfigurations,0
01-resident,repetitions[0].diagnostics.per_rank[0].policy.cache_hit_ratio,
01-resident,repetitions[0].diagnostics.per_rank[0].rank,0
01-resident,repetitions[0].diagnostics.per_rank[1].h2d_bytes,0
01-resident,repetitions[0].diagnostics.per_rank[1].copy_launches,0
01-resident,repetitions[0].diagnostics.per_rank[1].startup_resident_h2d_bytes,0
01-resident,repetitions[0].diagnostics.per_rank[1].promotion_d2d_bytes,0
01-resident,repetitions[0].diagnostics.per_rank[1].metadata_h2d_bytes,0
01-resident,repetitions[0].diagnostics.per_rank[1].unique_demands,0
01-resident,repetitions[0].diagnostics.per_rank[1].resident_hits,0
01-resident,repetitions[0].diagnostics.per_rank[1].timing.route_d2h_s,0
01-resident,repetitions[0].diagnostics.per_rank[1].timing.policy_cpu_s,0
01-resident,repetitions[0].diagnostics.per_rank[1].timing.host_reuse_wait_s,0
01-resident,repetitions[0].diagnostics.per_rank[1].timing.host_gather_s,0
01-resident,repetitions[0].diagnostics.per_rank[1].timing.h2d_enqueue_s,0
01-resident,repetitions[0].diagnostics.per_rank[1].timing.compute_enqueue_s,0
01-resident,repetitions[0].diagnostics.per_rank[1].timing.cuda_sample_count,0
01-resident,repetitions[0].diagnostics.per_rank[1].timing.load_cuda_s,0
01-resident,repetitions[0].diagnostics.per_rank[1].timing.compute_cuda_s,0
01-resident,repetitions[0].diagnostics.per_rank[1].timing.promotion_cuda_s,0
01-resident,repetitions[0].diagnostics.per_rank[1].policy.observations,0
01-resident,repetitions[0].diagnostics.per_rank[1].policy.unique_demands,0
01-resident,repetitions[0].diagnostics.per_rank[1].policy.completed_forwards,0
01-resident,repetitions[0].diagnostics.per_rank[1].policy.decay_events,0
01-resident,repetitions[0].diagnostics.per_rank[1].policy.cache_hits,0
01-resident,repetitions[0].diagnostics.per_rank[1].policy.cache_misses,0
01-resident,repetitions[0].diagnostics.per_rank[1].policy.admissions,0
01-resident,repetitions[0].diagnostics.per_rank[1].policy.evictions,0
01-resident,repetitions[0].diagnostics.per_rank[1].policy.cache_bypasses,0
01-resident,repetitions[0].diagnostics.per_rank[1].policy.reconfigurations,0
01-resident,repetitions[0].diagnostics.per_rank[1].policy.cache_hit_ratio,
01-resident,repetitions[0].diagnostics.per_rank[1].rank,1
01-resident,repetitions[0].diagnostics.per_rank[2].h2d_bytes,0
01-resident,repetitions[0].diagnostics.per_rank[2].copy_launches,0
01-resident,repetitions[0].diagnostics.per_rank[2].startup_resident_h2d_bytes,0
01-resident,repetitions[0].diagnostics.per_rank[2].promotion_d2d_bytes,0
01-resident,repetitions[0].diagnostics.per_rank[2].metadata_h2d_bytes,0
01-resident,repetitions[0].diagnostics.per_rank[2].unique_demands,0
01-resident,repetitions[0].diagnostics.per_rank[2].resident_hits,0
01-resident,repetitions[0].diagnostics.per_rank[2].timing.route_d2h_s,0
01-resident,repetitions[0].diagnostics.per_rank[2].timing.policy_cpu_s,0
01-resident,repetitions[0].diagnostics.per_rank[2].timing.host_reuse_wait_s,0
01-resident,repetitions[0].diagnostics.per_rank[2].timing.host_gather_s,0
01-resident,repetitions[0].diagnostics.per_rank[2].timing.h2d_enqueue_s,0
01-resident,repetitions[0].diagnostics.per_rank[2].timing.compute_enqueue_s,0
01-resident,repetitions[0].diagnostics.per_rank[2].timing.cuda_sample_count,0
01-resident,repetitions[0].diagnostics.per_rank[2].timing.load_cuda_s,0
01-resident,repetitions[0].diagnostics.per_rank[2].timing.compute_cuda_s,0
01-resident,repetitions[0].diagnostics.per_rank[2].timing.promotion_cuda_s,0
01-resident,repetitions[0].diagnostics.per_rank[2].policy.observations,0
01-resident,repetitions[0].diagnostics.per_rank[2].policy.unique_demands,0
01-resident,repetitions[0].diagnostics.per_rank[2].policy.completed_forwards,0
01-resident,repetitions[0].diagnostics.per_rank[2].policy.decay_events,0
01-resident,repetitions[0].diagnostics.per_rank[2].policy.cache_hits,0
01-resident,repetitions[0].diagnostics.per_rank[2].policy.cache_misses,0
01-resident,repetitions[0].diagnostics.per_rank[2].policy.admissions,0
01-resident,repetitions[0].diagnostics.per_rank[2].policy.evictions,0
01-resident,repetitions[0].diagnostics.per_rank[2].policy.cache_bypasses,0
01-resident,repetitions[0].diagnostics.per_rank[2].policy.reconfigurations,0
01-resident,repetitions[0].diagnostics.per_rank[2].policy.cache_hit_ratio,
01-resident,repetitions[0].diagnostics.per_rank[2].rank,2
01-resident,repetitions[0].diagnostics.per_rank[3].h2d_bytes,0
01-resident,repetitions[0].diagnostics.per_rank[3].copy_launches,0
01-resident,repetitions[0].diagnostics.per_rank[3].startup_resident_h2d_bytes,0
01-resident,repetitions[0].diagnostics.per_rank[3].promotion_d2d_bytes,0
01-resident,repetitions[0].diagnostics.per_rank[3].metadata_h2d_bytes,0
01-resident,repetitions[0].diagnostics.per_rank[3].unique_demands,0
01-resident,repetitions[0].diagnostics.per_rank[3].resident_hits,0
01-resident,repetitions[0].diagnostics.per_rank[3].timing.route_d2h_s,0
01-resident,repetitions[0].diagnostics.per_rank[3].timing.policy_cpu_s,0
01-resident,repetitions[0].diagnostics.per_rank[3].timing.host_reuse_wait_s,0
01-resident,repetitions[0].diagnostics.per_rank[3].timing.host_gather_s,0
01-resident,repetitions[0].diagnostics.per_rank[3].timing.h2d_enqueue_s,0
01-resident,repetitions[0].diagnostics.per_rank[3].timing.compute_enqueue_s,0
01-resident,repetitions[0].diagnostics.per_rank[3].timing.cuda_sample_count,0
01-resident,repetitions[0].diagnostics.per_rank[3].timing.load_cuda_s,0
01-resident,repetitions[0].diagnostics.per_rank[3].timing.compute_cuda_s,0
01-resident,repetitions[0].diagnostics.per_rank[3].timing.promotion_cuda_s,0
01-resident,repetitions[0].diagnostics.per_rank[3].policy.observations,0
01-resident,repetitions[0].diagnostics.per_rank[3].policy.unique_demands,0
01-resident,repetitions[0].diagnostics.per_rank[3].policy.completed_forwards,0
01-resident,repetitions[0].diagnostics.per_rank[3].policy.decay_events,0
01-resident,repetitions[0].diagnostics.per_rank[3].policy.cache_hits,0
01-resident,repetitions[0].diagnostics.per_rank[3].policy.cache_misses,0
01-resident,repetitions[0].diagnostics.per_rank[3].policy.admissions,0
01-resident,repetitions[0].diagnostics.per_rank[3].policy.evictions,0
01-resident,repetitions[0].diagnostics.per_rank[3].policy.cache_bypasses,0
01-resident,repetitions[0].diagnostics.per_rank[3].policy.reconfigurations,0
01-resident,repetitions[0].diagnostics.per_rank[3].policy.cache_hit_ratio,
01-resident,repetitions[0].diagnostics.per_rank[3].rank,3
01-resident,repetitions[0].memory[0].rank,0
01-resident,repetitions[0].memory[0].total_gpu_bytes,85017493504
01-resident,repetitions[0].memory[0].free_gpu_bytes,29983047680
01-resident,repetitions[0].memory[0].torch_allocated_bytes,49011074560
01-resident,repetitions[0].memory[0].torch_reserved_bytes,49977229312
01-resident,repetitions[0].memory[0].torch_peak_allocated_bytes,49578562560
01-resident,repetitions[0].memory[0].torch_peak_reserved_bytes,49977229312
01-resident,repetitions[0].memory[0].kv_cache_allocated_bytes,8980856832
01-resident,repetitions[0].memory[0].num_gpu_blocks,2687
01-resident,repetitions[0].memory[0].kv_cache_declared_bytes,8980856832
01-resident,repetitions[0].memory[0].kv_cache_accounting_consistent,True
01-resident,repetitions[0].memory[1].rank,1
01-resident,repetitions[0].memory[1].total_gpu_bytes,85017493504
01-resident,repetitions[0].memory[1].free_gpu_bytes,29983047680
01-resident,repetitions[0].memory[1].torch_allocated_bytes,49011074560
01-resident,repetitions[0].memory[1].torch_reserved_bytes,49977229312
01-resident,repetitions[0].memory[1].torch_peak_allocated_bytes,49578562560
01-resident,repetitions[0].memory[1].torch_peak_reserved_bytes,49977229312
01-resident,repetitions[0].memory[1].kv_cache_allocated_bytes,8980856832
01-resident,repetitions[0].memory[1].num_gpu_blocks,2687
01-resident,repetitions[0].memory[1].kv_cache_declared_bytes,8980856832
01-resident,repetitions[0].memory[1].kv_cache_accounting_consistent,True
01-resident,repetitions[0].memory[2].rank,2
01-resident,repetitions[0].memory[2].total_gpu_bytes,85017493504
01-resident,repetitions[0].memory[2].free_gpu_bytes,29983047680
01-resident,repetitions[0].memory[2].torch_allocated_bytes,49011074560
01-resident,repetitions[0].memory[2].torch_reserved_bytes,49977229312
01-resident,repetitions[0].memory[2].torch_peak_allocated_bytes,49578562560
01-resident,repetitions[0].memory[2].torch_peak_reserved_bytes,49977229312
01-resident,repetitions[0].memory[2].kv_cache_allocated_bytes,8980856832
01-resident,repetitions[0].memory[2].num_gpu_blocks,2687
01-resident,repetitions[0].memory[2].kv_cache_declared_bytes,8980856832
01-resident,repetitions[0].memory[2].kv_cache_accounting_consistent,True
01-resident,repetitions[0].memory[3].rank,3
01-resident,repetitions[0].memory[3].total_gpu_bytes,85017493504
01-resident,repetitions[0].memory[3].free_gpu_bytes,29983047680
01-resident,repetitions[0].memory[3].torch_allocated_bytes,49011074560
01-resident,repetitions[0].memory[3].torch_reserved_bytes,49977229312
01-resident,repetitions[0].memory[3].torch_peak_allocated_bytes,49578562560
01-resident,repetitions[0].memory[3].torch_peak_reserved_bytes,49977229312
01-resident,repetitions[0].memory[3].kv_cache_allocated_bytes,8980856832
01-resident,repetitions[0].memory[3].num_gpu_blocks,2687
01-resident,repetitions[0].memory[3].kv_cache_declared_bytes,8980856832
01-resident,repetitions[0].memory[3].kv_cache_accounting_consistent,True
01-resident,repetitions[0].memory_peak_scope,measured-generate-after-synchronized-reset
01-resident,storage_backend,native
01-resident,expert_cache_stats[0].storage_backend,native
01-resident,expert_cache_stats[0].rank,0
01-resident,expert_cache_stats[0].h2d_bytes,0
01-resident,expert_cache_stats[0].copy_launches,0
01-resident,expert_cache_stats[0].startup_resident_h2d_bytes,0
01-resident,expert_cache_stats[0].promotion_d2d_bytes,0
01-resident,expert_cache_stats[0].metadata_h2d_bytes,0
01-resident,expert_cache_stats[0].unique_demands,0
01-resident,expert_cache_stats[0].resident_hits,0
01-resident,expert_cache_stats[0].timing.route_d2h_s,0
01-resident,expert_cache_stats[0].timing.policy_cpu_s,0
01-resident,expert_cache_stats[0].timing.host_reuse_wait_s,0
01-resident,expert_cache_stats[0].timing.host_gather_s,0
01-resident,expert_cache_stats[0].timing.h2d_enqueue_s,0
01-resident,expert_cache_stats[0].timing.compute_enqueue_s,0
01-resident,expert_cache_stats[0].timing.cuda_sample_count,0
01-resident,expert_cache_stats[0].timing.load_cuda_s,0
01-resident,expert_cache_stats[0].timing.compute_cuda_s,0
01-resident,expert_cache_stats[0].timing.promotion_cuda_s,0
01-resident,expert_cache_stats[0].policy.observations,0
01-resident,expert_cache_stats[0].policy.unique_demands,0
01-resident,expert_cache_stats[0].policy.completed_forwards,0
01-resident,expert_cache_stats[0].policy.decay_events,0
01-resident,expert_cache_stats[0].policy.cache_hits,0
01-resident,expert_cache_stats[0].policy.cache_misses,0
01-resident,expert_cache_stats[0].policy.admissions,0
01-resident,expert_cache_stats[0].policy.evictions,0
01-resident,expert_cache_stats[0].policy.cache_bypasses,0
01-resident,expert_cache_stats[0].policy.reconfigurations,0
01-resident,expert_cache_stats[1].storage_backend,native
01-resident,expert_cache_stats[1].rank,1
01-resident,expert_cache_stats[1].h2d_bytes,0
01-resident,expert_cache_stats[1].copy_launches,0
01-resident,expert_cache_stats[1].startup_resident_h2d_bytes,0
01-resident,expert_cache_stats[1].promotion_d2d_bytes,0
01-resident,expert_cache_stats[1].metadata_h2d_bytes,0
01-resident,expert_cache_stats[1].unique_demands,0
01-resident,expert_cache_stats[1].resident_hits,0
01-resident,expert_cache_stats[1].timing.route_d2h_s,0
01-resident,expert_cache_stats[1].timing.policy_cpu_s,0
01-resident,expert_cache_stats[1].timing.host_reuse_wait_s,0
01-resident,expert_cache_stats[1].timing.host_gather_s,0
01-resident,expert_cache_stats[1].timing.h2d_enqueue_s,0
01-resident,expert_cache_stats[1].timing.compute_enqueue_s,0
01-resident,expert_cache_stats[1].timing.cuda_sample_count,0
01-resident,expert_cache_stats[1].timing.load_cuda_s,0
01-resident,expert_cache_stats[1].timing.compute_cuda_s,0
01-resident,expert_cache_stats[1].timing.promotion_cuda_s,0
01-resident,expert_cache_stats[1].policy.observations,0
01-resident,expert_cache_stats[1].policy.unique_demands,0
01-resident,expert_cache_stats[1].policy.completed_forwards,0
01-resident,expert_cache_stats[1].policy.decay_events,0
01-resident,expert_cache_stats[1].policy.cache_hits,0
01-resident,expert_cache_stats[1].policy.cache_misses,0
01-resident,expert_cache_stats[1].policy.admissions,0
01-resident,expert_cache_stats[1].policy.evictions,0
01-resident,expert_cache_stats[1].policy.cache_bypasses,0
01-resident,expert_cache_stats[1].policy.reconfigurations,0
01-resident,expert_cache_stats[2].storage_backend,native
01-resident,expert_cache_stats[2].rank,2
01-resident,expert_cache_stats[2].h2d_bytes,0
01-resident,expert_cache_stats[2].copy_launches,0
01-resident,expert_cache_stats[2].startup_resident_h2d_bytes,0
01-resident,expert_cache_stats[2].promotion_d2d_bytes,0
01-resident,expert_cache_stats[2].metadata_h2d_bytes,0
01-resident,expert_cache_stats[2].unique_demands,0
01-resident,expert_cache_stats[2].resident_hits,0
01-resident,expert_cache_stats[2].timing.route_d2h_s,0
01-resident,expert_cache_stats[2].timing.policy_cpu_s,0
01-resident,expert_cache_stats[2].timing.host_reuse_wait_s,0
01-resident,expert_cache_stats[2].timing.host_gather_s,0
01-resident,expert_cache_stats[2].timing.h2d_enqueue_s,0
01-resident,expert_cache_stats[2].timing.compute_enqueue_s,0
01-resident,expert_cache_stats[2].timing.cuda_sample_count,0
01-resident,expert_cache_stats[2].timing.load_cuda_s,0
01-resident,expert_cache_stats[2].timing.compute_cuda_s,0
01-resident,expert_cache_stats[2].timing.promotion_cuda_s,0
01-resident,expert_cache_stats[2].policy.observations,0
01-resident,expert_cache_stats[2].policy.unique_demands,0
01-resident,expert_cache_stats[2].policy.completed_forwards,0
01-resident,expert_cache_stats[2].policy.decay_events,0
01-resident,expert_cache_stats[2].policy.cache_hits,0
01-resident,expert_cache_stats[2].policy.cache_misses,0
01-resident,expert_cache_stats[2].policy.admissions,0
01-resident,expert_cache_stats[2].policy.evictions,0
01-resident,expert_cache_stats[2].policy.cache_bypasses,0
01-resident,expert_cache_stats[2].policy.reconfigurations,0
01-resident,expert_cache_stats[3].storage_backend,native
01-resident,expert_cache_stats[3].rank,3
01-resident,expert_cache_stats[3].h2d_bytes,0
01-resident,expert_cache_stats[3].copy_launches,0
01-resident,expert_cache_stats[3].startup_resident_h2d_bytes,0
01-resident,expert_cache_stats[3].promotion_d2d_bytes,0
01-resident,expert_cache_stats[3].metadata_h2d_bytes,0
01-resident,expert_cache_stats[3].unique_demands,0
01-resident,expert_cache_stats[3].resident_hits,0
01-resident,expert_cache_stats[3].timing.route_d2h_s,0
01-resident,expert_cache_stats[3].timing.policy_cpu_s,0
01-resident,expert_cache_stats[3].timing.host_reuse_wait_s,0
01-resident,expert_cache_stats[3].timing.host_gather_s,0
01-resident,expert_cache_stats[3].timing.h2d_enqueue_s,0
01-resident,expert_cache_stats[3].timing.compute_enqueue_s,0
01-resident,expert_cache_stats[3].timing.cuda_sample_count,0
01-resident,expert_cache_stats[3].timing.load_cuda_s,0
01-resident,expert_cache_stats[3].timing.compute_cuda_s,0
01-resident,expert_cache_stats[3].timing.promotion_cuda_s,0
01-resident,expert_cache_stats[3].policy.observations,0
01-resident,expert_cache_stats[3].policy.unique_demands,0
01-resident,expert_cache_stats[3].policy.completed_forwards,0
01-resident,expert_cache_stats[3].policy.decay_events,0
01-resident,expert_cache_stats[3].policy.cache_hits,0
01-resident,expert_cache_stats[3].policy.cache_misses,0
01-resident,expert_cache_stats[3].policy.admissions,0
01-resident,expert_cache_stats[3].policy.evictions,0
01-resident,expert_cache_stats[3].policy.cache_bypasses,0
01-resident,expert_cache_stats[3].policy.reconfigurations,0
02-partial-fixed-kv,schema_version,1
02-partial-fixed-kv,run_id,02-partial-fixed-kv
02-partial-fixed-kv,arm,partial-fixed-kv
02-partial-fixed-kv,status,complete
02-partial-fixed-kv,offload_count,0
02-partial-fixed-kv,staging_slots,1
02-partial-fixed-kv,repetitions_completed,1
02-partial-fixed-kv,requested_kv_cache_bytes,8980856832
02-partial-fixed-kv,exit_code,0
02-partial-fixed-kv,launcher_elapsed_s,264.93945198878646
02-partial-fixed-kv,smoke_matches_resident,True
02-partial-fixed-kv,performance_outputs_stable,True
02-partial-fixed-kv,performance_outputs_match_resident,False
02-partial-fixed-kv,mechanism_validated,True
02-partial-fixed-kv,contract.batch_size,32
02-partial-fixed-kv,contract.context_length,4096
02-partial-fixed-kv,contract.output_length,64
02-partial-fixed-kv,contract.tensor_parallel_size,4
02-partial-fixed-kv,contract.gpu_memory_utilization,0.6
02-partial-fixed-kv,contract.seed,20260905
02-partial-fixed-kv,contract.warmups,0
02-partial-fixed-kv,contract.timing_samples,128
02-partial-fixed-kv,contract.max_num_seqs,32
02-partial-fixed-kv,contract.max_num_batched_tokens,8192
02-partial-fixed-kv,contract.repetitions_requested,1
02-partial-fixed-kv,contract.smoke_output_length,8
02-partial-fixed-kv,contract.source_request_count,512
02-partial-fixed-kv,contract.unique_selected_request_count,32
02-partial-fixed-kv,contract.repeated_request_count,0
02-partial-fixed-kv,contract.commit,4e62dcc0a2ce74dadc56f32f2e0efb820ce7048d
02-partial-fixed-kv,contract.model_identity_sha256,f197bd16d71c7da5e1472aacaeb3bd213c41d7688695ac857cf30665fe951a59
02-partial-fixed-kv,contract.model_config_sha256,2d483c7cabad7c8704478ed4038fa7e7b2eff840bc00a118eccbe38e2b488303
02-partial-fixed-kv,contract.dataset_sha256,e2c49470808ee926dbc90538fde50bcd15852d1be946cd521e6a257a4e2788c0
02-partial-fixed-kv,contract.dataset_manifest_sha256,c5b24da6ce5d77cbe6734dc5bd5e7458d1a0a28bb1797bdae282843b35df93e6
02-partial-fixed-kv,contract.input_sha256,24f7a1479959083d6064ec0a689eaf047cee4f6a272761d123f2880fe5406bb9
02-partial-fixed-kv,contract.engine_policy_sha256,453c3f01dab00f2691d5cf44920bef90559949bac7ef297c0848d986c64de95e
02-partial-fixed-kv,contract.dtype,bfloat16
02-partial-fixed-kv,contract.versions.torch,2.8.0+cu128
02-partial-fixed-kv,contract.versions.vllm,0.10.2
02-partial-fixed-kv,contract.versions.cuda,12.8
02-partial-fixed-kv,contract.versions.vllm_commit,01efc7ef781391e744ed08c3292817a773d654e6
02-partial-fixed-kv,contract.comparison_backend,expert-cache
02-partial-fixed-kv,contract.expert_cache.resident_ratio,0.5
02-partial-fixed-kv,contract.expert_cache.cache_policy,decayed-lfu
02-partial-fixed-kv,contract.expert_cache.cache_slots,256
02-partial-fixed-kv,contract.expert_cache.calibration_count,32
02-partial-fixed-kv,contract.expert_cache.timing_samples,128
02-partial-fixed-kv,contract.expert_cache.profile_sha256,e102f6959c1e9a64d67294b1800b9f093fb41907a0ca4aa42aa030b7c2dad3fb
02-partial-fixed-kv,contract.expert_cache.identity.geometry.total_layers,48
02-partial-fixed-kv,contract.expert_cache.identity.geometry.num_experts,512
02-partial-fixed-kv,contract.expert_cache.identity.geometry.hidden_size,2048
02-partial-fixed-kv,contract.expert_cache.identity.geometry.intermediate_size,128
02-partial-fixed-kv,contract.expert_cache.identity.tensor_parallel_size,4
02-partial-fixed-kv,contract.expert_cache.identity.model_config_sha256,2d483c7cabad7c8704478ed4038fa7e7b2eff840bc00a118eccbe38e2b488303
02-partial-fixed-kv,contract.expert_cache.identity.model_identity_sha256,24f6a89ba0e0435caffbb3d056425fb1fe980fca09d5a8749dfb231bd24880d8
02-partial-fixed-kv,contract.calibration_count,32
02-partial-fixed-kv,contract.evaluation_pool_count,45
02-partial-fixed-kv,contract.calibration_input_hashes_sha256,e750c8cc9181b644e745c419ca77123f9edd3e336658d6399e0ba5e721adb07a
02-partial-fixed-kv,contract.sampling_policy,heldout-token-hash-first-unique
02-partial-fixed-kv,contract.split_scope,full-prompt-token-hashes; source-conversation-disjointness-not-claimed
02-partial-fixed-kv,memory[0].rank,0
02-partial-fixed-kv,memory[0].total_gpu_bytes,85017493504
02-partial-fixed-kv,memory[0].free_gpu_bytes,51308986368
02-partial-fixed-kv,memory[0].torch_allocated_bytes,30891673600
02-partial-fixed-kv,memory[0].torch_reserved_bytes,31589400576
02-partial-fixed-kv,memory[0].torch_peak_allocated_bytes,31492721152
02-partial-fixed-kv,memory[0].torch_peak_reserved_bytes,31589400576
02-partial-fixed-kv,memory[0].available_kv_cache_bytes,8980856832
02-partial-fixed-kv,memory[0].model_memory_bytes,21839992832
02-partial-fixed-kv,memory[0].kv_cache_allocated_bytes,8980856832
02-partial-fixed-kv,memory[0].kv_cache_declared_bytes,8980856832
02-partial-fixed-kv,memory[0].num_gpu_blocks,2687
02-partial-fixed-kv,memory[0].kv_cache_accounting_consistent,True
02-partial-fixed-kv,memory[1].rank,1
02-partial-fixed-kv,memory[1].total_gpu_bytes,85017493504
02-partial-fixed-kv,memory[1].free_gpu_bytes,51308986368
02-partial-fixed-kv,memory[1].torch_allocated_bytes,30891673600
02-partial-fixed-kv,memory[1].torch_reserved_bytes,31589400576
02-partial-fixed-kv,memory[1].torch_peak_allocated_bytes,31492721152
02-partial-fixed-kv,memory[1].torch_peak_reserved_bytes,31589400576
02-partial-fixed-kv,memory[1].available_kv_cache_bytes,8980856832
02-partial-fixed-kv,memory[1].model_memory_bytes,21839992832
02-partial-fixed-kv,memory[1].kv_cache_allocated_bytes,8980856832
02-partial-fixed-kv,memory[1].kv_cache_declared_bytes,8980856832
02-partial-fixed-kv,memory[1].num_gpu_blocks,2687
02-partial-fixed-kv,memory[1].kv_cache_accounting_consistent,True
02-partial-fixed-kv,memory[2].rank,2
02-partial-fixed-kv,memory[2].total_gpu_bytes,85017493504
02-partial-fixed-kv,memory[2].free_gpu_bytes,51308986368
02-partial-fixed-kv,memory[2].torch_allocated_bytes,30891673600
02-partial-fixed-kv,memory[2].torch_reserved_bytes,31589400576
02-partial-fixed-kv,memory[2].torch_peak_allocated_bytes,31492721152
02-partial-fixed-kv,memory[2].torch_peak_reserved_bytes,31589400576
02-partial-fixed-kv,memory[2].available_kv_cache_bytes,8980856832
02-partial-fixed-kv,memory[2].model_memory_bytes,21839992832
02-partial-fixed-kv,memory[2].kv_cache_allocated_bytes,8980856832
02-partial-fixed-kv,memory[2].kv_cache_declared_bytes,8980856832
02-partial-fixed-kv,memory[2].num_gpu_blocks,2687
02-partial-fixed-kv,memory[2].kv_cache_accounting_consistent,True
02-partial-fixed-kv,memory[3].rank,3
02-partial-fixed-kv,memory[3].total_gpu_bytes,85017493504
02-partial-fixed-kv,memory[3].free_gpu_bytes,51308986368
02-partial-fixed-kv,memory[3].torch_allocated_bytes,30891673600
02-partial-fixed-kv,memory[3].torch_reserved_bytes,31589400576
02-partial-fixed-kv,memory[3].torch_peak_allocated_bytes,31492721152
02-partial-fixed-kv,memory[3].torch_peak_reserved_bytes,31589400576
02-partial-fixed-kv,memory[3].available_kv_cache_bytes,8980856832
02-partial-fixed-kv,memory[3].model_memory_bytes,21839992832
02-partial-fixed-kv,memory[3].kv_cache_allocated_bytes,8980856832
02-partial-fixed-kv,memory[3].kv_cache_declared_bytes,8980856832
02-partial-fixed-kv,memory[3].num_gpu_blocks,2687
02-partial-fixed-kv,memory[3].kv_cache_accounting_consistent,True
02-partial-fixed-kv,final_memory[0].rank,0
02-partial-fixed-kv,final_memory[0].total_gpu_bytes,85017493504
02-partial-fixed-kv,final_memory[0].free_gpu_bytes,48368779264
02-partial-fixed-kv,final_memory[0].torch_allocated_bytes,30891687424
02-partial-fixed-kv,final_memory[0].torch_reserved_bytes,31589400576
02-partial-fixed-kv,final_memory[0].torch_peak_allocated_bytes,31492741120
02-partial-fixed-kv,final_memory[0].torch_peak_reserved_bytes,31589400576
02-partial-fixed-kv,final_memory[0].available_kv_cache_bytes,8980856832
02-partial-fixed-kv,final_memory[0].model_memory_bytes,21839992832
02-partial-fixed-kv,final_memory[0].kv_cache_allocated_bytes,8980856832
02-partial-fixed-kv,final_memory[0].kv_cache_declared_bytes,8980856832
02-partial-fixed-kv,final_memory[0].num_gpu_blocks,2687
02-partial-fixed-kv,final_memory[0].kv_cache_accounting_consistent,True
02-partial-fixed-kv,final_memory[1].rank,1
02-partial-fixed-kv,final_memory[1].total_gpu_bytes,85017493504
02-partial-fixed-kv,final_memory[1].free_gpu_bytes,48368779264
02-partial-fixed-kv,final_memory[1].torch_allocated_bytes,30891687424
02-partial-fixed-kv,final_memory[1].torch_reserved_bytes,31589400576
02-partial-fixed-kv,final_memory[1].torch_peak_allocated_bytes,31492741120
02-partial-fixed-kv,final_memory[1].torch_peak_reserved_bytes,31589400576
02-partial-fixed-kv,final_memory[1].available_kv_cache_bytes,8980856832
02-partial-fixed-kv,final_memory[1].model_memory_bytes,21839992832
02-partial-fixed-kv,final_memory[1].kv_cache_allocated_bytes,8980856832
02-partial-fixed-kv,final_memory[1].kv_cache_declared_bytes,8980856832
02-partial-fixed-kv,final_memory[1].num_gpu_blocks,2687
02-partial-fixed-kv,final_memory[1].kv_cache_accounting_consistent,True
02-partial-fixed-kv,final_memory[2].rank,2
02-partial-fixed-kv,final_memory[2].total_gpu_bytes,85017493504
02-partial-fixed-kv,final_memory[2].free_gpu_bytes,48368779264
02-partial-fixed-kv,final_memory[2].torch_allocated_bytes,30891687424
02-partial-fixed-kv,final_memory[2].torch_reserved_bytes,31589400576
02-partial-fixed-kv,final_memory[2].torch_peak_allocated_bytes,31492741120
02-partial-fixed-kv,final_memory[2].torch_peak_reserved_bytes,31589400576
02-partial-fixed-kv,final_memory[2].available_kv_cache_bytes,8980856832
02-partial-fixed-kv,final_memory[2].model_memory_bytes,21839992832
02-partial-fixed-kv,final_memory[2].kv_cache_allocated_bytes,8980856832
02-partial-fixed-kv,final_memory[2].kv_cache_declared_bytes,8980856832
02-partial-fixed-kv,final_memory[2].num_gpu_blocks,2687
02-partial-fixed-kv,final_memory[2].kv_cache_accounting_consistent,True
02-partial-fixed-kv,final_memory[3].rank,3
02-partial-fixed-kv,final_memory[3].total_gpu_bytes,85017493504
02-partial-fixed-kv,final_memory[3].free_gpu_bytes,48368779264
02-partial-fixed-kv,final_memory[3].torch_allocated_bytes,30891687424
02-partial-fixed-kv,final_memory[3].torch_reserved_bytes,31589400576
02-partial-fixed-kv,final_memory[3].torch_peak_allocated_bytes,31492741120
02-partial-fixed-kv,final_memory[3].torch_peak_reserved_bytes,31589400576
02-partial-fixed-kv,final_memory[3].available_kv_cache_bytes,8980856832
02-partial-fixed-kv,final_memory[3].model_memory_bytes,21839992832
02-partial-fixed-kv,final_memory[3].kv_cache_allocated_bytes,8980856832
02-partial-fixed-kv,final_memory[3].kv_cache_declared_bytes,8980856832
02-partial-fixed-kv,final_memory[3].num_gpu_blocks,2687
02-partial-fixed-kv,final_memory[3].kv_cache_accounting_consistent,True
02-partial-fixed-kv,hardware_budget.total_gpu_bytes_by_rank[0],85017493504
02-partial-fixed-kv,hardware_budget.total_gpu_bytes_by_rank[1],85017493504
02-partial-fixed-kv,hardware_budget.total_gpu_bytes_by_rank[2],85017493504
02-partial-fixed-kv,hardware_budget.total_gpu_bytes_by_rank[3],85017493504
02-partial-fixed-kv,hardware_budget.requested_gpu_bytes_by_rank[0],51010496102
02-partial-fixed-kv,hardware_budget.requested_gpu_bytes_by_rank[1],51010496102
02-partial-fixed-kv,hardware_budget.requested_gpu_bytes_by_rank[2],51010496102
02-partial-fixed-kv,hardware_budget.requested_gpu_bytes_by_rank[3],51010496102
02-partial-fixed-kv,smoke.elapsed_s,20.399541798979044
02-partial-fixed-kv,smoke.generated_tokens,8
02-partial-fixed-kv,smoke.request_count,1
02-partial-fixed-kv,smoke.output_tokens_per_second,0.3921656711132788
02-partial-fixed-kv,smoke.latency_available_requests,0
02-partial-fixed-kv,smoke.ttft_available_requests,0
02-partial-fixed-kv,smoke.ttft_median_s,
02-partial-fixed-kv,smoke.request_latency_median_s,
02-partial-fixed-kv,smoke.input_sha256,8f63bdbc6e4ba404b90c7517bb32e8ab02871aca0ff010fdcf90ce8de5a5a7be
02-partial-fixed-kv,smoke.output_sha256,aca6a96d6190b30731841211aa6dc44913c8f1995ea7500945641e467c508c32
02-partial-fixed-kv,repetitions[0].repetition,0
02-partial-fixed-kv,repetitions[0].elapsed_s,109.25889103114605
02-partial-fixed-kv,repetitions[0].generated_tokens,2048
02-partial-fixed-kv,repetitions[0].request_count,32
02-partial-fixed-kv,repetitions[0].output_tokens_per_second,18.744469952712443
02-partial-fixed-kv,repetitions[0].latency_available_requests,0
02-partial-fixed-kv,repetitions[0].ttft_available_requests,0
02-partial-fixed-kv,repetitions[0].ttft_median_s,
02-partial-fixed-kv,repetitions[0].request_latency_median_s,
02-partial-fixed-kv,repetitions[0].output_sha256,162bb2ffeab5481894a523c714e86ce253c3c8cebff225117e90f40fbf193e91
02-partial-fixed-kv,repetitions[0].timing_available,True
02-partial-fixed-kv,repetitions[0].diagnostics.h2d_bytes,1357413089280
02-partial-fixed-kv,repetitions[0].diagnostics.copy_launches,30640
02-partial-fixed-kv,repetitions[0].diagnostics.startup_resident_h2d_bytes,0
02-partial-fixed-kv,repetitions[0].diagnostics.promotion_d2d_bytes,1629487104
02-partial-fixed-kv,repetitions[0].diagnostics.metadata_h2d_bytes,31465568
02-partial-fixed-kv,repetitions[0].diagnostics.unique_demands,3246452
02-partial-fixed-kv,repetitions[0].diagnostics.resident_hits,2340532
02-partial-fixed-kv,repetitions[0].diagnostics.timing.route_d2h_s,55.925614232663065
02-partial-fixed-kv,repetitions[0].diagnostics.timing.policy_cpu_s,5.929293803405017
02-partial-fixed-kv,repetitions[0].diagnostics.timing.host_reuse_wait_s,0.10191622469574213
02-partial-fixed-kv,repetitions[0].diagnostics.timing.host_gather_s,270.8258675816469
02-partial-fixed-kv,repetitions[0].diagnostics.timing.h2d_enqueue_s,1.3884303225204349
02-partial-fixed-kv,repetitions[0].diagnostics.timing.compute_enqueue_s,9.515963669866323
02-partial-fixed-kv,repetitions[0].diagnostics.timing.cuda_sample_count,496
02-partial-fixed-kv,repetitions[0].diagnostics.timing.load_cuda_s,0.826344674900174
02-partial-fixed-kv,repetitions[0].diagnostics.timing.compute_cuda_s,0.150319327943027
02-partial-fixed-kv,repetitions[0].diagnostics.timing.promotion_cuda_s,0.0023638720279559496
02-partial-fixed-kv,repetitions[0].diagnostics.policy.observations,15360
02-partial-fixed-kv,repetitions[0].diagnostics.policy.unique_demands,3246452
02-partial-fixed-kv,repetitions[0].diagnostics.policy.completed_forwards,320
02-partial-fixed-kv,repetitions[0].diagnostics.policy.decay_events,4
02-partial-fixed-kv,repetitions[0].diagnostics.policy.cache_hits,42900
02-partial-fixed-kv,repetitions[0].diagnostics.policy.cache_misses,863020
02-partial-fixed-kv,repetitions[0].diagnostics.policy.admissions,1036
02-partial-fixed-kv,repetitions[0].diagnostics.policy.evictions,1036
02-partial-fixed-kv,repetitions[0].diagnostics.policy.cache_bypasses,861984
02-partial-fixed-kv,repetitions[0].diagnostics.policy.reconfigurations,0
02-partial-fixed-kv,repetitions[0].diagnostics.policy.cache_hit_ratio,0.04735517484987637
02-partial-fixed-kv,repetitions[0].diagnostics.per_rank[0].h2d_bytes,339353272320
02-partial-fixed-kv,repetitions[0].diagnostics.per_rank[0].copy_launches,7660
02-partial-fixed-kv,repetitions[0].diagnostics.per_rank[0].startup_resident_h2d_bytes,0
02-partial-fixed-kv,repetitions[0].diagnostics.per_rank[0].promotion_d2d_bytes,407371776
02-partial-fixed-kv,repetitions[0].diagnostics.per_rank[0].metadata_h2d_bytes,7866392
02-partial-fixed-kv,repetitions[0].diagnostics.per_rank[0].unique_demands,811613
02-partial-fixed-kv,repetitions[0].diagnostics.per_rank[0].resident_hits,585133
02-partial-fixed-kv,repetitions[0].diagnostics.per_rank[0].timing.route_d2h_s,16.271816925145686
02-partial-fixed-kv,repetitions[0].diagnostics.per_rank[0].timing.policy_cpu_s,1.4802591656334698
02-partial-fixed-kv,repetitions[0].diagnostics.per_rank[0].timing.host_reuse_wait_s,0.025003787595778704
02-partial-fixed-kv,repetitions[0].diagnostics.per_rank[0].timing.host_gather_s,63.958307629451156
02-partial-fixed-kv,repetitions[0].diagnostics.per_rank[0].timing.h2d_enqueue_s,0.324088420253247
02-partial-fixed-kv,repetitions[0].diagnostics.per_rank[0].timing.compute_enqueue_s,2.30659540835768
02-partial-fixed-kv,repetitions[0].diagnostics.per_rank[0].timing.cuda_sample_count,124
02-partial-fixed-kv,repetitions[0].diagnostics.per_rank[0].timing.load_cuda_s,0.20435520068556068
02-partial-fixed-kv,repetitions[0].diagnostics.per_rank[0].timing.compute_cuda_s,0.037352383933961376
02-partial-fixed-kv,repetitions[0].diagnostics.per_rank[0].timing.promotion_cuda_s,0.0005906240055337543
02-partial-fixed-kv,repetitions[0].diagnostics.per_rank[0].policy.observations,3840
02-partial-fixed-kv,repetitions[0].diagnostics.per_rank[0].policy.unique_demands,811613
02-partial-fixed-kv,repetitions[0].diagnostics.per_rank[0].policy.completed_forwards,80
02-partial-fixed-kv,repetitions[0].diagnostics.per_rank[0].policy.decay_events,1
02-partial-fixed-kv,repetitions[0].diagnostics.per_rank[0].policy.cache_hits,10725
02-partial-fixed-kv,repetitions[0].diagnostics.per_rank[0].policy.cache_misses,215755
02-partial-fixed-kv,repetitions[0].diagnostics.per_rank[0].policy.admissions,259
02-partial-fixed-kv,repetitions[0].diagnostics.per_rank[0].policy.evictions,259
02-partial-fixed-kv,repetitions[0].diagnostics.per_rank[0].policy.cache_bypasses,215496
02-partial-fixed-kv,repetitions[0].diagnostics.per_rank[0].policy.reconfigurations,0
02-partial-fixed-kv,repetitions[0].diagnostics.per_rank[0].policy.cache_hit_ratio,0.04735517484987637
02-partial-fixed-kv,repetitions[0].diagnostics.per_rank[0].rank,0
02-partial-fixed-kv,repetitions[0].diagnostics.per_rank[0].forward_counts[0],80
02-partial-fixed-kv,repetitions[0].diagnostics.per_rank[0].forward_counts[1],80
02-partial-fixed-kv,repetitions[0].diagnostics.per_rank[0].forward_counts[2],80
02-partial-fixed-kv,repetitions[0].diagnostics.per_rank[0].forward_counts[3],80
02-partial-fixed-kv,repetitions[0].diagnostics.per_rank[0].forward_counts[4],80
02-partial-fixed-kv,repetitions[0].diagnostics.per_rank[0].forward_counts[5],80
02-partial-fixed-kv,repetitions[0].diagnostics.per_rank[0].forward_counts[6],80
02-partial-fixed-kv,repetitions[0].diagnostics.per_rank[0].forward_counts[7],80
02-partial-fixed-kv,repetitions[0].diagnostics.per_rank[0].forward_counts[8],80
02-partial-fixed-kv,repetitions[0].diagnostics.per_rank[0].forward_counts[9],80
02-partial-fixed-kv,repetitions[0].diagnostics.per_rank[0].forward_counts[10],80
02-partial-fixed-kv,repetitions[0].diagnostics.per_rank[0].forward_counts[11],80
02-partial-fixed-kv,repetitions[0].diagnostics.per_rank[0].forward_counts[12],80
02-partial-fixed-kv,repetitions[0].diagnostics.per_rank[0].forward_counts[13],80
02-partial-fixed-kv,repetitions[0].diagnostics.per_rank[0].forward_counts[14],80
02-partial-fixed-kv,repetitions[0].diagnostics.per_rank[0].forward_counts[15],80
02-partial-fixed-kv,repetitions[0].diagnostics.per_rank[0].forward_counts[16],80
02-partial-fixed-kv,repetitions[0].diagnostics.per_rank[0].forward_counts[17],80
02-partial-fixed-kv,repetitions[0].diagnostics.per_rank[0].forward_counts[18],80
02-partial-fixed-kv,repetitions[0].diagnostics.per_rank[0].forward_counts[19],80
02-partial-fixed-kv,repetitions[0].diagnostics.per_rank[0].forward_counts[20],80
02-partial-fixed-kv,repetitions[0].diagnostics.per_rank[0].forward_counts[21],80
02-partial-fixed-kv,repetitions[0].diagnostics.per_rank[0].forward_counts[22],80
02-partial-fixed-kv,repetitions[0].diagnostics.per_rank[0].forward_counts[23],80
02-partial-fixed-kv,repetitions[0].diagnostics.per_rank[0].forward_counts[24],80
02-partial-fixed-kv,repetitions[0].diagnostics.per_rank[0].forward_counts[25],80
02-partial-fixed-kv,repetitions[0].diagnostics.per_rank[0].forward_counts[26],80
02-partial-fixed-kv,repetitions[0].diagnostics.per_rank[0].forward_counts[27],80
02-partial-fixed-kv,repetitions[0].diagnostics.per_rank[0].forward_counts[28],80
02-partial-fixed-kv,repetitions[0].diagnostics.per_rank[0].forward_counts[29],80
02-partial-fixed-kv,repetitions[0].diagnostics.per_rank[0].forward_counts[30],80
02-partial-fixed-kv,repetitions[0].diagnostics.per_rank[0].forward_counts[31],80
02-partial-fixed-kv,repetitions[0].diagnostics.per_rank[0].forward_counts[32],80
02-partial-fixed-kv,repetitions[0].diagnostics.per_rank[0].forward_counts[33],80
02-partial-fixed-kv,repetitions[0].diagnostics.per_rank[0].forward_counts[34],80
02-partial-fixed-kv,repetitions[0].diagnostics.per_rank[0].forward_counts[35],80
02-partial-fixed-kv,repetitions[0].diagnostics.per_rank[0].forward_counts[36],80
02-partial-fixed-kv,repetitions[0].diagnostics.per_rank[0].forward_counts[37],80
02-partial-fixed-kv,repetitions[0].diagnostics.per_rank[0].forward_counts[38],80
02-partial-fixed-kv,repetitions[0].diagnostics.per_rank[0].forward_counts[39],80
02-partial-fixed-kv,repetitions[0].diagnostics.per_rank[0].forward_counts[40],80
02-partial-fixed-kv,repetitions[0].diagnostics.per_rank[0].forward_counts[41],80
02-partial-fixed-kv,repetitions[0].diagnostics.per_rank[0].forward_counts[42],80
02-partial-fixed-kv,repetitions[0].diagnostics.per_rank[0].forward_counts[43],80
02-partial-fixed-kv,repetitions[0].diagnostics.per_rank[0].forward_counts[44],80
02-partial-fixed-kv,repetitions[0].diagnostics.per_rank[0].forward_counts[45],80
02-partial-fixed-kv,repetitions[0].diagnostics.per_rank[0].forward_counts[46],80
02-partial-fixed-kv,repetitions[0].diagnostics.per_rank[0].forward_counts[47],80
02-partial-fixed-kv,repetitions[0].diagnostics.per_rank[0].per_layer_unique_demands[0],20542
02-partial-fixed-kv,repetitions[0].diagnostics.per_rank[0].per_layer_unique_demands[1],16405
02-partial-fixed-kv,repetitions[0].diagnostics.per_rank[0].per_layer_unique_demands[2],20930
02-partial-fixed-kv,repetitions[0].diagnostics.per_rank[0].per_layer_unique_demands[3],15090
02-partial-fixed-kv,repetitions[0].diagnostics.per_rank[0].per_layer_unique_demands[4],16338
02-partial-fixed-kv,repetitions[0].diagnostics.per_rank[0].per_layer_unique_demands[5],17947
02-partial-fixed-kv,repetitions[0].diagnostics.per_rank[0].per_layer_unique_demands[6],19758
02-partial-fixed-kv,repetitions[0].diagnostics.per_rank[0].per_layer_unique_demands[7],19465
02-partial-fixed-kv,repetitions[0].diagnostics.per_rank[0].per_layer_unique_demands[8],16745
02-partial-fixed-kv,repetitions[0].diagnostics.per_rank[0].per_layer_unique_demands[9],15092
02-partial-fixed-kv,repetitions[0].diagnostics.per_rank[0].per_layer_unique_demands[10],15021
02-partial-fixed-kv,repetitions[0].diagnostics.per_rank[0].per_layer_unique_demands[11],16264
02-partial-fixed-kv,repetitions[0].diagnostics.per_rank[0].per_layer_unique_demands[12],13812
02-partial-fixed-kv,repetitions[0].diagnostics.per_rank[0].per_layer_unique_demands[13],14793
02-partial-fixed-kv,repetitions[0].diagnostics.per_rank[0].per_layer_unique_demands[14],16407
02-partial-fixed-kv,repetitions[0].diagnostics.per_rank[0].per_layer_unique_demands[15],17768
02-partial-fixed-kv,repetitions[0].diagnostics.per_rank[0].per_layer_unique_demands[16],16199
02-partial-fixed-kv,repetitions[0].diagnostics.per_rank[0].per_layer_unique_demands[17],17905
02-partial-fixed-kv,repetitions[0].diagnostics.per_rank[0].per_layer_unique_demands[18],19346
02-partial-fixed-kv,repetitions[0].diagnostics.per_rank[0].per_layer_unique_demands[19],19474
02-partial-fixed-kv,repetitions[0].diagnostics.per_rank[0].per_layer_unique_demands[20],16408
02-partial-fixed-kv,repetitions[0].diagnostics.per_rank[0].per_layer_unique_demands[21],14834
02-partial-fixed-kv,repetitions[0].diagnostics.per_rank[0].per_layer_unique_demands[22],14889
02-partial-fixed-kv,repetitions[0].diagnostics.per_rank[0].per_layer_unique_demands[23],16150
02-partial-fixed-kv,repetitions[0].diagnostics.per_rank[0].per_layer_unique_demands[24],14238
02-partial-fixed-kv,repetitions[0].diagnostics.per_rank[0].per_layer_unique_demands[25],14975
02-partial-fixed-kv,repetitions[0].diagnostics.per_rank[0].per_layer_unique_demands[26],16504
02-partial-fixed-kv,repetitions[0].diagnostics.per_rank[0].per_layer_unique_demands[27],18106
02-partial-fixed-kv,repetitions[0].diagnostics.per_rank[0].per_layer_unique_demands[28],16599
02-partial-fixed-kv,repetitions[0].diagnostics.per_rank[0].per_layer_unique_demands[29],18351
02-partial-fixed-kv,repetitions[0].diagnostics.per_rank[0].per_layer_unique_demands[30],19622
02-partial-fixed-kv,repetitions[0].diagnostics.per_rank[0].per_layer_unique_demands[31],19762
02-partial-fixed-kv,repetitions[0].diagnostics.per_rank[0].per_layer_unique_demands[32],17460
02-partial-fixed-kv,repetitions[0].diagnostics.per_rank[0].per_layer_unique_demands[33],16201
02-partial-fixed-kv,repetitions[0].diagnostics.per_rank[0].per_layer_unique_demands[34],15768
02-partial-fixed-kv,repetitions[0].diagnostics.per_rank[0].per_layer_unique_demands[35],16998
02-partial-fixed-kv,repetitions[0].diagnostics.per_rank[0].per_layer_unique_demands[36],15212
02-partial-fixed-kv,repetitions[0].diagnostics.per_rank[0].per_layer_unique_demands[37],15679
02-partial-fixed-kv,repetitions[0].diagnostics.per_rank[0].per_layer_unique_demands[38],16828
02-partial-fixed-kv,repetitions[0].diagnostics.per_rank[0].per_layer_unique_demands[39],17982
02-partial-fixed-kv,repetitions[0].diagnostics.per_rank[0].per_layer_unique_demands[40],17607
02-partial-fixed-kv,repetitions[0].diagnostics.per_rank[0].per_layer_unique_demands[41],17480
02-partial-fixed-kv,repetitions[0].diagnostics.per_rank[0].per_layer_unique_demands[42],17145
02-partial-fixed-kv,repetitions[0].diagnostics.per_rank[0].per_layer_unique_demands[43],16190
02-partial-fixed-kv,repetitions[0].diagnostics.per_rank[0].per_layer_unique_demands[44],16459
02-partial-fixed-kv,repetitions[0].diagnostics.per_rank[0].per_layer_unique_demands[45],16011
02-partial-fixed-kv,repetitions[0].diagnostics.per_rank[0].per_layer_unique_demands[46],15738
02-partial-fixed-kv,repetitions[0].diagnostics.per_rank[0].per_layer_unique_demands[47],17116
02-partial-fixed-kv,repetitions[0].diagnostics.per_rank[0].per_layer_mean_unique_coverage[0],0.501513671875
02-partial-fixed-kv,repetitions[0].diagnostics.per_rank[0].per_layer_mean_unique_coverage[1],0.4005126953125
02-partial-fixed-kv,repetitions[0].diagnostics.per_rank[0].per_layer_mean_unique_coverage[2],0.510986328125
02-partial-fixed-kv,repetitions[0].diagnostics.per_rank[0].per_layer_mean_unique_coverage[3],0.368408203125
02-partial-fixed-kv,repetitions[0].diagnostics.per_rank[0].per_layer_mean_unique_coverage[4],0.398876953125
02-partial-fixed-kv,repetitions[0].diagnostics.per_rank[0].per_layer_mean_unique_coverage[5],0.4381591796875
02-partial-fixed-kv,repetitions[0].diagnostics.per_rank[0].per_layer_mean_unique_coverage[6],0.482373046875
02-partial-fixed-kv,repetitions[0].diagnostics.per_rank[0].per_layer_mean_unique_coverage[7],0.4752197265625
02-partial-fixed-kv,repetitions[0].diagnostics.per_rank[0].per_layer_mean_unique_coverage[8],0.4088134765625
02-partial-fixed-kv,repetitions[0].diagnostics.per_rank[0].per_layer_mean_unique_coverage[9],0.36845703125
02-partial-fixed-kv,repetitions[0].diagnostics.per_rank[0].per_layer_mean_unique_coverage[10],0.3667236328125
02-partial-fixed-kv,repetitions[0].diagnostics.per_rank[0].per_layer_mean_unique_coverage[11],0.3970703125
02-partial-fixed-kv,repetitions[0].diagnostics.per_rank[0].per_layer_mean_unique_coverage[12],0.33720703125
02-partial-fixed-kv,repetitions[0].diagnostics.per_rank[0].per_layer_mean_unique_coverage[13],0.3611572265625
02-partial-fixed-kv,repetitions[0].diagnostics.per_rank[0].per_layer_mean_unique_coverage[14],0.4005615234375
02-partial-fixed-kv,repetitions[0].diagnostics.per_rank[0].per_layer_mean_unique_coverage[15],0.4337890625
02-partial-fixed-kv,repetitions[0].diagnostics.per_rank[0].per_layer_mean_unique_coverage[16],0.3954833984375
02-partial-fixed-kv,repetitions[0].diagnostics.per_rank[0].per_layer_mean_unique_coverage[17],0.4371337890625
02-partial-fixed-kv,repetitions[0].diagnostics.per_rank[0].per_layer_mean_unique_coverage[18],0.472314453125
02-partial-fixed-kv,repetitions[0].diagnostics.per_rank[0].per_layer_mean_unique_coverage[19],0.475439453125
02-partial-fixed-kv,repetitions[0].diagnostics.per_rank[0].per_layer_mean_unique_coverage[20],0.4005859375
02-partial-fixed-kv,repetitions[0].diagnostics.per_rank[0].per_layer_mean_unique_coverage[21],0.362158203125
02-partial-fixed-kv,repetitions[0].diagnostics.per_rank[0].per_layer_mean_unique_coverage[22],0.3635009765625
02-partial-fixed-kv,repetitions[0].diagnostics.per_rank[0].per_layer_mean_unique_coverage[23],0.394287109375
02-partial-fixed-kv,repetitions[0].diagnostics.per_rank[0].per_layer_mean_unique_coverage[24],0.347607421875
02-partial-fixed-kv,repetitions[0].diagnostics.per_rank[0].per_layer_mean_unique_coverage[25],0.3656005859375
02-partial-fixed-kv,repetitions[0].diagnostics.per_rank[0].per_layer_mean_unique_coverage[26],0.4029296875
02-partial-fixed-kv,repetitions[0].diagnostics.per_rank[0].per_layer_mean_unique_coverage[27],0.442041015625
02-partial-fixed-kv,repetitions[0].diagnostics.per_rank[0].per_layer_mean_unique_coverage[28],0.4052490234375
02-partial-fixed-kv,repetitions[0].diagnostics.per_rank[0].per_layer_mean_unique_coverage[29],0.4480224609375
02-partial-fixed-kv,repetitions[0].diagnostics.per_rank[0].per_layer_mean_unique_coverage[30],0.479052734375
02-partial-fixed-kv,repetitions[0].diagnostics.per_rank[0].per_layer_mean_unique_coverage[31],0.482470703125
02-partial-fixed-kv,repetitions[0].diagnostics.per_rank[0].per_layer_mean_unique_coverage[32],0.42626953125
02-partial-fixed-kv,repetitions[0].diagnostics.per_rank[0].per_layer_mean_unique_coverage[33],0.3955322265625
02-partial-fixed-kv,repetitions[0].diagnostics.per_rank[0].per_layer_mean_unique_coverage[34],0.3849609375
02-partial-fixed-kv,repetitions[0].diagnostics.per_rank[0].per_layer_mean_unique_coverage[35],0.414990234375
02-partial-fixed-kv,repetitions[0].diagnostics.per_rank[0].per_layer_mean_unique_coverage[36],0.37138671875
02-partial-fixed-kv,repetitions[0].diagnostics.per_rank[0].per_layer_mean_unique_coverage[37],0.3827880859375
02-partial-fixed-kv,repetitions[0].diagnostics.per_rank[0].per_layer_mean_unique_coverage[38],0.41083984375
02-partial-fixed-kv,repetitions[0].diagnostics.per_rank[0].per_layer_mean_unique_coverage[39],0.439013671875
02-partial-fixed-kv,repetitions[0].diagnostics.per_rank[0].per_layer_mean_unique_coverage[40],0.4298583984375
02-partial-fixed-kv,repetitions[0].diagnostics.per_rank[0].per_layer_mean_unique_coverage[41],0.4267578125
02-partial-fixed-kv,repetitions[0].diagnostics.per_rank[0].per_layer_mean_unique_coverage[42],0.4185791015625
02-partial-fixed-kv,repetitions[0].diagnostics.per_rank[0].per_layer_mean_unique_coverage[43],0.395263671875
02-partial-fixed-kv,repetitions[0].diagnostics.per_rank[0].per_layer_mean_unique_coverage[44],0.4018310546875
02-partial-fixed-kv,repetitions[0].diagnostics.per_rank[0].per_layer_mean_unique_coverage[45],0.3908935546875
02-partial-fixed-kv,repetitions[0].diagnostics.per_rank[0].per_layer_mean_unique_coverage[46],0.384228515625
02-partial-fixed-kv,repetitions[0].diagnostics.per_rank[0].per_layer_mean_unique_coverage[47],0.41787109375
02-partial-fixed-kv,repetitions[0].diagnostics.per_rank[0].gauge_snapshot.max_unique_per_forward,509
02-partial-fixed-kv,repetitions[0].diagnostics.per_rank[0].gauge_snapshot.mean_unique_coverage,0.3745112716059982
02-partial-fixed-kv,repetitions[0].diagnostics.per_rank[0].gauge_snapshot.per_layer_max_unique_per_forward[0],500
02-partial-fixed-kv,repetitions[0].diagnostics.per_rank[0].gauge_snapshot.per_layer_max_unique_per_forward[1],437
02-partial-fixed-kv,repetitions[0].diagnostics.per_rank[0].gauge_snapshot.per_layer_max_unique_per_forward[2],509
02-partial-fixed-kv,repetitions[0].diagnostics.per_rank[0].gauge_snapshot.per_layer_max_unique_per_forward[3],436
02-partial-fixed-kv,repetitions[0].diagnostics.per_rank[0].gauge_snapshot.per_layer_max_unique_per_forward[4],434
02-partial-fixed-kv,repetitions[0].diagnostics.per_rank[0].gauge_snapshot.per_layer_max_unique_per_forward[5],468
02-partial-fixed-kv,repetitions[0].diagnostics.per_rank[0].gauge_snapshot.per_layer_max_unique_per_forward[6],500
02-partial-fixed-kv,repetitions[0].diagnostics.per_rank[0].gauge_snapshot.per_layer_max_unique_per_forward[7],494
02-partial-fixed-kv,repetitions[0].diagnostics.per_rank[0].gauge_snapshot.per_layer_max_unique_per_forward[8],472
02-partial-fixed-kv,repetitions[0].diagnostics.per_rank[0].gauge_snapshot.per_layer_max_unique_per_forward[9],419
02-partial-fixed-kv,repetitions[0].diagnostics.per_rank[0].gauge_snapshot.per_layer_max_unique_per_forward[10],420
02-partial-fixed-kv,repetitions[0].diagnostics.per_rank[0].gauge_snapshot.per_layer_max_unique_per_forward[11],441
02-partial-fixed-kv,repetitions[0].diagnostics.per_rank[0].gauge_snapshot.per_layer_max_unique_per_forward[12],410
02-partial-fixed-kv,repetitions[0].diagnostics.per_rank[0].gauge_snapshot.per_layer_max_unique_per_forward[13],407
02-partial-fixed-kv,repetitions[0].diagnostics.per_rank[0].gauge_snapshot.per_layer_max_unique_per_forward[14],450
02-partial-fixed-kv,repetitions[0].diagnostics.per_rank[0].gauge_snapshot.per_layer_max_unique_per_forward[15],478
02-partial-fixed-kv,repetitions[0].diagnostics.per_rank[0].gauge_snapshot.per_layer_max_unique_per_forward[16],445
02-partial-fixed-kv,repetitions[0].diagnostics.per_rank[0].gauge_snapshot.per_layer_max_unique_per_forward[17],473
02-partial-fixed-kv,repetitions[0].diagnostics.per_rank[0].gauge_snapshot.per_layer_max_unique_per_forward[18],502
02-partial-fixed-kv,repetitions[0].diagnostics.per_rank[0].gauge_snapshot.per_layer_max_unique_per_forward[19],497
02-partial-fixed-kv,repetitions[0].diagnostics.per_rank[0].gauge_snapshot.per_layer_max_unique_per_forward[20],461
02-partial-fixed-kv,repetitions[0].diagnostics.per_rank[0].gauge_snapshot.per_layer_max_unique_per_forward[21],423
02-partial-fixed-kv,repetitions[0].diagnostics.per_rank[0].gauge_snapshot.per_layer_max_unique_per_forward[22],427
02-partial-fixed-kv,repetitions[0].diagnostics.per_rank[0].gauge_snapshot.per_layer_max_unique_per_forward[23],448
02-partial-fixed-kv,repetitions[0].diagnostics.per_rank[0].gauge_snapshot.per_layer_max_unique_per_forward[24],409
02-partial-fixed-kv,repetitions[0].diagnostics.per_rank[0].gauge_snapshot.per_layer_max_unique_per_forward[25],425
02-partial-fixed-kv,repetitions[0].diagnostics.per_rank[0].gauge_snapshot.per_layer_max_unique_per_forward[26],462
02-partial-fixed-kv,repetitions[0].diagnostics.per_rank[0].gauge_snapshot.per_layer_max_unique_per_forward[27],484
02-partial-fixed-kv,repetitions[0].diagnostics.per_rank[0].gauge_snapshot.per_layer_max_unique_per_forward[28],462
02-partial-fixed-kv,repetitions[0].diagnostics.per_rank[0].gauge_snapshot.per_layer_max_unique_per_forward[29],485
02-partial-fixed-kv,repetitions[0].diagnostics.per_rank[0].gauge_snapshot.per_layer_max_unique_per_forward[30],499
02-partial-fixed-kv,repetitions[0].diagnostics.per_rank[0].gauge_snapshot.per_layer_max_unique_per_forward[31],502
02-partial-fixed-kv,repetitions[0].diagnostics.per_rank[0].gauge_snapshot.per_layer_max_unique_per_forward[32],474
02-partial-fixed-kv,repetitions[0].diagnostics.per_rank[0].gauge_snapshot.per_layer_max_unique_per_forward[33],453
02-partial-fixed-kv,repetitions[0].diagnostics.per_rank[0].gauge_snapshot.per_layer_max_unique_per_forward[34],449
02-partial-fixed-kv,repetitions[0].diagnostics.per_rank[0].gauge_snapshot.per_layer_max_unique_per_forward[35],463
02-partial-fixed-kv,repetitions[0].diagnostics.per_rank[0].gauge_snapshot.per_layer_max_unique_per_forward[36],434
02-partial-fixed-kv,repetitions[0].diagnostics.per_rank[0].gauge_snapshot.per_layer_max_unique_per_forward[37],437
02-partial-fixed-kv,repetitions[0].diagnostics.per_rank[0].gauge_snapshot.per_layer_max_unique_per_forward[38],459
02-partial-fixed-kv,repetitions[0].diagnostics.per_rank[0].gauge_snapshot.per_layer_max_unique_per_forward[39],474
02-partial-fixed-kv,repetitions[0].diagnostics.per_rank[0].gauge_snapshot.per_layer_max_unique_per_forward[40],469
02-partial-fixed-kv,repetitions[0].diagnostics.per_rank[0].gauge_snapshot.per_layer_max_unique_per_forward[41],450
02-partial-fixed-kv,repetitions[0].diagnostics.per_rank[0].gauge_snapshot.per_layer_max_unique_per_forward[42],445
02-partial-fixed-kv,repetitions[0].diagnostics.per_rank[0].gauge_snapshot.per_layer_max_unique_per_forward[43],423
02-partial-fixed-kv,repetitions[0].diagnostics.per_rank[0].gauge_snapshot.per_layer_max_unique_per_forward[44],431
02-partial-fixed-kv,repetitions[0].diagnostics.per_rank[0].gauge_snapshot.per_layer_max_unique_per_forward[45],424
02-partial-fixed-kv,repetitions[0].diagnostics.per_rank[0].gauge_snapshot.per_layer_max_unique_per_forward[46],416
02-partial-fixed-kv,repetitions[0].diagnostics.per_rank[0].gauge_snapshot.per_layer_max_unique_per_forward[47],442
02-partial-fixed-kv,repetitions[0].diagnostics.per_rank[0].policy_snapshot.resident_experts,12288
02-partial-fixed-kv,repetitions[0].diagnostics.per_rank[0].policy_snapshot.cache_slots,256
02-partial-fixed-kv,repetitions[0].diagnostics.per_rank[0].policy_snapshot.cache_entries,256
02-partial-fixed-kv,repetitions[0].diagnostics.per_rank[0].policy_snapshot.cache_hit_ratio,0.04611723457501091
02-partial-fixed-kv,repetitions[0].diagnostics.per_rank[0].kernel_config_records.capacity,64
02-partial-fixed-kv,repetitions[0].diagnostics.per_rank[0].kernel_config_records.unrecorded_selections,0
02-partial-fixed-kv,repetitions[0].diagnostics.per_rank[0].kernel_config_records.records[0].chunk_tokens,8192
02-partial-fixed-kv,repetitions[0].diagnostics.per_rank[0].kernel_config_records.records[0].top_k,10
02-partial-fixed-kv,repetitions[0].diagnostics.per_rank[0].kernel_config_records.records[0].selections,816
02-partial-fixed-kv,repetitions[0].diagnostics.per_rank[0].kernel_config_records.records[0].w13_shape[0],512
02-partial-fixed-kv,repetitions[0].diagnostics.per_rank[0].kernel_config_records.records[0].w13_shape[1],256
02-partial-fixed-kv,repetitions[0].diagnostics.per_rank[0].kernel_config_records.records[0].w13_shape[2],2048
02-partial-fixed-kv,repetitions[0].diagnostics.per_rank[0].kernel_config_records.records[0].w2_shape[0],512
02-partial-fixed-kv,repetitions[0].diagnostics.per_rank[0].kernel_config_records.records[0].w2_shape[1],2048
02-partial-fixed-kv,repetitions[0].diagnostics.per_rank[0].kernel_config_records.records[0].w2_shape[2],128
02-partial-fixed-kv,repetitions[0].diagnostics.per_rank[0].kernel_config_records.records[0].config.BLOCK_SIZE_K,64
02-partial-fixed-kv,repetitions[0].diagnostics.per_rank[0].kernel_config_records.records[0].config.BLOCK_SIZE_M,128
02-partial-fixed-kv,repetitions[0].diagnostics.per_rank[0].kernel_config_records.records[0].config.BLOCK_SIZE_N,128
02-partial-fixed-kv,repetitions[0].diagnostics.per_rank[0].kernel_config_records.records[0].config.GROUP_SIZE_M,64
02-partial-fixed-kv,repetitions[0].diagnostics.per_rank[0].kernel_config_records.records[0].config.num_stages,3
02-partial-fixed-kv,repetitions[0].diagnostics.per_rank[0].kernel_config_records.records[0].config.num_warps,8
02-partial-fixed-kv,repetitions[0].diagnostics.per_rank[0].kernel_config_records.records[1].chunk_tokens,32
02-partial-fixed-kv,repetitions[0].diagnostics.per_rank[0].kernel_config_records.records[1].top_k,10
02-partial-fixed-kv,repetitions[0].diagnostics.per_rank[0].kernel_config_records.records[1].selections,2304
02-partial-fixed-kv,repetitions[0].diagnostics.per_rank[0].kernel_config_records.records[1].w13_shape[0],512
02-partial-fixed-kv,repetitions[0].diagnostics.per_rank[0].kernel_config_records.records[1].w13_shape[1],256
02-partial-fixed-kv,repetitions[0].diagnostics.per_rank[0].kernel_config_records.records[1].w13_shape[2],2048
02-partial-fixed-kv,repetitions[0].diagnostics.per_rank[0].kernel_config_records.records[1].w2_shape[0],512
02-partial-fixed-kv,repetitions[0].diagnostics.per_rank[0].kernel_config_records.records[1].w2_shape[1],2048
02-partial-fixed-kv,repetitions[0].diagnostics.per_rank[0].kernel_config_records.records[1].w2_shape[2],128
02-partial-fixed-kv,repetitions[0].diagnostics.per_rank[0].kernel_config_records.records[1].config.BLOCK_SIZE_K,64
02-partial-fixed-kv,repetitions[0].diagnostics.per_rank[0].kernel_config_records.records[1].config.BLOCK_SIZE_M,16
02-partial-fixed-kv,repetitions[0].diagnostics.per_rank[0].kernel_config_records.records[1].config.BLOCK_SIZE_N,128
02-partial-fixed-kv,repetitions[0].diagnostics.per_rank[0].kernel_config_records.records[1].config.GROUP_SIZE_M,1
02-partial-fixed-kv,repetitions[0].diagnostics.per_rank[0].kernel_config_records.records[1].config.num_stages,3
02-partial-fixed-kv,repetitions[0].diagnostics.per_rank[0].kernel_config_records.records[1].config.num_warps,8
02-partial-fixed-kv,repetitions[0].diagnostics.per_rank[0].kernel_config_records.records[2].chunk_tokens,4096
02-partial-fixed-kv,repetitions[0].diagnostics.per_rank[0].kernel_config_records.records[2].top_k,10
02-partial-fixed-kv,repetitions[0].diagnostics.per_rank[0].kernel_config_records.records[2].selections,96
02-partial-fixed-kv,repetitions[0].diagnostics.per_rank[0].kernel_config_records.records[2].w13_shape[0],512
02-partial-fixed-kv,repetitions[0].diagnostics.per_rank[0].kernel_config_records.records[2].w13_shape[1],256
02-partial-fixed-kv,repetitions[0].diagnostics.per_rank[0].kernel_config_records.records[2].w13_shape[2],2048
02-partial-fixed-kv,repetitions[0].diagnostics.per_rank[0].kernel_config_records.records[2].w2_shape[0],512
02-partial-fixed-kv,repetitions[0].diagnostics.per_rank[0].kernel_config_records.records[2].w2_shape[1],2048
02-partial-fixed-kv,repetitions[0].diagnostics.per_rank[0].kernel_config_records.records[2].w2_shape[2],128
02-partial-fixed-kv,repetitions[0].diagnostics.per_rank[0].kernel_config_records.records[2].config.BLOCK_SIZE_K,64
02-partial-fixed-kv,repetitions[0].diagnostics.per_rank[0].kernel_config_records.records[2].config.BLOCK_SIZE_M,128
02-partial-fixed-kv,repetitions[0].diagnostics.per_rank[0].kernel_config_records.records[2].config.BLOCK_SIZE_N,128
02-partial-fixed-kv,repetitions[0].diagnostics.per_rank[0].kernel_config_records.records[2].config.GROUP_SIZE_M,64
02-partial-fixed-kv,repetitions[0].diagnostics.per_rank[0].kernel_config_records.records[2].config.num_stages,3
02-partial-fixed-kv,repetitions[0].diagnostics.per_rank[0].kernel_config_records.records[2].config.num_warps,8
02-partial-fixed-kv,repetitions[0].diagnostics.per_rank[0].kernel_config_records.records[3].chunk_tokens,1
02-partial-fixed-kv,repetitions[0].diagnostics.per_rank[0].kernel_config_records.records[3].top_k,10
02-partial-fixed-kv,repetitions[0].diagnostics.per_rank[0].kernel_config_records.records[3].selections,336
02-partial-fixed-kv,repetitions[0].diagnostics.per_rank[0].kernel_config_records.records[3].w13_shape[0],512
02-partial-fixed-kv,repetitions[0].diagnostics.per_rank[0].kernel_config_records.records[3].w13_shape[1],256
02-partial-fixed-kv,repetitions[0].diagnostics.per_rank[0].kernel_config_records.records[3].w13_shape[2],2048
02-partial-fixed-kv,repetitions[0].diagnostics.per_rank[0].kernel_config_records.records[3].w2_shape[0],512
02-partial-fixed-kv,repetitions[0].diagnostics.per_rank[0].kernel_config_records.records[3].w2_shape[1],2048
02-partial-fixed-kv,repetitions[0].diagnostics.per_rank[0].kernel_config_records.records[3].w2_shape[2],128
02-partial-fixed-kv,repetitions[0].diagnostics.per_rank[0].kernel_config_records.records[3].config.BLOCK_SIZE_K,64
02-partial-fixed-kv,repetitions[0].diagnostics.per_rank[0].kernel_config_records.records[3].config.BLOCK_SIZE_M,16
02-partial-fixed-kv,repetitions[0].diagnostics.per_rank[0].kernel_config_records.records[3].config.BLOCK_SIZE_N,32
02-partial-fixed-kv,repetitions[0].diagnostics.per_rank[0].kernel_config_records.records[3].config.GROUP_SIZE_M,1
02-partial-fixed-kv,repetitions[0].diagnostics.per_rank[0].kernel_config_records.records[3].config.num_stages,4
02-partial-fixed-kv,repetitions[0].diagnostics.per_rank[0].kernel_config_records.records[3].config.num_warps,4
02-partial-fixed-kv,repetitions[0].diagnostics.per_rank[0].kernel_config_records.records[4].chunk_tokens,4337
02-partial-fixed-kv,repetitions[0].diagnostics.per_rank[0].kernel_config_records.records[4].top_k,10
02-partial-fixed-kv,repetitions[0].diagnostics.per_rank[0].kernel_config_records.records[4].selections,48
02-partial-fixed-kv,repetitions[0].diagnostics.per_rank[0].kernel_config_records.records[4].w13_shape[0],512
02-partial-fixed-kv,repetitions[0].diagnostics.per_rank[0].kernel_config_records.records[4].w13_shape[1],256
02-partial-fixed-kv,repetitions[0].diagnostics.per_rank[0].kernel_config_records.records[4].w13_shape[2],2048
02-partial-fixed-kv,repetitions[0].diagnostics.per_rank[0].kernel_config_records.records[4].w2_shape[0],512
02-partial-fixed-kv,repetitions[0].diagnostics.per_rank[0].kernel_config_records.records[4].w2_shape[1],2048
02-partial-fixed-kv,repetitions[0].diagnostics.per_rank[0].kernel_config_records.records[4].w2_shape[2],128
02-partial-fixed-kv,repetitions[0].diagnostics.per_rank[0].kernel_config_records.records[4].config.BLOCK_SIZE_K,64
02-partial-fixed-kv,repetitions[0].diagnostics.per_rank[0].kernel_config_records.records[4].config.BLOCK_SIZE_M,128
02-partial-fixed-kv,repetitions[0].diagnostics.per_rank[0].kernel_config_records.records[4].config.BLOCK_SIZE_N,128
02-partial-fixed-kv,repetitions[0].diagnostics.per_rank[0].kernel_config_records.records[4].config.GROUP_SIZE_M,64
02-partial-fixed-kv,repetitions[0].diagnostics.per_rank[0].kernel_config_records.records[4].config.num_stages,3
02-partial-fixed-kv,repetitions[0].diagnostics.per_rank[0].kernel_config_records.records[4].config.num_warps,8
02-partial-fixed-kv,repetitions[0].diagnostics.per_rank[0].kernel_config_records.records[5].chunk_tokens,31
02-partial-fixed-kv,repetitions[0].diagnostics.per_rank[0].kernel_config_records.records[5].top_k,10
02-partial-fixed-kv,repetitions[0].diagnostics.per_rank[0].kernel_config_records.records[5].selections,48
02-partial-fixed-kv,repetitions[0].diagnostics.per_rank[0].kernel_config_records.records[5].w13_shape[0],512
02-partial-fixed-kv,repetitions[0].diagnostics.per_rank[0].kernel_config_records.records[5].w13_shape[1],256
02-partial-fixed-kv,repetitions[0].diagnostics.per_rank[0].kernel_config_records.records[5].w13_shape[2],2048
02-partial-fixed-kv,repetitions[0].diagnostics.per_rank[0].kernel_config_records.records[5].w2_shape[0],512
02-partial-fixed-kv,repetitions[0].diagnostics.per_rank[0].kernel_config_records.records[5].w2_shape[1],2048
02-partial-fixed-kv,repetitions[0].diagnostics.per_rank[0].kernel_config_records.records[5].w2_shape[2],128
02-partial-fixed-kv,repetitions[0].diagnostics.per_rank[0].kernel_config_records.records[5].config.BLOCK_SIZE_K,64
02-partial-fixed-kv,repetitions[0].diagnostics.per_rank[0].kernel_config_records.records[5].config.BLOCK_SIZE_M,16
02-partial-fixed-kv,repetitions[0].diagnostics.per_rank[0].kernel_config_records.records[5].config.BLOCK_SIZE_N,128
02-partial-fixed-kv,repetitions[0].diagnostics.per_rank[0].kernel_config_records.records[5].config.GROUP_SIZE_M,1
02-partial-fixed-kv,repetitions[0].diagnostics.per_rank[0].kernel_config_records.records[5].config.num_stages,3
02-partial-fixed-kv,repetitions[0].diagnostics.per_rank[0].kernel_config_records.records[5].config.num_warps,8
02-partial-fixed-kv,repetitions[0].diagnostics.per_rank[0].kernel_config_records.records[6].chunk_tokens,30
02-partial-fixed-kv,repetitions[0].diagnostics.per_rank[0].kernel_config_records.records[6].top_k,10
02-partial-fixed-kv,repetitions[0].diagnostics.per_rank[0].kernel_config_records.records[6].selections,48
02-partial-fixed-kv,repetitions[0].diagnostics.per_rank[0].kernel_config_records.records[6].w13_shape[0],512
02-partial-fixed-kv,repetitions[0].diagnostics.per_rank[0].kernel_config_records.records[6].w13_shape[1],256
02-partial-fixed-kv,repetitions[0].diagnostics.per_rank[0].kernel_config_records.records[6].w13_shape[2],2048
02-partial-fixed-kv,repetitions[0].diagnostics.per_rank[0].kernel_config_records.records[6].w2_shape[0],512
02-partial-fixed-kv,repetitions[0].diagnostics.per_rank[0].kernel_config_records.records[6].w2_shape[1],2048
02-partial-fixed-kv,repetitions[0].diagnostics.per_rank[0].kernel_config_records.records[6].w2_shape[2],128
02-partial-fixed-kv,repetitions[0].diagnostics.per_rank[0].kernel_config_records.records[6].config.BLOCK_SIZE_K,64
02-partial-fixed-kv,repetitions[0].diagnostics.per_rank[0].kernel_config_records.records[6].config.BLOCK_SIZE_M,16
02-partial-fixed-kv,repetitions[0].diagnostics.per_rank[0].kernel_config_records.records[6].config.BLOCK_SIZE_N,128
02-partial-fixed-kv,repetitions[0].diagnostics.per_rank[0].kernel_config_records.records[6].config.GROUP_SIZE_M,1
02-partial-fixed-kv,repetitions[0].diagnostics.per_rank[0].kernel_config_records.records[6].config.num_stages,3
02-partial-fixed-kv,repetitions[0].diagnostics.per_rank[0].kernel_config_records.records[6].config.num_warps,8
02-partial-fixed-kv,repetitions[0].diagnostics.per_rank[0].kernel_config_records.records[7].chunk_tokens,28
02-partial-fixed-kv,repetitions[0].diagnostics.per_rank[0].kernel_config_records.records[7].top_k,10
02-partial-fixed-kv,repetitions[0].diagnostics.per_rank[0].kernel_config_records.records[7].selections,48
02-partial-fixed-kv,repetitions[0].diagnostics.per_rank[0].kernel_config_records.records[7].w13_shape[0],512
02-partial-fixed-kv,repetitions[0].diagnostics.per_rank[0].kernel_config_records.records[7].w13_shape[1],256
02-partial-fixed-kv,repetitions[0].diagnostics.per_rank[0].kernel_config_records.records[7].w13_shape[2],2048
02-partial-fixed-kv,repetitions[0].diagnostics.per_rank[0].kernel_config_records.records[7].w2_shape[0],512
02-partial-fixed-kv,repetitions[0].diagnostics.per_rank[0].kernel_config_records.records[7].w2_shape[1],2048
02-partial-fixed-kv,repetitions[0].diagnostics.per_rank[0].kernel_config_records.records[7].w2_shape[2],128
02-partial-fixed-kv,repetitions[0].diagnostics.per_rank[0].kernel_config_records.records[7].config.BLOCK_SIZE_K,64
02-partial-fixed-kv,repetitions[0].diagnostics.per_rank[0].kernel_config_records.records[7].config.BLOCK_SIZE_M,32
02-partial-fixed-kv,repetitions[0].diagnostics.per_rank[0].kernel_config_records.records[7].config.BLOCK_SIZE_N,128
02-partial-fixed-kv,repetitions[0].diagnostics.per_rank[0].kernel_config_records.records[7].config.GROUP_SIZE_M,1
02-partial-fixed-kv,repetitions[0].diagnostics.per_rank[0].kernel_config_records.records[7].config.num_stages,3
02-partial-fixed-kv,repetitions[0].diagnostics.per_rank[0].kernel_config_records.records[7].config.num_warps,4
02-partial-fixed-kv,repetitions[0].diagnostics.per_rank[0].kernel_config_records.records[8].chunk_tokens,26
02-partial-fixed-kv,repetitions[0].diagnostics.per_rank[0].kernel_config_records.records[8].top_k,10
02-partial-fixed-kv,repetitions[0].diagnostics.per_rank[0].kernel_config_records.records[8].selections,48
02-partial-fixed-kv,repetitions[0].diagnostics.per_rank[0].kernel_config_records.records[8].w13_shape[0],512
02-partial-fixed-kv,repetitions[0].diagnostics.per_rank[0].kernel_config_records.records[8].w13_shape[1],256
02-partial-fixed-kv,repetitions[0].diagnostics.per_rank[0].kernel_config_records.records[8].w13_shape[2],2048
02-partial-fixed-kv,repetitions[0].diagnostics.per_rank[0].kernel_config_records.records[8].w2_shape[0],512
02-partial-fixed-kv,repetitions[0].diagnostics.per_rank[0].kernel_config_records.records[8].w2_shape[1],2048
02-partial-fixed-kv,repetitions[0].diagnostics.per_rank[0].kernel_config_records.records[8].w2_shape[2],128
02-partial-fixed-kv,repetitions[0].diagnostics.per_rank[0].kernel_config_records.records[8].config.BLOCK_SIZE_K,64
02-partial-fixed-kv,repetitions[0].diagnostics.per_rank[0].kernel_config_records.records[8].config.BLOCK_SIZE_M,32
02-partial-fixed-kv,repetitions[0].diagnostics.per_rank[0].kernel_config_records.records[8].config.BLOCK_SIZE_N,128
02-partial-fixed-kv,repetitions[0].diagnostics.per_rank[0].kernel_config_records.records[8].config.GROUP_SIZE_M,1
02-partial-fixed-kv,repetitions[0].diagnostics.per_rank[0].kernel_config_records.records[8].config.num_stages,3
02-partial-fixed-kv,repetitions[0].diagnostics.per_rank[0].kernel_config_records.records[8].config.num_warps,4
02-partial-fixed-kv,repetitions[0].diagnostics.per_rank[0].kernel_config_records.records[9].chunk_tokens,24
02-partial-fixed-kv,repetitions[0].diagnostics.per_rank[0].kernel_config_records.records[9].top_k,10
02-partial-fixed-kv,repetitions[0].diagnostics.per_rank[0].kernel_config_records.records[9].selections,48
02-partial-fixed-kv,repetitions[0].diagnostics.per_rank[0].kernel_config_records.records[9].w13_shape[0],512
02-partial-fixed-kv,repetitions[0].diagnostics.per_rank[0].kernel_config_records.records[9].w13_shape[1],256
02-partial-fixed-kv,repetitions[0].diagnostics.per_rank[0].kernel_config_records.records[9].w13_shape[2],2048
02-partial-fixed-kv,repetitions[0].diagnostics.per_rank[0].kernel_config_records.records[9].w2_shape[0],512
02-partial-fixed-kv,repetitions[0].diagnostics.per_rank[0].kernel_config_records.records[9].w2_shape[1],2048
02-partial-fixed-kv,repetitions[0].diagnostics.per_rank[0].kernel_config_records.records[9].w2_shape[2],128
02-partial-fixed-kv,repetitions[0].diagnostics.per_rank[0].kernel_config_records.records[9].config.BLOCK_SIZE_K,64
02-partial-fixed-kv,repetitions[0].diagnostics.per_rank[0].kernel_config_records.records[9].config.BLOCK_SIZE_M,32
02-partial-fixed-kv,repetitions[0].diagnostics.per_rank[0].kernel_config_records.records[9].config.BLOCK_SIZE_N,128
02-partial-fixed-kv,repetitions[0].diagnostics.per_rank[0].kernel_config_records.records[9].config.GROUP_SIZE_M,1
02-partial-fixed-kv,repetitions[0].diagnostics.per_rank[0].kernel_config_records.records[9].config.num_stages,3
02-partial-fixed-kv,repetitions[0].diagnostics.per_rank[0].kernel_config_records.records[9].config.num_warps,4
02-partial-fixed-kv,repetitions[0].diagnostics.per_rank[0].kernel_config_records.records[10].chunk_tokens,22
02-partial-fixed-kv,repetitions[0].diagnostics.per_rank[0].kernel_config_records.records[10].top_k,10
02-partial-fixed-kv,repetitions[0].diagnostics.per_rank[0].kernel_config_records.records[10].selections,48
02-partial-fixed-kv,repetitions[0].diagnostics.per_rank[0].kernel_config_records.records[10].w13_shape[0],512
02-partial-fixed-kv,repetitions[0].diagnostics.per_rank[0].kernel_config_records.records[10].w13_shape[1],256
02-partial-fixed-kv,repetitions[0].diagnostics.per_rank[0].kernel_config_records.records[10].w13_shape[2],2048
02-partial-fixed-kv,repetitions[0].diagnostics.per_rank[0].kernel_config_records.records[10].w2_shape[0],512
02-partial-fixed-kv,repetitions[0].diagnostics.per_rank[0].kernel_config_records.records[10].w2_shape[1],2048
02-partial-fixed-kv,repetitions[0].diagnostics.per_rank[0].kernel_config_records.records[10].w2_shape[2],128
02-partial-fixed-kv,repetitions[0].diagnostics.per_rank[0].kernel_config_records.records[10].config.BLOCK_SIZE_K,64
02-partial-fixed-kv,repetitions[0].diagnostics.per_rank[0].kernel_config_records.records[10].config.BLOCK_SIZE_M,32
02-partial-fixed-kv,repetitions[0].diagnostics.per_rank[0].kernel_config_records.records[10].config.BLOCK_SIZE_N,128
02-partial-fixed-kv,repetitions[0].diagnostics.per_rank[0].kernel_config_records.records[10].config.GROUP_SIZE_M,1
02-partial-fixed-kv,repetitions[0].diagnostics.per_rank[0].kernel_config_records.records[10].config.num_stages,3
02-partial-fixed-kv,repetitions[0].diagnostics.per_rank[0].kernel_config_records.records[10].config.num_warps,4
02-partial-fixed-kv,repetitions[0].diagnostics.per_rank[0].kernel_config_records.records[11].chunk_tokens,20
02-partial-fixed-kv,repetitions[0].diagnostics.per_rank[0].kernel_config_records.records[11].top_k,10
02-partial-fixed-kv,repetitions[0].diagnostics.per_rank[0].kernel_config_records.records[11].selections,48
02-partial-fixed-kv,repetitions[0].diagnostics.per_rank[0].kernel_config_records.records[11].w13_shape[0],512
02-partial-fixed-kv,repetitions[0].diagnostics.per_rank[0].kernel_config_records.records[11].w13_shape[1],256
02-partial-fixed-kv,repetitions[0].diagnostics.per_rank[0].kernel_config_records.records[11].w13_shape[2],2048
02-partial-fixed-kv,repetitions[0].diagnostics.per_rank[0].kernel_config_records.records[11].w2_shape[0],512
02-partial-fixed-kv,repetitions[0].diagnostics.per_rank[0].kernel_config_records.records[11].w2_shape[1],2048
02-partial-fixed-kv,repetitions[0].diagnostics.per_rank[0].kernel_config_records.records[11].w2_shape[2],128
02-partial-fixed-kv,repetitions[0].diagnostics.per_rank[0].kernel_config_records.records[11].config.BLOCK_SIZE_K,64
02-partial-fixed-kv,repetitions[0].diagnostics.per_rank[0].kernel_config_records.records[11].config.BLOCK_SIZE_M,16
02-partial-fixed-kv,repetitions[0].diagnostics.per_rank[0].kernel_config_records.records[11].config.BLOCK_SIZE_N,128
02-partial-fixed-kv,repetitions[0].diagnostics.per_rank[0].kernel_config_records.records[11].config.GROUP_SIZE_M,1
02-partial-fixed-kv,repetitions[0].diagnostics.per_rank[0].kernel_config_records.records[11].config.num_stages,3
02-partial-fixed-kv,repetitions[0].diagnostics.per_rank[0].kernel_config_records.records[11].config.num_warps,4
02-partial-fixed-kv,repetitions[0].diagnostics.per_rank[0].kernel_config_records.records[12].chunk_tokens,18
02-partial-fixed-kv,repetitions[0].diagnostics.per_rank[0].kernel_config_records.records[12].top_k,10
02-partial-fixed-kv,repetitions[0].diagnostics.per_rank[0].kernel_config_records.records[12].selections,48
02-partial-fixed-kv,repetitions[0].diagnostics.per_rank[0].kernel_config_records.records[12].w13_shape[0],512
02-partial-fixed-kv,repetitions[0].diagnostics.per_rank[0].kernel_config_records.records[12].w13_shape[1],256
02-partial-fixed-kv,repetitions[0].diagnostics.per_rank[0].kernel_config_records.records[12].w13_shape[2],2048
02-partial-fixed-kv,repetitions[0].diagnostics.per_rank[0].kernel_config_records.records[12].w2_shape[0],512
02-partial-fixed-kv,repetitions[0].diagnostics.per_rank[0].kernel_config_records.records[12].w2_shape[1],2048
02-partial-fixed-kv,repetitions[0].diagnostics.per_rank[0].kernel_config_records.records[12].w2_shape[2],128
02-partial-fixed-kv,repetitions[0].diagnostics.per_rank[0].kernel_config_records.records[12].config.BLOCK_SIZE_K,64
02-partial-fixed-kv,repetitions[0].diagnostics.per_rank[0].kernel_config_records.records[12].config.BLOCK_SIZE_M,16
02-partial-fixed-kv,repetitions[0].diagnostics.per_rank[0].kernel_config_records.records[12].config.BLOCK_SIZE_N,128
02-partial-fixed-kv,repetitions[0].diagnostics.per_rank[0].kernel_config_records.records[12].config.GROUP_SIZE_M,1
02-partial-fixed-kv,repetitions[0].diagnostics.per_rank[0].kernel_config_records.records[12].config.num_stages,3
02-partial-fixed-kv,repetitions[0].diagnostics.per_rank[0].kernel_config_records.records[12].config.num_warps,4
02-partial-fixed-kv,repetitions[0].diagnostics.per_rank[0].kernel_config_records.records[13].chunk_tokens,16
02-partial-fixed-kv,repetitions[0].diagnostics.per_rank[0].kernel_config_records.records[13].top_k,10
02-partial-fixed-kv,repetitions[0].diagnostics.per_rank[0].kernel_config_records.records[13].selections,48
02-partial-fixed-kv,repetitions[0].diagnostics.per_rank[0].kernel_config_records.records[13].w13_shape[0],512
02-partial-fixed-kv,repetitions[0].diagnostics.per_rank[0].kernel_config_records.records[13].w13_shape[1],256
02-partial-fixed-kv,repetitions[0].diagnostics.per_rank[0].kernel_config_records.records[13].w13_shape[2],2048
02-partial-fixed-kv,repetitions[0].diagnostics.per_rank[0].kernel_config_records.records[13].w2_shape[0],512
02-partial-fixed-kv,repetitions[0].diagnostics.per_rank[0].kernel_config_records.records[13].w2_shape[1],2048
02-partial-fixed-kv,repetitions[0].diagnostics.per_rank[0].kernel_config_records.records[13].w2_shape[2],128
02-partial-fixed-kv,repetitions[0].diagnostics.per_rank[0].kernel_config_records.records[13].config.BLOCK_SIZE_K,64
02-partial-fixed-kv,repetitions[0].diagnostics.per_rank[0].kernel_config_records.records[13].config.BLOCK_SIZE_M,16
02-partial-fixed-kv,repetitions[0].diagnostics.per_rank[0].kernel_config_records.records[13].config.BLOCK_SIZE_N,128
02-partial-fixed-kv,repetitions[0].diagnostics.per_rank[0].kernel_config_records.records[13].config.GROUP_SIZE_M,1
02-partial-fixed-kv,repetitions[0].diagnostics.per_rank[0].kernel_config_records.records[13].config.num_stages,3
02-partial-fixed-kv,repetitions[0].diagnostics.per_rank[0].kernel_config_records.records[13].config.num_warps,4
02-partial-fixed-kv,repetitions[0].diagnostics.per_rank[0].kernel_config_records.records[14].chunk_tokens,14
02-partial-fixed-kv,repetitions[0].diagnostics.per_rank[0].kernel_config_records.records[14].top_k,10
02-partial-fixed-kv,repetitions[0].diagnostics.per_rank[0].kernel_config_records.records[14].selections,48
02-partial-fixed-kv,repetitions[0].diagnostics.per_rank[0].kernel_config_records.records[14].w13_shape[0],512
02-partial-fixed-kv,repetitions[0].diagnostics.per_rank[0].kernel_config_records.records[14].w13_shape[1],256
02-partial-fixed-kv,repetitions[0].diagnostics.per_rank[0].kernel_config_records.records[14].w13_shape[2],2048
02-partial-fixed-kv,repetitions[0].diagnostics.per_rank[0].kernel_config_records.records[14].w2_shape[0],512
02-partial-fixed-kv,repetitions[0].diagnostics.per_rank[0].kernel_config_records.records[14].w2_shape[1],2048
02-partial-fixed-kv,repetitions[0].diagnostics.per_rank[0].kernel_config_records.records[14].w2_shape[2],128
02-partial-fixed-kv,repetitions[0].diagnostics.per_rank[0].kernel_config_records.records[14].config.BLOCK_SIZE_K,64
02-partial-fixed-kv,repetitions[0].diagnostics.per_rank[0].kernel_config_records.records[14].config.BLOCK_SIZE_M,16
02-partial-fixed-kv,repetitions[0].diagnostics.per_rank[0].kernel_config_records.records[14].config.BLOCK_SIZE_N,128
02-partial-fixed-kv,repetitions[0].diagnostics.per_rank[0].kernel_config_records.records[14].config.GROUP_SIZE_M,1
02-partial-fixed-kv,repetitions[0].diagnostics.per_rank[0].kernel_config_records.records[14].config.num_stages,3
02-partial-fixed-kv,repetitions[0].diagnostics.per_rank[0].kernel_config_records.records[14].config.num_warps,4
02-partial-fixed-kv,repetitions[0].diagnostics.per_rank[0].kernel_config_records.records[15].chunk_tokens,12
02-partial-fixed-kv,repetitions[0].diagnostics.per_rank[0].kernel_config_records.records[15].top_k,10
02-partial-fixed-kv,repetitions[0].diagnostics.per_rank[0].kernel_config_records.records[15].selections,48
02-partial-fixed-kv,repetitions[0].diagnostics.per_rank[0].kernel_config_records.records[15].w13_shape[0],512
02-partial-fixed-kv,repetitions[0].diagnostics.per_rank[0].kernel_config_records.records[15].w13_shape[1],256
02-partial-fixed-kv,repetitions[0].diagnostics.per_rank[0].kernel_config_records.records[15].w13_shape[2],2048
02-partial-fixed-kv,repetitions[0].diagnostics.per_rank[0].kernel_config_records.records[15].w2_shape[0],512
02-partial-fixed-kv,repetitions[0].diagnostics.per_rank[0].kernel_config_records.records[15].w2_shape[1],2048
02-partial-fixed-kv,repetitions[0].diagnostics.per_rank[0].kernel_config_records.records[15].w2_shape[2],128
02-partial-fixed-kv,repetitions[0].diagnostics.per_rank[0].kernel_config_records.records[15].config.BLOCK_SIZE_K,64
02-partial-fixed-kv,repetitions[0].diagnostics.per_rank[0].kernel_config_records.records[15].config.BLOCK_SIZE_M,16
02-partial-fixed-kv,repetitions[0].diagnostics.per_rank[0].kernel_config_records.records[15].config.BLOCK_SIZE_N,128
02-partial-fixed-kv,repetitions[0].diagnostics.per_rank[0].kernel_config_records.records[15].config.GROUP_SIZE_M,1
02-partial-fixed-kv,repetitions[0].diagnostics.per_rank[0].kernel_config_records.records[15].config.num_stages,3
02-partial-fixed-kv,repetitions[0].diagnostics.per_rank[0].kernel_config_records.records[15].config.num_warps,4
02-partial-fixed-kv,repetitions[0].diagnostics.per_rank[0].kernel_config_records.records[16].chunk_tokens,10
02-partial-fixed-kv,repetitions[0].diagnostics.per_rank[0].kernel_config_records.records[16].top_k,10
02-partial-fixed-kv,repetitions[0].diagnostics.per_rank[0].kernel_config_records.records[16].selections,48
02-partial-fixed-kv,repetitions[0].diagnostics.per_rank[0].kernel_config_records.records[16].w13_shape[0],512
02-partial-fixed-kv,repetitions[0].diagnostics.per_rank[0].kernel_config_records.records[16].w13_shape[1],256
02-partial-fixed-kv,repetitions[0].diagnostics.per_rank[0].kernel_config_records.records[16].w13_shape[2],2048
02-partial-fixed-kv,repetitions[0].diagnostics.per_rank[0].kernel_config_records.records[16].w2_shape[0],512
02-partial-fixed-kv,repetitions[0].diagnostics.per_rank[0].kernel_config_records.records[16].w2_shape[1],2048
02-partial-fixed-kv,repetitions[0].diagnostics.per_rank[0].kernel_config_records.records[16].w2_shape[2],128
02-partial-fixed-kv,repetitions[0].diagnostics.per_rank[0].kernel_config_records.records[16].config.BLOCK_SIZE_K,64
02-partial-fixed-kv,repetitions[0].diagnostics.per_rank[0].kernel_config_records.records[16].config.BLOCK_SIZE_M,16
02-partial-fixed-kv,repetitions[0].diagnostics.per_rank[0].kernel_config_records.records[16].config.BLOCK_SIZE_N,128
02-partial-fixed-kv,repetitions[0].diagnostics.per_rank[0].kernel_config_records.records[16].config.GROUP_SIZE_M,1
02-partial-fixed-kv,repetitions[0].diagnostics.per_rank[0].kernel_config_records.records[16].config.num_stages,3
02-partial-fixed-kv,repetitions[0].diagnostics.per_rank[0].kernel_config_records.records[16].config.num_warps,4
02-partial-fixed-kv,repetitions[0].diagnostics.per_rank[0].kernel_config_records.records[17].chunk_tokens,8
02-partial-fixed-kv,repetitions[0].diagnostics.per_rank[0].kernel_config_records.records[17].top_k,10
02-partial-fixed-kv,repetitions[0].diagnostics.per_rank[0].kernel_config_records.records[17].selections,48
02-partial-fixed-kv,repetitions[0].diagnostics.per_rank[0].kernel_config_records.records[17].w13_shape[0],512
02-partial-fixed-kv,repetitions[0].diagnostics.per_rank[0].kernel_config_records.records[17].w13_shape[1],256
02-partial-fixed-kv,repetitions[0].diagnostics.per_rank[0].kernel_config_records.records[17].w13_shape[2],2048
02-partial-fixed-kv,repetitions[0].diagnostics.per_rank[0].kernel_config_records.records[17].w2_shape[0],512
02-partial-fixed-kv,repetitions[0].diagnostics.per_rank[0].kernel_config_records.records[17].w2_shape[1],2048
02-partial-fixed-kv,repetitions[0].diagnostics.per_rank[0].kernel_config_records.records[17].w2_shape[2],128
02-partial-fixed-kv,repetitions[0].diagnostics.per_rank[0].kernel_config_records.records[17].config.BLOCK_SIZE_K,64
02-partial-fixed-kv,repetitions[0].diagnostics.per_rank[0].kernel_config_records.records[17].config.BLOCK_SIZE_M,16
02-partial-fixed-kv,repetitions[0].diagnostics.per_rank[0].kernel_config_records.records[17].config.BLOCK_SIZE_N,128
02-partial-fixed-kv,repetitions[0].diagnostics.per_rank[0].kernel_config_records.records[17].config.GROUP_SIZE_M,1
02-partial-fixed-kv,repetitions[0].diagnostics.per_rank[0].kernel_config_records.records[17].config.num_stages,3
02-partial-fixed-kv,repetitions[0].diagnostics.per_rank[0].kernel_config_records.records[17].config.num_warps,4
02-partial-fixed-kv,repetitions[0].diagnostics.per_rank[0].kernel_config_records.records[18].chunk_tokens,6
02-partial-fixed-kv,repetitions[0].diagnostics.per_rank[0].kernel_config_records.records[18].top_k,10
02-partial-fixed-kv,repetitions[0].diagnostics.per_rank[0].kernel_config_records.records[18].selections,48
02-partial-fixed-kv,repetitions[0].diagnostics.per_rank[0].kernel_config_records.records[18].w13_shape[0],512
02-partial-fixed-kv,repetitions[0].diagnostics.per_rank[0].kernel_config_records.records[18].w13_shape[1],256
02-partial-fixed-kv,repetitions[0].diagnostics.per_rank[0].kernel_config_records.records[18].w13_shape[2],2048
02-partial-fixed-kv,repetitions[0].diagnostics.per_rank[0].kernel_config_records.records[18].w2_shape[0],512
02-partial-fixed-kv,repetitions[0].diagnostics.per_rank[0].kernel_config_records.records[18].w2_shape[1],2048
02-partial-fixed-kv,repetitions[0].diagnostics.per_rank[0].kernel_config_records.records[18].w2_shape[2],128
02-partial-fixed-kv,repetitions[0].diagnostics.per_rank[0].kernel_config_records.records[18].config.BLOCK_SIZE_K,64
02-partial-fixed-kv,repetitions[0].diagnostics.per_rank[0].kernel_config_records.records[18].config.BLOCK_SIZE_M,16
02-partial-fixed-kv,repetitions[0].diagnostics.per_rank[0].kernel_config_records.records[18].config.BLOCK_SIZE_N,128
02-partial-fixed-kv,repetitions[0].diagnostics.per_rank[0].kernel_config_records.records[18].config.GROUP_SIZE_M,1
02-partial-fixed-kv,repetitions[0].diagnostics.per_rank[0].kernel_config_records.records[18].config.num_stages,4
02-partial-fixed-kv,repetitions[0].diagnostics.per_rank[0].kernel_config_records.records[18].config.num_warps,4
02-partial-fixed-kv,repetitions[0].diagnostics.per_rank[0].kernel_config_records.records[19].chunk_tokens,4
02-partial-fixed-kv,repetitions[0].diagnostics.per_rank[0].kernel_config_records.records[19].top_k,10
02-partial-fixed-kv,repetitions[0].diagnostics.per_rank[0].kernel_config_records.records[19].selections,48
02-partial-fixed-kv,repetitions[0].diagnostics.per_rank[0].kernel_config_records.records[19].w13_shape[0],512
02-partial-fixed-kv,repetitions[0].diagnostics.per_rank[0].kernel_config_records.records[19].w13_shape[1],256
02-partial-fixed-kv,repetitions[0].diagnostics.per_rank[0].kernel_config_records.records[19].w13_shape[2],2048
02-partial-fixed-kv,repetitions[0].diagnostics.per_rank[0].kernel_config_records.records[19].w2_shape[0],512
02-partial-fixed-kv,repetitions[0].diagnostics.per_rank[0].kernel_config_records.records[19].w2_shape[1],2048
02-partial-fixed-kv,repetitions[0].diagnostics.per_rank[0].kernel_config_records.records[19].w2_shape[2],128
02-partial-fixed-kv,repetitions[0].diagnostics.per_rank[0].kernel_config_records.records[19].config.BLOCK_SIZE_K,64
02-partial-fixed-kv,repetitions[0].diagnostics.per_rank[0].kernel_config_records.records[19].config.BLOCK_SIZE_M,16
02-partial-fixed-kv,repetitions[0].diagnostics.per_rank[0].kernel_config_records.records[19].config.BLOCK_SIZE_N,128
02-partial-fixed-kv,repetitions[0].diagnostics.per_rank[0].kernel_config_records.records[19].config.GROUP_SIZE_M,1
02-partial-fixed-kv,repetitions[0].diagnostics.per_rank[0].kernel_config_records.records[19].config.num_stages,4
02-partial-fixed-kv,repetitions[0].diagnostics.per_rank[0].kernel_config_records.records[19].config.num_warps,4
02-partial-fixed-kv,repetitions[0].diagnostics.per_rank[0].kernel_config_records.records[20].chunk_tokens,2
02-partial-fixed-kv,repetitions[0].diagnostics.per_rank[0].kernel_config_records.records[20].top_k,10
02-partial-fixed-kv,repetitions[0].diagnostics.per_rank[0].kernel_config_records.records[20].selections,48
02-partial-fixed-kv,repetitions[0].diagnostics.per_rank[0].kernel_config_records.records[20].w13_shape[0],512
02-partial-fixed-kv,repetitions[0].diagnostics.per_rank[0].kernel_config_records.records[20].w13_shape[1],256
02-partial-fixed-kv,repetitions[0].diagnostics.per_rank[0].kernel_config_records.records[20].w13_shape[2],2048
02-partial-fixed-kv,repetitions[0].diagnostics.per_rank[0].kernel_config_records.records[20].w2_shape[0],512
02-partial-fixed-kv,repetitions[0].diagnostics.per_rank[0].kernel_config_records.records[20].w2_shape[1],2048
02-partial-fixed-kv,repetitions[0].diagnostics.per_rank[0].kernel_config_records.records[20].w2_shape[2],128
02-partial-fixed-kv,repetitions[0].diagnostics.per_rank[0].kernel_config_records.records[20].config.BLOCK_SIZE_K,64
02-partial-fixed-kv,repetitions[0].diagnostics.per_rank[0].kernel_config_records.records[20].config.BLOCK_SIZE_M,32
02-partial-fixed-kv,repetitions[0].diagnostics.per_rank[0].kernel_config_records.records[20].config.BLOCK_SIZE_N,64
02-partial-fixed-kv,repetitions[0].diagnostics.per_rank[0].kernel_config_records.records[20].config.GROUP_SIZE_M,1
02-partial-fixed-kv,repetitions[0].diagnostics.per_rank[0].kernel_config_records.records[20].config.num_stages,4
02-partial-fixed-kv,repetitions[0].diagnostics.per_rank[0].kernel_config_records.records[20].config.num_warps,8
02-partial-fixed-kv,repetitions[0].diagnostics.per_rank[1].h2d_bytes,339353272320
02-partial-fixed-kv,repetitions[0].diagnostics.per_rank[1].copy_launches,7660
02-partial-fixed-kv,repetitions[0].diagnostics.per_rank[1].startup_resident_h2d_bytes,0
02-partial-fixed-kv,repetitions[0].diagnostics.per_rank[1].promotion_d2d_bytes,407371776
02-partial-fixed-kv,repetitions[0].diagnostics.per_rank[1].metadata_h2d_bytes,7866392
02-partial-fixed-kv,repetitions[0].diagnostics.per_rank[1].unique_demands,811613
02-partial-fixed-kv,repetitions[0].diagnostics.per_rank[1].resident_hits,585133
02-partial-fixed-kv,repetitions[0].diagnostics.per_rank[1].timing.route_d2h_s,10.843114785384387
02-partial-fixed-kv,repetitions[0].diagnostics.per_rank[1].timing.policy_cpu_s,1.4549122997559607
02-partial-fixed-kv,repetitions[0].diagnostics.per_rank[1].timing.host_reuse_wait_s,0.028148752637207508
02-partial-fixed-kv,repetitions[0].diagnostics.per_rank[1].timing.host_gather_s,71.57460931548849
02-partial-fixed-kv,repetitions[0].diagnostics.per_rank[1].timing.h2d_enqueue_s,0.3672126685269177
02-partial-fixed-kv,repetitions[0].diagnostics.per_rank[1].timing.compute_enqueue_s,2.4505934733897448
02-partial-fixed-kv,repetitions[0].diagnostics.per_rank[1].timing.cuda_sample_count,124
02-partial-fixed-kv,repetitions[0].diagnostics.per_rank[1].timing.load_cuda_s,0.20770844838768246
02-partial-fixed-kv,repetitions[0].diagnostics.per_rank[1].timing.compute_cuda_s,0.03794223997741937
02-partial-fixed-kv,repetitions[0].diagnostics.per_rank[1].timing.promotion_cuda_s,0.000601472005946562
02-partial-fixed-kv,repetitions[0].diagnostics.per_rank[1].policy.observations,3840
02-partial-fixed-kv,repetitions[0].diagnostics.per_rank[1].policy.unique_demands,811613
02-partial-fixed-kv,repetitions[0].diagnostics.per_rank[1].policy.completed_forwards,80
02-partial-fixed-kv,repetitions[0].diagnostics.per_rank[1].policy.decay_events,1
02-partial-fixed-kv,repetitions[0].diagnostics.per_rank[1].policy.cache_hits,10725
02-partial-fixed-kv,repetitions[0].diagnostics.per_rank[1].policy.cache_misses,215755
02-partial-fixed-kv,repetitions[0].diagnostics.per_rank[1].policy.admissions,259
02-partial-fixed-kv,repetitions[0].diagnostics.per_rank[1].policy.evictions,259
02-partial-fixed-kv,repetitions[0].diagnostics.per_rank[1].policy.cache_bypasses,215496
02-partial-fixed-kv,repetitions[0].diagnostics.per_rank[1].policy.reconfigurations,0
02-partial-fixed-kv,repetitions[0].diagnostics.per_rank[1].policy.cache_hit_ratio,0.04735517484987637
02-partial-fixed-kv,repetitions[0].diagnostics.per_rank[1].rank,1
02-partial-fixed-kv,repetitions[0].diagnostics.per_rank[1].forward_counts[0],80
02-partial-fixed-kv,repetitions[0].diagnostics.per_rank[1].forward_counts[1],80
02-partial-fixed-kv,repetitions[0].diagnostics.per_rank[1].forward_counts[2],80
02-partial-fixed-kv,repetitions[0].diagnostics.per_rank[1].forward_counts[3],80
02-partial-fixed-kv,repetitions[0].diagnostics.per_rank[1].forward_counts[4],80
02-partial-fixed-kv,repetitions[0].diagnostics.per_rank[1].forward_counts[5],80
02-partial-fixed-kv,repetitions[0].diagnostics.per_rank[1].forward_counts[6],80
02-partial-fixed-kv,repetitions[0].diagnostics.per_rank[1].forward_counts[7],80
02-partial-fixed-kv,repetitions[0].diagnostics.per_rank[1].forward_counts[8],80
02-partial-fixed-kv,repetitions[0].diagnostics.per_rank[1].forward_counts[9],80
02-partial-fixed-kv,repetitions[0].diagnostics.per_rank[1].forward_counts[10],80
02-partial-fixed-kv,repetitions[0].diagnostics.per_rank[1].forward_counts[11],80
02-partial-fixed-kv,repetitions[0].diagnostics.per_rank[1].forward_counts[12],80
02-partial-fixed-kv,repetitions[0].diagnostics.per_rank[1].forward_counts[13],80
02-partial-fixed-kv,repetitions[0].diagnostics.per_rank[1].forward_counts[14],80
02-partial-fixed-kv,repetitions[0].diagnostics.per_rank[1].forward_counts[15],80
02-partial-fixed-kv,repetitions[0].diagnostics.per_rank[1].forward_counts[16],80
02-partial-fixed-kv,repetitions[0].diagnostics.per_rank[1].forward_counts[17],80
02-partial-fixed-kv,repetitions[0].diagnostics.per_rank[1].forward_counts[18],80
02-partial-fixed-kv,repetitions[0].diagnostics.per_rank[1].forward_counts[19],80
02-partial-fixed-kv,repetitions[0].diagnostics.per_rank[1].forward_counts[20],80
02-partial-fixed-kv,repetitions[0].diagnostics.per_rank[1].forward_counts[21],80
02-partial-fixed-kv,repetitions[0].diagnostics.per_rank[1].forward_counts[22],80
02-partial-fixed-kv,repetitions[0].diagnostics.per_rank[1].forward_counts[23],80
02-partial-fixed-kv,repetitions[0].diagnostics.per_rank[1].forward_counts[24],80
02-partial-fixed-kv,repetitions[0].diagnostics.per_rank[1].forward_counts[25],80
02-partial-fixed-kv,repetitions[0].diagnostics.per_rank[1].forward_counts[26],80
02-partial-fixed-kv,repetitions[0].diagnostics.per_rank[1].forward_counts[27],80
02-partial-fixed-kv,repetitions[0].diagnostics.per_rank[1].forward_counts[28],80
02-partial-fixed-kv,repetitions[0].diagnostics.per_rank[1].forward_counts[29],80
02-partial-fixed-kv,repetitions[0].diagnostics.per_rank[1].forward_counts[30],80
02-partial-fixed-kv,repetitions[0].diagnostics.per_rank[1].forward_counts[31],80
02-partial-fixed-kv,repetitions[0].diagnostics.per_rank[1].forward_counts[32],80
02-partial-fixed-kv,repetitions[0].diagnostics.per_rank[1].forward_counts[33],80
02-partial-fixed-kv,repetitions[0].diagnostics.per_rank[1].forward_counts[34],80
02-partial-fixed-kv,repetitions[0].diagnostics.per_rank[1].forward_counts[35],80
02-partial-fixed-kv,repetitions[0].diagnostics.per_rank[1].forward_counts[36],80
02-partial-fixed-kv,repetitions[0].diagnostics.per_rank[1].forward_counts[37],80
02-partial-fixed-kv,repetitions[0].diagnostics.per_rank[1].forward_counts[38],80
02-partial-fixed-kv,repetitions[0].diagnostics.per_rank[1].forward_counts[39],80
02-partial-fixed-kv,repetitions[0].diagnostics.per_rank[1].forward_counts[40],80
02-partial-fixed-kv,repetitions[0].diagnostics.per_rank[1].forward_counts[41],80
02-partial-fixed-kv,repetitions[0].diagnostics.per_rank[1].forward_counts[42],80
02-partial-fixed-kv,repetitions[0].diagnostics.per_rank[1].forward_counts[43],80
02-partial-fixed-kv,repetitions[0].diagnostics.per_rank[1].forward_counts[44],80
02-partial-fixed-kv,repetitions[0].diagnostics.per_rank[1].forward_counts[45],80
02-partial-fixed-kv,repetitions[0].diagnostics.per_rank[1].forward_counts[46],80
02-partial-fixed-kv,repetitions[0].diagnostics.per_rank[1].forward_counts[47],80
02-partial-fixed-kv,repetitions[0].diagnostics.per_rank[1].per_layer_unique_demands[0],20542
02-partial-fixed-kv,repetitions[0].diagnostics.per_rank[1].per_layer_unique_demands[1],16405
02-partial-fixed-kv,repetitions[0].diagnostics.per_rank[1].per_layer_unique_demands[2],20930
02-partial-fixed-kv,repetitions[0].diagnostics.per_rank[1].per_layer_unique_demands[3],15090
02-partial-fixed-kv,repetitions[0].diagnostics.per_rank[1].per_layer_unique_demands[4],16338
02-partial-fixed-kv,repetitions[0].diagnostics.per_rank[1].per_layer_unique_demands[5],17947
02-partial-fixed-kv,repetitions[0].diagnostics.per_rank[1].per_layer_unique_demands[6],19758
02-partial-fixed-kv,repetitions[0].diagnostics.per_rank[1].per_layer_unique_demands[7],19465
02-partial-fixed-kv,repetitions[0].diagnostics.per_rank[1].per_layer_unique_demands[8],16745
02-partial-fixed-kv,repetitions[0].diagnostics.per_rank[1].per_layer_unique_demands[9],15092
02-partial-fixed-kv,repetitions[0].diagnostics.per_rank[1].per_layer_unique_demands[10],15021
02-partial-fixed-kv,repetitions[0].diagnostics.per_rank[1].per_layer_unique_demands[11],16264
02-partial-fixed-kv,repetitions[0].diagnostics.per_rank[1].per_layer_unique_demands[12],13812
02-partial-fixed-kv,repetitions[0].diagnostics.per_rank[1].per_layer_unique_demands[13],14793
02-partial-fixed-kv,repetitions[0].diagnostics.per_rank[1].per_layer_unique_demands[14],16407
02-partial-fixed-kv,repetitions[0].diagnostics.per_rank[1].per_layer_unique_demands[15],17768
02-partial-fixed-kv,repetitions[0].diagnostics.per_rank[1].per_layer_unique_demands[16],16199
02-partial-fixed-kv,repetitions[0].diagnostics.per_rank[1].per_layer_unique_demands[17],17905
02-partial-fixed-kv,repetitions[0].diagnostics.per_rank[1].per_layer_unique_demands[18],19346
02-partial-fixed-kv,repetitions[0].diagnostics.per_rank[1].per_layer_unique_demands[19],19474
02-partial-fixed-kv,repetitions[0].diagnostics.per_rank[1].per_layer_unique_demands[20],16408
02-partial-fixed-kv,repetitions[0].diagnostics.per_rank[1].per_layer_unique_demands[21],14834
02-partial-fixed-kv,repetitions[0].diagnostics.per_rank[1].per_layer_unique_demands[22],14889
02-partial-fixed-kv,repetitions[0].diagnostics.per_rank[1].per_layer_unique_demands[23],16150
02-partial-fixed-kv,repetitions[0].diagnostics.per_rank[1].per_layer_unique_demands[24],14238
02-partial-fixed-kv,repetitions[0].diagnostics.per_rank[1].per_layer_unique_demands[25],14975
02-partial-fixed-kv,repetitions[0].diagnostics.per_rank[1].per_layer_unique_demands[26],16504
02-partial-fixed-kv,repetitions[0].diagnostics.per_rank[1].per_layer_unique_demands[27],18106
02-partial-fixed-kv,repetitions[0].diagnostics.per_rank[1].per_layer_unique_demands[28],16599
02-partial-fixed-kv,repetitions[0].diagnostics.per_rank[1].per_layer_unique_demands[29],18351
02-partial-fixed-kv,repetitions[0].diagnostics.per_rank[1].per_layer_unique_demands[30],19622
02-partial-fixed-kv,repetitions[0].diagnostics.per_rank[1].per_layer_unique_demands[31],19762
02-partial-fixed-kv,repetitions[0].diagnostics.per_rank[1].per_layer_unique_demands[32],17460
02-partial-fixed-kv,repetitions[0].diagnostics.per_rank[1].per_layer_unique_demands[33],16201
02-partial-fixed-kv,repetitions[0].diagnostics.per_rank[1].per_layer_unique_demands[34],15768
02-partial-fixed-kv,repetitions[0].diagnostics.per_rank[1].per_layer_unique_demands[35],16998
02-partial-fixed-kv,repetitions[0].diagnostics.per_rank[1].per_layer_unique_demands[36],15212
02-partial-fixed-kv,repetitions[0].diagnostics.per_rank[1].per_layer_unique_demands[37],15679
02-partial-fixed-kv,repetitions[0].diagnostics.per_rank[1].per_layer_unique_demands[38],16828
02-partial-fixed-kv,repetitions[0].diagnostics.per_rank[1].per_layer_unique_demands[39],17982
02-partial-fixed-kv,repetitions[0].diagnostics.per_rank[1].per_layer_unique_demands[40],17607
02-partial-fixed-kv,repetitions[0].diagnostics.per_rank[1].per_layer_unique_demands[41],17480
02-partial-fixed-kv,repetitions[0].diagnostics.per_rank[1].per_layer_unique_demands[42],17145
02-partial-fixed-kv,repetitions[0].diagnostics.per_rank[1].per_layer_unique_demands[43],16190
02-partial-fixed-kv,repetitions[0].diagnostics.per_rank[1].per_layer_unique_demands[44],16459
02-partial-fixed-kv,repetitions[0].diagnostics.per_rank[1].per_layer_unique_demands[45],16011
02-partial-fixed-kv,repetitions[0].diagnostics.per_rank[1].per_layer_unique_demands[46],15738
02-partial-fixed-kv,repetitions[0].diagnostics.per_rank[1].per_layer_unique_demands[47],17116
02-partial-fixed-kv,repetitions[0].diagnostics.per_rank[1].per_layer_mean_unique_coverage[0],0.501513671875
02-partial-fixed-kv,repetitions[0].diagnostics.per_rank[1].per_layer_mean_unique_coverage[1],0.4005126953125
02-partial-fixed-kv,repetitions[0].diagnostics.per_rank[1].per_layer_mean_unique_coverage[2],0.510986328125
02-partial-fixed-kv,repetitions[0].diagnostics.per_rank[1].per_layer_mean_unique_coverage[3],0.368408203125
02-partial-fixed-kv,repetitions[0].diagnostics.per_rank[1].per_layer_mean_unique_coverage[4],0.398876953125
02-partial-fixed-kv,repetitions[0].diagnostics.per_rank[1].per_layer_mean_unique_coverage[5],0.4381591796875
02-partial-fixed-kv,repetitions[0].diagnostics.per_rank[1].per_layer_mean_unique_coverage[6],0.482373046875
02-partial-fixed-kv,repetitions[0].diagnostics.per_rank[1].per_layer_mean_unique_coverage[7],0.4752197265625
02-partial-fixed-kv,repetitions[0].diagnostics.per_rank[1].per_layer_mean_unique_coverage[8],0.4088134765625
02-partial-fixed-kv,repetitions[0].diagnostics.per_rank[1].per_layer_mean_unique_coverage[9],0.36845703125
02-partial-fixed-kv,repetitions[0].diagnostics.per_rank[1].per_layer_mean_unique_coverage[10],0.3667236328125
02-partial-fixed-kv,repetitions[0].diagnostics.per_rank[1].per_layer_mean_unique_coverage[11],0.3970703125
02-partial-fixed-kv,repetitions[0].diagnostics.per_rank[1].per_layer_mean_unique_coverage[12],0.33720703125
02-partial-fixed-kv,repetitions[0].diagnostics.per_rank[1].per_layer_mean_unique_coverage[13],0.3611572265625
02-partial-fixed-kv,repetitions[0].diagnostics.per_rank[1].per_layer_mean_unique_coverage[14],0.4005615234375
02-partial-fixed-kv,repetitions[0].diagnostics.per_rank[1].per_layer_mean_unique_coverage[15],0.4337890625
02-partial-fixed-kv,repetitions[0].diagnostics.per_rank[1].per_layer_mean_unique_coverage[16],0.3954833984375
02-partial-fixed-kv,repetitions[0].diagnostics.per_rank[1].per_layer_mean_unique_coverage[17],0.4371337890625
02-partial-fixed-kv,repetitions[0].diagnostics.per_rank[1].per_layer_mean_unique_coverage[18],0.472314453125
02-partial-fixed-kv,repetitions[0].diagnostics.per_rank[1].per_layer_mean_unique_coverage[19],0.475439453125
02-partial-fixed-kv,repetitions[0].diagnostics.per_rank[1].per_layer_mean_unique_coverage[20],0.4005859375
02-partial-fixed-kv,repetitions[0].diagnostics.per_rank[1].per_layer_mean_unique_coverage[21],0.362158203125
02-partial-fixed-kv,repetitions[0].diagnostics.per_rank[1].per_layer_mean_unique_coverage[22],0.3635009765625
02-partial-fixed-kv,repetitions[0].diagnostics.per_rank[1].per_layer_mean_unique_coverage[23],0.394287109375
02-partial-fixed-kv,repetitions[0].diagnostics.per_rank[1].per_layer_mean_unique_coverage[24],0.347607421875
02-partial-fixed-kv,repetitions[0].diagnostics.per_rank[1].per_layer_mean_unique_coverage[25],0.3656005859375
02-partial-fixed-kv,repetitions[0].diagnostics.per_rank[1].per_layer_mean_unique_coverage[26],0.4029296875
02-partial-fixed-kv,repetitions[0].diagnostics.per_rank[1].per_layer_mean_unique_coverage[27],0.442041015625
02-partial-fixed-kv,repetitions[0].diagnostics.per_rank[1].per_layer_mean_unique_coverage[28],0.4052490234375
02-partial-fixed-kv,repetitions[0].diagnostics.per_rank[1].per_layer_mean_unique_coverage[29],0.4480224609375
02-partial-fixed-kv,repetitions[0].diagnostics.per_rank[1].per_layer_mean_unique_coverage[30],0.479052734375
02-partial-fixed-kv,repetitions[0].diagnostics.per_rank[1].per_layer_mean_unique_coverage[31],0.482470703125
02-partial-fixed-kv,repetitions[0].diagnostics.per_rank[1].per_layer_mean_unique_coverage[32],0.42626953125
02-partial-fixed-kv,repetitions[0].diagnostics.per_rank[1].per_layer_mean_unique_coverage[33],0.3955322265625
02-partial-fixed-kv,repetitions[0].diagnostics.per_rank[1].per_layer_mean_unique_coverage[34],0.3849609375
02-partial-fixed-kv,repetitions[0].diagnostics.per_rank[1].per_layer_mean_unique_coverage[35],0.414990234375
02-partial-fixed-kv,repetitions[0].diagnostics.per_rank[1].per_layer_mean_unique_coverage[36],0.37138671875
02-partial-fixed-kv,repetitions[0].diagnostics.per_rank[1].per_layer_mean_unique_coverage[37],0.3827880859375
02-partial-fixed-kv,repetitions[0].diagnostics.per_rank[1].per_layer_mean_unique_coverage[38],0.41083984375
02-partial-fixed-kv,repetitions[0].diagnostics.per_rank[1].per_layer_mean_unique_coverage[39],0.439013671875
02-partial-fixed-kv,repetitions[0].diagnostics.per_rank[1].per_layer_mean_unique_coverage[40],0.4298583984375
02-partial-fixed-kv,repetitions[0].diagnostics.per_rank[1].per_layer_mean_unique_coverage[41],0.4267578125
02-partial-fixed-kv,repetitions[0].diagnostics.per_rank[1].per_layer_mean_unique_coverage[42],0.4185791015625
02-partial-fixed-kv,repetitions[0].diagnostics.per_rank[1].per_layer_mean_unique_coverage[43],0.395263671875
02-partial-fixed-kv,repetitions[0].diagnostics.per_rank[1].per_layer_mean_unique_coverage[44],0.4018310546875
02-partial-fixed-kv,repetitions[0].diagnostics.per_rank[1].per_layer_mean_unique_coverage[45],0.3908935546875
02-partial-fixed-kv,repetitions[0].diagnostics.per_rank[1].per_layer_mean_unique_coverage[46],0.384228515625
02-partial-fixed-kv,repetitions[0].diagnostics.per_rank[1].per_layer_mean_unique_coverage[47],0.41787109375
02-partial-fixed-kv,repetitions[0].diagnostics.per_rank[1].gauge_snapshot.max_unique_per_forward,509
02-partial-fixed-kv,repetitions[0].diagnostics.per_rank[1].gauge_snapshot.mean_unique_coverage,0.3745112716059982
02-partial-fixed-kv,repetitions[0].diagnostics.per_rank[1].gauge_snapshot.per_layer_max_unique_per_forward[0],500
02-partial-fixed-kv,repetitions[0].diagnostics.per_rank[1].gauge_snapshot.per_layer_max_unique_per_forward[1],437
02-partial-fixed-kv,repetitions[0].diagnostics.per_rank[1].gauge_snapshot.per_layer_max_unique_per_forward[2],509
02-partial-fixed-kv,repetitions[0].diagnostics.per_rank[1].gauge_snapshot.per_layer_max_unique_per_forward[3],436
02-partial-fixed-kv,repetitions[0].diagnostics.per_rank[1].gauge_snapshot.per_layer_max_unique_per_forward[4],434
02-partial-fixed-kv,repetitions[0].diagnostics.per_rank[1].gauge_snapshot.per_layer_max_unique_per_forward[5],468
02-partial-fixed-kv,repetitions[0].diagnostics.per_rank[1].gauge_snapshot.per_layer_max_unique_per_forward[6],500
02-partial-fixed-kv,repetitions[0].diagnostics.per_rank[1].gauge_snapshot.per_layer_max_unique_per_forward[7],494
02-partial-fixed-kv,repetitions[0].diagnostics.per_rank[1].gauge_snapshot.per_layer_max_unique_per_forward[8],472
02-partial-fixed-kv,repetitions[0].diagnostics.per_rank[1].gauge_snapshot.per_layer_max_unique_per_forward[9],419
02-partial-fixed-kv,repetitions[0].diagnostics.per_rank[1].gauge_snapshot.per_layer_max_unique_per_forward[10],420
02-partial-fixed-kv,repetitions[0].diagnostics.per_rank[1].gauge_snapshot.per_layer_max_unique_per_forward[11],441
02-partial-fixed-kv,repetitions[0].diagnostics.per_rank[1].gauge_snapshot.per_layer_max_unique_per_forward[12],410
02-partial-fixed-kv,repetitions[0].diagnostics.per_rank[1].gauge_snapshot.per_layer_max_unique_per_forward[13],407
02-partial-fixed-kv,repetitions[0].diagnostics.per_rank[1].gauge_snapshot.per_layer_max_unique_per_forward[14],450
02-partial-fixed-kv,repetitions[0].diagnostics.per_rank[1].gauge_snapshot.per_layer_max_unique_per_forward[15],478
02-partial-fixed-kv,repetitions[0].diagnostics.per_rank[1].gauge_snapshot.per_layer_max_unique_per_forward[16],445
02-partial-fixed-kv,repetitions[0].diagnostics.per_rank[1].gauge_snapshot.per_layer_max_unique_per_forward[17],473
02-partial-fixed-kv,repetitions[0].diagnostics.per_rank[1].gauge_snapshot.per_layer_max_unique_per_forward[18],502
02-partial-fixed-kv,repetitions[0].diagnostics.per_rank[1].gauge_snapshot.per_layer_max_unique_per_forward[19],497
02-partial-fixed-kv,repetitions[0].diagnostics.per_rank[1].gauge_snapshot.per_layer_max_unique_per_forward[20],461
02-partial-fixed-kv,repetitions[0].diagnostics.per_rank[1].gauge_snapshot.per_layer_max_unique_per_forward[21],423
02-partial-fixed-kv,repetitions[0].diagnostics.per_rank[1].gauge_snapshot.per_layer_max_unique_per_forward[22],427
02-partial-fixed-kv,repetitions[0].diagnostics.per_rank[1].gauge_snapshot.per_layer_max_unique_per_forward[23],448
02-partial-fixed-kv,repetitions[0].diagnostics.per_rank[1].gauge_snapshot.per_layer_max_unique_per_forward[24],409
02-partial-fixed-kv,repetitions[0].diagnostics.per_rank[1].gauge_snapshot.per_layer_max_unique_per_forward[25],425
02-partial-fixed-kv,repetitions[0].diagnostics.per_rank[1].gauge_snapshot.per_layer_max_unique_per_forward[26],462
02-partial-fixed-kv,repetitions[0].diagnostics.per_rank[1].gauge_snapshot.per_layer_max_unique_per_forward[27],484
02-partial-fixed-kv,repetitions[0].diagnostics.per_rank[1].gauge_snapshot.per_layer_max_unique_per_forward[28],462
02-partial-fixed-kv,repetitions[0].diagnostics.per_rank[1].gauge_snapshot.per_layer_max_unique_per_forward[29],485
02-partial-fixed-kv,repetitions[0].diagnostics.per_rank[1].gauge_snapshot.per_layer_max_unique_per_forward[30],499
02-partial-fixed-kv,repetitions[0].diagnostics.per_rank[1].gauge_snapshot.per_layer_max_unique_per_forward[31],502
02-partial-fixed-kv,repetitions[0].diagnostics.per_rank[1].gauge_snapshot.per_layer_max_unique_per_forward[32],474
02-partial-fixed-kv,repetitions[0].diagnostics.per_rank[1].gauge_snapshot.per_layer_max_unique_per_forward[33],453
02-partial-fixed-kv,repetitions[0].diagnostics.per_rank[1].gauge_snapshot.per_layer_max_unique_per_forward[34],449
02-partial-fixed-kv,repetitions[0].diagnostics.per_rank[1].gauge_snapshot.per_layer_max_unique_per_forward[35],463
02-partial-fixed-kv,repetitions[0].diagnostics.per_rank[1].gauge_snapshot.per_layer_max_unique_per_forward[36],434
02-partial-fixed-kv,repetitions[0].diagnostics.per_rank[1].gauge_snapshot.per_layer_max_unique_per_forward[37],437
02-partial-fixed-kv,repetitions[0].diagnostics.per_rank[1].gauge_snapshot.per_layer_max_unique_per_forward[38],459
02-partial-fixed-kv,repetitions[0].diagnostics.per_rank[1].gauge_snapshot.per_layer_max_unique_per_forward[39],474
02-partial-fixed-kv,repetitions[0].diagnostics.per_rank[1].gauge_snapshot.per_layer_max_unique_per_forward[40],469
02-partial-fixed-kv,repetitions[0].diagnostics.per_rank[1].gauge_snapshot.per_layer_max_unique_per_forward[41],450
02-partial-fixed-kv,repetitions[0].diagnostics.per_rank[1].gauge_snapshot.per_layer_max_unique_per_forward[42],445
02-partial-fixed-kv,repetitions[0].diagnostics.per_rank[1].gauge_snapshot.per_layer_max_unique_per_forward[43],423
02-partial-fixed-kv,repetitions[0].diagnostics.per_rank[1].gauge_snapshot.per_layer_max_unique_per_forward[44],431
02-partial-fixed-kv,repetitions[0].diagnostics.per_rank[1].gauge_snapshot.per_layer_max_unique_per_forward[45],424
02-partial-fixed-kv,repetitions[0].diagnostics.per_rank[1].gauge_snapshot.per_layer_max_unique_per_forward[46],416
02-partial-fixed-kv,repetitions[0].diagnostics.per_rank[1].gauge_snapshot.per_layer_max_unique_per_forward[47],442
02-partial-fixed-kv,repetitions[0].diagnostics.per_rank[1].policy_snapshot.resident_experts,12288
02-partial-fixed-kv,repetitions[0].diagnostics.per_rank[1].policy_snapshot.cache_slots,256
02-partial-fixed-kv,repetitions[0].diagnostics.per_rank[1].policy_snapshot.cache_entries,256
02-partial-fixed-kv,repetitions[0].diagnostics.per_rank[1].policy_snapshot.cache_hit_ratio,0.04611723457501091
02-partial-fixed-kv,repetitions[0].diagnostics.per_rank[1].kernel_config_records.capacity,64
02-partial-fixed-kv,repetitions[0].diagnostics.per_rank[1].kernel_config_records.unrecorded_selections,0
02-partial-fixed-kv,repetitions[0].diagnostics.per_rank[1].kernel_config_records.records[0].chunk_tokens,8192
02-partial-fixed-kv,repetitions[0].diagnostics.per_rank[1].kernel_config_records.records[0].top_k,10
02-partial-fixed-kv,repetitions[0].diagnostics.per_rank[1].kernel_config_records.records[0].selections,816
02-partial-fixed-kv,repetitions[0].diagnostics.per_rank[1].kernel_config_records.records[0].w13_shape[0],512
02-partial-fixed-kv,repetitions[0].diagnostics.per_rank[1].kernel_config_records.records[0].w13_shape[1],256
02-partial-fixed-kv,repetitions[0].diagnostics.per_rank[1].kernel_config_records.records[0].w13_shape[2],2048
02-partial-fixed-kv,repetitions[0].diagnostics.per_rank[1].kernel_config_records.records[0].w2_shape[0],512
02-partial-fixed-kv,repetitions[0].diagnostics.per_rank[1].kernel_config_records.records[0].w2_shape[1],2048
02-partial-fixed-kv,repetitions[0].diagnostics.per_rank[1].kernel_config_records.records[0].w2_shape[2],128
02-partial-fixed-kv,repetitions[0].diagnostics.per_rank[1].kernel_config_records.records[0].config.BLOCK_SIZE_K,64
02-partial-fixed-kv,repetitions[0].diagnostics.per_rank[1].kernel_config_records.records[0].config.BLOCK_SIZE_M,128
02-partial-fixed-kv,repetitions[0].diagnostics.per_rank[1].kernel_config_records.records[0].config.BLOCK_SIZE_N,128
02-partial-fixed-kv,repetitions[0].diagnostics.per_rank[1].kernel_config_records.records[0].config.GROUP_SIZE_M,64
02-partial-fixed-kv,repetitions[0].diagnostics.per_rank[1].kernel_config_records.records[0].config.num_stages,3
02-partial-fixed-kv,repetitions[0].diagnostics.per_rank[1].kernel_config_records.records[0].config.num_warps,8
02-partial-fixed-kv,repetitions[0].diagnostics.per_rank[1].kernel_config_records.records[1].chunk_tokens,32
02-partial-fixed-kv,repetitions[0].diagnostics.per_rank[1].kernel_config_records.records[1].top_k,10
02-partial-fixed-kv,repetitions[0].diagnostics.per_rank[1].kernel_config_records.records[1].selections,2304
02-partial-fixed-kv,repetitions[0].diagnostics.per_rank[1].kernel_config_records.records[1].w13_shape[0],512
02-partial-fixed-kv,repetitions[0].diagnostics.per_rank[1].kernel_config_records.records[1].w13_shape[1],256
02-partial-fixed-kv,repetitions[0].diagnostics.per_rank[1].kernel_config_records.records[1].w13_shape[2],2048
02-partial-fixed-kv,repetitions[0].diagnostics.per_rank[1].kernel_config_records.records[1].w2_shape[0],512
02-partial-fixed-kv,repetitions[0].diagnostics.per_rank[1].kernel_config_records.records[1].w2_shape[1],2048
02-partial-fixed-kv,repetitions[0].diagnostics.per_rank[1].kernel_config_records.records[1].w2_shape[2],128
02-partial-fixed-kv,repetitions[0].diagnostics.per_rank[1].kernel_config_records.records[1].config.BLOCK_SIZE_K,64
02-partial-fixed-kv,repetitions[0].diagnostics.per_rank[1].kernel_config_records.records[1].config.BLOCK_SIZE_M,16
02-partial-fixed-kv,repetitions[0].diagnostics.per_rank[1].kernel_config_records.records[1].config.BLOCK_SIZE_N,128
02-partial-fixed-kv,repetitions[0].diagnostics.per_rank[1].kernel_config_records.records[1].config.GROUP_SIZE_M,1
02-partial-fixed-kv,repetitions[0].diagnostics.per_rank[1].kernel_config_records.records[1].config.num_stages,3
02-partial-fixed-kv,repetitions[0].diagnostics.per_rank[1].kernel_config_records.records[1].config.num_warps,8
02-partial-fixed-kv,repetitions[0].diagnostics.per_rank[1].kernel_config_records.records[2].chunk_tokens,4096
02-partial-fixed-kv,repetitions[0].diagnostics.per_rank[1].kernel_config_records.records[2].top_k,10
02-partial-fixed-kv,repetitions[0].diagnostics.per_rank[1].kernel_config_records.records[2].selections,96
02-partial-fixed-kv,repetitions[0].diagnostics.per_rank[1].kernel_config_records.records[2].w13_shape[0],512
02-partial-fixed-kv,repetitions[0].diagnostics.per_rank[1].kernel_config_records.records[2].w13_shape[1],256
02-partial-fixed-kv,repetitions[0].diagnostics.per_rank[1].kernel_config_records.records[2].w13_shape[2],2048
02-partial-fixed-kv,repetitions[0].diagnostics.per_rank[1].kernel_config_records.records[2].w2_shape[0],512
02-partial-fixed-kv,repetitions[0].diagnostics.per_rank[1].kernel_config_records.records[2].w2_shape[1],2048
02-partial-fixed-kv,repetitions[0].diagnostics.per_rank[1].kernel_config_records.records[2].w2_shape[2],128
02-partial-fixed-kv,repetitions[0].diagnostics.per_rank[1].kernel_config_records.records[2].config.BLOCK_SIZE_K,64
02-partial-fixed-kv,repetitions[0].diagnostics.per_rank[1].kernel_config_records.records[2].config.BLOCK_SIZE_M,128
02-partial-fixed-kv,repetitions[0].diagnostics.per_rank[1].kernel_config_records.records[2].config.BLOCK_SIZE_N,128
02-partial-fixed-kv,repetitions[0].diagnostics.per_rank[1].kernel_config_records.records[2].config.GROUP_SIZE_M,64
02-partial-fixed-kv,repetitions[0].diagnostics.per_rank[1].kernel_config_records.records[2].config.num_stages,3
02-partial-fixed-kv,repetitions[0].diagnostics.per_rank[1].kernel_config_records.records[2].config.num_warps,8
02-partial-fixed-kv,repetitions[0].diagnostics.per_rank[1].kernel_config_records.records[3].chunk_tokens,1
02-partial-fixed-kv,repetitions[0].diagnostics.per_rank[1].kernel_config_records.records[3].top_k,10
02-partial-fixed-kv,repetitions[0].diagnostics.per_rank[1].kernel_config_records.records[3].selections,336
02-partial-fixed-kv,repetitions[0].diagnostics.per_rank[1].kernel_config_records.records[3].w13_shape[0],512
02-partial-fixed-kv,repetitions[0].diagnostics.per_rank[1].kernel_config_records.records[3].w13_shape[1],256
02-partial-fixed-kv,repetitions[0].diagnostics.per_rank[1].kernel_config_records.records[3].w13_shape[2],2048
02-partial-fixed-kv,repetitions[0].diagnostics.per_rank[1].kernel_config_records.records[3].w2_shape[0],512
02-partial-fixed-kv,repetitions[0].diagnostics.per_rank[1].kernel_config_records.records[3].w2_shape[1],2048
02-partial-fixed-kv,repetitions[0].diagnostics.per_rank[1].kernel_config_records.records[3].w2_shape[2],128
02-partial-fixed-kv,repetitions[0].diagnostics.per_rank[1].kernel_config_records.records[3].config.BLOCK_SIZE_K,64
02-partial-fixed-kv,repetitions[0].diagnostics.per_rank[1].kernel_config_records.records[3].config.BLOCK_SIZE_M,16
02-partial-fixed-kv,repetitions[0].diagnostics.per_rank[1].kernel_config_records.records[3].config.BLOCK_SIZE_N,32
02-partial-fixed-kv,repetitions[0].diagnostics.per_rank[1].kernel_config_records.records[3].config.GROUP_SIZE_M,1
02-partial-fixed-kv,repetitions[0].diagnostics.per_rank[1].kernel_config_records.records[3].config.num_stages,4
02-partial-fixed-kv,repetitions[0].diagnostics.per_rank[1].kernel_config_records.records[3].config.num_warps,4
02-partial-fixed-kv,repetitions[0].diagnostics.per_rank[1].kernel_config_records.records[4].chunk_tokens,4337
02-partial-fixed-kv,repetitions[0].diagnostics.per_rank[1].kernel_config_records.records[4].top_k,10
02-partial-fixed-kv,repetitions[0].diagnostics.per_rank[1].kernel_config_records.records[4].selections,48
02-partial-fixed-kv,repetitions[0].diagnostics.per_rank[1].kernel_config_records.records[4].w13_shape[0],512
02-partial-fixed-kv,repetitions[0].diagnostics.per_rank[1].kernel_config_records.records[4].w13_shape[1],256
02-partial-fixed-kv,repetitions[0].diagnostics.per_rank[1].kernel_config_records.records[4].w13_shape[2],2048
02-partial-fixed-kv,repetitions[0].diagnostics.per_rank[1].kernel_config_records.records[4].w2_shape[0],512
02-partial-fixed-kv,repetitions[0].diagnostics.per_rank[1].kernel_config_records.records[4].w2_shape[1],2048
02-partial-fixed-kv,repetitions[0].diagnostics.per_rank[1].kernel_config_records.records[4].w2_shape[2],128
02-partial-fixed-kv,repetitions[0].diagnostics.per_rank[1].kernel_config_records.records[4].config.BLOCK_SIZE_K,64
02-partial-fixed-kv,repetitions[0].diagnostics.per_rank[1].kernel_config_records.records[4].config.BLOCK_SIZE_M,128
02-partial-fixed-kv,repetitions[0].diagnostics.per_rank[1].kernel_config_records.records[4].config.BLOCK_SIZE_N,128
02-partial-fixed-kv,repetitions[0].diagnostics.per_rank[1].kernel_config_records.records[4].config.GROUP_SIZE_M,64
02-partial-fixed-kv,repetitions[0].diagnostics.per_rank[1].kernel_config_records.records[4].config.num_stages,3
02-partial-fixed-kv,repetitions[0].diagnostics.per_rank[1].kernel_config_records.records[4].config.num_warps,8
02-partial-fixed-kv,repetitions[0].diagnostics.per_rank[1].kernel_config_records.records[5].chunk_tokens,31
02-partial-fixed-kv,repetitions[0].diagnostics.per_rank[1].kernel_config_records.records[5].top_k,10
02-partial-fixed-kv,repetitions[0].diagnostics.per_rank[1].kernel_config_records.records[5].selections,48
02-partial-fixed-kv,repetitions[0].diagnostics.per_rank[1].kernel_config_records.records[5].w13_shape[0],512
02-partial-fixed-kv,repetitions[0].diagnostics.per_rank[1].kernel_config_records.records[5].w13_shape[1],256
02-partial-fixed-kv,repetitions[0].diagnostics.per_rank[1].kernel_config_records.records[5].w13_shape[2],2048
02-partial-fixed-kv,repetitions[0].diagnostics.per_rank[1].kernel_config_records.records[5].w2_shape[0],512
02-partial-fixed-kv,repetitions[0].diagnostics.per_rank[1].kernel_config_records.records[5].w2_shape[1],2048
02-partial-fixed-kv,repetitions[0].diagnostics.per_rank[1].kernel_config_records.records[5].w2_shape[2],128
02-partial-fixed-kv,repetitions[0].diagnostics.per_rank[1].kernel_config_records.records[5].config.BLOCK_SIZE_K,64
02-partial-fixed-kv,repetitions[0].diagnostics.per_rank[1].kernel_config_records.records[5].config.BLOCK_SIZE_M,16
02-partial-fixed-kv,repetitions[0].diagnostics.per_rank[1].kernel_config_records.records[5].config.BLOCK_SIZE_N,128
02-partial-fixed-kv,repetitions[0].diagnostics.per_rank[1].kernel_config_records.records[5].config.GROUP_SIZE_M,1
02-partial-fixed-kv,repetitions[0].diagnostics.per_rank[1].kernel_config_records.records[5].config.num_stages,3
02-partial-fixed-kv,repetitions[0].diagnostics.per_rank[1].kernel_config_records.records[5].config.num_warps,8
02-partial-fixed-kv,repetitions[0].diagnostics.per_rank[1].kernel_config_records.records[6].chunk_tokens,30
02-partial-fixed-kv,repetitions[0].diagnostics.per_rank[1].kernel_config_records.records[6].top_k,10
02-partial-fixed-kv,repetitions[0].diagnostics.per_rank[1].kernel_config_records.records[6].selections,48
02-partial-fixed-kv,repetitions[0].diagnostics.per_rank[1].kernel_config_records.records[6].w13_shape[0],512
02-partial-fixed-kv,repetitions[0].diagnostics.per_rank[1].kernel_config_records.records[6].w13_shape[1],256
02-partial-fixed-kv,repetitions[0].diagnostics.per_rank[1].kernel_config_records.records[6].w13_shape[2],2048
02-partial-fixed-kv,repetitions[0].diagnostics.per_rank[1].kernel_config_records.records[6].w2_shape[0],512
02-partial-fixed-kv,repetitions[0].diagnostics.per_rank[1].kernel_config_records.records[6].w2_shape[1],2048
02-partial-fixed-kv,repetitions[0].diagnostics.per_rank[1].kernel_config_records.records[6].w2_shape[2],128
02-partial-fixed-kv,repetitions[0].diagnostics.per_rank[1].kernel_config_records.records[6].config.BLOCK_SIZE_K,64
02-partial-fixed-kv,repetitions[0].diagnostics.per_rank[1].kernel_config_records.records[6].config.BLOCK_SIZE_M,16
02-partial-fixed-kv,repetitions[0].diagnostics.per_rank[1].kernel_config_records.records[6].config.BLOCK_SIZE_N,128
02-partial-fixed-kv,repetitions[0].diagnostics.per_rank[1].kernel_config_records.records[6].config.GROUP_SIZE_M,1
02-partial-fixed-kv,repetitions[0].diagnostics.per_rank[1].kernel_config_records.records[6].config.num_stages,3
02-partial-fixed-kv,repetitions[0].diagnostics.per_rank[1].kernel_config_records.records[6].config.num_warps,8
02-partial-fixed-kv,repetitions[0].diagnostics.per_rank[1].kernel_config_records.records[7].chunk_tokens,28
02-partial-fixed-kv,repetitions[0].diagnostics.per_rank[1].kernel_config_records.records[7].top_k,10
02-partial-fixed-kv,repetitions[0].diagnostics.per_rank[1].kernel_config_records.records[7].selections,48
02-partial-fixed-kv,repetitions[0].diagnostics.per_rank[1].kernel_config_records.records[7].w13_shape[0],512
02-partial-fixed-kv,repetitions[0].diagnostics.per_rank[1].kernel_config_records.records[7].w13_shape[1],256
02-partial-fixed-kv,repetitions[0].diagnostics.per_rank[1].kernel_config_records.records[7].w13_shape[2],2048
02-partial-fixed-kv,repetitions[0].diagnostics.per_rank[1].kernel_config_records.records[7].w2_shape[0],512
02-partial-fixed-kv,repetitions[0].diagnostics.per_rank[1].kernel_config_records.records[7].w2_shape[1],2048
02-partial-fixed-kv,repetitions[0].diagnostics.per_rank[1].kernel_config_records.records[7].w2_shape[2],128
02-partial-fixed-kv,repetitions[0].diagnostics.per_rank[1].kernel_config_records.records[7].config.BLOCK_SIZE_K,64
02-partial-fixed-kv,repetitions[0].diagnostics.per_rank[1].kernel_config_records.records[7].config.BLOCK_SIZE_M,32
02-partial-fixed-kv,repetitions[0].diagnostics.per_rank[1].kernel_config_records.records[7].config.BLOCK_SIZE_N,128
02-partial-fixed-kv,repetitions[0].diagnostics.per_rank[1].kernel_config_records.records[7].config.GROUP_SIZE_M,1
02-partial-fixed-kv,repetitions[0].diagnostics.per_rank[1].kernel_config_records.records[7].config.num_stages,3
02-partial-fixed-kv,repetitions[0].diagnostics.per_rank[1].kernel_config_records.records[7].config.num_warps,4
02-partial-fixed-kv,repetitions[0].diagnostics.per_rank[1].kernel_config_records.records[8].chunk_tokens,26
02-partial-fixed-kv,repetitions[0].diagnostics.per_rank[1].kernel_config_records.records[8].top_k,10
02-partial-fixed-kv,repetitions[0].diagnostics.per_rank[1].kernel_config_records.records[8].selections,48
02-partial-fixed-kv,repetitions[0].diagnostics.per_rank[1].kernel_config_records.records[8].w13_shape[0],512
02-partial-fixed-kv,repetitions[0].diagnostics.per_rank[1].kernel_config_records.records[8].w13_shape[1],256
02-partial-fixed-kv,repetitions[0].diagnostics.per_rank[1].kernel_config_records.records[8].w13_shape[2],2048
02-partial-fixed-kv,repetitions[0].diagnostics.per_rank[1].kernel_config_records.records[8].w2_shape[0],512
02-partial-fixed-kv,repetitions[0].diagnostics.per_rank[1].kernel_config_records.records[8].w2_shape[1],2048
02-partial-fixed-kv,repetitions[0].diagnostics.per_rank[1].kernel_config_records.records[8].w2_shape[2],128
02-partial-fixed-kv,repetitions[0].diagnostics.per_rank[1].kernel_config_records.records[8].config.BLOCK_SIZE_K,64
02-partial-fixed-kv,repetitions[0].diagnostics.per_rank[1].kernel_config_records.records[8].config.BLOCK_SIZE_M,32
02-partial-fixed-kv,repetitions[0].diagnostics.per_rank[1].kernel_config_records.records[8].config.BLOCK_SIZE_N,128
02-partial-fixed-kv,repetitions[0].diagnostics.per_rank[1].kernel_config_records.records[8].config.GROUP_SIZE_M,1
02-partial-fixed-kv,repetitions[0].diagnostics.per_rank[1].kernel_config_records.records[8].config.num_stages,3
02-partial-fixed-kv,repetitions[0].diagnostics.per_rank[1].kernel_config_records.records[8].config.num_warps,4
02-partial-fixed-kv,repetitions[0].diagnostics.per_rank[1].kernel_config_records.records[9].chunk_tokens,24
02-partial-fixed-kv,repetitions[0].diagnostics.per_rank[1].kernel_config_records.records[9].top_k,10
02-partial-fixed-kv,repetitions[0].diagnostics.per_rank[1].kernel_config_records.records[9].selections,48
02-partial-fixed-kv,repetitions[0].diagnostics.per_rank[1].kernel_config_records.records[9].w13_shape[0],512
02-partial-fixed-kv,repetitions[0].diagnostics.per_rank[1].kernel_config_records.records[9].w13_shape[1],256
02-partial-fixed-kv,repetitions[0].diagnostics.per_rank[1].kernel_config_records.records[9].w13_shape[2],2048
02-partial-fixed-kv,repetitions[0].diagnostics.per_rank[1].kernel_config_records.records[9].w2_shape[0],512
02-partial-fixed-kv,repetitions[0].diagnostics.per_rank[1].kernel_config_records.records[9].w2_shape[1],2048
02-partial-fixed-kv,repetitions[0].diagnostics.per_rank[1].kernel_config_records.records[9].w2_shape[2],128
02-partial-fixed-kv,repetitions[0].diagnostics.per_rank[1].kernel_config_records.records[9].config.BLOCK_SIZE_K,64
02-partial-fixed-kv,repetitions[0].diagnostics.per_rank[1].kernel_config_records.records[9].config.BLOCK_SIZE_M,32
02-partial-fixed-kv,repetitions[0].diagnostics.per_rank[1].kernel_config_records.records[9].config.BLOCK_SIZE_N,128
02-partial-fixed-kv,repetitions[0].diagnostics.per_rank[1].kernel_config_records.records[9].config.GROUP_SIZE_M,1
02-partial-fixed-kv,repetitions[0].diagnostics.per_rank[1].kernel_config_records.records[9].config.num_stages,3
02-partial-fixed-kv,repetitions[0].diagnostics.per_rank[1].kernel_config_records.records[9].config.num_warps,4
02-partial-fixed-kv,repetitions[0].diagnostics.per_rank[1].kernel_config_records.records[10].chunk_tokens,22
02-partial-fixed-kv,repetitions[0].diagnostics.per_rank[1].kernel_config_records.records[10].top_k,10
02-partial-fixed-kv,repetitions[0].diagnostics.per_rank[1].kernel_config_records.records[10].selections,48
02-partial-fixed-kv,repetitions[0].diagnostics.per_rank[1].kernel_config_records.records[10].w13_shape[0],512
02-partial-fixed-kv,repetitions[0].diagnostics.per_rank[1].kernel_config_records.records[10].w13_shape[1],256
02-partial-fixed-kv,repetitions[0].diagnostics.per_rank[1].kernel_config_records.records[10].w13_shape[2],2048
02-partial-fixed-kv,repetitions[0].diagnostics.per_rank[1].kernel_config_records.records[10].w2_shape[0],512
02-partial-fixed-kv,repetitions[0].diagnostics.per_rank[1].kernel_config_records.records[10].w2_shape[1],2048
02-partial-fixed-kv,repetitions[0].diagnostics.per_rank[1].kernel_config_records.records[10].w2_shape[2],128
02-partial-fixed-kv,repetitions[0].diagnostics.per_rank[1].kernel_config_records.records[10].config.BLOCK_SIZE_K,64
02-partial-fixed-kv,repetitions[0].diagnostics.per_rank[1].kernel_config_records.records[10].config.BLOCK_SIZE_M,32
02-partial-fixed-kv,repetitions[0].diagnostics.per_rank[1].kernel_config_records.records[10].config.BLOCK_SIZE_N,128
02-partial-fixed-kv,repetitions[0].diagnostics.per_rank[1].kernel_config_records.records[10].config.GROUP_SIZE_M,1
02-partial-fixed-kv,repetitions[0].diagnostics.per_rank[1].kernel_config_records.records[10].config.num_stages,3
02-partial-fixed-kv,repetitions[0].diagnostics.per_rank[1].kernel_config_records.records[10].config.num_warps,4
02-partial-fixed-kv,repetitions[0].diagnostics.per_rank[1].kernel_config_records.records[11].chunk_tokens,20
02-partial-fixed-kv,repetitions[0].diagnostics.per_rank[1].kernel_config_records.records[11].top_k,10
02-partial-fixed-kv,repetitions[0].diagnostics.per_rank[1].kernel_config_records.records[11].selections,48
02-partial-fixed-kv,repetitions[0].diagnostics.per_rank[1].kernel_config_records.records[11].w13_shape[0],512
02-partial-fixed-kv,repetitions[0].diagnostics.per_rank[1].kernel_config_records.records[11].w13_shape[1],256
02-partial-fixed-kv,repetitions[0].diagnostics.per_rank[1].kernel_config_records.records[11].w13_shape[2],2048
02-partial-fixed-kv,repetitions[0].diagnostics.per_rank[1].kernel_config_records.records[11].w2_shape[0],512
02-partial-fixed-kv,repetitions[0].diagnostics.per_rank[1].kernel_config_records.records[11].w2_shape[1],2048
02-partial-fixed-kv,repetitions[0].diagnostics.per_rank[1].kernel_config_records.records[11].w2_shape[2],128
02-partial-fixed-kv,repetitions[0].diagnostics.per_rank[1].kernel_config_records.records[11].config.BLOCK_SIZE_K,64
02-partial-fixed-kv,repetitions[0].diagnostics.per_rank[1].kernel_config_records.records[11].config.BLOCK_SIZE_M,16
02-partial-fixed-kv,repetitions[0].diagnostics.per_rank[1].kernel_config_records.records[11].config.BLOCK_SIZE_N,128
02-partial-fixed-kv,repetitions[0].diagnostics.per_rank[1].kernel_config_records.records[11].config.GROUP_SIZE_M,1
02-partial-fixed-kv,repetitions[0].diagnostics.per_rank[1].kernel_config_records.records[11].config.num_stages,3
02-partial-fixed-kv,repetitions[0].diagnostics.per_rank[1].kernel_config_records.records[11].config.num_warps,4
02-partial-fixed-kv,repetitions[0].diagnostics.per_rank[1].kernel_config_records.records[12].chunk_tokens,18
02-partial-fixed-kv,repetitions[0].diagnostics.per_rank[1].kernel_config_records.records[12].top_k,10
02-partial-fixed-kv,repetitions[0].diagnostics.per_rank[1].kernel_config_records.records[12].selections,48
02-partial-fixed-kv,repetitions[0].diagnostics.per_rank[1].kernel_config_records.records[12].w13_shape[0],512
02-partial-fixed-kv,repetitions[0].diagnostics.per_rank[1].kernel_config_records.records[12].w13_shape[1],256
02-partial-fixed-kv,repetitions[0].diagnostics.per_rank[1].kernel_config_records.records[12].w13_shape[2],2048
02-partial-fixed-kv,repetitions[0].diagnostics.per_rank[1].kernel_config_records.records[12].w2_shape[0],512
02-partial-fixed-kv,repetitions[0].diagnostics.per_rank[1].kernel_config_records.records[12].w2_shape[1],2048
02-partial-fixed-kv,repetitions[0].diagnostics.per_rank[1].kernel_config_records.records[12].w2_shape[2],128
02-partial-fixed-kv,repetitions[0].diagnostics.per_rank[1].kernel_config_records.records[12].config.BLOCK_SIZE_K,64
02-partial-fixed-kv,repetitions[0].diagnostics.per_rank[1].kernel_config_records.records[12].config.BLOCK_SIZE_M,16
02-partial-fixed-kv,repetitions[0].diagnostics.per_rank[1].kernel_config_records.records[12].config.BLOCK_SIZE_N,128
02-partial-fixed-kv,repetitions[0].diagnostics.per_rank[1].kernel_config_records.records[12].config.GROUP_SIZE_M,1
02-partial-fixed-kv,repetitions[0].diagnostics.per_rank[1].kernel_config_records.records[12].config.num_stages,3
02-partial-fixed-kv,repetitions[0].diagnostics.per_rank[1].kernel_config_records.records[12].config.num_warps,4
02-partial-fixed-kv,repetitions[0].diagnostics.per_rank[1].kernel_config_records.records[13].chunk_tokens,16
02-partial-fixed-kv,repetitions[0].diagnostics.per_rank[1].kernel_config_records.records[13].top_k,10
02-partial-fixed-kv,repetitions[0].diagnostics.per_rank[1].kernel_config_records.records[13].selections,48
02-partial-fixed-kv,repetitions[0].diagnostics.per_rank[1].kernel_config_records.records[13].w13_shape[0],512
02-partial-fixed-kv,repetitions[0].diagnostics.per_rank[1].kernel_config_records.records[13].w13_shape[1],256
02-partial-fixed-kv,repetitions[0].diagnostics.per_rank[1].kernel_config_records.records[13].w13_shape[2],2048
02-partial-fixed-kv,repetitions[0].diagnostics.per_rank[1].kernel_config_records.records[13].w2_shape[0],512
02-partial-fixed-kv,repetitions[0].diagnostics.per_rank[1].kernel_config_records.records[13].w2_shape[1],2048
02-partial-fixed-kv,repetitions[0].diagnostics.per_rank[1].kernel_config_records.records[13].w2_shape[2],128
02-partial-fixed-kv,repetitions[0].diagnostics.per_rank[1].kernel_config_records.records[13].config.BLOCK_SIZE_K,64
02-partial-fixed-kv,repetitions[0].diagnostics.per_rank[1].kernel_config_records.records[13].config.BLOCK_SIZE_M,16
02-partial-fixed-kv,repetitions[0].diagnostics.per_rank[1].kernel_config_records.records[13].config.BLOCK_SIZE_N,128
02-partial-fixed-kv,repetitions[0].diagnostics.per_rank[1].kernel_config_records.records[13].config.GROUP_SIZE_M,1
02-partial-fixed-kv,repetitions[0].diagnostics.per_rank[1].kernel_config_records.records[13].config.num_stages,3
02-partial-fixed-kv,repetitions[0].diagnostics.per_rank[1].kernel_config_records.records[13].config.num_warps,4
02-partial-fixed-kv,repetitions[0].diagnostics.per_rank[1].kernel_config_records.records[14].chunk_tokens,14
02-partial-fixed-kv,repetitions[0].diagnostics.per_rank[1].kernel_config_records.records[14].top_k,10
02-partial-fixed-kv,repetitions[0].diagnostics.per_rank[1].kernel_config_records.records[14].selections,48
02-partial-fixed-kv,repetitions[0].diagnostics.per_rank[1].kernel_config_records.records[14].w13_shape[0],512
02-partial-fixed-kv,repetitions[0].diagnostics.per_rank[1].kernel_config_records.records[14].w13_shape[1],256
02-partial-fixed-kv,repetitions[0].diagnostics.per_rank[1].kernel_config_records.records[14].w13_shape[2],2048
02-partial-fixed-kv,repetitions[0].diagnostics.per_rank[1].kernel_config_records.records[14].w2_shape[0],512
02-partial-fixed-kv,repetitions[0].diagnostics.per_rank[1].kernel_config_records.records[14].w2_shape[1],2048
02-partial-fixed-kv,repetitions[0].diagnostics.per_rank[1].kernel_config_records.records[14].w2_shape[2],128
02-partial-fixed-kv,repetitions[0].diagnostics.per_rank[1].kernel_config_records.records[14].config.BLOCK_SIZE_K,64
02-partial-fixed-kv,repetitions[0].diagnostics.per_rank[1].kernel_config_records.records[14].config.BLOCK_SIZE_M,16
02-partial-fixed-kv,repetitions[0].diagnostics.per_rank[1].kernel_config_records.records[14].config.BLOCK_SIZE_N,128
02-partial-fixed-kv,repetitions[0].diagnostics.per_rank[1].kernel_config_records.records[14].config.GROUP_SIZE_M,1
02-partial-fixed-kv,repetitions[0].diagnostics.per_rank[1].kernel_config_records.records[14].config.num_stages,3
02-partial-fixed-kv,repetitions[0].diagnostics.per_rank[1].kernel_config_records.records[14].config.num_warps,4
02-partial-fixed-kv,repetitions[0].diagnostics.per_rank[1].kernel_config_records.records[15].chunk_tokens,12
02-partial-fixed-kv,repetitions[0].diagnostics.per_rank[1].kernel_config_records.records[15].top_k,10
02-partial-fixed-kv,repetitions[0].diagnostics.per_rank[1].kernel_config_records.records[15].selections,48
02-partial-fixed-kv,repetitions[0].diagnostics.per_rank[1].kernel_config_records.records[15].w13_shape[0],512
02-partial-fixed-kv,repetitions[0].diagnostics.per_rank[1].kernel_config_records.records[15].w13_shape[1],256
02-partial-fixed-kv,repetitions[0].diagnostics.per_rank[1].kernel_config_records.records[15].w13_shape[2],2048
02-partial-fixed-kv,repetitions[0].diagnostics.per_rank[1].kernel_config_records.records[15].w2_shape[0],512
02-partial-fixed-kv,repetitions[0].diagnostics.per_rank[1].kernel_config_records.records[15].w2_shape[1],2048
02-partial-fixed-kv,repetitions[0].diagnostics.per_rank[1].kernel_config_records.records[15].w2_shape[2],128
02-partial-fixed-kv,repetitions[0].diagnostics.per_rank[1].kernel_config_records.records[15].config.BLOCK_SIZE_K,64
02-partial-fixed-kv,repetitions[0].diagnostics.per_rank[1].kernel_config_records.records[15].config.BLOCK_SIZE_M,16
02-partial-fixed-kv,repetitions[0].diagnostics.per_rank[1].kernel_config_records.records[15].config.BLOCK_SIZE_N,128
02-partial-fixed-kv,repetitions[0].diagnostics.per_rank[1].kernel_config_records.records[15].config.GROUP_SIZE_M,1
02-partial-fixed-kv,repetitions[0].diagnostics.per_rank[1].kernel_config_records.records[15].config.num_stages,3
02-partial-fixed-kv,repetitions[0].diagnostics.per_rank[1].kernel_config_records.records[15].config.num_warps,4
02-partial-fixed-kv,repetitions[0].diagnostics.per_rank[1].kernel_config_records.records[16].chunk_tokens,10
02-partial-fixed-kv,repetitions[0].diagnostics.per_rank[1].kernel_config_records.records[16].top_k,10
02-partial-fixed-kv,repetitions[0].diagnostics.per_rank[1].kernel_config_records.records[16].selections,48
02-partial-fixed-kv,repetitions[0].diagnostics.per_rank[1].kernel_config_records.records[16].w13_shape[0],512
02-partial-fixed-kv,repetitions[0].diagnostics.per_rank[1].kernel_config_records.records[16].w13_shape[1],256
02-partial-fixed-kv,repetitions[0].diagnostics.per_rank[1].kernel_config_records.records[16].w13_shape[2],2048
02-partial-fixed-kv,repetitions[0].diagnostics.per_rank[1].kernel_config_records.records[16].w2_shape[0],512
02-partial-fixed-kv,repetitions[0].diagnostics.per_rank[1].kernel_config_records.records[16].w2_shape[1],2048
02-partial-fixed-kv,repetitions[0].diagnostics.per_rank[1].kernel_config_records.records[16].w2_shape[2],128
02-partial-fixed-kv,repetitions[0].diagnostics.per_rank[1].kernel_config_records.records[16].config.BLOCK_SIZE_K,64
02-partial-fixed-kv,repetitions[0].diagnostics.per_rank[1].kernel_config_records.records[16].config.BLOCK_SIZE_M,16
02-partial-fixed-kv,repetitions[0].diagnostics.per_rank[1].kernel_config_records.records[16].config.BLOCK_SIZE_N,128
02-partial-fixed-kv,repetitions[0].diagnostics.per_rank[1].kernel_config_records.records[16].config.GROUP_SIZE_M,1
02-partial-fixed-kv,repetitions[0].diagnostics.per_rank[1].kernel_config_records.records[16].config.num_stages,3
02-partial-fixed-kv,repetitions[0].diagnostics.per_rank[1].kernel_config_records.records[16].config.num_warps,4
02-partial-fixed-kv,repetitions[0].diagnostics.per_rank[1].kernel_config_records.records[17].chunk_tokens,8
02-partial-fixed-kv,repetitions[0].diagnostics.per_rank[1].kernel_config_records.records[17].top_k,10
02-partial-fixed-kv,repetitions[0].diagnostics.per_rank[1].kernel_config_records.records[17].selections,48
02-partial-fixed-kv,repetitions[0].diagnostics.per_rank[1].kernel_config_records.records[17].w13_shape[0],512
02-partial-fixed-kv,repetitions[0].diagnostics.per_rank[1].kernel_config_records.records[17].w13_shape[1],256
02-partial-fixed-kv,repetitions[0].diagnostics.per_rank[1].kernel_config_records.records[17].w13_shape[2],2048
02-partial-fixed-kv,repetitions[0].diagnostics.per_rank[1].kernel_config_records.records[17].w2_shape[0],512
02-partial-fixed-kv,repetitions[0].diagnostics.per_rank[1].kernel_config_records.records[17].w2_shape[1],2048
02-partial-fixed-kv,repetitions[0].diagnostics.per_rank[1].kernel_config_records.records[17].w2_shape[2],128
02-partial-fixed-kv,repetitions[0].diagnostics.per_rank[1].kernel_config_records.records[17].config.BLOCK_SIZE_K,64
02-partial-fixed-kv,repetitions[0].diagnostics.per_rank[1].kernel_config_records.records[17].config.BLOCK_SIZE_M,16
02-partial-fixed-kv,repetitions[0].diagnostics.per_rank[1].kernel_config_records.records[17].config.BLOCK_SIZE_N,128
02-partial-fixed-kv,repetitions[0].diagnostics.per_rank[1].kernel_config_records.records[17].config.GROUP_SIZE_M,1
02-partial-fixed-kv,repetitions[0].diagnostics.per_rank[1].kernel_config_records.records[17].config.num_stages,3
02-partial-fixed-kv,repetitions[0].diagnostics.per_rank[1].kernel_config_records.records[17].config.num_warps,4
02-partial-fixed-kv,repetitions[0].diagnostics.per_rank[1].kernel_config_records.records[18].chunk_tokens,6
02-partial-fixed-kv,repetitions[0].diagnostics.per_rank[1].kernel_config_records.records[18].top_k,10
02-partial-fixed-kv,repetitions[0].diagnostics.per_rank[1].kernel_config_records.records[18].selections,48
02-partial-fixed-kv,repetitions[0].diagnostics.per_rank[1].kernel_config_records.records[18].w13_shape[0],512
02-partial-fixed-kv,repetitions[0].diagnostics.per_rank[1].kernel_config_records.records[18].w13_shape[1],256
02-partial-fixed-kv,repetitions[0].diagnostics.per_rank[1].kernel_config_records.records[18].w13_shape[2],2048
02-partial-fixed-kv,repetitions[0].diagnostics.per_rank[1].kernel_config_records.records[18].w2_shape[0],512
02-partial-fixed-kv,repetitions[0].diagnostics.per_rank[1].kernel_config_records.records[18].w2_shape[1],2048
02-partial-fixed-kv,repetitions[0].diagnostics.per_rank[1].kernel_config_records.records[18].w2_shape[2],128
02-partial-fixed-kv,repetitions[0].diagnostics.per_rank[1].kernel_config_records.records[18].config.BLOCK_SIZE_K,64
02-partial-fixed-kv,repetitions[0].diagnostics.per_rank[1].kernel_config_records.records[18].config.BLOCK_SIZE_M,16
02-partial-fixed-kv,repetitions[0].diagnostics.per_rank[1].kernel_config_records.records[18].config.BLOCK_SIZE_N,128
02-partial-fixed-kv,repetitions[0].diagnostics.per_rank[1].kernel_config_records.records[18].config.GROUP_SIZE_M,1
02-partial-fixed-kv,repetitions[0].diagnostics.per_rank[1].kernel_config_records.records[18].config.num_stages,4
02-partial-fixed-kv,repetitions[0].diagnostics.per_rank[1].kernel_config_records.records[18].config.num_warps,4
02-partial-fixed-kv,repetitions[0].diagnostics.per_rank[1].kernel_config_records.records[19].chunk_tokens,4
02-partial-fixed-kv,repetitions[0].diagnostics.per_rank[1].kernel_config_records.records[19].top_k,10
02-partial-fixed-kv,repetitions[0].diagnostics.per_rank[1].kernel_config_records.records[19].selections,48
02-partial-fixed-kv,repetitions[0].diagnostics.per_rank[1].kernel_config_records.records[19].w13_shape[0],512
02-partial-fixed-kv,repetitions[0].diagnostics.per_rank[1].kernel_config_records.records[19].w13_shape[1],256
02-partial-fixed-kv,repetitions[0].diagnostics.per_rank[1].kernel_config_records.records[19].w13_shape[2],2048
02-partial-fixed-kv,repetitions[0].diagnostics.per_rank[1].kernel_config_records.records[19].w2_shape[0],512
02-partial-fixed-kv,repetitions[0].diagnostics.per_rank[1].kernel_config_records.records[19].w2_shape[1],2048
02-partial-fixed-kv,repetitions[0].diagnostics.per_rank[1].kernel_config_records.records[19].w2_shape[2],128
02-partial-fixed-kv,repetitions[0].diagnostics.per_rank[1].kernel_config_records.records[19].config.BLOCK_SIZE_K,64
02-partial-fixed-kv,repetitions[0].diagnostics.per_rank[1].kernel_config_records.records[19].config.BLOCK_SIZE_M,16
02-partial-fixed-kv,repetitions[0].diagnostics.per_rank[1].kernel_config_records.records[19].config.BLOCK_SIZE_N,128
02-partial-fixed-kv,repetitions[0].diagnostics.per_rank[1].kernel_config_records.records[19].config.GROUP_SIZE_M,1
02-partial-fixed-kv,repetitions[0].diagnostics.per_rank[1].kernel_config_records.records[19].config.num_stages,4
02-partial-fixed-kv,repetitions[0].diagnostics.per_rank[1].kernel_config_records.records[19].config.num_warps,4
02-partial-fixed-kv,repetitions[0].diagnostics.per_rank[1].kernel_config_records.records[20].chunk_tokens,2
02-partial-fixed-kv,repetitions[0].diagnostics.per_rank[1].kernel_config_records.records[20].top_k,10
02-partial-fixed-kv,repetitions[0].diagnostics.per_rank[1].kernel_config_records.records[20].selections,48
02-partial-fixed-kv,repetitions[0].diagnostics.per_rank[1].kernel_config_records.records[20].w13_shape[0],512
02-partial-fixed-kv,repetitions[0].diagnostics.per_rank[1].kernel_config_records.records[20].w13_shape[1],256
02-partial-fixed-kv,repetitions[0].diagnostics.per_rank[1].kernel_config_records.records[20].w13_shape[2],2048
02-partial-fixed-kv,repetitions[0].diagnostics.per_rank[1].kernel_config_records.records[20].w2_shape[0],512
02-partial-fixed-kv,repetitions[0].diagnostics.per_rank[1].kernel_config_records.records[20].w2_shape[1],2048
02-partial-fixed-kv,repetitions[0].diagnostics.per_rank[1].kernel_config_records.records[20].w2_shape[2],128
02-partial-fixed-kv,repetitions[0].diagnostics.per_rank[1].kernel_config_records.records[20].config.BLOCK_SIZE_K,64
02-partial-fixed-kv,repetitions[0].diagnostics.per_rank[1].kernel_config_records.records[20].config.BLOCK_SIZE_M,32
02-partial-fixed-kv,repetitions[0].diagnostics.per_rank[1].kernel_config_records.records[20].config.BLOCK_SIZE_N,64
02-partial-fixed-kv,repetitions[0].diagnostics.per_rank[1].kernel_config_records.records[20].config.GROUP_SIZE_M,1
02-partial-fixed-kv,repetitions[0].diagnostics.per_rank[1].kernel_config_records.records[20].config.num_stages,4
02-partial-fixed-kv,repetitions[0].diagnostics.per_rank[1].kernel_config_records.records[20].config.num_warps,8
02-partial-fixed-kv,repetitions[0].diagnostics.per_rank[2].h2d_bytes,339353272320
02-partial-fixed-kv,repetitions[0].diagnostics.per_rank[2].copy_launches,7660
02-partial-fixed-kv,repetitions[0].diagnostics.per_rank[2].startup_resident_h2d_bytes,0
02-partial-fixed-kv,repetitions[0].diagnostics.per_rank[2].promotion_d2d_bytes,407371776
02-partial-fixed-kv,repetitions[0].diagnostics.per_rank[2].metadata_h2d_bytes,7866392
02-partial-fixed-kv,repetitions[0].diagnostics.per_rank[2].unique_demands,811613
02-partial-fixed-kv,repetitions[0].diagnostics.per_rank[2].resident_hits,585133
02-partial-fixed-kv,repetitions[0].diagnostics.per_rank[2].timing.route_d2h_s,11.001282427459955
02-partial-fixed-kv,repetitions[0].diagnostics.per_rank[2].timing.policy_cpu_s,1.5709920241497457
02-partial-fixed-kv,repetitions[0].diagnostics.per_rank[2].timing.host_reuse_wait_s,0.02558308094739914
02-partial-fixed-kv,repetitions[0].diagnostics.per_rank[2].timing.host_gather_s,73.67714391089976
02-partial-fixed-kv,repetitions[0].diagnostics.per_rank[2].timing.h2d_enqueue_s,0.3794814180582762
02-partial-fixed-kv,repetitions[0].diagnostics.per_rank[2].timing.compute_enqueue_s,2.4611232820898294
02-partial-fixed-kv,repetitions[0].diagnostics.per_rank[2].timing.cuda_sample_count,124
02-partial-fixed-kv,repetitions[0].diagnostics.per_rank[2].timing.load_cuda_s,0.20642249701917162
02-partial-fixed-kv,repetitions[0].diagnostics.per_rank[2].timing.compute_cuda_s,0.03789123209565878
02-partial-fixed-kv,repetitions[0].diagnostics.per_rank[2].timing.promotion_cuda_s,0.0005939520080573859
02-partial-fixed-kv,repetitions[0].diagnostics.per_rank[2].policy.observations,3840
02-partial-fixed-kv,repetitions[0].diagnostics.per_rank[2].policy.unique_demands,811613
02-partial-fixed-kv,repetitions[0].diagnostics.per_rank[2].policy.completed_forwards,80
02-partial-fixed-kv,repetitions[0].diagnostics.per_rank[2].policy.decay_events,1
02-partial-fixed-kv,repetitions[0].diagnostics.per_rank[2].policy.cache_hits,10725
02-partial-fixed-kv,repetitions[0].diagnostics.per_rank[2].policy.cache_misses,215755
02-partial-fixed-kv,repetitions[0].diagnostics.per_rank[2].policy.admissions,259
02-partial-fixed-kv,repetitions[0].diagnostics.per_rank[2].policy.evictions,259
02-partial-fixed-kv,repetitions[0].diagnostics.per_rank[2].policy.cache_bypasses,215496
02-partial-fixed-kv,repetitions[0].diagnostics.per_rank[2].policy.reconfigurations,0
02-partial-fixed-kv,repetitions[0].diagnostics.per_rank[2].policy.cache_hit_ratio,0.04735517484987637
02-partial-fixed-kv,repetitions[0].diagnostics.per_rank[2].rank,2
02-partial-fixed-kv,repetitions[0].diagnostics.per_rank[2].forward_counts[0],80
02-partial-fixed-kv,repetitions[0].diagnostics.per_rank[2].forward_counts[1],80
02-partial-fixed-kv,repetitions[0].diagnostics.per_rank[2].forward_counts[2],80
02-partial-fixed-kv,repetitions[0].diagnostics.per_rank[2].forward_counts[3],80
02-partial-fixed-kv,repetitions[0].diagnostics.per_rank[2].forward_counts[4],80
02-partial-fixed-kv,repetitions[0].diagnostics.per_rank[2].forward_counts[5],80
02-partial-fixed-kv,repetitions[0].diagnostics.per_rank[2].forward_counts[6],80
02-partial-fixed-kv,repetitions[0].diagnostics.per_rank[2].forward_counts[7],80
02-partial-fixed-kv,repetitions[0].diagnostics.per_rank[2].forward_counts[8],80
02-partial-fixed-kv,repetitions[0].diagnostics.per_rank[2].forward_counts[9],80
02-partial-fixed-kv,repetitions[0].diagnostics.per_rank[2].forward_counts[10],80
02-partial-fixed-kv,repetitions[0].diagnostics.per_rank[2].forward_counts[11],80
02-partial-fixed-kv,repetitions[0].diagnostics.per_rank[2].forward_counts[12],80
02-partial-fixed-kv,repetitions[0].diagnostics.per_rank[2].forward_counts[13],80
02-partial-fixed-kv,repetitions[0].diagnostics.per_rank[2].forward_counts[14],80
02-partial-fixed-kv,repetitions[0].diagnostics.per_rank[2].forward_counts[15],80
02-partial-fixed-kv,repetitions[0].diagnostics.per_rank[2].forward_counts[16],80
02-partial-fixed-kv,repetitions[0].diagnostics.per_rank[2].forward_counts[17],80
02-partial-fixed-kv,repetitions[0].diagnostics.per_rank[2].forward_counts[18],80
02-partial-fixed-kv,repetitions[0].diagnostics.per_rank[2].forward_counts[19],80
02-partial-fixed-kv,repetitions[0].diagnostics.per_rank[2].forward_counts[20],80
02-partial-fixed-kv,repetitions[0].diagnostics.per_rank[2].forward_counts[21],80
02-partial-fixed-kv,repetitions[0].diagnostics.per_rank[2].forward_counts[22],80
02-partial-fixed-kv,repetitions[0].diagnostics.per_rank[2].forward_counts[23],80
02-partial-fixed-kv,repetitions[0].diagnostics.per_rank[2].forward_counts[24],80
02-partial-fixed-kv,repetitions[0].diagnostics.per_rank[2].forward_counts[25],80
02-partial-fixed-kv,repetitions[0].diagnostics.per_rank[2].forward_counts[26],80
02-partial-fixed-kv,repetitions[0].diagnostics.per_rank[2].forward_counts[27],80
02-partial-fixed-kv,repetitions[0].diagnostics.per_rank[2].forward_counts[28],80
02-partial-fixed-kv,repetitions[0].diagnostics.per_rank[2].forward_counts[29],80
02-partial-fixed-kv,repetitions[0].diagnostics.per_rank[2].forward_counts[30],80
02-partial-fixed-kv,repetitions[0].diagnostics.per_rank[2].forward_counts[31],80
02-partial-fixed-kv,repetitions[0].diagnostics.per_rank[2].forward_counts[32],80
02-partial-fixed-kv,repetitions[0].diagnostics.per_rank[2].forward_counts[33],80
02-partial-fixed-kv,repetitions[0].diagnostics.per_rank[2].forward_counts[34],80
02-partial-fixed-kv,repetitions[0].diagnostics.per_rank[2].forward_counts[35],80
02-partial-fixed-kv,repetitions[0].diagnostics.per_rank[2].forward_counts[36],80
02-partial-fixed-kv,repetitions[0].diagnostics.per_rank[2].forward_counts[37],80
02-partial-fixed-kv,repetitions[0].diagnostics.per_rank[2].forward_counts[38],80
02-partial-fixed-kv,repetitions[0].diagnostics.per_rank[2].forward_counts[39],80
02-partial-fixed-kv,repetitions[0].diagnostics.per_rank[2].forward_counts[40],80
02-partial-fixed-kv,repetitions[0].diagnostics.per_rank[2].forward_counts[41],80
02-partial-fixed-kv,repetitions[0].diagnostics.per_rank[2].forward_counts[42],80
02-partial-fixed-kv,repetitions[0].diagnostics.per_rank[2].forward_counts[43],80
02-partial-fixed-kv,repetitions[0].diagnostics.per_rank[2].forward_counts[44],80
02-partial-fixed-kv,repetitions[0].diagnostics.per_rank[2].forward_counts[45],80
02-partial-fixed-kv,repetitions[0].diagnostics.per_rank[2].forward_counts[46],80
02-partial-fixed-kv,repetitions[0].diagnostics.per_rank[2].forward_counts[47],80
02-partial-fixed-kv,repetitions[0].diagnostics.per_rank[2].per_layer_unique_demands[0],20542
02-partial-fixed-kv,repetitions[0].diagnostics.per_rank[2].per_layer_unique_demands[1],16405
02-partial-fixed-kv,repetitions[0].diagnostics.per_rank[2].per_layer_unique_demands[2],20930
02-partial-fixed-kv,repetitions[0].diagnostics.per_rank[2].per_layer_unique_demands[3],15090
02-partial-fixed-kv,repetitions[0].diagnostics.per_rank[2].per_layer_unique_demands[4],16338
02-partial-fixed-kv,repetitions[0].diagnostics.per_rank[2].per_layer_unique_demands[5],17947
02-partial-fixed-kv,repetitions[0].diagnostics.per_rank[2].per_layer_unique_demands[6],19758
02-partial-fixed-kv,repetitions[0].diagnostics.per_rank[2].per_layer_unique_demands[7],19465
02-partial-fixed-kv,repetitions[0].diagnostics.per_rank[2].per_layer_unique_demands[8],16745
02-partial-fixed-kv,repetitions[0].diagnostics.per_rank[2].per_layer_unique_demands[9],15092
02-partial-fixed-kv,repetitions[0].diagnostics.per_rank[2].per_layer_unique_demands[10],15021
02-partial-fixed-kv,repetitions[0].diagnostics.per_rank[2].per_layer_unique_demands[11],16264
02-partial-fixed-kv,repetitions[0].diagnostics.per_rank[2].per_layer_unique_demands[12],13812
02-partial-fixed-kv,repetitions[0].diagnostics.per_rank[2].per_layer_unique_demands[13],14793
02-partial-fixed-kv,repetitions[0].diagnostics.per_rank[2].per_layer_unique_demands[14],16407
02-partial-fixed-kv,repetitions[0].diagnostics.per_rank[2].per_layer_unique_demands[15],17768
02-partial-fixed-kv,repetitions[0].diagnostics.per_rank[2].per_layer_unique_demands[16],16199
02-partial-fixed-kv,repetitions[0].diagnostics.per_rank[2].per_layer_unique_demands[17],17905
02-partial-fixed-kv,repetitions[0].diagnostics.per_rank[2].per_layer_unique_demands[18],19346
02-partial-fixed-kv,repetitions[0].diagnostics.per_rank[2].per_layer_unique_demands[19],19474
02-partial-fixed-kv,repetitions[0].diagnostics.per_rank[2].per_layer_unique_demands[20],16408
02-partial-fixed-kv,repetitions[0].diagnostics.per_rank[2].per_layer_unique_demands[21],14834
02-partial-fixed-kv,repetitions[0].diagnostics.per_rank[2].per_layer_unique_demands[22],14889
02-partial-fixed-kv,repetitions[0].diagnostics.per_rank[2].per_layer_unique_demands[23],16150
02-partial-fixed-kv,repetitions[0].diagnostics.per_rank[2].per_layer_unique_demands[24],14238
02-partial-fixed-kv,repetitions[0].diagnostics.per_rank[2].per_layer_unique_demands[25],14975
02-partial-fixed-kv,repetitions[0].diagnostics.per_rank[2].per_layer_unique_demands[26],16504
02-partial-fixed-kv,repetitions[0].diagnostics.per_rank[2].per_layer_unique_demands[27],18106
02-partial-fixed-kv,repetitions[0].diagnostics.per_rank[2].per_layer_unique_demands[28],16599
02-partial-fixed-kv,repetitions[0].diagnostics.per_rank[2].per_layer_unique_demands[29],18351
02-partial-fixed-kv,repetitions[0].diagnostics.per_rank[2].per_layer_unique_demands[30],19622
02-partial-fixed-kv,repetitions[0].diagnostics.per_rank[2].per_layer_unique_demands[31],19762
02-partial-fixed-kv,repetitions[0].diagnostics.per_rank[2].per_layer_unique_demands[32],17460
02-partial-fixed-kv,repetitions[0].diagnostics.per_rank[2].per_layer_unique_demands[33],16201
02-partial-fixed-kv,repetitions[0].diagnostics.per_rank[2].per_layer_unique_demands[34],15768
02-partial-fixed-kv,repetitions[0].diagnostics.per_rank[2].per_layer_unique_demands[35],16998
02-partial-fixed-kv,repetitions[0].diagnostics.per_rank[2].per_layer_unique_demands[36],15212
02-partial-fixed-kv,repetitions[0].diagnostics.per_rank[2].per_layer_unique_demands[37],15679
02-partial-fixed-kv,repetitions[0].diagnostics.per_rank[2].per_layer_unique_demands[38],16828
02-partial-fixed-kv,repetitions[0].diagnostics.per_rank[2].per_layer_unique_demands[39],17982
02-partial-fixed-kv,repetitions[0].diagnostics.per_rank[2].per_layer_unique_demands[40],17607
02-partial-fixed-kv,repetitions[0].diagnostics.per_rank[2].per_layer_unique_demands[41],17480
02-partial-fixed-kv,repetitions[0].diagnostics.per_rank[2].per_layer_unique_demands[42],17145
02-partial-fixed-kv,repetitions[0].diagnostics.per_rank[2].per_layer_unique_demands[43],16190
02-partial-fixed-kv,repetitions[0].diagnostics.per_rank[2].per_layer_unique_demands[44],16459
02-partial-fixed-kv,repetitions[0].diagnostics.per_rank[2].per_layer_unique_demands[45],16011
02-partial-fixed-kv,repetitions[0].diagnostics.per_rank[2].per_layer_unique_demands[46],15738
02-partial-fixed-kv,repetitions[0].diagnostics.per_rank[2].per_layer_unique_demands[47],17116
02-partial-fixed-kv,repetitions[0].diagnostics.per_rank[2].per_layer_mean_unique_coverage[0],0.501513671875
02-partial-fixed-kv,repetitions[0].diagnostics.per_rank[2].per_layer_mean_unique_coverage[1],0.4005126953125
02-partial-fixed-kv,repetitions[0].diagnostics.per_rank[2].per_layer_mean_unique_coverage[2],0.510986328125
02-partial-fixed-kv,repetitions[0].diagnostics.per_rank[2].per_layer_mean_unique_coverage[3],0.368408203125
02-partial-fixed-kv,repetitions[0].diagnostics.per_rank[2].per_layer_mean_unique_coverage[4],0.398876953125
02-partial-fixed-kv,repetitions[0].diagnostics.per_rank[2].per_layer_mean_unique_coverage[5],0.4381591796875
02-partial-fixed-kv,repetitions[0].diagnostics.per_rank[2].per_layer_mean_unique_coverage[6],0.482373046875
02-partial-fixed-kv,repetitions[0].diagnostics.per_rank[2].per_layer_mean_unique_coverage[7],0.4752197265625
02-partial-fixed-kv,repetitions[0].diagnostics.per_rank[2].per_layer_mean_unique_coverage[8],0.4088134765625
02-partial-fixed-kv,repetitions[0].diagnostics.per_rank[2].per_layer_mean_unique_coverage[9],0.36845703125
02-partial-fixed-kv,repetitions[0].diagnostics.per_rank[2].per_layer_mean_unique_coverage[10],0.3667236328125
02-partial-fixed-kv,repetitions[0].diagnostics.per_rank[2].per_layer_mean_unique_coverage[11],0.3970703125
02-partial-fixed-kv,repetitions[0].diagnostics.per_rank[2].per_layer_mean_unique_coverage[12],0.33720703125
02-partial-fixed-kv,repetitions[0].diagnostics.per_rank[2].per_layer_mean_unique_coverage[13],0.3611572265625
02-partial-fixed-kv,repetitions[0].diagnostics.per_rank[2].per_layer_mean_unique_coverage[14],0.4005615234375
02-partial-fixed-kv,repetitions[0].diagnostics.per_rank[2].per_layer_mean_unique_coverage[15],0.4337890625
02-partial-fixed-kv,repetitions[0].diagnostics.per_rank[2].per_layer_mean_unique_coverage[16],0.3954833984375
02-partial-fixed-kv,repetitions[0].diagnostics.per_rank[2].per_layer_mean_unique_coverage[17],0.4371337890625
02-partial-fixed-kv,repetitions[0].diagnostics.per_rank[2].per_layer_mean_unique_coverage[18],0.472314453125
02-partial-fixed-kv,repetitions[0].diagnostics.per_rank[2].per_layer_mean_unique_coverage[19],0.475439453125
02-partial-fixed-kv,repetitions[0].diagnostics.per_rank[2].per_layer_mean_unique_coverage[20],0.4005859375
02-partial-fixed-kv,repetitions[0].diagnostics.per_rank[2].per_layer_mean_unique_coverage[21],0.362158203125
02-partial-fixed-kv,repetitions[0].diagnostics.per_rank[2].per_layer_mean_unique_coverage[22],0.3635009765625
02-partial-fixed-kv,repetitions[0].diagnostics.per_rank[2].per_layer_mean_unique_coverage[23],0.394287109375
02-partial-fixed-kv,repetitions[0].diagnostics.per_rank[2].per_layer_mean_unique_coverage[24],0.347607421875
02-partial-fixed-kv,repetitions[0].diagnostics.per_rank[2].per_layer_mean_unique_coverage[25],0.3656005859375
02-partial-fixed-kv,repetitions[0].diagnostics.per_rank[2].per_layer_mean_unique_coverage[26],0.4029296875
02-partial-fixed-kv,repetitions[0].diagnostics.per_rank[2].per_layer_mean_unique_coverage[27],0.442041015625
02-partial-fixed-kv,repetitions[0].diagnostics.per_rank[2].per_layer_mean_unique_coverage[28],0.4052490234375
02-partial-fixed-kv,repetitions[0].diagnostics.per_rank[2].per_layer_mean_unique_coverage[29],0.4480224609375
02-partial-fixed-kv,repetitions[0].diagnostics.per_rank[2].per_layer_mean_unique_coverage[30],0.479052734375
02-partial-fixed-kv,repetitions[0].diagnostics.per_rank[2].per_layer_mean_unique_coverage[31],0.482470703125
02-partial-fixed-kv,repetitions[0].diagnostics.per_rank[2].per_layer_mean_unique_coverage[32],0.42626953125
02-partial-fixed-kv,repetitions[0].diagnostics.per_rank[2].per_layer_mean_unique_coverage[33],0.3955322265625
02-partial-fixed-kv,repetitions[0].diagnostics.per_rank[2].per_layer_mean_unique_coverage[34],0.3849609375
02-partial-fixed-kv,repetitions[0].diagnostics.per_rank[2].per_layer_mean_unique_coverage[35],0.414990234375
02-partial-fixed-kv,repetitions[0].diagnostics.per_rank[2].per_layer_mean_unique_coverage[36],0.37138671875
02-partial-fixed-kv,repetitions[0].diagnostics.per_rank[2].per_layer_mean_unique_coverage[37],0.3827880859375
02-partial-fixed-kv,repetitions[0].diagnostics.per_rank[2].per_layer_mean_unique_coverage[38],0.41083984375
02-partial-fixed-kv,repetitions[0].diagnostics.per_rank[2].per_layer_mean_unique_coverage[39],0.439013671875
02-partial-fixed-kv,repetitions[0].diagnostics.per_rank[2].per_layer_mean_unique_coverage[40],0.4298583984375
02-partial-fixed-kv,repetitions[0].diagnostics.per_rank[2].per_layer_mean_unique_coverage[41],0.4267578125
02-partial-fixed-kv,repetitions[0].diagnostics.per_rank[2].per_layer_mean_unique_coverage[42],0.4185791015625
02-partial-fixed-kv,repetitions[0].diagnostics.per_rank[2].per_layer_mean_unique_coverage[43],0.395263671875
02-partial-fixed-kv,repetitions[0].diagnostics.per_rank[2].per_layer_mean_unique_coverage[44],0.4018310546875
02-partial-fixed-kv,repetitions[0].diagnostics.per_rank[2].per_layer_mean_unique_coverage[45],0.3908935546875
02-partial-fixed-kv,repetitions[0].diagnostics.per_rank[2].per_layer_mean_unique_coverage[46],0.384228515625
02-partial-fixed-kv,repetitions[0].diagnostics.per_rank[2].per_layer_mean_unique_coverage[47],0.41787109375
02-partial-fixed-kv,repetitions[0].diagnostics.per_rank[2].gauge_snapshot.max_unique_per_forward,509
02-partial-fixed-kv,repetitions[0].diagnostics.per_rank[2].gauge_snapshot.mean_unique_coverage,0.3745112716059982
02-partial-fixed-kv,repetitions[0].diagnostics.per_rank[2].gauge_snapshot.per_layer_max_unique_per_forward[0],500
02-partial-fixed-kv,repetitions[0].diagnostics.per_rank[2].gauge_snapshot.per_layer_max_unique_per_forward[1],437
02-partial-fixed-kv,repetitions[0].diagnostics.per_rank[2].gauge_snapshot.per_layer_max_unique_per_forward[2],509
02-partial-fixed-kv,repetitions[0].diagnostics.per_rank[2].gauge_snapshot.per_layer_max_unique_per_forward[3],436
02-partial-fixed-kv,repetitions[0].diagnostics.per_rank[2].gauge_snapshot.per_layer_max_unique_per_forward[4],434
02-partial-fixed-kv,repetitions[0].diagnostics.per_rank[2].gauge_snapshot.per_layer_max_unique_per_forward[5],468
02-partial-fixed-kv,repetitions[0].diagnostics.per_rank[2].gauge_snapshot.per_layer_max_unique_per_forward[6],500
02-partial-fixed-kv,repetitions[0].diagnostics.per_rank[2].gauge_snapshot.per_layer_max_unique_per_forward[7],494
02-partial-fixed-kv,repetitions[0].diagnostics.per_rank[2].gauge_snapshot.per_layer_max_unique_per_forward[8],472
02-partial-fixed-kv,repetitions[0].diagnostics.per_rank[2].gauge_snapshot.per_layer_max_unique_per_forward[9],419
02-partial-fixed-kv,repetitions[0].diagnostics.per_rank[2].gauge_snapshot.per_layer_max_unique_per_forward[10],420
02-partial-fixed-kv,repetitions[0].diagnostics.per_rank[2].gauge_snapshot.per_layer_max_unique_per_forward[11],441
02-partial-fixed-kv,repetitions[0].diagnostics.per_rank[2].gauge_snapshot.per_layer_max_unique_per_forward[12],410
02-partial-fixed-kv,repetitions[0].diagnostics.per_rank[2].gauge_snapshot.per_layer_max_unique_per_forward[13],407
02-partial-fixed-kv,repetitions[0].diagnostics.per_rank[2].gauge_snapshot.per_layer_max_unique_per_forward[14],450
02-partial-fixed-kv,repetitions[0].diagnostics.per_rank[2].gauge_snapshot.per_layer_max_unique_per_forward[15],478
02-partial-fixed-kv,repetitions[0].diagnostics.per_rank[2].gauge_snapshot.per_layer_max_unique_per_forward[16],445
02-partial-fixed-kv,repetitions[0].diagnostics.per_rank[2].gauge_snapshot.per_layer_max_unique_per_forward[17],473
02-partial-fixed-kv,repetitions[0].diagnostics.per_rank[2].gauge_snapshot.per_layer_max_unique_per_forward[18],502
02-partial-fixed-kv,repetitions[0].diagnostics.per_rank[2].gauge_snapshot.per_layer_max_unique_per_forward[19],497
02-partial-fixed-kv,repetitions[0].diagnostics.per_rank[2].gauge_snapshot.per_layer_max_unique_per_forward[20],461
02-partial-fixed-kv,repetitions[0].diagnostics.per_rank[2].gauge_snapshot.per_layer_max_unique_per_forward[21],423
02-partial-fixed-kv,repetitions[0].diagnostics.per_rank[2].gauge_snapshot.per_layer_max_unique_per_forward[22],427
02-partial-fixed-kv,repetitions[0].diagnostics.per_rank[2].gauge_snapshot.per_layer_max_unique_per_forward[23],448
02-partial-fixed-kv,repetitions[0].diagnostics.per_rank[2].gauge_snapshot.per_layer_max_unique_per_forward[24],409
02-partial-fixed-kv,repetitions[0].diagnostics.per_rank[2].gauge_snapshot.per_layer_max_unique_per_forward[25],425
02-partial-fixed-kv,repetitions[0].diagnostics.per_rank[2].gauge_snapshot.per_layer_max_unique_per_forward[26],462
02-partial-fixed-kv,repetitions[0].diagnostics.per_rank[2].gauge_snapshot.per_layer_max_unique_per_forward[27],484
02-partial-fixed-kv,repetitions[0].diagnostics.per_rank[2].gauge_snapshot.per_layer_max_unique_per_forward[28],462
02-partial-fixed-kv,repetitions[0].diagnostics.per_rank[2].gauge_snapshot.per_layer_max_unique_per_forward[29],485
02-partial-fixed-kv,repetitions[0].diagnostics.per_rank[2].gauge_snapshot.per_layer_max_unique_per_forward[30],499
02-partial-fixed-kv,repetitions[0].diagnostics.per_rank[2].gauge_snapshot.per_layer_max_unique_per_forward[31],502
02-partial-fixed-kv,repetitions[0].diagnostics.per_rank[2].gauge_snapshot.per_layer_max_unique_per_forward[32],474
02-partial-fixed-kv,repetitions[0].diagnostics.per_rank[2].gauge_snapshot.per_layer_max_unique_per_forward[33],453
02-partial-fixed-kv,repetitions[0].diagnostics.per_rank[2].gauge_snapshot.per_layer_max_unique_per_forward[34],449
02-partial-fixed-kv,repetitions[0].diagnostics.per_rank[2].gauge_snapshot.per_layer_max_unique_per_forward[35],463
02-partial-fixed-kv,repetitions[0].diagnostics.per_rank[2].gauge_snapshot.per_layer_max_unique_per_forward[36],434
02-partial-fixed-kv,repetitions[0].diagnostics.per_rank[2].gauge_snapshot.per_layer_max_unique_per_forward[37],437
02-partial-fixed-kv,repetitions[0].diagnostics.per_rank[2].gauge_snapshot.per_layer_max_unique_per_forward[38],459
02-partial-fixed-kv,repetitions[0].diagnostics.per_rank[2].gauge_snapshot.per_layer_max_unique_per_forward[39],474
02-partial-fixed-kv,repetitions[0].diagnostics.per_rank[2].gauge_snapshot.per_layer_max_unique_per_forward[40],469
02-partial-fixed-kv,repetitions[0].diagnostics.per_rank[2].gauge_snapshot.per_layer_max_unique_per_forward[41],450
02-partial-fixed-kv,repetitions[0].diagnostics.per_rank[2].gauge_snapshot.per_layer_max_unique_per_forward[42],445
02-partial-fixed-kv,repetitions[0].diagnostics.per_rank[2].gauge_snapshot.per_layer_max_unique_per_forward[43],423
02-partial-fixed-kv,repetitions[0].diagnostics.per_rank[2].gauge_snapshot.per_layer_max_unique_per_forward[44],431
02-partial-fixed-kv,repetitions[0].diagnostics.per_rank[2].gauge_snapshot.per_layer_max_unique_per_forward[45],424
02-partial-fixed-kv,repetitions[0].diagnostics.per_rank[2].gauge_snapshot.per_layer_max_unique_per_forward[46],416
02-partial-fixed-kv,repetitions[0].diagnostics.per_rank[2].gauge_snapshot.per_layer_max_unique_per_forward[47],442
02-partial-fixed-kv,repetitions[0].diagnostics.per_rank[2].policy_snapshot.resident_experts,12288
02-partial-fixed-kv,repetitions[0].diagnostics.per_rank[2].policy_snapshot.cache_slots,256
02-partial-fixed-kv,repetitions[0].diagnostics.per_rank[2].policy_snapshot.cache_entries,256
02-partial-fixed-kv,repetitions[0].diagnostics.per_rank[2].policy_snapshot.cache_hit_ratio,0.04611723457501091
02-partial-fixed-kv,repetitions[0].diagnostics.per_rank[2].kernel_config_records.capacity,64
02-partial-fixed-kv,repetitions[0].diagnostics.per_rank[2].kernel_config_records.unrecorded_selections,0
02-partial-fixed-kv,repetitions[0].diagnostics.per_rank[2].kernel_config_records.records[0].chunk_tokens,8192
02-partial-fixed-kv,repetitions[0].diagnostics.per_rank[2].kernel_config_records.records[0].top_k,10
02-partial-fixed-kv,repetitions[0].diagnostics.per_rank[2].kernel_config_records.records[0].selections,816
02-partial-fixed-kv,repetitions[0].diagnostics.per_rank[2].kernel_config_records.records[0].w13_shape[0],512
02-partial-fixed-kv,repetitions[0].diagnostics.per_rank[2].kernel_config_records.records[0].w13_shape[1],256
02-partial-fixed-kv,repetitions[0].diagnostics.per_rank[2].kernel_config_records.records[0].w13_shape[2],2048
02-partial-fixed-kv,repetitions[0].diagnostics.per_rank[2].kernel_config_records.records[0].w2_shape[0],512
02-partial-fixed-kv,repetitions[0].diagnostics.per_rank[2].kernel_config_records.records[0].w2_shape[1],2048
02-partial-fixed-kv,repetitions[0].diagnostics.per_rank[2].kernel_config_records.records[0].w2_shape[2],128
02-partial-fixed-kv,repetitions[0].diagnostics.per_rank[2].kernel_config_records.records[0].config.BLOCK_SIZE_K,64
02-partial-fixed-kv,repetitions[0].diagnostics.per_rank[2].kernel_config_records.records[0].config.BLOCK_SIZE_M,128
02-partial-fixed-kv,repetitions[0].diagnostics.per_rank[2].kernel_config_records.records[0].config.BLOCK_SIZE_N,128
02-partial-fixed-kv,repetitions[0].diagnostics.per_rank[2].kernel_config_records.records[0].config.GROUP_SIZE_M,64
02-partial-fixed-kv,repetitions[0].diagnostics.per_rank[2].kernel_config_records.records[0].config.num_stages,3
02-partial-fixed-kv,repetitions[0].diagnostics.per_rank[2].kernel_config_records.records[0].config.num_warps,8
02-partial-fixed-kv,repetitions[0].diagnostics.per_rank[2].kernel_config_records.records[1].chunk_tokens,32
02-partial-fixed-kv,repetitions[0].diagnostics.per_rank[2].kernel_config_records.records[1].top_k,10
02-partial-fixed-kv,repetitions[0].diagnostics.per_rank[2].kernel_config_records.records[1].selections,2304
02-partial-fixed-kv,repetitions[0].diagnostics.per_rank[2].kernel_config_records.records[1].w13_shape[0],512
02-partial-fixed-kv,repetitions[0].diagnostics.per_rank[2].kernel_config_records.records[1].w13_shape[1],256
02-partial-fixed-kv,repetitions[0].diagnostics.per_rank[2].kernel_config_records.records[1].w13_shape[2],2048
02-partial-fixed-kv,repetitions[0].diagnostics.per_rank[2].kernel_config_records.records[1].w2_shape[0],512
02-partial-fixed-kv,repetitions[0].diagnostics.per_rank[2].kernel_config_records.records[1].w2_shape[1],2048
02-partial-fixed-kv,repetitions[0].diagnostics.per_rank[2].kernel_config_records.records[1].w2_shape[2],128
02-partial-fixed-kv,repetitions[0].diagnostics.per_rank[2].kernel_config_records.records[1].config.BLOCK_SIZE_K,64
02-partial-fixed-kv,repetitions[0].diagnostics.per_rank[2].kernel_config_records.records[1].config.BLOCK_SIZE_M,16
02-partial-fixed-kv,repetitions[0].diagnostics.per_rank[2].kernel_config_records.records[1].config.BLOCK_SIZE_N,128
02-partial-fixed-kv,repetitions[0].diagnostics.per_rank[2].kernel_config_records.records[1].config.GROUP_SIZE_M,1
02-partial-fixed-kv,repetitions[0].diagnostics.per_rank[2].kernel_config_records.records[1].config.num_stages,3
02-partial-fixed-kv,repetitions[0].diagnostics.per_rank[2].kernel_config_records.records[1].config.num_warps,8
02-partial-fixed-kv,repetitions[0].diagnostics.per_rank[2].kernel_config_records.records[2].chunk_tokens,4096
02-partial-fixed-kv,repetitions[0].diagnostics.per_rank[2].kernel_config_records.records[2].top_k,10
02-partial-fixed-kv,repetitions[0].diagnostics.per_rank[2].kernel_config_records.records[2].selections,96
02-partial-fixed-kv,repetitions[0].diagnostics.per_rank[2].kernel_config_records.records[2].w13_shape[0],512
02-partial-fixed-kv,repetitions[0].diagnostics.per_rank[2].kernel_config_records.records[2].w13_shape[1],256
02-partial-fixed-kv,repetitions[0].diagnostics.per_rank[2].kernel_config_records.records[2].w13_shape[2],2048
02-partial-fixed-kv,repetitions[0].diagnostics.per_rank[2].kernel_config_records.records[2].w2_shape[0],512
02-partial-fixed-kv,repetitions[0].diagnostics.per_rank[2].kernel_config_records.records[2].w2_shape[1],2048
02-partial-fixed-kv,repetitions[0].diagnostics.per_rank[2].kernel_config_records.records[2].w2_shape[2],128
02-partial-fixed-kv,repetitions[0].diagnostics.per_rank[2].kernel_config_records.records[2].config.BLOCK_SIZE_K,64
02-partial-fixed-kv,repetitions[0].diagnostics.per_rank[2].kernel_config_records.records[2].config.BLOCK_SIZE_M,128
02-partial-fixed-kv,repetitions[0].diagnostics.per_rank[2].kernel_config_records.records[2].config.BLOCK_SIZE_N,128
02-partial-fixed-kv,repetitions[0].diagnostics.per_rank[2].kernel_config_records.records[2].config.GROUP_SIZE_M,64
02-partial-fixed-kv,repetitions[0].diagnostics.per_rank[2].kernel_config_records.records[2].config.num_stages,3
02-partial-fixed-kv,repetitions[0].diagnostics.per_rank[2].kernel_config_records.records[2].config.num_warps,8
02-partial-fixed-kv,repetitions[0].diagnostics.per_rank[2].kernel_config_records.records[3].chunk_tokens,1
02-partial-fixed-kv,repetitions[0].diagnostics.per_rank[2].kernel_config_records.records[3].top_k,10
02-partial-fixed-kv,repetitions[0].diagnostics.per_rank[2].kernel_config_records.records[3].selections,336
02-partial-fixed-kv,repetitions[0].diagnostics.per_rank[2].kernel_config_records.records[3].w13_shape[0],512
02-partial-fixed-kv,repetitions[0].diagnostics.per_rank[2].kernel_config_records.records[3].w13_shape[1],256
02-partial-fixed-kv,repetitions[0].diagnostics.per_rank[2].kernel_config_records.records[3].w13_shape[2],2048
02-partial-fixed-kv,repetitions[0].diagnostics.per_rank[2].kernel_config_records.records[3].w2_shape[0],512
02-partial-fixed-kv,repetitions[0].diagnostics.per_rank[2].kernel_config_records.records[3].w2_shape[1],2048
02-partial-fixed-kv,repetitions[0].diagnostics.per_rank[2].kernel_config_records.records[3].w2_shape[2],128
02-partial-fixed-kv,repetitions[0].diagnostics.per_rank[2].kernel_config_records.records[3].config.BLOCK_SIZE_K,64
02-partial-fixed-kv,repetitions[0].diagnostics.per_rank[2].kernel_config_records.records[3].config.BLOCK_SIZE_M,16
02-partial-fixed-kv,repetitions[0].diagnostics.per_rank[2].kernel_config_records.records[3].config.BLOCK_SIZE_N,32
02-partial-fixed-kv,repetitions[0].diagnostics.per_rank[2].kernel_config_records.records[3].config.GROUP_SIZE_M,1
02-partial-fixed-kv,repetitions[0].diagnostics.per_rank[2].kernel_config_records.records[3].config.num_stages,4
02-partial-fixed-kv,repetitions[0].diagnostics.per_rank[2].kernel_config_records.records[3].config.num_warps,4
02-partial-fixed-kv,repetitions[0].diagnostics.per_rank[2].kernel_config_records.records[4].chunk_tokens,4337
02-partial-fixed-kv,repetitions[0].diagnostics.per_rank[2].kernel_config_records.records[4].top_k,10
02-partial-fixed-kv,repetitions[0].diagnostics.per_rank[2].kernel_config_records.records[4].selections,48
02-partial-fixed-kv,repetitions[0].diagnostics.per_rank[2].kernel_config_records.records[4].w13_shape[0],512
02-partial-fixed-kv,repetitions[0].diagnostics.per_rank[2].kernel_config_records.records[4].w13_shape[1],256
02-partial-fixed-kv,repetitions[0].diagnostics.per_rank[2].kernel_config_records.records[4].w13_shape[2],2048
02-partial-fixed-kv,repetitions[0].diagnostics.per_rank[2].kernel_config_records.records[4].w2_shape[0],512
02-partial-fixed-kv,repetitions[0].diagnostics.per_rank[2].kernel_config_records.records[4].w2_shape[1],2048
02-partial-fixed-kv,repetitions[0].diagnostics.per_rank[2].kernel_config_records.records[4].w2_shape[2],128
02-partial-fixed-kv,repetitions[0].diagnostics.per_rank[2].kernel_config_records.records[4].config.BLOCK_SIZE_K,64
02-partial-fixed-kv,repetitions[0].diagnostics.per_rank[2].kernel_config_records.records[4].config.BLOCK_SIZE_M,128
02-partial-fixed-kv,repetitions[0].diagnostics.per_rank[2].kernel_config_records.records[4].config.BLOCK_SIZE_N,128
02-partial-fixed-kv,repetitions[0].diagnostics.per_rank[2].kernel_config_records.records[4].config.GROUP_SIZE_M,64
02-partial-fixed-kv,repetitions[0].diagnostics.per_rank[2].kernel_config_records.records[4].config.num_stages,3
02-partial-fixed-kv,repetitions[0].diagnostics.per_rank[2].kernel_config_records.records[4].config.num_warps,8
02-partial-fixed-kv,repetitions[0].diagnostics.per_rank[2].kernel_config_records.records[5].chunk_tokens,31
02-partial-fixed-kv,repetitions[0].diagnostics.per_rank[2].kernel_config_records.records[5].top_k,10
02-partial-fixed-kv,repetitions[0].diagnostics.per_rank[2].kernel_config_records.records[5].selections,48
02-partial-fixed-kv,repetitions[0].diagnostics.per_rank[2].kernel_config_records.records[5].w13_shape[0],512
02-partial-fixed-kv,repetitions[0].diagnostics.per_rank[2].kernel_config_records.records[5].w13_shape[1],256
02-partial-fixed-kv,repetitions[0].diagnostics.per_rank[2].kernel_config_records.records[5].w13_shape[2],2048
02-partial-fixed-kv,repetitions[0].diagnostics.per_rank[2].kernel_config_records.records[5].w2_shape[0],512
02-partial-fixed-kv,repetitions[0].diagnostics.per_rank[2].kernel_config_records.records[5].w2_shape[1],2048
02-partial-fixed-kv,repetitions[0].diagnostics.per_rank[2].kernel_config_records.records[5].w2_shape[2],128
02-partial-fixed-kv,repetitions[0].diagnostics.per_rank[2].kernel_config_records.records[5].config.BLOCK_SIZE_K,64
02-partial-fixed-kv,repetitions[0].diagnostics.per_rank[2].kernel_config_records.records[5].config.BLOCK_SIZE_M,16
02-partial-fixed-kv,repetitions[0].diagnostics.per_rank[2].kernel_config_records.records[5].config.BLOCK_SIZE_N,128
02-partial-fixed-kv,repetitions[0].diagnostics.per_rank[2].kernel_config_records.records[5].config.GROUP_SIZE_M,1
02-partial-fixed-kv,repetitions[0].diagnostics.per_rank[2].kernel_config_records.records[5].config.num_stages,3
02-partial-fixed-kv,repetitions[0].diagnostics.per_rank[2].kernel_config_records.records[5].config.num_warps,8
02-partial-fixed-kv,repetitions[0].diagnostics.per_rank[2].kernel_config_records.records[6].chunk_tokens,30
02-partial-fixed-kv,repetitions[0].diagnostics.per_rank[2].kernel_config_records.records[6].top_k,10
02-partial-fixed-kv,repetitions[0].diagnostics.per_rank[2].kernel_config_records.records[6].selections,48
02-partial-fixed-kv,repetitions[0].diagnostics.per_rank[2].kernel_config_records.records[6].w13_shape[0],512
02-partial-fixed-kv,repetitions[0].diagnostics.per_rank[2].kernel_config_records.records[6].w13_shape[1],256
02-partial-fixed-kv,repetitions[0].diagnostics.per_rank[2].kernel_config_records.records[6].w13_shape[2],2048
02-partial-fixed-kv,repetitions[0].diagnostics.per_rank[2].kernel_config_records.records[6].w2_shape[0],512
02-partial-fixed-kv,repetitions[0].diagnostics.per_rank[2].kernel_config_records.records[6].w2_shape[1],2048
02-partial-fixed-kv,repetitions[0].diagnostics.per_rank[2].kernel_config_records.records[6].w2_shape[2],128
02-partial-fixed-kv,repetitions[0].diagnostics.per_rank[2].kernel_config_records.records[6].config.BLOCK_SIZE_K,64
02-partial-fixed-kv,repetitions[0].diagnostics.per_rank[2].kernel_config_records.records[6].config.BLOCK_SIZE_M,16
02-partial-fixed-kv,repetitions[0].diagnostics.per_rank[2].kernel_config_records.records[6].config.BLOCK_SIZE_N,128
02-partial-fixed-kv,repetitions[0].diagnostics.per_rank[2].kernel_config_records.records[6].config.GROUP_SIZE_M,1
02-partial-fixed-kv,repetitions[0].diagnostics.per_rank[2].kernel_config_records.records[6].config.num_stages,3
02-partial-fixed-kv,repetitions[0].diagnostics.per_rank[2].kernel_config_records.records[6].config.num_warps,8
02-partial-fixed-kv,repetitions[0].diagnostics.per_rank[2].kernel_config_records.records[7].chunk_tokens,28
02-partial-fixed-kv,repetitions[0].diagnostics.per_rank[2].kernel_config_records.records[7].top_k,10
02-partial-fixed-kv,repetitions[0].diagnostics.per_rank[2].kernel_config_records.records[7].selections,48
02-partial-fixed-kv,repetitions[0].diagnostics.per_rank[2].kernel_config_records.records[7].w13_shape[0],512
02-partial-fixed-kv,repetitions[0].diagnostics.per_rank[2].kernel_config_records.records[7].w13_shape[1],256
02-partial-fixed-kv,repetitions[0].diagnostics.per_rank[2].kernel_config_records.records[7].w13_shape[2],2048
02-partial-fixed-kv,repetitions[0].diagnostics.per_rank[2].kernel_config_records.records[7].w2_shape[0],512
02-partial-fixed-kv,repetitions[0].diagnostics.per_rank[2].kernel_config_records.records[7].w2_shape[1],2048
02-partial-fixed-kv,repetitions[0].diagnostics.per_rank[2].kernel_config_records.records[7].w2_shape[2],128
02-partial-fixed-kv,repetitions[0].diagnostics.per_rank[2].kernel_config_records.records[7].config.BLOCK_SIZE_K,64
02-partial-fixed-kv,repetitions[0].diagnostics.per_rank[2].kernel_config_records.records[7].config.BLOCK_SIZE_M,32
02-partial-fixed-kv,repetitions[0].diagnostics.per_rank[2].kernel_config_records.records[7].config.BLOCK_SIZE_N,128
02-partial-fixed-kv,repetitions[0].diagnostics.per_rank[2].kernel_config_records.records[7].config.GROUP_SIZE_M,1
02-partial-fixed-kv,repetitions[0].diagnostics.per_rank[2].kernel_config_records.records[7].config.num_stages,3
02-partial-fixed-kv,repetitions[0].diagnostics.per_rank[2].kernel_config_records.records[7].config.num_warps,4
02-partial-fixed-kv,repetitions[0].diagnostics.per_rank[2].kernel_config_records.records[8].chunk_tokens,26
02-partial-fixed-kv,repetitions[0].diagnostics.per_rank[2].kernel_config_records.records[8].top_k,10
02-partial-fixed-kv,repetitions[0].diagnostics.per_rank[2].kernel_config_records.records[8].selections,48
02-partial-fixed-kv,repetitions[0].diagnostics.per_rank[2].kernel_config_records.records[8].w13_shape[0],512
02-partial-fixed-kv,repetitions[0].diagnostics.per_rank[2].kernel_config_records.records[8].w13_shape[1],256
02-partial-fixed-kv,repetitions[0].diagnostics.per_rank[2].kernel_config_records.records[8].w13_shape[2],2048
02-partial-fixed-kv,repetitions[0].diagnostics.per_rank[2].kernel_config_records.records[8].w2_shape[0],512
02-partial-fixed-kv,repetitions[0].diagnostics.per_rank[2].kernel_config_records.records[8].w2_shape[1],2048
02-partial-fixed-kv,repetitions[0].diagnostics.per_rank[2].kernel_config_records.records[8].w2_shape[2],128
02-partial-fixed-kv,repetitions[0].diagnostics.per_rank[2].kernel_config_records.records[8].config.BLOCK_SIZE_K,64
02-partial-fixed-kv,repetitions[0].diagnostics.per_rank[2].kernel_config_records.records[8].config.BLOCK_SIZE_M,32
02-partial-fixed-kv,repetitions[0].diagnostics.per_rank[2].kernel_config_records.records[8].config.BLOCK_SIZE_N,128
02-partial-fixed-kv,repetitions[0].diagnostics.per_rank[2].kernel_config_records.records[8].config.GROUP_SIZE_M,1
02-partial-fixed-kv,repetitions[0].diagnostics.per_rank[2].kernel_config_records.records[8].config.num_stages,3
02-partial-fixed-kv,repetitions[0].diagnostics.per_rank[2].kernel_config_records.records[8].config.num_warps,4
02-partial-fixed-kv,repetitions[0].diagnostics.per_rank[2].kernel_config_records.records[9].chunk_tokens,24
02-partial-fixed-kv,repetitions[0].diagnostics.per_rank[2].kernel_config_records.records[9].top_k,10
02-partial-fixed-kv,repetitions[0].diagnostics.per_rank[2].kernel_config_records.records[9].selections,48
02-partial-fixed-kv,repetitions[0].diagnostics.per_rank[2].kernel_config_records.records[9].w13_shape[0],512
02-partial-fixed-kv,repetitions[0].diagnostics.per_rank[2].kernel_config_records.records[9].w13_shape[1],256
02-partial-fixed-kv,repetitions[0].diagnostics.per_rank[2].kernel_config_records.records[9].w13_shape[2],2048
02-partial-fixed-kv,repetitions[0].diagnostics.per_rank[2].kernel_config_records.records[9].w2_shape[0],512
02-partial-fixed-kv,repetitions[0].diagnostics.per_rank[2].kernel_config_records.records[9].w2_shape[1],2048
02-partial-fixed-kv,repetitions[0].diagnostics.per_rank[2].kernel_config_records.records[9].w2_shape[2],128
02-partial-fixed-kv,repetitions[0].diagnostics.per_rank[2].kernel_config_records.records[9].config.BLOCK_SIZE_K,64
02-partial-fixed-kv,repetitions[0].diagnostics.per_rank[2].kernel_config_records.records[9].config.BLOCK_SIZE_M,32
02-partial-fixed-kv,repetitions[0].diagnostics.per_rank[2].kernel_config_records.records[9].config.BLOCK_SIZE_N,128
02-partial-fixed-kv,repetitions[0].diagnostics.per_rank[2].kernel_config_records.records[9].config.GROUP_SIZE_M,1
02-partial-fixed-kv,repetitions[0].diagnostics.per_rank[2].kernel_config_records.records[9].config.num_stages,3
02-partial-fixed-kv,repetitions[0].diagnostics.per_rank[2].kernel_config_records.records[9].config.num_warps,4
02-partial-fixed-kv,repetitions[0].diagnostics.per_rank[2].kernel_config_records.records[10].chunk_tokens,22
02-partial-fixed-kv,repetitions[0].diagnostics.per_rank[2].kernel_config_records.records[10].top_k,10
02-partial-fixed-kv,repetitions[0].diagnostics.per_rank[2].kernel_config_records.records[10].selections,48
02-partial-fixed-kv,repetitions[0].diagnostics.per_rank[2].kernel_config_records.records[10].w13_shape[0],512
02-partial-fixed-kv,repetitions[0].diagnostics.per_rank[2].kernel_config_records.records[10].w13_shape[1],256
02-partial-fixed-kv,repetitions[0].diagnostics.per_rank[2].kernel_config_records.records[10].w13_shape[2],2048
02-partial-fixed-kv,repetitions[0].diagnostics.per_rank[2].kernel_config_records.records[10].w2_shape[0],512
02-partial-fixed-kv,repetitions[0].diagnostics.per_rank[2].kernel_config_records.records[10].w2_shape[1],2048
02-partial-fixed-kv,repetitions[0].diagnostics.per_rank[2].kernel_config_records.records[10].w2_shape[2],128
02-partial-fixed-kv,repetitions[0].diagnostics.per_rank[2].kernel_config_records.records[10].config.BLOCK_SIZE_K,64
02-partial-fixed-kv,repetitions[0].diagnostics.per_rank[2].kernel_config_records.records[10].config.BLOCK_SIZE_M,32
02-partial-fixed-kv,repetitions[0].diagnostics.per_rank[2].kernel_config_records.records[10].config.BLOCK_SIZE_N,128
02-partial-fixed-kv,repetitions[0].diagnostics.per_rank[2].kernel_config_records.records[10].config.GROUP_SIZE_M,1
02-partial-fixed-kv,repetitions[0].diagnostics.per_rank[2].kernel_config_records.records[10].config.num_stages,3
02-partial-fixed-kv,repetitions[0].diagnostics.per_rank[2].kernel_config_records.records[10].config.num_warps,4
02-partial-fixed-kv,repetitions[0].diagnostics.per_rank[2].kernel_config_records.records[11].chunk_tokens,20
02-partial-fixed-kv,repetitions[0].diagnostics.per_rank[2].kernel_config_records.records[11].top_k,10
02-partial-fixed-kv,repetitions[0].diagnostics.per_rank[2].kernel_config_records.records[11].selections,48
02-partial-fixed-kv,repetitions[0].diagnostics.per_rank[2].kernel_config_records.records[11].w13_shape[0],512
02-partial-fixed-kv,repetitions[0].diagnostics.per_rank[2].kernel_config_records.records[11].w13_shape[1],256
02-partial-fixed-kv,repetitions[0].diagnostics.per_rank[2].kernel_config_records.records[11].w13_shape[2],2048
02-partial-fixed-kv,repetitions[0].diagnostics.per_rank[2].kernel_config_records.records[11].w2_shape[0],512
02-partial-fixed-kv,repetitions[0].diagnostics.per_rank[2].kernel_config_records.records[11].w2_shape[1],2048
02-partial-fixed-kv,repetitions[0].diagnostics.per_rank[2].kernel_config_records.records[11].w2_shape[2],128
02-partial-fixed-kv,repetitions[0].diagnostics.per_rank[2].kernel_config_records.records[11].config.BLOCK_SIZE_K,64
02-partial-fixed-kv,repetitions[0].diagnostics.per_rank[2].kernel_config_records.records[11].config.BLOCK_SIZE_M,16
02-partial-fixed-kv,repetitions[0].diagnostics.per_rank[2].kernel_config_records.records[11].config.BLOCK_SIZE_N,128
02-partial-fixed-kv,repetitions[0].diagnostics.per_rank[2].kernel_config_records.records[11].config.GROUP_SIZE_M,1
02-partial-fixed-kv,repetitions[0].diagnostics.per_rank[2].kernel_config_records.records[11].config.num_stages,3
02-partial-fixed-kv,repetitions[0].diagnostics.per_rank[2].kernel_config_records.records[11].config.num_warps,4
02-partial-fixed-kv,repetitions[0].diagnostics.per_rank[2].kernel_config_records.records[12].chunk_tokens,18
02-partial-fixed-kv,repetitions[0].diagnostics.per_rank[2].kernel_config_records.records[12].top_k,10
02-partial-fixed-kv,repetitions[0].diagnostics.per_rank[2].kernel_config_records.records[12].selections,48
02-partial-fixed-kv,repetitions[0].diagnostics.per_rank[2].kernel_config_records.records[12].w13_shape[0],512
02-partial-fixed-kv,repetitions[0].diagnostics.per_rank[2].kernel_config_records.records[12].w13_shape[1],256
02-partial-fixed-kv,repetitions[0].diagnostics.per_rank[2].kernel_config_records.records[12].w13_shape[2],2048
02-partial-fixed-kv,repetitions[0].diagnostics.per_rank[2].kernel_config_records.records[12].w2_shape[0],512
02-partial-fixed-kv,repetitions[0].diagnostics.per_rank[2].kernel_config_records.records[12].w2_shape[1],2048
02-partial-fixed-kv,repetitions[0].diagnostics.per_rank[2].kernel_config_records.records[12].w2_shape[2],128
02-partial-fixed-kv,repetitions[0].diagnostics.per_rank[2].kernel_config_records.records[12].config.BLOCK_SIZE_K,64
02-partial-fixed-kv,repetitions[0].diagnostics.per_rank[2].kernel_config_records.records[12].config.BLOCK_SIZE_M,16
02-partial-fixed-kv,repetitions[0].diagnostics.per_rank[2].kernel_config_records.records[12].config.BLOCK_SIZE_N,128
02-partial-fixed-kv,repetitions[0].diagnostics.per_rank[2].kernel_config_records.records[12].config.GROUP_SIZE_M,1
02-partial-fixed-kv,repetitions[0].diagnostics.per_rank[2].kernel_config_records.records[12].config.num_stages,3
02-partial-fixed-kv,repetitions[0].diagnostics.per_rank[2].kernel_config_records.records[12].config.num_warps,4
02-partial-fixed-kv,repetitions[0].diagnostics.per_rank[2].kernel_config_records.records[13].chunk_tokens,16
02-partial-fixed-kv,repetitions[0].diagnostics.per_rank[2].kernel_config_records.records[13].top_k,10
02-partial-fixed-kv,repetitions[0].diagnostics.per_rank[2].kernel_config_records.records[13].selections,48
02-partial-fixed-kv,repetitions[0].diagnostics.per_rank[2].kernel_config_records.records[13].w13_shape[0],512
02-partial-fixed-kv,repetitions[0].diagnostics.per_rank[2].kernel_config_records.records[13].w13_shape[1],256
02-partial-fixed-kv,repetitions[0].diagnostics.per_rank[2].kernel_config_records.records[13].w13_shape[2],2048
02-partial-fixed-kv,repetitions[0].diagnostics.per_rank[2].kernel_config_records.records[13].w2_shape[0],512
02-partial-fixed-kv,repetitions[0].diagnostics.per_rank[2].kernel_config_records.records[13].w2_shape[1],2048
02-partial-fixed-kv,repetitions[0].diagnostics.per_rank[2].kernel_config_records.records[13].w2_shape[2],128
02-partial-fixed-kv,repetitions[0].diagnostics.per_rank[2].kernel_config_records.records[13].config.BLOCK_SIZE_K,64
02-partial-fixed-kv,repetitions[0].diagnostics.per_rank[2].kernel_config_records.records[13].config.BLOCK_SIZE_M,16
02-partial-fixed-kv,repetitions[0].diagnostics.per_rank[2].kernel_config_records.records[13].config.BLOCK_SIZE_N,128
02-partial-fixed-kv,repetitions[0].diagnostics.per_rank[2].kernel_config_records.records[13].config.GROUP_SIZE_M,1
02-partial-fixed-kv,repetitions[0].diagnostics.per_rank[2].kernel_config_records.records[13].config.num_stages,3
02-partial-fixed-kv,repetitions[0].diagnostics.per_rank[2].kernel_config_records.records[13].config.num_warps,4
02-partial-fixed-kv,repetitions[0].diagnostics.per_rank[2].kernel_config_records.records[14].chunk_tokens,14
02-partial-fixed-kv,repetitions[0].diagnostics.per_rank[2].kernel_config_records.records[14].top_k,10
02-partial-fixed-kv,repetitions[0].diagnostics.per_rank[2].kernel_config_records.records[14].selections,48
02-partial-fixed-kv,repetitions[0].diagnostics.per_rank[2].kernel_config_records.records[14].w13_shape[0],512
02-partial-fixed-kv,repetitions[0].diagnostics.per_rank[2].kernel_config_records.records[14].w13_shape[1],256
02-partial-fixed-kv,repetitions[0].diagnostics.per_rank[2].kernel_config_records.records[14].w13_shape[2],2048
02-partial-fixed-kv,repetitions[0].diagnostics.per_rank[2].kernel_config_records.records[14].w2_shape[0],512
02-partial-fixed-kv,repetitions[0].diagnostics.per_rank[2].kernel_config_records.records[14].w2_shape[1],2048
02-partial-fixed-kv,repetitions[0].diagnostics.per_rank[2].kernel_config_records.records[14].w2_shape[2],128
02-partial-fixed-kv,repetitions[0].diagnostics.per_rank[2].kernel_config_records.records[14].config.BLOCK_SIZE_K,64
02-partial-fixed-kv,repetitions[0].diagnostics.per_rank[2].kernel_config_records.records[14].config.BLOCK_SIZE_M,16
02-partial-fixed-kv,repetitions[0].diagnostics.per_rank[2].kernel_config_records.records[14].config.BLOCK_SIZE_N,128
02-partial-fixed-kv,repetitions[0].diagnostics.per_rank[2].kernel_config_records.records[14].config.GROUP_SIZE_M,1
02-partial-fixed-kv,repetitions[0].diagnostics.per_rank[2].kernel_config_records.records[14].config.num_stages,3
02-partial-fixed-kv,repetitions[0].diagnostics.per_rank[2].kernel_config_records.records[14].config.num_warps,4
02-partial-fixed-kv,repetitions[0].diagnostics.per_rank[2].kernel_config_records.records[15].chunk_tokens,12
02-partial-fixed-kv,repetitions[0].diagnostics.per_rank[2].kernel_config_records.records[15].top_k,10
02-partial-fixed-kv,repetitions[0].diagnostics.per_rank[2].kernel_config_records.records[15].selections,48
02-partial-fixed-kv,repetitions[0].diagnostics.per_rank[2].kernel_config_records.records[15].w13_shape[0],512
02-partial-fixed-kv,repetitions[0].diagnostics.per_rank[2].kernel_config_records.records[15].w13_shape[1],256
02-partial-fixed-kv,repetitions[0].diagnostics.per_rank[2].kernel_config_records.records[15].w13_shape[2],2048
02-partial-fixed-kv,repetitions[0].diagnostics.per_rank[2].kernel_config_records.records[15].w2_shape[0],512
02-partial-fixed-kv,repetitions[0].diagnostics.per_rank[2].kernel_config_records.records[15].w2_shape[1],2048
02-partial-fixed-kv,repetitions[0].diagnostics.per_rank[2].kernel_config_records.records[15].w2_shape[2],128
02-partial-fixed-kv,repetitions[0].diagnostics.per_rank[2].kernel_config_records.records[15].config.BLOCK_SIZE_K,64
02-partial-fixed-kv,repetitions[0].diagnostics.per_rank[2].kernel_config_records.records[15].config.BLOCK_SIZE_M,16
02-partial-fixed-kv,repetitions[0].diagnostics.per_rank[2].kernel_config_records.records[15].config.BLOCK_SIZE_N,128
02-partial-fixed-kv,repetitions[0].diagnostics.per_rank[2].kernel_config_records.records[15].config.GROUP_SIZE_M,1
02-partial-fixed-kv,repetitions[0].diagnostics.per_rank[2].kernel_config_records.records[15].config.num_stages,3
02-partial-fixed-kv,repetitions[0].diagnostics.per_rank[2].kernel_config_records.records[15].config.num_warps,4
02-partial-fixed-kv,repetitions[0].diagnostics.per_rank[2].kernel_config_records.records[16].chunk_tokens,10
02-partial-fixed-kv,repetitions[0].diagnostics.per_rank[2].kernel_config_records.records[16].top_k,10
02-partial-fixed-kv,repetitions[0].diagnostics.per_rank[2].kernel_config_records.records[16].selections,48
02-partial-fixed-kv,repetitions[0].diagnostics.per_rank[2].kernel_config_records.records[16].w13_shape[0],512
02-partial-fixed-kv,repetitions[0].diagnostics.per_rank[2].kernel_config_records.records[16].w13_shape[1],256
02-partial-fixed-kv,repetitions[0].diagnostics.per_rank[2].kernel_config_records.records[16].w13_shape[2],2048
02-partial-fixed-kv,repetitions[0].diagnostics.per_rank[2].kernel_config_records.records[16].w2_shape[0],512
02-partial-fixed-kv,repetitions[0].diagnostics.per_rank[2].kernel_config_records.records[16].w2_shape[1],2048
02-partial-fixed-kv,repetitions[0].diagnostics.per_rank[2].kernel_config_records.records[16].w2_shape[2],128
02-partial-fixed-kv,repetitions[0].diagnostics.per_rank[2].kernel_config_records.records[16].config.BLOCK_SIZE_K,64
02-partial-fixed-kv,repetitions[0].diagnostics.per_rank[2].kernel_config_records.records[16].config.BLOCK_SIZE_M,16
02-partial-fixed-kv,repetitions[0].diagnostics.per_rank[2].kernel_config_records.records[16].config.BLOCK_SIZE_N,128
02-partial-fixed-kv,repetitions[0].diagnostics.per_rank[2].kernel_config_records.records[16].config.GROUP_SIZE_M,1
02-partial-fixed-kv,repetitions[0].diagnostics.per_rank[2].kernel_config_records.records[16].config.num_stages,3
02-partial-fixed-kv,repetitions[0].diagnostics.per_rank[2].kernel_config_records.records[16].config.num_warps,4
02-partial-fixed-kv,repetitions[0].diagnostics.per_rank[2].kernel_config_records.records[17].chunk_tokens,8
02-partial-fixed-kv,repetitions[0].diagnostics.per_rank[2].kernel_config_records.records[17].top_k,10
02-partial-fixed-kv,repetitions[0].diagnostics.per_rank[2].kernel_config_records.records[17].selections,48
02-partial-fixed-kv,repetitions[0].diagnostics.per_rank[2].kernel_config_records.records[17].w13_shape[0],512
02-partial-fixed-kv,repetitions[0].diagnostics.per_rank[2].kernel_config_records.records[17].w13_shape[1],256
02-partial-fixed-kv,repetitions[0].diagnostics.per_rank[2].kernel_config_records.records[17].w13_shape[2],2048
02-partial-fixed-kv,repetitions[0].diagnostics.per_rank[2].kernel_config_records.records[17].w2_shape[0],512
02-partial-fixed-kv,repetitions[0].diagnostics.per_rank[2].kernel_config_records.records[17].w2_shape[1],2048
02-partial-fixed-kv,repetitions[0].diagnostics.per_rank[2].kernel_config_records.records[17].w2_shape[2],128
02-partial-fixed-kv,repetitions[0].diagnostics.per_rank[2].kernel_config_records.records[17].config.BLOCK_SIZE_K,64
02-partial-fixed-kv,repetitions[0].diagnostics.per_rank[2].kernel_config_records.records[17].config.BLOCK_SIZE_M,16
02-partial-fixed-kv,repetitions[0].diagnostics.per_rank[2].kernel_config_records.records[17].config.BLOCK_SIZE_N,128
02-partial-fixed-kv,repetitions[0].diagnostics.per_rank[2].kernel_config_records.records[17].config.GROUP_SIZE_M,1
02-partial-fixed-kv,repetitions[0].diagnostics.per_rank[2].kernel_config_records.records[17].config.num_stages,3
02-partial-fixed-kv,repetitions[0].diagnostics.per_rank[2].kernel_config_records.records[17].config.num_warps,4
02-partial-fixed-kv,repetitions[0].diagnostics.per_rank[2].kernel_config_records.records[18].chunk_tokens,6
02-partial-fixed-kv,repetitions[0].diagnostics.per_rank[2].kernel_config_records.records[18].top_k,10
02-partial-fixed-kv,repetitions[0].diagnostics.per_rank[2].kernel_config_records.records[18].selections,48
02-partial-fixed-kv,repetitions[0].diagnostics.per_rank[2].kernel_config_records.records[18].w13_shape[0],512
02-partial-fixed-kv,repetitions[0].diagnostics.per_rank[2].kernel_config_records.records[18].w13_shape[1],256
02-partial-fixed-kv,repetitions[0].diagnostics.per_rank[2].kernel_config_records.records[18].w13_shape[2],2048
02-partial-fixed-kv,repetitions[0].diagnostics.per_rank[2].kernel_config_records.records[18].w2_shape[0],512
02-partial-fixed-kv,repetitions[0].diagnostics.per_rank[2].kernel_config_records.records[18].w2_shape[1],2048
02-partial-fixed-kv,repetitions[0].diagnostics.per_rank[2].kernel_config_records.records[18].w2_shape[2],128
02-partial-fixed-kv,repetitions[0].diagnostics.per_rank[2].kernel_config_records.records[18].config.BLOCK_SIZE_K,64
02-partial-fixed-kv,repetitions[0].diagnostics.per_rank[2].kernel_config_records.records[18].config.BLOCK_SIZE_M,16
02-partial-fixed-kv,repetitions[0].diagnostics.per_rank[2].kernel_config_records.records[18].config.BLOCK_SIZE_N,128
02-partial-fixed-kv,repetitions[0].diagnostics.per_rank[2].kernel_config_records.records[18].config.GROUP_SIZE_M,1
02-partial-fixed-kv,repetitions[0].diagnostics.per_rank[2].kernel_config_records.records[18].config.num_stages,4
02-partial-fixed-kv,repetitions[0].diagnostics.per_rank[2].kernel_config_records.records[18].config.num_warps,4
02-partial-fixed-kv,repetitions[0].diagnostics.per_rank[2].kernel_config_records.records[19].chunk_tokens,4
02-partial-fixed-kv,repetitions[0].diagnostics.per_rank[2].kernel_config_records.records[19].top_k,10
02-partial-fixed-kv,repetitions[0].diagnostics.per_rank[2].kernel_config_records.records[19].selections,48
02-partial-fixed-kv,repetitions[0].diagnostics.per_rank[2].kernel_config_records.records[19].w13_shape[0],512
02-partial-fixed-kv,repetitions[0].diagnostics.per_rank[2].kernel_config_records.records[19].w13_shape[1],256
02-partial-fixed-kv,repetitions[0].diagnostics.per_rank[2].kernel_config_records.records[19].w13_shape[2],2048
02-partial-fixed-kv,repetitions[0].diagnostics.per_rank[2].kernel_config_records.records[19].w2_shape[0],512
02-partial-fixed-kv,repetitions[0].diagnostics.per_rank[2].kernel_config_records.records[19].w2_shape[1],2048
02-partial-fixed-kv,repetitions[0].diagnostics.per_rank[2].kernel_config_records.records[19].w2_shape[2],128
02-partial-fixed-kv,repetitions[0].diagnostics.per_rank[2].kernel_config_records.records[19].config.BLOCK_SIZE_K,64
02-partial-fixed-kv,repetitions[0].diagnostics.per_rank[2].kernel_config_records.records[19].config.BLOCK_SIZE_M,16
02-partial-fixed-kv,repetitions[0].diagnostics.per_rank[2].kernel_config_records.records[19].config.BLOCK_SIZE_N,128
02-partial-fixed-kv,repetitions[0].diagnostics.per_rank[2].kernel_config_records.records[19].config.GROUP_SIZE_M,1
02-partial-fixed-kv,repetitions[0].diagnostics.per_rank[2].kernel_config_records.records[19].config.num_stages,4
02-partial-fixed-kv,repetitions[0].diagnostics.per_rank[2].kernel_config_records.records[19].config.num_warps,4
02-partial-fixed-kv,repetitions[0].diagnostics.per_rank[2].kernel_config_records.records[20].chunk_tokens,2
02-partial-fixed-kv,repetitions[0].diagnostics.per_rank[2].kernel_config_records.records[20].top_k,10
02-partial-fixed-kv,repetitions[0].diagnostics.per_rank[2].kernel_config_records.records[20].selections,48
02-partial-fixed-kv,repetitions[0].diagnostics.per_rank[2].kernel_config_records.records[20].w13_shape[0],512
02-partial-fixed-kv,repetitions[0].diagnostics.per_rank[2].kernel_config_records.records[20].w13_shape[1],256
02-partial-fixed-kv,repetitions[0].diagnostics.per_rank[2].kernel_config_records.records[20].w13_shape[2],2048
02-partial-fixed-kv,repetitions[0].diagnostics.per_rank[2].kernel_config_records.records[20].w2_shape[0],512
02-partial-fixed-kv,repetitions[0].diagnostics.per_rank[2].kernel_config_records.records[20].w2_shape[1],2048
02-partial-fixed-kv,repetitions[0].diagnostics.per_rank[2].kernel_config_records.records[20].w2_shape[2],128
02-partial-fixed-kv,repetitions[0].diagnostics.per_rank[2].kernel_config_records.records[20].config.BLOCK_SIZE_K,64
02-partial-fixed-kv,repetitions[0].diagnostics.per_rank[2].kernel_config_records.records[20].config.BLOCK_SIZE_M,32
02-partial-fixed-kv,repetitions[0].diagnostics.per_rank[2].kernel_config_records.records[20].config.BLOCK_SIZE_N,64
02-partial-fixed-kv,repetitions[0].diagnostics.per_rank[2].kernel_config_records.records[20].config.GROUP_SIZE_M,1
02-partial-fixed-kv,repetitions[0].diagnostics.per_rank[2].kernel_config_records.records[20].config.num_stages,4
02-partial-fixed-kv,repetitions[0].diagnostics.per_rank[2].kernel_config_records.records[20].config.num_warps,8
02-partial-fixed-kv,repetitions[0].diagnostics.per_rank[3].h2d_bytes,339353272320
02-partial-fixed-kv,repetitions[0].diagnostics.per_rank[3].copy_launches,7660
02-partial-fixed-kv,repetitions[0].diagnostics.per_rank[3].startup_resident_h2d_bytes,0
02-partial-fixed-kv,repetitions[0].diagnostics.per_rank[3].promotion_d2d_bytes,407371776
02-partial-fixed-kv,repetitions[0].diagnostics.per_rank[3].metadata_h2d_bytes,7866392
02-partial-fixed-kv,repetitions[0].diagnostics.per_rank[3].unique_demands,811613
02-partial-fixed-kv,repetitions[0].diagnostics.per_rank[3].resident_hits,585133
02-partial-fixed-kv,repetitions[0].diagnostics.per_rank[3].timing.route_d2h_s,17.809400094673038
02-partial-fixed-kv,repetitions[0].diagnostics.per_rank[3].timing.policy_cpu_s,1.4231303138658404
02-partial-fixed-kv,repetitions[0].diagnostics.per_rank[3].timing.host_reuse_wait_s,0.02318060351535678
02-partial-fixed-kv,repetitions[0].diagnostics.per_rank[3].timing.host_gather_s,61.61580672580749
02-partial-fixed-kv,repetitions[0].diagnostics.per_rank[3].timing.h2d_enqueue_s,0.31764781568199396
02-partial-fixed-kv,repetitions[0].diagnostics.per_rank[3].timing.compute_enqueue_s,2.2976515060290694
02-partial-fixed-kv,repetitions[0].diagnostics.per_rank[3].timing.cuda_sample_count,124
02-partial-fixed-kv,repetitions[0].diagnostics.per_rank[3].timing.load_cuda_s,0.20785852880775935
02-partial-fixed-kv,repetitions[0].diagnostics.per_rank[3].timing.compute_cuda_s,0.03713347193598746
02-partial-fixed-kv,repetitions[0].diagnostics.per_rank[3].timing.promotion_cuda_s,0.0005778240084182472
02-partial-fixed-kv,repetitions[0].diagnostics.per_rank[3].policy.observations,3840
02-partial-fixed-kv,repetitions[0].diagnostics.per_rank[3].policy.unique_demands,811613
02-partial-fixed-kv,repetitions[0].diagnostics.per_rank[3].policy.completed_forwards,80
02-partial-fixed-kv,repetitions[0].diagnostics.per_rank[3].policy.decay_events,1
02-partial-fixed-kv,repetitions[0].diagnostics.per_rank[3].policy.cache_hits,10725
02-partial-fixed-kv,repetitions[0].diagnostics.per_rank[3].policy.cache_misses,215755
02-partial-fixed-kv,repetitions[0].diagnostics.per_rank[3].policy.admissions,259
02-partial-fixed-kv,repetitions[0].diagnostics.per_rank[3].policy.evictions,259
02-partial-fixed-kv,repetitions[0].diagnostics.per_rank[3].policy.cache_bypasses,215496
02-partial-fixed-kv,repetitions[0].diagnostics.per_rank[3].policy.reconfigurations,0
02-partial-fixed-kv,repetitions[0].diagnostics.per_rank[3].policy.cache_hit_ratio,0.04735517484987637
02-partial-fixed-kv,repetitions[0].diagnostics.per_rank[3].rank,3
02-partial-fixed-kv,repetitions[0].diagnostics.per_rank[3].forward_counts[0],80
02-partial-fixed-kv,repetitions[0].diagnostics.per_rank[3].forward_counts[1],80
02-partial-fixed-kv,repetitions[0].diagnostics.per_rank[3].forward_counts[2],80
02-partial-fixed-kv,repetitions[0].diagnostics.per_rank[3].forward_counts[3],80
02-partial-fixed-kv,repetitions[0].diagnostics.per_rank[3].forward_counts[4],80
02-partial-fixed-kv,repetitions[0].diagnostics.per_rank[3].forward_counts[5],80
02-partial-fixed-kv,repetitions[0].diagnostics.per_rank[3].forward_counts[6],80
02-partial-fixed-kv,repetitions[0].diagnostics.per_rank[3].forward_counts[7],80
02-partial-fixed-kv,repetitions[0].diagnostics.per_rank[3].forward_counts[8],80
02-partial-fixed-kv,repetitions[0].diagnostics.per_rank[3].forward_counts[9],80
02-partial-fixed-kv,repetitions[0].diagnostics.per_rank[3].forward_counts[10],80
02-partial-fixed-kv,repetitions[0].diagnostics.per_rank[3].forward_counts[11],80
02-partial-fixed-kv,repetitions[0].diagnostics.per_rank[3].forward_counts[12],80
02-partial-fixed-kv,repetitions[0].diagnostics.per_rank[3].forward_counts[13],80
02-partial-fixed-kv,repetitions[0].diagnostics.per_rank[3].forward_counts[14],80
02-partial-fixed-kv,repetitions[0].diagnostics.per_rank[3].forward_counts[15],80
02-partial-fixed-kv,repetitions[0].diagnostics.per_rank[3].forward_counts[16],80
02-partial-fixed-kv,repetitions[0].diagnostics.per_rank[3].forward_counts[17],80
02-partial-fixed-kv,repetitions[0].diagnostics.per_rank[3].forward_counts[18],80
02-partial-fixed-kv,repetitions[0].diagnostics.per_rank[3].forward_counts[19],80
02-partial-fixed-kv,repetitions[0].diagnostics.per_rank[3].forward_counts[20],80
02-partial-fixed-kv,repetitions[0].diagnostics.per_rank[3].forward_counts[21],80
02-partial-fixed-kv,repetitions[0].diagnostics.per_rank[3].forward_counts[22],80
02-partial-fixed-kv,repetitions[0].diagnostics.per_rank[3].forward_counts[23],80
02-partial-fixed-kv,repetitions[0].diagnostics.per_rank[3].forward_counts[24],80
02-partial-fixed-kv,repetitions[0].diagnostics.per_rank[3].forward_counts[25],80
02-partial-fixed-kv,repetitions[0].diagnostics.per_rank[3].forward_counts[26],80
02-partial-fixed-kv,repetitions[0].diagnostics.per_rank[3].forward_counts[27],80
02-partial-fixed-kv,repetitions[0].diagnostics.per_rank[3].forward_counts[28],80
02-partial-fixed-kv,repetitions[0].diagnostics.per_rank[3].forward_counts[29],80
02-partial-fixed-kv,repetitions[0].diagnostics.per_rank[3].forward_counts[30],80
02-partial-fixed-kv,repetitions[0].diagnostics.per_rank[3].forward_counts[31],80
02-partial-fixed-kv,repetitions[0].diagnostics.per_rank[3].forward_counts[32],80
02-partial-fixed-kv,repetitions[0].diagnostics.per_rank[3].forward_counts[33],80
02-partial-fixed-kv,repetitions[0].diagnostics.per_rank[3].forward_counts[34],80
02-partial-fixed-kv,repetitions[0].diagnostics.per_rank[3].forward_counts[35],80
02-partial-fixed-kv,repetitions[0].diagnostics.per_rank[3].forward_counts[36],80
02-partial-fixed-kv,repetitions[0].diagnostics.per_rank[3].forward_counts[37],80
02-partial-fixed-kv,repetitions[0].diagnostics.per_rank[3].forward_counts[38],80
02-partial-fixed-kv,repetitions[0].diagnostics.per_rank[3].forward_counts[39],80
02-partial-fixed-kv,repetitions[0].diagnostics.per_rank[3].forward_counts[40],80
02-partial-fixed-kv,repetitions[0].diagnostics.per_rank[3].forward_counts[41],80
02-partial-fixed-kv,repetitions[0].diagnostics.per_rank[3].forward_counts[42],80
02-partial-fixed-kv,repetitions[0].diagnostics.per_rank[3].forward_counts[43],80
02-partial-fixed-kv,repetitions[0].diagnostics.per_rank[3].forward_counts[44],80
02-partial-fixed-kv,repetitions[0].diagnostics.per_rank[3].forward_counts[45],80
02-partial-fixed-kv,repetitions[0].diagnostics.per_rank[3].forward_counts[46],80
02-partial-fixed-kv,repetitions[0].diagnostics.per_rank[3].forward_counts[47],80
02-partial-fixed-kv,repetitions[0].diagnostics.per_rank[3].per_layer_unique_demands[0],20542
02-partial-fixed-kv,repetitions[0].diagnostics.per_rank[3].per_layer_unique_demands[1],16405
02-partial-fixed-kv,repetitions[0].diagnostics.per_rank[3].per_layer_unique_demands[2],20930
02-partial-fixed-kv,repetitions[0].diagnostics.per_rank[3].per_layer_unique_demands[3],15090
02-partial-fixed-kv,repetitions[0].diagnostics.per_rank[3].per_layer_unique_demands[4],16338
02-partial-fixed-kv,repetitions[0].diagnostics.per_rank[3].per_layer_unique_demands[5],17947
02-partial-fixed-kv,repetitions[0].diagnostics.per_rank[3].per_layer_unique_demands[6],19758
02-partial-fixed-kv,repetitions[0].diagnostics.per_rank[3].per_layer_unique_demands[7],19465
02-partial-fixed-kv,repetitions[0].diagnostics.per_rank[3].per_layer_unique_demands[8],16745
02-partial-fixed-kv,repetitions[0].diagnostics.per_rank[3].per_layer_unique_demands[9],15092
02-partial-fixed-kv,repetitions[0].diagnostics.per_rank[3].per_layer_unique_demands[10],15021
02-partial-fixed-kv,repetitions[0].diagnostics.per_rank[3].per_layer_unique_demands[11],16264
02-partial-fixed-kv,repetitions[0].diagnostics.per_rank[3].per_layer_unique_demands[12],13812
02-partial-fixed-kv,repetitions[0].diagnostics.per_rank[3].per_layer_unique_demands[13],14793
02-partial-fixed-kv,repetitions[0].diagnostics.per_rank[3].per_layer_unique_demands[14],16407
02-partial-fixed-kv,repetitions[0].diagnostics.per_rank[3].per_layer_unique_demands[15],17768
02-partial-fixed-kv,repetitions[0].diagnostics.per_rank[3].per_layer_unique_demands[16],16199
02-partial-fixed-kv,repetitions[0].diagnostics.per_rank[3].per_layer_unique_demands[17],17905
02-partial-fixed-kv,repetitions[0].diagnostics.per_rank[3].per_layer_unique_demands[18],19346
02-partial-fixed-kv,repetitions[0].diagnostics.per_rank[3].per_layer_unique_demands[19],19474
02-partial-fixed-kv,repetitions[0].diagnostics.per_rank[3].per_layer_unique_demands[20],16408
02-partial-fixed-kv,repetitions[0].diagnostics.per_rank[3].per_layer_unique_demands[21],14834
02-partial-fixed-kv,repetitions[0].diagnostics.per_rank[3].per_layer_unique_demands[22],14889
02-partial-fixed-kv,repetitions[0].diagnostics.per_rank[3].per_layer_unique_demands[23],16150
02-partial-fixed-kv,repetitions[0].diagnostics.per_rank[3].per_layer_unique_demands[24],14238
02-partial-fixed-kv,repetitions[0].diagnostics.per_rank[3].per_layer_unique_demands[25],14975
02-partial-fixed-kv,repetitions[0].diagnostics.per_rank[3].per_layer_unique_demands[26],16504
02-partial-fixed-kv,repetitions[0].diagnostics.per_rank[3].per_layer_unique_demands[27],18106
02-partial-fixed-kv,repetitions[0].diagnostics.per_rank[3].per_layer_unique_demands[28],16599
02-partial-fixed-kv,repetitions[0].diagnostics.per_rank[3].per_layer_unique_demands[29],18351
02-partial-fixed-kv,repetitions[0].diagnostics.per_rank[3].per_layer_unique_demands[30],19622
02-partial-fixed-kv,repetitions[0].diagnostics.per_rank[3].per_layer_unique_demands[31],19762
02-partial-fixed-kv,repetitions[0].diagnostics.per_rank[3].per_layer_unique_demands[32],17460
02-partial-fixed-kv,repetitions[0].diagnostics.per_rank[3].per_layer_unique_demands[33],16201
02-partial-fixed-kv,repetitions[0].diagnostics.per_rank[3].per_layer_unique_demands[34],15768
02-partial-fixed-kv,repetitions[0].diagnostics.per_rank[3].per_layer_unique_demands[35],16998
02-partial-fixed-kv,repetitions[0].diagnostics.per_rank[3].per_layer_unique_demands[36],15212
02-partial-fixed-kv,repetitions[0].diagnostics.per_rank[3].per_layer_unique_demands[37],15679
02-partial-fixed-kv,repetitions[0].diagnostics.per_rank[3].per_layer_unique_demands[38],16828
02-partial-fixed-kv,repetitions[0].diagnostics.per_rank[3].per_layer_unique_demands[39],17982
02-partial-fixed-kv,repetitions[0].diagnostics.per_rank[3].per_layer_unique_demands[40],17607
02-partial-fixed-kv,repetitions[0].diagnostics.per_rank[3].per_layer_unique_demands[41],17480
02-partial-fixed-kv,repetitions[0].diagnostics.per_rank[3].per_layer_unique_demands[42],17145
02-partial-fixed-kv,repetitions[0].diagnostics.per_rank[3].per_layer_unique_demands[43],16190
02-partial-fixed-kv,repetitions[0].diagnostics.per_rank[3].per_layer_unique_demands[44],16459
02-partial-fixed-kv,repetitions[0].diagnostics.per_rank[3].per_layer_unique_demands[45],16011
02-partial-fixed-kv,repetitions[0].diagnostics.per_rank[3].per_layer_unique_demands[46],15738
02-partial-fixed-kv,repetitions[0].diagnostics.per_rank[3].per_layer_unique_demands[47],17116
02-partial-fixed-kv,repetitions[0].diagnostics.per_rank[3].per_layer_mean_unique_coverage[0],0.501513671875
02-partial-fixed-kv,repetitions[0].diagnostics.per_rank[3].per_layer_mean_unique_coverage[1],0.4005126953125
02-partial-fixed-kv,repetitions[0].diagnostics.per_rank[3].per_layer_mean_unique_coverage[2],0.510986328125
02-partial-fixed-kv,repetitions[0].diagnostics.per_rank[3].per_layer_mean_unique_coverage[3],0.368408203125
02-partial-fixed-kv,repetitions[0].diagnostics.per_rank[3].per_layer_mean_unique_coverage[4],0.398876953125
02-partial-fixed-kv,repetitions[0].diagnostics.per_rank[3].per_layer_mean_unique_coverage[5],0.4381591796875
02-partial-fixed-kv,repetitions[0].diagnostics.per_rank[3].per_layer_mean_unique_coverage[6],0.482373046875
02-partial-fixed-kv,repetitions[0].diagnostics.per_rank[3].per_layer_mean_unique_coverage[7],0.4752197265625
02-partial-fixed-kv,repetitions[0].diagnostics.per_rank[3].per_layer_mean_unique_coverage[8],0.4088134765625
02-partial-fixed-kv,repetitions[0].diagnostics.per_rank[3].per_layer_mean_unique_coverage[9],0.36845703125
02-partial-fixed-kv,repetitions[0].diagnostics.per_rank[3].per_layer_mean_unique_coverage[10],0.3667236328125
02-partial-fixed-kv,repetitions[0].diagnostics.per_rank[3].per_layer_mean_unique_coverage[11],0.3970703125
02-partial-fixed-kv,repetitions[0].diagnostics.per_rank[3].per_layer_mean_unique_coverage[12],0.33720703125
02-partial-fixed-kv,repetitions[0].diagnostics.per_rank[3].per_layer_mean_unique_coverage[13],0.3611572265625
02-partial-fixed-kv,repetitions[0].diagnostics.per_rank[3].per_layer_mean_unique_coverage[14],0.4005615234375
02-partial-fixed-kv,repetitions[0].diagnostics.per_rank[3].per_layer_mean_unique_coverage[15],0.4337890625
02-partial-fixed-kv,repetitions[0].diagnostics.per_rank[3].per_layer_mean_unique_coverage[16],0.3954833984375
02-partial-fixed-kv,repetitions[0].diagnostics.per_rank[3].per_layer_mean_unique_coverage[17],0.4371337890625
02-partial-fixed-kv,repetitions[0].diagnostics.per_rank[3].per_layer_mean_unique_coverage[18],0.472314453125
02-partial-fixed-kv,repetitions[0].diagnostics.per_rank[3].per_layer_mean_unique_coverage[19],0.475439453125
02-partial-fixed-kv,repetitions[0].diagnostics.per_rank[3].per_layer_mean_unique_coverage[20],0.4005859375
02-partial-fixed-kv,repetitions[0].diagnostics.per_rank[3].per_layer_mean_unique_coverage[21],0.362158203125
02-partial-fixed-kv,repetitions[0].diagnostics.per_rank[3].per_layer_mean_unique_coverage[22],0.3635009765625
02-partial-fixed-kv,repetitions[0].diagnostics.per_rank[3].per_layer_mean_unique_coverage[23],0.394287109375
02-partial-fixed-kv,repetitions[0].diagnostics.per_rank[3].per_layer_mean_unique_coverage[24],0.347607421875
02-partial-fixed-kv,repetitions[0].diagnostics.per_rank[3].per_layer_mean_unique_coverage[25],0.3656005859375
02-partial-fixed-kv,repetitions[0].diagnostics.per_rank[3].per_layer_mean_unique_coverage[26],0.4029296875
02-partial-fixed-kv,repetitions[0].diagnostics.per_rank[3].per_layer_mean_unique_coverage[27],0.442041015625
02-partial-fixed-kv,repetitions[0].diagnostics.per_rank[3].per_layer_mean_unique_coverage[28],0.4052490234375
02-partial-fixed-kv,repetitions[0].diagnostics.per_rank[3].per_layer_mean_unique_coverage[29],0.4480224609375
02-partial-fixed-kv,repetitions[0].diagnostics.per_rank[3].per_layer_mean_unique_coverage[30],0.479052734375
02-partial-fixed-kv,repetitions[0].diagnostics.per_rank[3].per_layer_mean_unique_coverage[31],0.482470703125
02-partial-fixed-kv,repetitions[0].diagnostics.per_rank[3].per_layer_mean_unique_coverage[32],0.42626953125
02-partial-fixed-kv,repetitions[0].diagnostics.per_rank[3].per_layer_mean_unique_coverage[33],0.3955322265625
02-partial-fixed-kv,repetitions[0].diagnostics.per_rank[3].per_layer_mean_unique_coverage[34],0.3849609375
02-partial-fixed-kv,repetitions[0].diagnostics.per_rank[3].per_layer_mean_unique_coverage[35],0.414990234375
02-partial-fixed-kv,repetitions[0].diagnostics.per_rank[3].per_layer_mean_unique_coverage[36],0.37138671875
02-partial-fixed-kv,repetitions[0].diagnostics.per_rank[3].per_layer_mean_unique_coverage[37],0.3827880859375
02-partial-fixed-kv,repetitions[0].diagnostics.per_rank[3].per_layer_mean_unique_coverage[38],0.41083984375
02-partial-fixed-kv,repetitions[0].diagnostics.per_rank[3].per_layer_mean_unique_coverage[39],0.439013671875
02-partial-fixed-kv,repetitions[0].diagnostics.per_rank[3].per_layer_mean_unique_coverage[40],0.4298583984375
02-partial-fixed-kv,repetitions[0].diagnostics.per_rank[3].per_layer_mean_unique_coverage[41],0.4267578125
02-partial-fixed-kv,repetitions[0].diagnostics.per_rank[3].per_layer_mean_unique_coverage[42],0.4185791015625
02-partial-fixed-kv,repetitions[0].diagnostics.per_rank[3].per_layer_mean_unique_coverage[43],0.395263671875
02-partial-fixed-kv,repetitions[0].diagnostics.per_rank[3].per_layer_mean_unique_coverage[44],0.4018310546875
02-partial-fixed-kv,repetitions[0].diagnostics.per_rank[3].per_layer_mean_unique_coverage[45],0.3908935546875
02-partial-fixed-kv,repetitions[0].diagnostics.per_rank[3].per_layer_mean_unique_coverage[46],0.384228515625
02-partial-fixed-kv,repetitions[0].diagnostics.per_rank[3].per_layer_mean_unique_coverage[47],0.41787109375
02-partial-fixed-kv,repetitions[0].diagnostics.per_rank[3].gauge_snapshot.max_unique_per_forward,509
02-partial-fixed-kv,repetitions[0].diagnostics.per_rank[3].gauge_snapshot.mean_unique_coverage,0.3745112716059982
02-partial-fixed-kv,repetitions[0].diagnostics.per_rank[3].gauge_snapshot.per_layer_max_unique_per_forward[0],500
02-partial-fixed-kv,repetitions[0].diagnostics.per_rank[3].gauge_snapshot.per_layer_max_unique_per_forward[1],437
02-partial-fixed-kv,repetitions[0].diagnostics.per_rank[3].gauge_snapshot.per_layer_max_unique_per_forward[2],509
02-partial-fixed-kv,repetitions[0].diagnostics.per_rank[3].gauge_snapshot.per_layer_max_unique_per_forward[3],436
02-partial-fixed-kv,repetitions[0].diagnostics.per_rank[3].gauge_snapshot.per_layer_max_unique_per_forward[4],434
02-partial-fixed-kv,repetitions[0].diagnostics.per_rank[3].gauge_snapshot.per_layer_max_unique_per_forward[5],468
02-partial-fixed-kv,repetitions[0].diagnostics.per_rank[3].gauge_snapshot.per_layer_max_unique_per_forward[6],500
02-partial-fixed-kv,repetitions[0].diagnostics.per_rank[3].gauge_snapshot.per_layer_max_unique_per_forward[7],494
02-partial-fixed-kv,repetitions[0].diagnostics.per_rank[3].gauge_snapshot.per_layer_max_unique_per_forward[8],472
02-partial-fixed-kv,repetitions[0].diagnostics.per_rank[3].gauge_snapshot.per_layer_max_unique_per_forward[9],419
02-partial-fixed-kv,repetitions[0].diagnostics.per_rank[3].gauge_snapshot.per_layer_max_unique_per_forward[10],420
02-partial-fixed-kv,repetitions[0].diagnostics.per_rank[3].gauge_snapshot.per_layer_max_unique_per_forward[11],441
02-partial-fixed-kv,repetitions[0].diagnostics.per_rank[3].gauge_snapshot.per_layer_max_unique_per_forward[12],410
02-partial-fixed-kv,repetitions[0].diagnostics.per_rank[3].gauge_snapshot.per_layer_max_unique_per_forward[13],407
02-partial-fixed-kv,repetitions[0].diagnostics.per_rank[3].gauge_snapshot.per_layer_max_unique_per_forward[14],450
02-partial-fixed-kv,repetitions[0].diagnostics.per_rank[3].gauge_snapshot.per_layer_max_unique_per_forward[15],478
02-partial-fixed-kv,repetitions[0].diagnostics.per_rank[3].gauge_snapshot.per_layer_max_unique_per_forward[16],445
02-partial-fixed-kv,repetitions[0].diagnostics.per_rank[3].gauge_snapshot.per_layer_max_unique_per_forward[17],473
02-partial-fixed-kv,repetitions[0].diagnostics.per_rank[3].gauge_snapshot.per_layer_max_unique_per_forward[18],502
02-partial-fixed-kv,repetitions[0].diagnostics.per_rank[3].gauge_snapshot.per_layer_max_unique_per_forward[19],497
02-partial-fixed-kv,repetitions[0].diagnostics.per_rank[3].gauge_snapshot.per_layer_max_unique_per_forward[20],461
02-partial-fixed-kv,repetitions[0].diagnostics.per_rank[3].gauge_snapshot.per_layer_max_unique_per_forward[21],423
02-partial-fixed-kv,repetitions[0].diagnostics.per_rank[3].gauge_snapshot.per_layer_max_unique_per_forward[22],427
02-partial-fixed-kv,repetitions[0].diagnostics.per_rank[3].gauge_snapshot.per_layer_max_unique_per_forward[23],448
02-partial-fixed-kv,repetitions[0].diagnostics.per_rank[3].gauge_snapshot.per_layer_max_unique_per_forward[24],409
02-partial-fixed-kv,repetitions[0].diagnostics.per_rank[3].gauge_snapshot.per_layer_max_unique_per_forward[25],425
02-partial-fixed-kv,repetitions[0].diagnostics.per_rank[3].gauge_snapshot.per_layer_max_unique_per_forward[26],462
02-partial-fixed-kv,repetitions[0].diagnostics.per_rank[3].gauge_snapshot.per_layer_max_unique_per_forward[27],484
02-partial-fixed-kv,repetitions[0].diagnostics.per_rank[3].gauge_snapshot.per_layer_max_unique_per_forward[28],462
02-partial-fixed-kv,repetitions[0].diagnostics.per_rank[3].gauge_snapshot.per_layer_max_unique_per_forward[29],485
02-partial-fixed-kv,repetitions[0].diagnostics.per_rank[3].gauge_snapshot.per_layer_max_unique_per_forward[30],499
02-partial-fixed-kv,repetitions[0].diagnostics.per_rank[3].gauge_snapshot.per_layer_max_unique_per_forward[31],502
02-partial-fixed-kv,repetitions[0].diagnostics.per_rank[3].gauge_snapshot.per_layer_max_unique_per_forward[32],474
02-partial-fixed-kv,repetitions[0].diagnostics.per_rank[3].gauge_snapshot.per_layer_max_unique_per_forward[33],453
02-partial-fixed-kv,repetitions[0].diagnostics.per_rank[3].gauge_snapshot.per_layer_max_unique_per_forward[34],449
02-partial-fixed-kv,repetitions[0].diagnostics.per_rank[3].gauge_snapshot.per_layer_max_unique_per_forward[35],463
02-partial-fixed-kv,repetitions[0].diagnostics.per_rank[3].gauge_snapshot.per_layer_max_unique_per_forward[36],434
02-partial-fixed-kv,repetitions[0].diagnostics.per_rank[3].gauge_snapshot.per_layer_max_unique_per_forward[37],437
02-partial-fixed-kv,repetitions[0].diagnostics.per_rank[3].gauge_snapshot.per_layer_max_unique_per_forward[38],459
02-partial-fixed-kv,repetitions[0].diagnostics.per_rank[3].gauge_snapshot.per_layer_max_unique_per_forward[39],474
02-partial-fixed-kv,repetitions[0].diagnostics.per_rank[3].gauge_snapshot.per_layer_max_unique_per_forward[40],469
02-partial-fixed-kv,repetitions[0].diagnostics.per_rank[3].gauge_snapshot.per_layer_max_unique_per_forward[41],450
02-partial-fixed-kv,repetitions[0].diagnostics.per_rank[3].gauge_snapshot.per_layer_max_unique_per_forward[42],445
02-partial-fixed-kv,repetitions[0].diagnostics.per_rank[3].gauge_snapshot.per_layer_max_unique_per_forward[43],423
02-partial-fixed-kv,repetitions[0].diagnostics.per_rank[3].gauge_snapshot.per_layer_max_unique_per_forward[44],431
02-partial-fixed-kv,repetitions[0].diagnostics.per_rank[3].gauge_snapshot.per_layer_max_unique_per_forward[45],424
02-partial-fixed-kv,repetitions[0].diagnostics.per_rank[3].gauge_snapshot.per_layer_max_unique_per_forward[46],416
02-partial-fixed-kv,repetitions[0].diagnostics.per_rank[3].gauge_snapshot.per_layer_max_unique_per_forward[47],442
02-partial-fixed-kv,repetitions[0].diagnostics.per_rank[3].policy_snapshot.resident_experts,12288
02-partial-fixed-kv,repetitions[0].diagnostics.per_rank[3].policy_snapshot.cache_slots,256
02-partial-fixed-kv,repetitions[0].diagnostics.per_rank[3].policy_snapshot.cache_entries,256
02-partial-fixed-kv,repetitions[0].diagnostics.per_rank[3].policy_snapshot.cache_hit_ratio,0.04611723457501091
02-partial-fixed-kv,repetitions[0].diagnostics.per_rank[3].kernel_config_records.capacity,64
02-partial-fixed-kv,repetitions[0].diagnostics.per_rank[3].kernel_config_records.unrecorded_selections,0
02-partial-fixed-kv,repetitions[0].diagnostics.per_rank[3].kernel_config_records.records[0].chunk_tokens,8192
02-partial-fixed-kv,repetitions[0].diagnostics.per_rank[3].kernel_config_records.records[0].top_k,10
02-partial-fixed-kv,repetitions[0].diagnostics.per_rank[3].kernel_config_records.records[0].selections,816
02-partial-fixed-kv,repetitions[0].diagnostics.per_rank[3].kernel_config_records.records[0].w13_shape[0],512
02-partial-fixed-kv,repetitions[0].diagnostics.per_rank[3].kernel_config_records.records[0].w13_shape[1],256
02-partial-fixed-kv,repetitions[0].diagnostics.per_rank[3].kernel_config_records.records[0].w13_shape[2],2048
02-partial-fixed-kv,repetitions[0].diagnostics.per_rank[3].kernel_config_records.records[0].w2_shape[0],512
02-partial-fixed-kv,repetitions[0].diagnostics.per_rank[3].kernel_config_records.records[0].w2_shape[1],2048
02-partial-fixed-kv,repetitions[0].diagnostics.per_rank[3].kernel_config_records.records[0].w2_shape[2],128
02-partial-fixed-kv,repetitions[0].diagnostics.per_rank[3].kernel_config_records.records[0].config.BLOCK_SIZE_K,64
02-partial-fixed-kv,repetitions[0].diagnostics.per_rank[3].kernel_config_records.records[0].config.BLOCK_SIZE_M,128
02-partial-fixed-kv,repetitions[0].diagnostics.per_rank[3].kernel_config_records.records[0].config.BLOCK_SIZE_N,128
02-partial-fixed-kv,repetitions[0].diagnostics.per_rank[3].kernel_config_records.records[0].config.GROUP_SIZE_M,64
02-partial-fixed-kv,repetitions[0].diagnostics.per_rank[3].kernel_config_records.records[0].config.num_stages,3
02-partial-fixed-kv,repetitions[0].diagnostics.per_rank[3].kernel_config_records.records[0].config.num_warps,8
02-partial-fixed-kv,repetitions[0].diagnostics.per_rank[3].kernel_config_records.records[1].chunk_tokens,32
02-partial-fixed-kv,repetitions[0].diagnostics.per_rank[3].kernel_config_records.records[1].top_k,10
02-partial-fixed-kv,repetitions[0].diagnostics.per_rank[3].kernel_config_records.records[1].selections,2304
02-partial-fixed-kv,repetitions[0].diagnostics.per_rank[3].kernel_config_records.records[1].w13_shape[0],512
02-partial-fixed-kv,repetitions[0].diagnostics.per_rank[3].kernel_config_records.records[1].w13_shape[1],256
02-partial-fixed-kv,repetitions[0].diagnostics.per_rank[3].kernel_config_records.records[1].w13_shape[2],2048
02-partial-fixed-kv,repetitions[0].diagnostics.per_rank[3].kernel_config_records.records[1].w2_shape[0],512
02-partial-fixed-kv,repetitions[0].diagnostics.per_rank[3].kernel_config_records.records[1].w2_shape[1],2048
02-partial-fixed-kv,repetitions[0].diagnostics.per_rank[3].kernel_config_records.records[1].w2_shape[2],128
02-partial-fixed-kv,repetitions[0].diagnostics.per_rank[3].kernel_config_records.records[1].config.BLOCK_SIZE_K,64
02-partial-fixed-kv,repetitions[0].diagnostics.per_rank[3].kernel_config_records.records[1].config.BLOCK_SIZE_M,16
02-partial-fixed-kv,repetitions[0].diagnostics.per_rank[3].kernel_config_records.records[1].config.BLOCK_SIZE_N,128
02-partial-fixed-kv,repetitions[0].diagnostics.per_rank[3].kernel_config_records.records[1].config.GROUP_SIZE_M,1
02-partial-fixed-kv,repetitions[0].diagnostics.per_rank[3].kernel_config_records.records[1].config.num_stages,3
02-partial-fixed-kv,repetitions[0].diagnostics.per_rank[3].kernel_config_records.records[1].config.num_warps,8
02-partial-fixed-kv,repetitions[0].diagnostics.per_rank[3].kernel_config_records.records[2].chunk_tokens,4096
02-partial-fixed-kv,repetitions[0].diagnostics.per_rank[3].kernel_config_records.records[2].top_k,10
02-partial-fixed-kv,repetitions[0].diagnostics.per_rank[3].kernel_config_records.records[2].selections,96
02-partial-fixed-kv,repetitions[0].diagnostics.per_rank[3].kernel_config_records.records[2].w13_shape[0],512
02-partial-fixed-kv,repetitions[0].diagnostics.per_rank[3].kernel_config_records.records[2].w13_shape[1],256
02-partial-fixed-kv,repetitions[0].diagnostics.per_rank[3].kernel_config_records.records[2].w13_shape[2],2048
02-partial-fixed-kv,repetitions[0].diagnostics.per_rank[3].kernel_config_records.records[2].w2_shape[0],512
02-partial-fixed-kv,repetitions[0].diagnostics.per_rank[3].kernel_config_records.records[2].w2_shape[1],2048
02-partial-fixed-kv,repetitions[0].diagnostics.per_rank[3].kernel_config_records.records[2].w2_shape[2],128
02-partial-fixed-kv,repetitions[0].diagnostics.per_rank[3].kernel_config_records.records[2].config.BLOCK_SIZE_K,64
02-partial-fixed-kv,repetitions[0].diagnostics.per_rank[3].kernel_config_records.records[2].config.BLOCK_SIZE_M,128
02-partial-fixed-kv,repetitions[0].diagnostics.per_rank[3].kernel_config_records.records[2].config.BLOCK_SIZE_N,128
02-partial-fixed-kv,repetitions[0].diagnostics.per_rank[3].kernel_config_records.records[2].config.GROUP_SIZE_M,64
02-partial-fixed-kv,repetitions[0].diagnostics.per_rank[3].kernel_config_records.records[2].config.num_stages,3
02-partial-fixed-kv,repetitions[0].diagnostics.per_rank[3].kernel_config_records.records[2].config.num_warps,8
02-partial-fixed-kv,repetitions[0].diagnostics.per_rank[3].kernel_config_records.records[3].chunk_tokens,1
02-partial-fixed-kv,repetitions[0].diagnostics.per_rank[3].kernel_config_records.records[3].top_k,10
02-partial-fixed-kv,repetitions[0].diagnostics.per_rank[3].kernel_config_records.records[3].selections,336
02-partial-fixed-kv,repetitions[0].diagnostics.per_rank[3].kernel_config_records.records[3].w13_shape[0],512
02-partial-fixed-kv,repetitions[0].diagnostics.per_rank[3].kernel_config_records.records[3].w13_shape[1],256
02-partial-fixed-kv,repetitions[0].diagnostics.per_rank[3].kernel_config_records.records[3].w13_shape[2],2048
02-partial-fixed-kv,repetitions[0].diagnostics.per_rank[3].kernel_config_records.records[3].w2_shape[0],512
02-partial-fixed-kv,repetitions[0].diagnostics.per_rank[3].kernel_config_records.records[3].w2_shape[1],2048
02-partial-fixed-kv,repetitions[0].diagnostics.per_rank[3].kernel_config_records.records[3].w2_shape[2],128
02-partial-fixed-kv,repetitions[0].diagnostics.per_rank[3].kernel_config_records.records[3].config.BLOCK_SIZE_K,64
02-partial-fixed-kv,repetitions[0].diagnostics.per_rank[3].kernel_config_records.records[3].config.BLOCK_SIZE_M,16
02-partial-fixed-kv,repetitions[0].diagnostics.per_rank[3].kernel_config_records.records[3].config.BLOCK_SIZE_N,32
02-partial-fixed-kv,repetitions[0].diagnostics.per_rank[3].kernel_config_records.records[3].config.GROUP_SIZE_M,1
02-partial-fixed-kv,repetitions[0].diagnostics.per_rank[3].kernel_config_records.records[3].config.num_stages,4
02-partial-fixed-kv,repetitions[0].diagnostics.per_rank[3].kernel_config_records.records[3].config.num_warps,4
02-partial-fixed-kv,repetitions[0].diagnostics.per_rank[3].kernel_config_records.records[4].chunk_tokens,4337
02-partial-fixed-kv,repetitions[0].diagnostics.per_rank[3].kernel_config_records.records[4].top_k,10
02-partial-fixed-kv,repetitions[0].diagnostics.per_rank[3].kernel_config_records.records[4].selections,48
02-partial-fixed-kv,repetitions[0].diagnostics.per_rank[3].kernel_config_records.records[4].w13_shape[0],512
02-partial-fixed-kv,repetitions[0].diagnostics.per_rank[3].kernel_config_records.records[4].w13_shape[1],256
02-partial-fixed-kv,repetitions[0].diagnostics.per_rank[3].kernel_config_records.records[4].w13_shape[2],2048
02-partial-fixed-kv,repetitions[0].diagnostics.per_rank[3].kernel_config_records.records[4].w2_shape[0],512
02-partial-fixed-kv,repetitions[0].diagnostics.per_rank[3].kernel_config_records.records[4].w2_shape[1],2048
02-partial-fixed-kv,repetitions[0].diagnostics.per_rank[3].kernel_config_records.records[4].w2_shape[2],128
02-partial-fixed-kv,repetitions[0].diagnostics.per_rank[3].kernel_config_records.records[4].config.BLOCK_SIZE_K,64
02-partial-fixed-kv,repetitions[0].diagnostics.per_rank[3].kernel_config_records.records[4].config.BLOCK_SIZE_M,128
02-partial-fixed-kv,repetitions[0].diagnostics.per_rank[3].kernel_config_records.records[4].config.BLOCK_SIZE_N,128
02-partial-fixed-kv,repetitions[0].diagnostics.per_rank[3].kernel_config_records.records[4].config.GROUP_SIZE_M,64
02-partial-fixed-kv,repetitions[0].diagnostics.per_rank[3].kernel_config_records.records[4].config.num_stages,3
02-partial-fixed-kv,repetitions[0].diagnostics.per_rank[3].kernel_config_records.records[4].config.num_warps,8
02-partial-fixed-kv,repetitions[0].diagnostics.per_rank[3].kernel_config_records.records[5].chunk_tokens,31
02-partial-fixed-kv,repetitions[0].diagnostics.per_rank[3].kernel_config_records.records[5].top_k,10
02-partial-fixed-kv,repetitions[0].diagnostics.per_rank[3].kernel_config_records.records[5].selections,48
02-partial-fixed-kv,repetitions[0].diagnostics.per_rank[3].kernel_config_records.records[5].w13_shape[0],512
02-partial-fixed-kv,repetitions[0].diagnostics.per_rank[3].kernel_config_records.records[5].w13_shape[1],256
02-partial-fixed-kv,repetitions[0].diagnostics.per_rank[3].kernel_config_records.records[5].w13_shape[2],2048
02-partial-fixed-kv,repetitions[0].diagnostics.per_rank[3].kernel_config_records.records[5].w2_shape[0],512
02-partial-fixed-kv,repetitions[0].diagnostics.per_rank[3].kernel_config_records.records[5].w2_shape[1],2048
02-partial-fixed-kv,repetitions[0].diagnostics.per_rank[3].kernel_config_records.records[5].w2_shape[2],128
02-partial-fixed-kv,repetitions[0].diagnostics.per_rank[3].kernel_config_records.records[5].config.BLOCK_SIZE_K,64
02-partial-fixed-kv,repetitions[0].diagnostics.per_rank[3].kernel_config_records.records[5].config.BLOCK_SIZE_M,16
02-partial-fixed-kv,repetitions[0].diagnostics.per_rank[3].kernel_config_records.records[5].config.BLOCK_SIZE_N,128
02-partial-fixed-kv,repetitions[0].diagnostics.per_rank[3].kernel_config_records.records[5].config.GROUP_SIZE_M,1
02-partial-fixed-kv,repetitions[0].diagnostics.per_rank[3].kernel_config_records.records[5].config.num_stages,3
02-partial-fixed-kv,repetitions[0].diagnostics.per_rank[3].kernel_config_records.records[5].config.num_warps,8
02-partial-fixed-kv,repetitions[0].diagnostics.per_rank[3].kernel_config_records.records[6].chunk_tokens,30
02-partial-fixed-kv,repetitions[0].diagnostics.per_rank[3].kernel_config_records.records[6].top_k,10
02-partial-fixed-kv,repetitions[0].diagnostics.per_rank[3].kernel_config_records.records[6].selections,48
02-partial-fixed-kv,repetitions[0].diagnostics.per_rank[3].kernel_config_records.records[6].w13_shape[0],512
02-partial-fixed-kv,repetitions[0].diagnostics.per_rank[3].kernel_config_records.records[6].w13_shape[1],256
02-partial-fixed-kv,repetitions[0].diagnostics.per_rank[3].kernel_config_records.records[6].w13_shape[2],2048
02-partial-fixed-kv,repetitions[0].diagnostics.per_rank[3].kernel_config_records.records[6].w2_shape[0],512
02-partial-fixed-kv,repetitions[0].diagnostics.per_rank[3].kernel_config_records.records[6].w2_shape[1],2048
02-partial-fixed-kv,repetitions[0].diagnostics.per_rank[3].kernel_config_records.records[6].w2_shape[2],128
02-partial-fixed-kv,repetitions[0].diagnostics.per_rank[3].kernel_config_records.records[6].config.BLOCK_SIZE_K,64
02-partial-fixed-kv,repetitions[0].diagnostics.per_rank[3].kernel_config_records.records[6].config.BLOCK_SIZE_M,16
02-partial-fixed-kv,repetitions[0].diagnostics.per_rank[3].kernel_config_records.records[6].config.BLOCK_SIZE_N,128
02-partial-fixed-kv,repetitions[0].diagnostics.per_rank[3].kernel_config_records.records[6].config.GROUP_SIZE_M,1
02-partial-fixed-kv,repetitions[0].diagnostics.per_rank[3].kernel_config_records.records[6].config.num_stages,3
02-partial-fixed-kv,repetitions[0].diagnostics.per_rank[3].kernel_config_records.records[6].config.num_warps,8
02-partial-fixed-kv,repetitions[0].diagnostics.per_rank[3].kernel_config_records.records[7].chunk_tokens,28
02-partial-fixed-kv,repetitions[0].diagnostics.per_rank[3].kernel_config_records.records[7].top_k,10
02-partial-fixed-kv,repetitions[0].diagnostics.per_rank[3].kernel_config_records.records[7].selections,48
02-partial-fixed-kv,repetitions[0].diagnostics.per_rank[3].kernel_config_records.records[7].w13_shape[0],512
02-partial-fixed-kv,repetitions[0].diagnostics.per_rank[3].kernel_config_records.records[7].w13_shape[1],256
02-partial-fixed-kv,repetitions[0].diagnostics.per_rank[3].kernel_config_records.records[7].w13_shape[2],2048
02-partial-fixed-kv,repetitions[0].diagnostics.per_rank[3].kernel_config_records.records[7].w2_shape[0],512
02-partial-fixed-kv,repetitions[0].diagnostics.per_rank[3].kernel_config_records.records[7].w2_shape[1],2048
02-partial-fixed-kv,repetitions[0].diagnostics.per_rank[3].kernel_config_records.records[7].w2_shape[2],128
02-partial-fixed-kv,repetitions[0].diagnostics.per_rank[3].kernel_config_records.records[7].config.BLOCK_SIZE_K,64
02-partial-fixed-kv,repetitions[0].diagnostics.per_rank[3].kernel_config_records.records[7].config.BLOCK_SIZE_M,32
02-partial-fixed-kv,repetitions[0].diagnostics.per_rank[3].kernel_config_records.records[7].config.BLOCK_SIZE_N,128
02-partial-fixed-kv,repetitions[0].diagnostics.per_rank[3].kernel_config_records.records[7].config.GROUP_SIZE_M,1
02-partial-fixed-kv,repetitions[0].diagnostics.per_rank[3].kernel_config_records.records[7].config.num_stages,3
02-partial-fixed-kv,repetitions[0].diagnostics.per_rank[3].kernel_config_records.records[7].config.num_warps,4
02-partial-fixed-kv,repetitions[0].diagnostics.per_rank[3].kernel_config_records.records[8].chunk_tokens,26
02-partial-fixed-kv,repetitions[0].diagnostics.per_rank[3].kernel_config_records.records[8].top_k,10
02-partial-fixed-kv,repetitions[0].diagnostics.per_rank[3].kernel_config_records.records[8].selections,48
02-partial-fixed-kv,repetitions[0].diagnostics.per_rank[3].kernel_config_records.records[8].w13_shape[0],512
02-partial-fixed-kv,repetitions[0].diagnostics.per_rank[3].kernel_config_records.records[8].w13_shape[1],256
02-partial-fixed-kv,repetitions[0].diagnostics.per_rank[3].kernel_config_records.records[8].w13_shape[2],2048
02-partial-fixed-kv,repetitions[0].diagnostics.per_rank[3].kernel_config_records.records[8].w2_shape[0],512
02-partial-fixed-kv,repetitions[0].diagnostics.per_rank[3].kernel_config_records.records[8].w2_shape[1],2048
02-partial-fixed-kv,repetitions[0].diagnostics.per_rank[3].kernel_config_records.records[8].w2_shape[2],128
02-partial-fixed-kv,repetitions[0].diagnostics.per_rank[3].kernel_config_records.records[8].config.BLOCK_SIZE_K,64
02-partial-fixed-kv,repetitions[0].diagnostics.per_rank[3].kernel_config_records.records[8].config.BLOCK_SIZE_M,32
02-partial-fixed-kv,repetitions[0].diagnostics.per_rank[3].kernel_config_records.records[8].config.BLOCK_SIZE_N,128
02-partial-fixed-kv,repetitions[0].diagnostics.per_rank[3].kernel_config_records.records[8].config.GROUP_SIZE_M,1
02-partial-fixed-kv,repetitions[0].diagnostics.per_rank[3].kernel_config_records.records[8].config.num_stages,3
02-partial-fixed-kv,repetitions[0].diagnostics.per_rank[3].kernel_config_records.records[8].config.num_warps,4
02-partial-fixed-kv,repetitions[0].diagnostics.per_rank[3].kernel_config_records.records[9].chunk_tokens,24
02-partial-fixed-kv,repetitions[0].diagnostics.per_rank[3].kernel_config_records.records[9].top_k,10
02-partial-fixed-kv,repetitions[0].diagnostics.per_rank[3].kernel_config_records.records[9].selections,48
02-partial-fixed-kv,repetitions[0].diagnostics.per_rank[3].kernel_config_records.records[9].w13_shape[0],512
02-partial-fixed-kv,repetitions[0].diagnostics.per_rank[3].kernel_config_records.records[9].w13_shape[1],256
02-partial-fixed-kv,repetitions[0].diagnostics.per_rank[3].kernel_config_records.records[9].w13_shape[2],2048
02-partial-fixed-kv,repetitions[0].diagnostics.per_rank[3].kernel_config_records.records[9].w2_shape[0],512
02-partial-fixed-kv,repetitions[0].diagnostics.per_rank[3].kernel_config_records.records[9].w2_shape[1],2048
02-partial-fixed-kv,repetitions[0].diagnostics.per_rank[3].kernel_config_records.records[9].w2_shape[2],128
02-partial-fixed-kv,repetitions[0].diagnostics.per_rank[3].kernel_config_records.records[9].config.BLOCK_SIZE_K,64
02-partial-fixed-kv,repetitions[0].diagnostics.per_rank[3].kernel_config_records.records[9].config.BLOCK_SIZE_M,32
02-partial-fixed-kv,repetitions[0].diagnostics.per_rank[3].kernel_config_records.records[9].config.BLOCK_SIZE_N,128
02-partial-fixed-kv,repetitions[0].diagnostics.per_rank[3].kernel_config_records.records[9].config.GROUP_SIZE_M,1
02-partial-fixed-kv,repetitions[0].diagnostics.per_rank[3].kernel_config_records.records[9].config.num_stages,3
02-partial-fixed-kv,repetitions[0].diagnostics.per_rank[3].kernel_config_records.records[9].config.num_warps,4
02-partial-fixed-kv,repetitions[0].diagnostics.per_rank[3].kernel_config_records.records[10].chunk_tokens,22
02-partial-fixed-kv,repetitions[0].diagnostics.per_rank[3].kernel_config_records.records[10].top_k,10
02-partial-fixed-kv,repetitions[0].diagnostics.per_rank[3].kernel_config_records.records[10].selections,48
02-partial-fixed-kv,repetitions[0].diagnostics.per_rank[3].kernel_config_records.records[10].w13_shape[0],512
02-partial-fixed-kv,repetitions[0].diagnostics.per_rank[3].kernel_config_records.records[10].w13_shape[1],256
02-partial-fixed-kv,repetitions[0].diagnostics.per_rank[3].kernel_config_records.records[10].w13_shape[2],2048
02-partial-fixed-kv,repetitions[0].diagnostics.per_rank[3].kernel_config_records.records[10].w2_shape[0],512
02-partial-fixed-kv,repetitions[0].diagnostics.per_rank[3].kernel_config_records.records[10].w2_shape[1],2048
02-partial-fixed-kv,repetitions[0].diagnostics.per_rank[3].kernel_config_records.records[10].w2_shape[2],128
02-partial-fixed-kv,repetitions[0].diagnostics.per_rank[3].kernel_config_records.records[10].config.BLOCK_SIZE_K,64
02-partial-fixed-kv,repetitions[0].diagnostics.per_rank[3].kernel_config_records.records[10].config.BLOCK_SIZE_M,32
02-partial-fixed-kv,repetitions[0].diagnostics.per_rank[3].kernel_config_records.records[10].config.BLOCK_SIZE_N,128
02-partial-fixed-kv,repetitions[0].diagnostics.per_rank[3].kernel_config_records.records[10].config.GROUP_SIZE_M,1
02-partial-fixed-kv,repetitions[0].diagnostics.per_rank[3].kernel_config_records.records[10].config.num_stages,3
02-partial-fixed-kv,repetitions[0].diagnostics.per_rank[3].kernel_config_records.records[10].config.num_warps,4
02-partial-fixed-kv,repetitions[0].diagnostics.per_rank[3].kernel_config_records.records[11].chunk_tokens,20
02-partial-fixed-kv,repetitions[0].diagnostics.per_rank[3].kernel_config_records.records[11].top_k,10
02-partial-fixed-kv,repetitions[0].diagnostics.per_rank[3].kernel_config_records.records[11].selections,48
02-partial-fixed-kv,repetitions[0].diagnostics.per_rank[3].kernel_config_records.records[11].w13_shape[0],512
02-partial-fixed-kv,repetitions[0].diagnostics.per_rank[3].kernel_config_records.records[11].w13_shape[1],256
02-partial-fixed-kv,repetitions[0].diagnostics.per_rank[3].kernel_config_records.records[11].w13_shape[2],2048
02-partial-fixed-kv,repetitions[0].diagnostics.per_rank[3].kernel_config_records.records[11].w2_shape[0],512
02-partial-fixed-kv,repetitions[0].diagnostics.per_rank[3].kernel_config_records.records[11].w2_shape[1],2048
02-partial-fixed-kv,repetitions[0].diagnostics.per_rank[3].kernel_config_records.records[11].w2_shape[2],128
02-partial-fixed-kv,repetitions[0].diagnostics.per_rank[3].kernel_config_records.records[11].config.BLOCK_SIZE_K,64
02-partial-fixed-kv,repetitions[0].diagnostics.per_rank[3].kernel_config_records.records[11].config.BLOCK_SIZE_M,16
02-partial-fixed-kv,repetitions[0].diagnostics.per_rank[3].kernel_config_records.records[11].config.BLOCK_SIZE_N,128
02-partial-fixed-kv,repetitions[0].diagnostics.per_rank[3].kernel_config_records.records[11].config.GROUP_SIZE_M,1
02-partial-fixed-kv,repetitions[0].diagnostics.per_rank[3].kernel_config_records.records[11].config.num_stages,3
02-partial-fixed-kv,repetitions[0].diagnostics.per_rank[3].kernel_config_records.records[11].config.num_warps,4
02-partial-fixed-kv,repetitions[0].diagnostics.per_rank[3].kernel_config_records.records[12].chunk_tokens,18
02-partial-fixed-kv,repetitions[0].diagnostics.per_rank[3].kernel_config_records.records[12].top_k,10
02-partial-fixed-kv,repetitions[0].diagnostics.per_rank[3].kernel_config_records.records[12].selections,48
02-partial-fixed-kv,repetitions[0].diagnostics.per_rank[3].kernel_config_records.records[12].w13_shape[0],512
02-partial-fixed-kv,repetitions[0].diagnostics.per_rank[3].kernel_config_records.records[12].w13_shape[1],256
02-partial-fixed-kv,repetitions[0].diagnostics.per_rank[3].kernel_config_records.records[12].w13_shape[2],2048
02-partial-fixed-kv,repetitions[0].diagnostics.per_rank[3].kernel_config_records.records[12].w2_shape[0],512
02-partial-fixed-kv,repetitions[0].diagnostics.per_rank[3].kernel_config_records.records[12].w2_shape[1],2048
02-partial-fixed-kv,repetitions[0].diagnostics.per_rank[3].kernel_config_records.records[12].w2_shape[2],128
02-partial-fixed-kv,repetitions[0].diagnostics.per_rank[3].kernel_config_records.records[12].config.BLOCK_SIZE_K,64
02-partial-fixed-kv,repetitions[0].diagnostics.per_rank[3].kernel_config_records.records[12].config.BLOCK_SIZE_M,16
02-partial-fixed-kv,repetitions[0].diagnostics.per_rank[3].kernel_config_records.records[12].config.BLOCK_SIZE_N,128
02-partial-fixed-kv,repetitions[0].diagnostics.per_rank[3].kernel_config_records.records[12].config.GROUP_SIZE_M,1
02-partial-fixed-kv,repetitions[0].diagnostics.per_rank[3].kernel_config_records.records[12].config.num_stages,3
02-partial-fixed-kv,repetitions[0].diagnostics.per_rank[3].kernel_config_records.records[12].config.num_warps,4
02-partial-fixed-kv,repetitions[0].diagnostics.per_rank[3].kernel_config_records.records[13].chunk_tokens,16
02-partial-fixed-kv,repetitions[0].diagnostics.per_rank[3].kernel_config_records.records[13].top_k,10
02-partial-fixed-kv,repetitions[0].diagnostics.per_rank[3].kernel_config_records.records[13].selections,48
02-partial-fixed-kv,repetitions[0].diagnostics.per_rank[3].kernel_config_records.records[13].w13_shape[0],512
02-partial-fixed-kv,repetitions[0].diagnostics.per_rank[3].kernel_config_records.records[13].w13_shape[1],256
02-partial-fixed-kv,repetitions[0].diagnostics.per_rank[3].kernel_config_records.records[13].w13_shape[2],2048
02-partial-fixed-kv,repetitions[0].diagnostics.per_rank[3].kernel_config_records.records[13].w2_shape[0],512
02-partial-fixed-kv,repetitions[0].diagnostics.per_rank[3].kernel_config_records.records[13].w2_shape[1],2048
02-partial-fixed-kv,repetitions[0].diagnostics.per_rank[3].kernel_config_records.records[13].w2_shape[2],128
02-partial-fixed-kv,repetitions[0].diagnostics.per_rank[3].kernel_config_records.records[13].config.BLOCK_SIZE_K,64
02-partial-fixed-kv,repetitions[0].diagnostics.per_rank[3].kernel_config_records.records[13].config.BLOCK_SIZE_M,16
02-partial-fixed-kv,repetitions[0].diagnostics.per_rank[3].kernel_config_records.records[13].config.BLOCK_SIZE_N,128
02-partial-fixed-kv,repetitions[0].diagnostics.per_rank[3].kernel_config_records.records[13].config.GROUP_SIZE_M,1
02-partial-fixed-kv,repetitions[0].diagnostics.per_rank[3].kernel_config_records.records[13].config.num_stages,3
02-partial-fixed-kv,repetitions[0].diagnostics.per_rank[3].kernel_config_records.records[13].config.num_warps,4
02-partial-fixed-kv,repetitions[0].diagnostics.per_rank[3].kernel_config_records.records[14].chunk_tokens,14
02-partial-fixed-kv,repetitions[0].diagnostics.per_rank[3].kernel_config_records.records[14].top_k,10
02-partial-fixed-kv,repetitions[0].diagnostics.per_rank[3].kernel_config_records.records[14].selections,48
02-partial-fixed-kv,repetitions[0].diagnostics.per_rank[3].kernel_config_records.records[14].w13_shape[0],512
02-partial-fixed-kv,repetitions[0].diagnostics.per_rank[3].kernel_config_records.records[14].w13_shape[1],256
02-partial-fixed-kv,repetitions[0].diagnostics.per_rank[3].kernel_config_records.records[14].w13_shape[2],2048
02-partial-fixed-kv,repetitions[0].diagnostics.per_rank[3].kernel_config_records.records[14].w2_shape[0],512
02-partial-fixed-kv,repetitions[0].diagnostics.per_rank[3].kernel_config_records.records[14].w2_shape[1],2048
02-partial-fixed-kv,repetitions[0].diagnostics.per_rank[3].kernel_config_records.records[14].w2_shape[2],128
02-partial-fixed-kv,repetitions[0].diagnostics.per_rank[3].kernel_config_records.records[14].config.BLOCK_SIZE_K,64
02-partial-fixed-kv,repetitions[0].diagnostics.per_rank[3].kernel_config_records.records[14].config.BLOCK_SIZE_M,16
02-partial-fixed-kv,repetitions[0].diagnostics.per_rank[3].kernel_config_records.records[14].config.BLOCK_SIZE_N,128
02-partial-fixed-kv,repetitions[0].diagnostics.per_rank[3].kernel_config_records.records[14].config.GROUP_SIZE_M,1
02-partial-fixed-kv,repetitions[0].diagnostics.per_rank[3].kernel_config_records.records[14].config.num_stages,3
02-partial-fixed-kv,repetitions[0].diagnostics.per_rank[3].kernel_config_records.records[14].config.num_warps,4
02-partial-fixed-kv,repetitions[0].diagnostics.per_rank[3].kernel_config_records.records[15].chunk_tokens,12
02-partial-fixed-kv,repetitions[0].diagnostics.per_rank[3].kernel_config_records.records[15].top_k,10
02-partial-fixed-kv,repetitions[0].diagnostics.per_rank[3].kernel_config_records.records[15].selections,48
02-partial-fixed-kv,repetitions[0].diagnostics.per_rank[3].kernel_config_records.records[15].w13_shape[0],512
02-partial-fixed-kv,repetitions[0].diagnostics.per_rank[3].kernel_config_records.records[15].w13_shape[1],256
02-partial-fixed-kv,repetitions[0].diagnostics.per_rank[3].kernel_config_records.records[15].w13_shape[2],2048
02-partial-fixed-kv,repetitions[0].diagnostics.per_rank[3].kernel_config_records.records[15].w2_shape[0],512
02-partial-fixed-kv,repetitions[0].diagnostics.per_rank[3].kernel_config_records.records[15].w2_shape[1],2048
02-partial-fixed-kv,repetitions[0].diagnostics.per_rank[3].kernel_config_records.records[15].w2_shape[2],128
02-partial-fixed-kv,repetitions[0].diagnostics.per_rank[3].kernel_config_records.records[15].config.BLOCK_SIZE_K,64
02-partial-fixed-kv,repetitions[0].diagnostics.per_rank[3].kernel_config_records.records[15].config.BLOCK_SIZE_M,16
02-partial-fixed-kv,repetitions[0].diagnostics.per_rank[3].kernel_config_records.records[15].config.BLOCK_SIZE_N,128
02-partial-fixed-kv,repetitions[0].diagnostics.per_rank[3].kernel_config_records.records[15].config.GROUP_SIZE_M,1
02-partial-fixed-kv,repetitions[0].diagnostics.per_rank[3].kernel_config_records.records[15].config.num_stages,3
02-partial-fixed-kv,repetitions[0].diagnostics.per_rank[3].kernel_config_records.records[15].config.num_warps,4
02-partial-fixed-kv,repetitions[0].diagnostics.per_rank[3].kernel_config_records.records[16].chunk_tokens,10
02-partial-fixed-kv,repetitions[0].diagnostics.per_rank[3].kernel_config_records.records[16].top_k,10
02-partial-fixed-kv,repetitions[0].diagnostics.per_rank[3].kernel_config_records.records[16].selections,48
02-partial-fixed-kv,repetitions[0].diagnostics.per_rank[3].kernel_config_records.records[16].w13_shape[0],512
02-partial-fixed-kv,repetitions[0].diagnostics.per_rank[3].kernel_config_records.records[16].w13_shape[1],256
02-partial-fixed-kv,repetitions[0].diagnostics.per_rank[3].kernel_config_records.records[16].w13_shape[2],2048
02-partial-fixed-kv,repetitions[0].diagnostics.per_rank[3].kernel_config_records.records[16].w2_shape[0],512
02-partial-fixed-kv,repetitions[0].diagnostics.per_rank[3].kernel_config_records.records[16].w2_shape[1],2048
02-partial-fixed-kv,repetitions[0].diagnostics.per_rank[3].kernel_config_records.records[16].w2_shape[2],128
02-partial-fixed-kv,repetitions[0].diagnostics.per_rank[3].kernel_config_records.records[16].config.BLOCK_SIZE_K,64
02-partial-fixed-kv,repetitions[0].diagnostics.per_rank[3].kernel_config_records.records[16].config.BLOCK_SIZE_M,16
02-partial-fixed-kv,repetitions[0].diagnostics.per_rank[3].kernel_config_records.records[16].config.BLOCK_SIZE_N,128
02-partial-fixed-kv,repetitions[0].diagnostics.per_rank[3].kernel_config_records.records[16].config.GROUP_SIZE_M,1
02-partial-fixed-kv,repetitions[0].diagnostics.per_rank[3].kernel_config_records.records[16].config.num_stages,3
02-partial-fixed-kv,repetitions[0].diagnostics.per_rank[3].kernel_config_records.records[16].config.num_warps,4
02-partial-fixed-kv,repetitions[0].diagnostics.per_rank[3].kernel_config_records.records[17].chunk_tokens,8
02-partial-fixed-kv,repetitions[0].diagnostics.per_rank[3].kernel_config_records.records[17].top_k,10
02-partial-fixed-kv,repetitions[0].diagnostics.per_rank[3].kernel_config_records.records[17].selections,48
02-partial-fixed-kv,repetitions[0].diagnostics.per_rank[3].kernel_config_records.records[17].w13_shape[0],512
02-partial-fixed-kv,repetitions[0].diagnostics.per_rank[3].kernel_config_records.records[17].w13_shape[1],256
02-partial-fixed-kv,repetitions[0].diagnostics.per_rank[3].kernel_config_records.records[17].w13_shape[2],2048
02-partial-fixed-kv,repetitions[0].diagnostics.per_rank[3].kernel_config_records.records[17].w2_shape[0],512
02-partial-fixed-kv,repetitions[0].diagnostics.per_rank[3].kernel_config_records.records[17].w2_shape[1],2048
02-partial-fixed-kv,repetitions[0].diagnostics.per_rank[3].kernel_config_records.records[17].w2_shape[2],128
02-partial-fixed-kv,repetitions[0].diagnostics.per_rank[3].kernel_config_records.records[17].config.BLOCK_SIZE_K,64
02-partial-fixed-kv,repetitions[0].diagnostics.per_rank[3].kernel_config_records.records[17].config.BLOCK_SIZE_M,16
02-partial-fixed-kv,repetitions[0].diagnostics.per_rank[3].kernel_config_records.records[17].config.BLOCK_SIZE_N,128
02-partial-fixed-kv,repetitions[0].diagnostics.per_rank[3].kernel_config_records.records[17].config.GROUP_SIZE_M,1
02-partial-fixed-kv,repetitions[0].diagnostics.per_rank[3].kernel_config_records.records[17].config.num_stages,3
02-partial-fixed-kv,repetitions[0].diagnostics.per_rank[3].kernel_config_records.records[17].config.num_warps,4
02-partial-fixed-kv,repetitions[0].diagnostics.per_rank[3].kernel_config_records.records[18].chunk_tokens,6
02-partial-fixed-kv,repetitions[0].diagnostics.per_rank[3].kernel_config_records.records[18].top_k,10
02-partial-fixed-kv,repetitions[0].diagnostics.per_rank[3].kernel_config_records.records[18].selections,48
02-partial-fixed-kv,repetitions[0].diagnostics.per_rank[3].kernel_config_records.records[18].w13_shape[0],512
02-partial-fixed-kv,repetitions[0].diagnostics.per_rank[3].kernel_config_records.records[18].w13_shape[1],256
02-partial-fixed-kv,repetitions[0].diagnostics.per_rank[3].kernel_config_records.records[18].w13_shape[2],2048
02-partial-fixed-kv,repetitions[0].diagnostics.per_rank[3].kernel_config_records.records[18].w2_shape[0],512
02-partial-fixed-kv,repetitions[0].diagnostics.per_rank[3].kernel_config_records.records[18].w2_shape[1],2048
02-partial-fixed-kv,repetitions[0].diagnostics.per_rank[3].kernel_config_records.records[18].w2_shape[2],128
02-partial-fixed-kv,repetitions[0].diagnostics.per_rank[3].kernel_config_records.records[18].config.BLOCK_SIZE_K,64
02-partial-fixed-kv,repetitions[0].diagnostics.per_rank[3].kernel_config_records.records[18].config.BLOCK_SIZE_M,16
02-partial-fixed-kv,repetitions[0].diagnostics.per_rank[3].kernel_config_records.records[18].config.BLOCK_SIZE_N,128
02-partial-fixed-kv,repetitions[0].diagnostics.per_rank[3].kernel_config_records.records[18].config.GROUP_SIZE_M,1
02-partial-fixed-kv,repetitions[0].diagnostics.per_rank[3].kernel_config_records.records[18].config.num_stages,4
02-partial-fixed-kv,repetitions[0].diagnostics.per_rank[3].kernel_config_records.records[18].config.num_warps,4
02-partial-fixed-kv,repetitions[0].diagnostics.per_rank[3].kernel_config_records.records[19].chunk_tokens,4
02-partial-fixed-kv,repetitions[0].diagnostics.per_rank[3].kernel_config_records.records[19].top_k,10
02-partial-fixed-kv,repetitions[0].diagnostics.per_rank[3].kernel_config_records.records[19].selections,48
02-partial-fixed-kv,repetitions[0].diagnostics.per_rank[3].kernel_config_records.records[19].w13_shape[0],512
02-partial-fixed-kv,repetitions[0].diagnostics.per_rank[3].kernel_config_records.records[19].w13_shape[1],256
02-partial-fixed-kv,repetitions[0].diagnostics.per_rank[3].kernel_config_records.records[19].w13_shape[2],2048
02-partial-fixed-kv,repetitions[0].diagnostics.per_rank[3].kernel_config_records.records[19].w2_shape[0],512
02-partial-fixed-kv,repetitions[0].diagnostics.per_rank[3].kernel_config_records.records[19].w2_shape[1],2048
02-partial-fixed-kv,repetitions[0].diagnostics.per_rank[3].kernel_config_records.records[19].w2_shape[2],128
02-partial-fixed-kv,repetitions[0].diagnostics.per_rank[3].kernel_config_records.records[19].config.BLOCK_SIZE_K,64
02-partial-fixed-kv,repetitions[0].diagnostics.per_rank[3].kernel_config_records.records[19].config.BLOCK_SIZE_M,16
02-partial-fixed-kv,repetitions[0].diagnostics.per_rank[3].kernel_config_records.records[19].config.BLOCK_SIZE_N,128
02-partial-fixed-kv,repetitions[0].diagnostics.per_rank[3].kernel_config_records.records[19].config.GROUP_SIZE_M,1
02-partial-fixed-kv,repetitions[0].diagnostics.per_rank[3].kernel_config_records.records[19].config.num_stages,4
02-partial-fixed-kv,repetitions[0].diagnostics.per_rank[3].kernel_config_records.records[19].config.num_warps,4
02-partial-fixed-kv,repetitions[0].diagnostics.per_rank[3].kernel_config_records.records[20].chunk_tokens,2
02-partial-fixed-kv,repetitions[0].diagnostics.per_rank[3].kernel_config_records.records[20].top_k,10
02-partial-fixed-kv,repetitions[0].diagnostics.per_rank[3].kernel_config_records.records[20].selections,48
02-partial-fixed-kv,repetitions[0].diagnostics.per_rank[3].kernel_config_records.records[20].w13_shape[0],512
02-partial-fixed-kv,repetitions[0].diagnostics.per_rank[3].kernel_config_records.records[20].w13_shape[1],256
02-partial-fixed-kv,repetitions[0].diagnostics.per_rank[3].kernel_config_records.records[20].w13_shape[2],2048
02-partial-fixed-kv,repetitions[0].diagnostics.per_rank[3].kernel_config_records.records[20].w2_shape[0],512
02-partial-fixed-kv,repetitions[0].diagnostics.per_rank[3].kernel_config_records.records[20].w2_shape[1],2048
02-partial-fixed-kv,repetitions[0].diagnostics.per_rank[3].kernel_config_records.records[20].w2_shape[2],128
02-partial-fixed-kv,repetitions[0].diagnostics.per_rank[3].kernel_config_records.records[20].config.BLOCK_SIZE_K,64
02-partial-fixed-kv,repetitions[0].diagnostics.per_rank[3].kernel_config_records.records[20].config.BLOCK_SIZE_M,32
02-partial-fixed-kv,repetitions[0].diagnostics.per_rank[3].kernel_config_records.records[20].config.BLOCK_SIZE_N,64
02-partial-fixed-kv,repetitions[0].diagnostics.per_rank[3].kernel_config_records.records[20].config.GROUP_SIZE_M,1
02-partial-fixed-kv,repetitions[0].diagnostics.per_rank[3].kernel_config_records.records[20].config.num_stages,4
02-partial-fixed-kv,repetitions[0].diagnostics.per_rank[3].kernel_config_records.records[20].config.num_warps,8
02-partial-fixed-kv,repetitions[0].memory[0].rank,0
02-partial-fixed-kv,repetitions[0].memory[0].total_gpu_bytes,85017493504
02-partial-fixed-kv,repetitions[0].memory[0].free_gpu_bytes,48368779264
02-partial-fixed-kv,repetitions[0].memory[0].torch_allocated_bytes,30891687424
02-partial-fixed-kv,repetitions[0].memory[0].torch_reserved_bytes,31589400576
02-partial-fixed-kv,repetitions[0].memory[0].torch_peak_allocated_bytes,31492741120
02-partial-fixed-kv,repetitions[0].memory[0].torch_peak_reserved_bytes,31589400576
02-partial-fixed-kv,repetitions[0].memory[0].kv_cache_allocated_bytes,8980856832
02-partial-fixed-kv,repetitions[0].memory[0].num_gpu_blocks,2687
02-partial-fixed-kv,repetitions[0].memory[0].kv_cache_declared_bytes,8980856832
02-partial-fixed-kv,repetitions[0].memory[0].kv_cache_accounting_consistent,True
02-partial-fixed-kv,repetitions[0].memory[1].rank,1
02-partial-fixed-kv,repetitions[0].memory[1].total_gpu_bytes,85017493504
02-partial-fixed-kv,repetitions[0].memory[1].free_gpu_bytes,48368779264
02-partial-fixed-kv,repetitions[0].memory[1].torch_allocated_bytes,30891687424
02-partial-fixed-kv,repetitions[0].memory[1].torch_reserved_bytes,31589400576
02-partial-fixed-kv,repetitions[0].memory[1].torch_peak_allocated_bytes,31492741120
02-partial-fixed-kv,repetitions[0].memory[1].torch_peak_reserved_bytes,31589400576
02-partial-fixed-kv,repetitions[0].memory[1].kv_cache_allocated_bytes,8980856832
02-partial-fixed-kv,repetitions[0].memory[1].num_gpu_blocks,2687
02-partial-fixed-kv,repetitions[0].memory[1].kv_cache_declared_bytes,8980856832
02-partial-fixed-kv,repetitions[0].memory[1].kv_cache_accounting_consistent,True
02-partial-fixed-kv,repetitions[0].memory[2].rank,2
02-partial-fixed-kv,repetitions[0].memory[2].total_gpu_bytes,85017493504
02-partial-fixed-kv,repetitions[0].memory[2].free_gpu_bytes,48368779264
02-partial-fixed-kv,repetitions[0].memory[2].torch_allocated_bytes,30891687424
02-partial-fixed-kv,repetitions[0].memory[2].torch_reserved_bytes,31589400576
02-partial-fixed-kv,repetitions[0].memory[2].torch_peak_allocated_bytes,31492741120
02-partial-fixed-kv,repetitions[0].memory[2].torch_peak_reserved_bytes,31589400576
02-partial-fixed-kv,repetitions[0].memory[2].kv_cache_allocated_bytes,8980856832
02-partial-fixed-kv,repetitions[0].memory[2].num_gpu_blocks,2687
02-partial-fixed-kv,repetitions[0].memory[2].kv_cache_declared_bytes,8980856832
02-partial-fixed-kv,repetitions[0].memory[2].kv_cache_accounting_consistent,True
02-partial-fixed-kv,repetitions[0].memory[3].rank,3
02-partial-fixed-kv,repetitions[0].memory[3].total_gpu_bytes,85017493504
02-partial-fixed-kv,repetitions[0].memory[3].free_gpu_bytes,48368779264
02-partial-fixed-kv,repetitions[0].memory[3].torch_allocated_bytes,30891687424
02-partial-fixed-kv,repetitions[0].memory[3].torch_reserved_bytes,31589400576
02-partial-fixed-kv,repetitions[0].memory[3].torch_peak_allocated_bytes,31492741120
02-partial-fixed-kv,repetitions[0].memory[3].torch_peak_reserved_bytes,31589400576
02-partial-fixed-kv,repetitions[0].memory[3].kv_cache_allocated_bytes,8980856832
02-partial-fixed-kv,repetitions[0].memory[3].num_gpu_blocks,2687
02-partial-fixed-kv,repetitions[0].memory[3].kv_cache_declared_bytes,8980856832
02-partial-fixed-kv,repetitions[0].memory[3].kv_cache_accounting_consistent,True
02-partial-fixed-kv,repetitions[0].memory_peak_scope,measured-generate-after-synchronized-reset
02-partial-fixed-kv,storage_backend,expert-cache
02-partial-fixed-kv,expert_cache_stats[0].schema_version,1
02-partial-fixed-kv,expert_cache_stats[0].rank,0
02-partial-fixed-kv,expert_cache_stats[0].tensor_parallel_size,4
02-partial-fixed-kv,expert_cache_stats[0].total_layers,48
02-partial-fixed-kv,expert_cache_stats[0].num_experts,512
02-partial-fixed-kv,expert_cache_stats[0].physical_slots,13056
02-partial-fixed-kv,expert_cache_stats[0].resident_slots,12288
02-partial-fixed-kv,expert_cache_stats[0].cache_slots,256
02-partial-fixed-kv,expert_cache_stats[0].ingress_slots,512
02-partial-fixed-kv,expert_cache_stats[0].expert_bytes,1572864
02-partial-fixed-kv,expert_cache_stats[0].host_source_bytes,38654705664
02-partial-fixed-kv,expert_cache_stats[0].pinned_gather_bytes,805306368
02-partial-fixed-kv,expert_cache_stats[0].gpu_pool_bytes,20535312384
02-partial-fixed-kv,expert_cache_stats[0].gpu_resident_bytes,19327352832
02-partial-fixed-kv,expert_cache_stats[0].gpu_cache_bytes,402653184
02-partial-fixed-kv,expert_cache_stats[0].gpu_ingress_bytes,805306368
02-partial-fixed-kv,expert_cache_stats[0].gpu_metadata_bytes,6144
02-partial-fixed-kv,expert_cache_stats[0].pinned_metadata_bytes,6144
02-partial-fixed-kv,expert_cache_stats[0].net_freed_bytes,18119387136
02-partial-fixed-kv,expert_cache_stats[0].weights_verified,0
02-partial-fixed-kv,expert_cache_stats[0].cuda_timing_capacity,128
02-partial-fixed-kv,expert_cache_stats[0].h2d_bytes,354315927552
02-partial-fixed-kv,expert_cache_stats[0].copy_launches,8410
02-partial-fixed-kv,expert_cache_stats[0].startup_resident_h2d_bytes,19327352832
02-partial-fixed-kv,expert_cache_stats[0].promotion_d2d_bytes,1793064960
02-partial-fixed-kv,expert_cache_stats[0].metadata_h2d_bytes,8954784
02-partial-fixed-kv,expert_cache_stats[0].unique_demands,837563
02-partial-fixed-kv,expert_cache_stats[0].resident_hits,601404
02-partial-fixed-kv,expert_cache_stats[0].max_unique_per_forward,509
02-partial-fixed-kv,expert_cache_stats[0].mean_unique_coverage,0.3745112716059982
02-partial-fixed-kv,expert_cache_stats[0].resident_ratio,0.5
02-partial-fixed-kv,expert_cache_stats[0].policy.observations,4368
02-partial-fixed-kv,expert_cache_stats[0].policy.unique_demands,837563
02-partial-fixed-kv,expert_cache_stats[0].policy.completed_forwards,91
02-partial-fixed-kv,expert_cache_stats[0].policy.decay_events,1
02-partial-fixed-kv,expert_cache_stats[0].policy.cache_hits,10891
02-partial-fixed-kv,expert_cache_stats[0].policy.cache_misses,225268
02-partial-fixed-kv,expert_cache_stats[0].policy.admissions,1140
02-partial-fixed-kv,expert_cache_stats[0].policy.evictions,884
02-partial-fixed-kv,expert_cache_stats[0].policy.cache_bypasses,224128
02-partial-fixed-kv,expert_cache_stats[0].policy.reconfigurations,0
02-partial-fixed-kv,expert_cache_stats[0].policy.resident_experts,12288
02-partial-fixed-kv,expert_cache_stats[0].policy.cache_slots,256
02-partial-fixed-kv,expert_cache_stats[0].policy.cache_entries,256
02-partial-fixed-kv,expert_cache_stats[0].policy.cache_hit_ratio,0.04611723457501091
02-partial-fixed-kv,expert_cache_stats[0].timing.route_d2h_s,16.271816925145686
02-partial-fixed-kv,expert_cache_stats[0].timing.policy_cpu_s,1.4802591656334698
02-partial-fixed-kv,expert_cache_stats[0].timing.host_reuse_wait_s,0.025003787595778704
02-partial-fixed-kv,expert_cache_stats[0].timing.host_gather_s,63.958307629451156
02-partial-fixed-kv,expert_cache_stats[0].timing.h2d_enqueue_s,0.324088420253247
02-partial-fixed-kv,expert_cache_stats[0].timing.compute_enqueue_s,2.30659540835768
02-partial-fixed-kv,expert_cache_stats[0].timing.cuda_sample_count,124
02-partial-fixed-kv,expert_cache_stats[0].timing.load_cuda_s,0.20435520068556068
02-partial-fixed-kv,expert_cache_stats[0].timing.compute_cuda_s,0.037352383933961376
02-partial-fixed-kv,expert_cache_stats[0].timing.promotion_cuda_s,0.0005906240055337543
02-partial-fixed-kv,expert_cache_stats[0].forward_counts[0],91
02-partial-fixed-kv,expert_cache_stats[0].forward_counts[1],91
02-partial-fixed-kv,expert_cache_stats[0].forward_counts[2],91
02-partial-fixed-kv,expert_cache_stats[0].forward_counts[3],91
02-partial-fixed-kv,expert_cache_stats[0].forward_counts[4],91
02-partial-fixed-kv,expert_cache_stats[0].forward_counts[5],91
02-partial-fixed-kv,expert_cache_stats[0].forward_counts[6],91
02-partial-fixed-kv,expert_cache_stats[0].forward_counts[7],91
02-partial-fixed-kv,expert_cache_stats[0].forward_counts[8],91
02-partial-fixed-kv,expert_cache_stats[0].forward_counts[9],91
02-partial-fixed-kv,expert_cache_stats[0].forward_counts[10],91
02-partial-fixed-kv,expert_cache_stats[0].forward_counts[11],91
02-partial-fixed-kv,expert_cache_stats[0].forward_counts[12],91
02-partial-fixed-kv,expert_cache_stats[0].forward_counts[13],91
02-partial-fixed-kv,expert_cache_stats[0].forward_counts[14],91
02-partial-fixed-kv,expert_cache_stats[0].forward_counts[15],91
02-partial-fixed-kv,expert_cache_stats[0].forward_counts[16],91
02-partial-fixed-kv,expert_cache_stats[0].forward_counts[17],91
02-partial-fixed-kv,expert_cache_stats[0].forward_counts[18],91
02-partial-fixed-kv,expert_cache_stats[0].forward_counts[19],91
02-partial-fixed-kv,expert_cache_stats[0].forward_counts[20],91
02-partial-fixed-kv,expert_cache_stats[0].forward_counts[21],91
02-partial-fixed-kv,expert_cache_stats[0].forward_counts[22],91
02-partial-fixed-kv,expert_cache_stats[0].forward_counts[23],91
02-partial-fixed-kv,expert_cache_stats[0].forward_counts[24],91
02-partial-fixed-kv,expert_cache_stats[0].forward_counts[25],91
02-partial-fixed-kv,expert_cache_stats[0].forward_counts[26],91
02-partial-fixed-kv,expert_cache_stats[0].forward_counts[27],91
02-partial-fixed-kv,expert_cache_stats[0].forward_counts[28],91
02-partial-fixed-kv,expert_cache_stats[0].forward_counts[29],91
02-partial-fixed-kv,expert_cache_stats[0].forward_counts[30],91
02-partial-fixed-kv,expert_cache_stats[0].forward_counts[31],91
02-partial-fixed-kv,expert_cache_stats[0].forward_counts[32],91
02-partial-fixed-kv,expert_cache_stats[0].forward_counts[33],91
02-partial-fixed-kv,expert_cache_stats[0].forward_counts[34],91
02-partial-fixed-kv,expert_cache_stats[0].forward_counts[35],91
02-partial-fixed-kv,expert_cache_stats[0].forward_counts[36],91
02-partial-fixed-kv,expert_cache_stats[0].forward_counts[37],91
02-partial-fixed-kv,expert_cache_stats[0].forward_counts[38],91
02-partial-fixed-kv,expert_cache_stats[0].forward_counts[39],91
02-partial-fixed-kv,expert_cache_stats[0].forward_counts[40],91
02-partial-fixed-kv,expert_cache_stats[0].forward_counts[41],91
02-partial-fixed-kv,expert_cache_stats[0].forward_counts[42],91
02-partial-fixed-kv,expert_cache_stats[0].forward_counts[43],91
02-partial-fixed-kv,expert_cache_stats[0].forward_counts[44],91
02-partial-fixed-kv,expert_cache_stats[0].forward_counts[45],91
02-partial-fixed-kv,expert_cache_stats[0].forward_counts[46],91
02-partial-fixed-kv,expert_cache_stats[0].forward_counts[47],91
02-partial-fixed-kv,expert_cache_stats[0].per_layer_unique_demands[0],21138
02-partial-fixed-kv,expert_cache_stats[0].per_layer_unique_demands[1],16941
02-partial-fixed-kv,expert_cache_stats[0].per_layer_unique_demands[2],21537
02-partial-fixed-kv,expert_cache_stats[0].per_layer_unique_demands[3],15599
02-partial-fixed-kv,expert_cache_stats[0].per_layer_unique_demands[4],16854
02-partial-fixed-kv,expert_cache_stats[0].per_layer_unique_demands[5],18495
02-partial-fixed-kv,expert_cache_stats[0].per_layer_unique_demands[6],20346
02-partial-fixed-kv,expert_cache_stats[0].per_layer_unique_demands[7],20046
02-partial-fixed-kv,expert_cache_stats[0].per_layer_unique_demands[8],17285
02-partial-fixed-kv,expert_cache_stats[0].per_layer_unique_demands[9],15577
02-partial-fixed-kv,expert_cache_stats[0].per_layer_unique_demands[10],15503
02-partial-fixed-kv,expert_cache_stats[0].per_layer_unique_demands[11],16773
02-partial-fixed-kv,expert_cache_stats[0].per_layer_unique_demands[12],14282
02-partial-fixed-kv,expert_cache_stats[0].per_layer_unique_demands[13],15270
02-partial-fixed-kv,expert_cache_stats[0].per_layer_unique_demands[14],16944
02-partial-fixed-kv,expert_cache_stats[0].per_layer_unique_demands[15],18331
02-partial-fixed-kv,expert_cache_stats[0].per_layer_unique_demands[16],16716
02-partial-fixed-kv,expert_cache_stats[0].per_layer_unique_demands[17],18464
02-partial-fixed-kv,expert_cache_stats[0].per_layer_unique_demands[18],19940
02-partial-fixed-kv,expert_cache_stats[0].per_layer_unique_demands[19],20062
02-partial-fixed-kv,expert_cache_stats[0].per_layer_unique_demands[20],16953
02-partial-fixed-kv,expert_cache_stats[0].per_layer_unique_demands[21],15325
02-partial-fixed-kv,expert_cache_stats[0].per_layer_unique_demands[22],15398
02-partial-fixed-kv,expert_cache_stats[0].per_layer_unique_demands[23],16674
02-partial-fixed-kv,expert_cache_stats[0].per_layer_unique_demands[24],14738
02-partial-fixed-kv,expert_cache_stats[0].per_layer_unique_demands[25],15495
02-partial-fixed-kv,expert_cache_stats[0].per_layer_unique_demands[26],17059
02-partial-fixed-kv,expert_cache_stats[0].per_layer_unique_demands[27],18689
02-partial-fixed-kv,expert_cache_stats[0].per_layer_unique_demands[28],17148
02-partial-fixed-kv,expert_cache_stats[0].per_layer_unique_demands[29],18921
02-partial-fixed-kv,expert_cache_stats[0].per_layer_unique_demands[30],20215
02-partial-fixed-kv,expert_cache_stats[0].per_layer_unique_demands[31],20348
02-partial-fixed-kv,expert_cache_stats[0].per_layer_unique_demands[32],18026
02-partial-fixed-kv,expert_cache_stats[0].per_layer_unique_demands[33],16737
02-partial-fixed-kv,expert_cache_stats[0].per_layer_unique_demands[34],16304
02-partial-fixed-kv,expert_cache_stats[0].per_layer_unique_demands[35],17541
02-partial-fixed-kv,expert_cache_stats[0].per_layer_unique_demands[36],15750
02-partial-fixed-kv,expert_cache_stats[0].per_layer_unique_demands[37],16202
02-partial-fixed-kv,expert_cache_stats[0].per_layer_unique_demands[38],17386
02-partial-fixed-kv,expert_cache_stats[0].per_layer_unique_demands[39],18547
02-partial-fixed-kv,expert_cache_stats[0].per_layer_unique_demands[40],18166
02-partial-fixed-kv,expert_cache_stats[0].per_layer_unique_demands[41],18030
02-partial-fixed-kv,expert_cache_stats[0].per_layer_unique_demands[42],17684
02-partial-fixed-kv,expert_cache_stats[0].per_layer_unique_demands[43],16712
02-partial-fixed-kv,expert_cache_stats[0].per_layer_unique_demands[44],16982
02-partial-fixed-kv,expert_cache_stats[0].per_layer_unique_demands[45],16528
02-partial-fixed-kv,expert_cache_stats[0].per_layer_unique_demands[46],16246
02-partial-fixed-kv,expert_cache_stats[0].per_layer_unique_demands[47],17656
02-partial-fixed-kv,expert_cache_stats[0].per_layer_max_unique_per_forward[0],500
02-partial-fixed-kv,expert_cache_stats[0].per_layer_max_unique_per_forward[1],437
02-partial-fixed-kv,expert_cache_stats[0].per_layer_max_unique_per_forward[2],509
02-partial-fixed-kv,expert_cache_stats[0].per_layer_max_unique_per_forward[3],436
02-partial-fixed-kv,expert_cache_stats[0].per_layer_max_unique_per_forward[4],434
02-partial-fixed-kv,expert_cache_stats[0].per_layer_max_unique_per_forward[5],468
02-partial-fixed-kv,expert_cache_stats[0].per_layer_max_unique_per_forward[6],500
02-partial-fixed-kv,expert_cache_stats[0].per_layer_max_unique_per_forward[7],494
02-partial-fixed-kv,expert_cache_stats[0].per_layer_max_unique_per_forward[8],472
02-partial-fixed-kv,expert_cache_stats[0].per_layer_max_unique_per_forward[9],419
02-partial-fixed-kv,expert_cache_stats[0].per_layer_max_unique_per_forward[10],420
02-partial-fixed-kv,expert_cache_stats[0].per_layer_max_unique_per_forward[11],441
02-partial-fixed-kv,expert_cache_stats[0].per_layer_max_unique_per_forward[12],410
02-partial-fixed-kv,expert_cache_stats[0].per_layer_max_unique_per_forward[13],407
02-partial-fixed-kv,expert_cache_stats[0].per_layer_max_unique_per_forward[14],450
02-partial-fixed-kv,expert_cache_stats[0].per_layer_max_unique_per_forward[15],478
02-partial-fixed-kv,expert_cache_stats[0].per_layer_max_unique_per_forward[16],445
02-partial-fixed-kv,expert_cache_stats[0].per_layer_max_unique_per_forward[17],473
02-partial-fixed-kv,expert_cache_stats[0].per_layer_max_unique_per_forward[18],502
02-partial-fixed-kv,expert_cache_stats[0].per_layer_max_unique_per_forward[19],497
02-partial-fixed-kv,expert_cache_stats[0].per_layer_max_unique_per_forward[20],461
02-partial-fixed-kv,expert_cache_stats[0].per_layer_max_unique_per_forward[21],423
02-partial-fixed-kv,expert_cache_stats[0].per_layer_max_unique_per_forward[22],427
02-partial-fixed-kv,expert_cache_stats[0].per_layer_max_unique_per_forward[23],448
02-partial-fixed-kv,expert_cache_stats[0].per_layer_max_unique_per_forward[24],409
02-partial-fixed-kv,expert_cache_stats[0].per_layer_max_unique_per_forward[25],425
02-partial-fixed-kv,expert_cache_stats[0].per_layer_max_unique_per_forward[26],462
02-partial-fixed-kv,expert_cache_stats[0].per_layer_max_unique_per_forward[27],484
02-partial-fixed-kv,expert_cache_stats[0].per_layer_max_unique_per_forward[28],462
02-partial-fixed-kv,expert_cache_stats[0].per_layer_max_unique_per_forward[29],485
02-partial-fixed-kv,expert_cache_stats[0].per_layer_max_unique_per_forward[30],499
02-partial-fixed-kv,expert_cache_stats[0].per_layer_max_unique_per_forward[31],502
02-partial-fixed-kv,expert_cache_stats[0].per_layer_max_unique_per_forward[32],474
02-partial-fixed-kv,expert_cache_stats[0].per_layer_max_unique_per_forward[33],453
02-partial-fixed-kv,expert_cache_stats[0].per_layer_max_unique_per_forward[34],449
02-partial-fixed-kv,expert_cache_stats[0].per_layer_max_unique_per_forward[35],463
02-partial-fixed-kv,expert_cache_stats[0].per_layer_max_unique_per_forward[36],434
02-partial-fixed-kv,expert_cache_stats[0].per_layer_max_unique_per_forward[37],437
02-partial-fixed-kv,expert_cache_stats[0].per_layer_max_unique_per_forward[38],459
02-partial-fixed-kv,expert_cache_stats[0].per_layer_max_unique_per_forward[39],474
02-partial-fixed-kv,expert_cache_stats[0].per_layer_max_unique_per_forward[40],469
02-partial-fixed-kv,expert_cache_stats[0].per_layer_max_unique_per_forward[41],450
02-partial-fixed-kv,expert_cache_stats[0].per_layer_max_unique_per_forward[42],445
02-partial-fixed-kv,expert_cache_stats[0].per_layer_max_unique_per_forward[43],423
02-partial-fixed-kv,expert_cache_stats[0].per_layer_max_unique_per_forward[44],431
02-partial-fixed-kv,expert_cache_stats[0].per_layer_max_unique_per_forward[45],424
02-partial-fixed-kv,expert_cache_stats[0].per_layer_max_unique_per_forward[46],416
02-partial-fixed-kv,expert_cache_stats[0].per_layer_max_unique_per_forward[47],442
02-partial-fixed-kv,expert_cache_stats[0].identity.geometry.total_layers,48
02-partial-fixed-kv,expert_cache_stats[0].identity.geometry.num_experts,512
02-partial-fixed-kv,expert_cache_stats[0].identity.geometry.hidden_size,2048
02-partial-fixed-kv,expert_cache_stats[0].identity.geometry.intermediate_size,128
02-partial-fixed-kv,expert_cache_stats[0].identity.tensor_parallel_size,4
02-partial-fixed-kv,expert_cache_stats[0].identity.model_config_sha256,2d483c7cabad7c8704478ed4038fa7e7b2eff840bc00a118eccbe38e2b488303
02-partial-fixed-kv,expert_cache_stats[0].identity.model_identity_sha256,24f6a89ba0e0435caffbb3d056425fb1fe980fca09d5a8749dfb231bd24880d8
02-partial-fixed-kv,expert_cache_stats[0].profile_sha256,e102f6959c1e9a64d67294b1800b9f093fb41907a0ca4aa42aa030b7c2dad3fb
02-partial-fixed-kv,expert_cache_stats[0].cache_policy,decayed-lfu
02-partial-fixed-kv,expert_cache_stats[0].failed,False
02-partial-fixed-kv,expert_cache_stats[0].weight_verification_scope,CUDA parity tests required; no runtime weight D2H verification
02-partial-fixed-kv,expert_cache_stats[0].temporary_memory_scope,native fused kernel workspace/output and CPU route IDs scale with scheduled tokens; no weight-sized GPU gather temporary
02-partial-fixed-kv,expert_cache_stats[0].memory_accounting_scope,"tensor payload bytes; excludes allocator rounding, CUDA event driver memory and Python policy metadata; native/chunk output workspace must be included in vLLM measured profiling peak"
02-partial-fixed-kv,expert_cache_stats[0].kernel_config_scope,native logical E geometry per actual native chunk size
02-partial-fixed-kv,expert_cache_stats[0].transfer_schedule,demand-critical H2D on compute stream; no speculative prefetch
02-partial-fixed-kv,expert_cache_stats[0].kernel_config_records.capacity,64
02-partial-fixed-kv,expert_cache_stats[0].kernel_config_records.unrecorded_selections,0
02-partial-fixed-kv,expert_cache_stats[0].kernel_config_records.records[0].chunk_tokens,8192
02-partial-fixed-kv,expert_cache_stats[0].kernel_config_records.records[0].top_k,10
02-partial-fixed-kv,expert_cache_stats[0].kernel_config_records.records[0].selections,816
02-partial-fixed-kv,expert_cache_stats[0].kernel_config_records.records[0].w13_shape[0],512
02-partial-fixed-kv,expert_cache_stats[0].kernel_config_records.records[0].w13_shape[1],256
02-partial-fixed-kv,expert_cache_stats[0].kernel_config_records.records[0].w13_shape[2],2048
02-partial-fixed-kv,expert_cache_stats[0].kernel_config_records.records[0].w2_shape[0],512
02-partial-fixed-kv,expert_cache_stats[0].kernel_config_records.records[0].w2_shape[1],2048
02-partial-fixed-kv,expert_cache_stats[0].kernel_config_records.records[0].w2_shape[2],128
02-partial-fixed-kv,expert_cache_stats[0].kernel_config_records.records[0].config.BLOCK_SIZE_K,64
02-partial-fixed-kv,expert_cache_stats[0].kernel_config_records.records[0].config.BLOCK_SIZE_M,128
02-partial-fixed-kv,expert_cache_stats[0].kernel_config_records.records[0].config.BLOCK_SIZE_N,128
02-partial-fixed-kv,expert_cache_stats[0].kernel_config_records.records[0].config.GROUP_SIZE_M,64
02-partial-fixed-kv,expert_cache_stats[0].kernel_config_records.records[0].config.num_stages,3
02-partial-fixed-kv,expert_cache_stats[0].kernel_config_records.records[0].config.num_warps,8
02-partial-fixed-kv,expert_cache_stats[0].kernel_config_records.records[1].chunk_tokens,32
02-partial-fixed-kv,expert_cache_stats[0].kernel_config_records.records[1].top_k,10
02-partial-fixed-kv,expert_cache_stats[0].kernel_config_records.records[1].selections,2304
02-partial-fixed-kv,expert_cache_stats[0].kernel_config_records.records[1].w13_shape[0],512
02-partial-fixed-kv,expert_cache_stats[0].kernel_config_records.records[1].w13_shape[1],256
02-partial-fixed-kv,expert_cache_stats[0].kernel_config_records.records[1].w13_shape[2],2048
02-partial-fixed-kv,expert_cache_stats[0].kernel_config_records.records[1].w2_shape[0],512
02-partial-fixed-kv,expert_cache_stats[0].kernel_config_records.records[1].w2_shape[1],2048
02-partial-fixed-kv,expert_cache_stats[0].kernel_config_records.records[1].w2_shape[2],128
02-partial-fixed-kv,expert_cache_stats[0].kernel_config_records.records[1].config.BLOCK_SIZE_K,64
02-partial-fixed-kv,expert_cache_stats[0].kernel_config_records.records[1].config.BLOCK_SIZE_M,16
02-partial-fixed-kv,expert_cache_stats[0].kernel_config_records.records[1].config.BLOCK_SIZE_N,128
02-partial-fixed-kv,expert_cache_stats[0].kernel_config_records.records[1].config.GROUP_SIZE_M,1
02-partial-fixed-kv,expert_cache_stats[0].kernel_config_records.records[1].config.num_stages,3
02-partial-fixed-kv,expert_cache_stats[0].kernel_config_records.records[1].config.num_warps,8
02-partial-fixed-kv,expert_cache_stats[0].kernel_config_records.records[2].chunk_tokens,4096
02-partial-fixed-kv,expert_cache_stats[0].kernel_config_records.records[2].top_k,10
02-partial-fixed-kv,expert_cache_stats[0].kernel_config_records.records[2].selections,96
02-partial-fixed-kv,expert_cache_stats[0].kernel_config_records.records[2].w13_shape[0],512
02-partial-fixed-kv,expert_cache_stats[0].kernel_config_records.records[2].w13_shape[1],256
02-partial-fixed-kv,expert_cache_stats[0].kernel_config_records.records[2].w13_shape[2],2048
02-partial-fixed-kv,expert_cache_stats[0].kernel_config_records.records[2].w2_shape[0],512
02-partial-fixed-kv,expert_cache_stats[0].kernel_config_records.records[2].w2_shape[1],2048
02-partial-fixed-kv,expert_cache_stats[0].kernel_config_records.records[2].w2_shape[2],128
02-partial-fixed-kv,expert_cache_stats[0].kernel_config_records.records[2].config.BLOCK_SIZE_K,64
02-partial-fixed-kv,expert_cache_stats[0].kernel_config_records.records[2].config.BLOCK_SIZE_M,128
02-partial-fixed-kv,expert_cache_stats[0].kernel_config_records.records[2].config.BLOCK_SIZE_N,128
02-partial-fixed-kv,expert_cache_stats[0].kernel_config_records.records[2].config.GROUP_SIZE_M,64
02-partial-fixed-kv,expert_cache_stats[0].kernel_config_records.records[2].config.num_stages,3
02-partial-fixed-kv,expert_cache_stats[0].kernel_config_records.records[2].config.num_warps,8
02-partial-fixed-kv,expert_cache_stats[0].kernel_config_records.records[3].chunk_tokens,1
02-partial-fixed-kv,expert_cache_stats[0].kernel_config_records.records[3].top_k,10
02-partial-fixed-kv,expert_cache_stats[0].kernel_config_records.records[3].selections,336
02-partial-fixed-kv,expert_cache_stats[0].kernel_config_records.records[3].w13_shape[0],512
02-partial-fixed-kv,expert_cache_stats[0].kernel_config_records.records[3].w13_shape[1],256
02-partial-fixed-kv,expert_cache_stats[0].kernel_config_records.records[3].w13_shape[2],2048
02-partial-fixed-kv,expert_cache_stats[0].kernel_config_records.records[3].w2_shape[0],512
02-partial-fixed-kv,expert_cache_stats[0].kernel_config_records.records[3].w2_shape[1],2048
02-partial-fixed-kv,expert_cache_stats[0].kernel_config_records.records[3].w2_shape[2],128
02-partial-fixed-kv,expert_cache_stats[0].kernel_config_records.records[3].config.BLOCK_SIZE_K,64
02-partial-fixed-kv,expert_cache_stats[0].kernel_config_records.records[3].config.BLOCK_SIZE_M,16
02-partial-fixed-kv,expert_cache_stats[0].kernel_config_records.records[3].config.BLOCK_SIZE_N,32
02-partial-fixed-kv,expert_cache_stats[0].kernel_config_records.records[3].config.GROUP_SIZE_M,1
02-partial-fixed-kv,expert_cache_stats[0].kernel_config_records.records[3].config.num_stages,4
02-partial-fixed-kv,expert_cache_stats[0].kernel_config_records.records[3].config.num_warps,4
02-partial-fixed-kv,expert_cache_stats[0].kernel_config_records.records[4].chunk_tokens,4337
02-partial-fixed-kv,expert_cache_stats[0].kernel_config_records.records[4].top_k,10
02-partial-fixed-kv,expert_cache_stats[0].kernel_config_records.records[4].selections,48
02-partial-fixed-kv,expert_cache_stats[0].kernel_config_records.records[4].w13_shape[0],512
02-partial-fixed-kv,expert_cache_stats[0].kernel_config_records.records[4].w13_shape[1],256
02-partial-fixed-kv,expert_cache_stats[0].kernel_config_records.records[4].w13_shape[2],2048
02-partial-fixed-kv,expert_cache_stats[0].kernel_config_records.records[4].w2_shape[0],512
02-partial-fixed-kv,expert_cache_stats[0].kernel_config_records.records[4].w2_shape[1],2048
02-partial-fixed-kv,expert_cache_stats[0].kernel_config_records.records[4].w2_shape[2],128
02-partial-fixed-kv,expert_cache_stats[0].kernel_config_records.records[4].config.BLOCK_SIZE_K,64
02-partial-fixed-kv,expert_cache_stats[0].kernel_config_records.records[4].config.BLOCK_SIZE_M,128
02-partial-fixed-kv,expert_cache_stats[0].kernel_config_records.records[4].config.BLOCK_SIZE_N,128
02-partial-fixed-kv,expert_cache_stats[0].kernel_config_records.records[4].config.GROUP_SIZE_M,64
02-partial-fixed-kv,expert_cache_stats[0].kernel_config_records.records[4].config.num_stages,3
02-partial-fixed-kv,expert_cache_stats[0].kernel_config_records.records[4].config.num_warps,8
02-partial-fixed-kv,expert_cache_stats[0].kernel_config_records.records[5].chunk_tokens,31
02-partial-fixed-kv,expert_cache_stats[0].kernel_config_records.records[5].top_k,10
02-partial-fixed-kv,expert_cache_stats[0].kernel_config_records.records[5].selections,48
02-partial-fixed-kv,expert_cache_stats[0].kernel_config_records.records[5].w13_shape[0],512
02-partial-fixed-kv,expert_cache_stats[0].kernel_config_records.records[5].w13_shape[1],256
02-partial-fixed-kv,expert_cache_stats[0].kernel_config_records.records[5].w13_shape[2],2048
02-partial-fixed-kv,expert_cache_stats[0].kernel_config_records.records[5].w2_shape[0],512
02-partial-fixed-kv,expert_cache_stats[0].kernel_config_records.records[5].w2_shape[1],2048
02-partial-fixed-kv,expert_cache_stats[0].kernel_config_records.records[5].w2_shape[2],128
02-partial-fixed-kv,expert_cache_stats[0].kernel_config_records.records[5].config.BLOCK_SIZE_K,64
02-partial-fixed-kv,expert_cache_stats[0].kernel_config_records.records[5].config.BLOCK_SIZE_M,16
02-partial-fixed-kv,expert_cache_stats[0].kernel_config_records.records[5].config.BLOCK_SIZE_N,128
02-partial-fixed-kv,expert_cache_stats[0].kernel_config_records.records[5].config.GROUP_SIZE_M,1
02-partial-fixed-kv,expert_cache_stats[0].kernel_config_records.records[5].config.num_stages,3
02-partial-fixed-kv,expert_cache_stats[0].kernel_config_records.records[5].config.num_warps,8
02-partial-fixed-kv,expert_cache_stats[0].kernel_config_records.records[6].chunk_tokens,30
02-partial-fixed-kv,expert_cache_stats[0].kernel_config_records.records[6].top_k,10
02-partial-fixed-kv,expert_cache_stats[0].kernel_config_records.records[6].selections,48
02-partial-fixed-kv,expert_cache_stats[0].kernel_config_records.records[6].w13_shape[0],512
02-partial-fixed-kv,expert_cache_stats[0].kernel_config_records.records[6].w13_shape[1],256
02-partial-fixed-kv,expert_cache_stats[0].kernel_config_records.records[6].w13_shape[2],2048
02-partial-fixed-kv,expert_cache_stats[0].kernel_config_records.records[6].w2_shape[0],512
02-partial-fixed-kv,expert_cache_stats[0].kernel_config_records.records[6].w2_shape[1],2048
02-partial-fixed-kv,expert_cache_stats[0].kernel_config_records.records[6].w2_shape[2],128
02-partial-fixed-kv,expert_cache_stats[0].kernel_config_records.records[6].config.BLOCK_SIZE_K,64
02-partial-fixed-kv,expert_cache_stats[0].kernel_config_records.records[6].config.BLOCK_SIZE_M,16
02-partial-fixed-kv,expert_cache_stats[0].kernel_config_records.records[6].config.BLOCK_SIZE_N,128
02-partial-fixed-kv,expert_cache_stats[0].kernel_config_records.records[6].config.GROUP_SIZE_M,1
02-partial-fixed-kv,expert_cache_stats[0].kernel_config_records.records[6].config.num_stages,3
02-partial-fixed-kv,expert_cache_stats[0].kernel_config_records.records[6].config.num_warps,8
02-partial-fixed-kv,expert_cache_stats[0].kernel_config_records.records[7].chunk_tokens,28
02-partial-fixed-kv,expert_cache_stats[0].kernel_config_records.records[7].top_k,10
02-partial-fixed-kv,expert_cache_stats[0].kernel_config_records.records[7].selections,48
02-partial-fixed-kv,expert_cache_stats[0].kernel_config_records.records[7].w13_shape[0],512
02-partial-fixed-kv,expert_cache_stats[0].kernel_config_records.records[7].w13_shape[1],256
02-partial-fixed-kv,expert_cache_stats[0].kernel_config_records.records[7].w13_shape[2],2048
02-partial-fixed-kv,expert_cache_stats[0].kernel_config_records.records[7].w2_shape[0],512
02-partial-fixed-kv,expert_cache_stats[0].kernel_config_records.records[7].w2_shape[1],2048
02-partial-fixed-kv,expert_cache_stats[0].kernel_config_records.records[7].w2_shape[2],128
02-partial-fixed-kv,expert_cache_stats[0].kernel_config_records.records[7].config.BLOCK_SIZE_K,64
02-partial-fixed-kv,expert_cache_stats[0].kernel_config_records.records[7].config.BLOCK_SIZE_M,32
02-partial-fixed-kv,expert_cache_stats[0].kernel_config_records.records[7].config.BLOCK_SIZE_N,128
02-partial-fixed-kv,expert_cache_stats[0].kernel_config_records.records[7].config.GROUP_SIZE_M,1
02-partial-fixed-kv,expert_cache_stats[0].kernel_config_records.records[7].config.num_stages,3
02-partial-fixed-kv,expert_cache_stats[0].kernel_config_records.records[7].config.num_warps,4
02-partial-fixed-kv,expert_cache_stats[0].kernel_config_records.records[8].chunk_tokens,26
02-partial-fixed-kv,expert_cache_stats[0].kernel_config_records.records[8].top_k,10
02-partial-fixed-kv,expert_cache_stats[0].kernel_config_records.records[8].selections,48
02-partial-fixed-kv,expert_cache_stats[0].kernel_config_records.records[8].w13_shape[0],512
02-partial-fixed-kv,expert_cache_stats[0].kernel_config_records.records[8].w13_shape[1],256
02-partial-fixed-kv,expert_cache_stats[0].kernel_config_records.records[8].w13_shape[2],2048
02-partial-fixed-kv,expert_cache_stats[0].kernel_config_records.records[8].w2_shape[0],512
02-partial-fixed-kv,expert_cache_stats[0].kernel_config_records.records[8].w2_shape[1],2048
02-partial-fixed-kv,expert_cache_stats[0].kernel_config_records.records[8].w2_shape[2],128
02-partial-fixed-kv,expert_cache_stats[0].kernel_config_records.records[8].config.BLOCK_SIZE_K,64
02-partial-fixed-kv,expert_cache_stats[0].kernel_config_records.records[8].config.BLOCK_SIZE_M,32
02-partial-fixed-kv,expert_cache_stats[0].kernel_config_records.records[8].config.BLOCK_SIZE_N,128
02-partial-fixed-kv,expert_cache_stats[0].kernel_config_records.records[8].config.GROUP_SIZE_M,1
02-partial-fixed-kv,expert_cache_stats[0].kernel_config_records.records[8].config.num_stages,3
02-partial-fixed-kv,expert_cache_stats[0].kernel_config_records.records[8].config.num_warps,4
02-partial-fixed-kv,expert_cache_stats[0].kernel_config_records.records[9].chunk_tokens,24
02-partial-fixed-kv,expert_cache_stats[0].kernel_config_records.records[9].top_k,10
02-partial-fixed-kv,expert_cache_stats[0].kernel_config_records.records[9].selections,48
02-partial-fixed-kv,expert_cache_stats[0].kernel_config_records.records[9].w13_shape[0],512
02-partial-fixed-kv,expert_cache_stats[0].kernel_config_records.records[9].w13_shape[1],256
02-partial-fixed-kv,expert_cache_stats[0].kernel_config_records.records[9].w13_shape[2],2048
02-partial-fixed-kv,expert_cache_stats[0].kernel_config_records.records[9].w2_shape[0],512
02-partial-fixed-kv,expert_cache_stats[0].kernel_config_records.records[9].w2_shape[1],2048
02-partial-fixed-kv,expert_cache_stats[0].kernel_config_records.records[9].w2_shape[2],128
02-partial-fixed-kv,expert_cache_stats[0].kernel_config_records.records[9].config.BLOCK_SIZE_K,64
02-partial-fixed-kv,expert_cache_stats[0].kernel_config_records.records[9].config.BLOCK_SIZE_M,32
02-partial-fixed-kv,expert_cache_stats[0].kernel_config_records.records[9].config.BLOCK_SIZE_N,128
02-partial-fixed-kv,expert_cache_stats[0].kernel_config_records.records[9].config.GROUP_SIZE_M,1
02-partial-fixed-kv,expert_cache_stats[0].kernel_config_records.records[9].config.num_stages,3
02-partial-fixed-kv,expert_cache_stats[0].kernel_config_records.records[9].config.num_warps,4
02-partial-fixed-kv,expert_cache_stats[0].kernel_config_records.records[10].chunk_tokens,22
02-partial-fixed-kv,expert_cache_stats[0].kernel_config_records.records[10].top_k,10
02-partial-fixed-kv,expert_cache_stats[0].kernel_config_records.records[10].selections,48
02-partial-fixed-kv,expert_cache_stats[0].kernel_config_records.records[10].w13_shape[0],512
02-partial-fixed-kv,expert_cache_stats[0].kernel_config_records.records[10].w13_shape[1],256
02-partial-fixed-kv,expert_cache_stats[0].kernel_config_records.records[10].w13_shape[2],2048
02-partial-fixed-kv,expert_cache_stats[0].kernel_config_records.records[10].w2_shape[0],512
02-partial-fixed-kv,expert_cache_stats[0].kernel_config_records.records[10].w2_shape[1],2048
02-partial-fixed-kv,expert_cache_stats[0].kernel_config_records.records[10].w2_shape[2],128
02-partial-fixed-kv,expert_cache_stats[0].kernel_config_records.records[10].config.BLOCK_SIZE_K,64
02-partial-fixed-kv,expert_cache_stats[0].kernel_config_records.records[10].config.BLOCK_SIZE_M,32
02-partial-fixed-kv,expert_cache_stats[0].kernel_config_records.records[10].config.BLOCK_SIZE_N,128
02-partial-fixed-kv,expert_cache_stats[0].kernel_config_records.records[10].config.GROUP_SIZE_M,1
02-partial-fixed-kv,expert_cache_stats[0].kernel_config_records.records[10].config.num_stages,3
02-partial-fixed-kv,expert_cache_stats[0].kernel_config_records.records[10].config.num_warps,4
02-partial-fixed-kv,expert_cache_stats[0].kernel_config_records.records[11].chunk_tokens,20
02-partial-fixed-kv,expert_cache_stats[0].kernel_config_records.records[11].top_k,10
02-partial-fixed-kv,expert_cache_stats[0].kernel_config_records.records[11].selections,48
02-partial-fixed-kv,expert_cache_stats[0].kernel_config_records.records[11].w13_shape[0],512
02-partial-fixed-kv,expert_cache_stats[0].kernel_config_records.records[11].w13_shape[1],256
02-partial-fixed-kv,expert_cache_stats[0].kernel_config_records.records[11].w13_shape[2],2048
02-partial-fixed-kv,expert_cache_stats[0].kernel_config_records.records[11].w2_shape[0],512
02-partial-fixed-kv,expert_cache_stats[0].kernel_config_records.records[11].w2_shape[1],2048
02-partial-fixed-kv,expert_cache_stats[0].kernel_config_records.records[11].w2_shape[2],128
02-partial-fixed-kv,expert_cache_stats[0].kernel_config_records.records[11].config.BLOCK_SIZE_K,64
02-partial-fixed-kv,expert_cache_stats[0].kernel_config_records.records[11].config.BLOCK_SIZE_M,16
02-partial-fixed-kv,expert_cache_stats[0].kernel_config_records.records[11].config.BLOCK_SIZE_N,128
02-partial-fixed-kv,expert_cache_stats[0].kernel_config_records.records[11].config.GROUP_SIZE_M,1
02-partial-fixed-kv,expert_cache_stats[0].kernel_config_records.records[11].config.num_stages,3
02-partial-fixed-kv,expert_cache_stats[0].kernel_config_records.records[11].config.num_warps,4
02-partial-fixed-kv,expert_cache_stats[0].kernel_config_records.records[12].chunk_tokens,18
02-partial-fixed-kv,expert_cache_stats[0].kernel_config_records.records[12].top_k,10
02-partial-fixed-kv,expert_cache_stats[0].kernel_config_records.records[12].selections,48
02-partial-fixed-kv,expert_cache_stats[0].kernel_config_records.records[12].w13_shape[0],512
02-partial-fixed-kv,expert_cache_stats[0].kernel_config_records.records[12].w13_shape[1],256
02-partial-fixed-kv,expert_cache_stats[0].kernel_config_records.records[12].w13_shape[2],2048
02-partial-fixed-kv,expert_cache_stats[0].kernel_config_records.records[12].w2_shape[0],512
02-partial-fixed-kv,expert_cache_stats[0].kernel_config_records.records[12].w2_shape[1],2048
02-partial-fixed-kv,expert_cache_stats[0].kernel_config_records.records[12].w2_shape[2],128
02-partial-fixed-kv,expert_cache_stats[0].kernel_config_records.records[12].config.BLOCK_SIZE_K,64
02-partial-fixed-kv,expert_cache_stats[0].kernel_config_records.records[12].config.BLOCK_SIZE_M,16
02-partial-fixed-kv,expert_cache_stats[0].kernel_config_records.records[12].config.BLOCK_SIZE_N,128
02-partial-fixed-kv,expert_cache_stats[0].kernel_config_records.records[12].config.GROUP_SIZE_M,1
02-partial-fixed-kv,expert_cache_stats[0].kernel_config_records.records[12].config.num_stages,3
02-partial-fixed-kv,expert_cache_stats[0].kernel_config_records.records[12].config.num_warps,4
02-partial-fixed-kv,expert_cache_stats[0].kernel_config_records.records[13].chunk_tokens,16
02-partial-fixed-kv,expert_cache_stats[0].kernel_config_records.records[13].top_k,10
02-partial-fixed-kv,expert_cache_stats[0].kernel_config_records.records[13].selections,48
02-partial-fixed-kv,expert_cache_stats[0].kernel_config_records.records[13].w13_shape[0],512
02-partial-fixed-kv,expert_cache_stats[0].kernel_config_records.records[13].w13_shape[1],256
02-partial-fixed-kv,expert_cache_stats[0].kernel_config_records.records[13].w13_shape[2],2048
02-partial-fixed-kv,expert_cache_stats[0].kernel_config_records.records[13].w2_shape[0],512
02-partial-fixed-kv,expert_cache_stats[0].kernel_config_records.records[13].w2_shape[1],2048
02-partial-fixed-kv,expert_cache_stats[0].kernel_config_records.records[13].w2_shape[2],128
02-partial-fixed-kv,expert_cache_stats[0].kernel_config_records.records[13].config.BLOCK_SIZE_K,64
02-partial-fixed-kv,expert_cache_stats[0].kernel_config_records.records[13].config.BLOCK_SIZE_M,16
02-partial-fixed-kv,expert_cache_stats[0].kernel_config_records.records[13].config.BLOCK_SIZE_N,128
02-partial-fixed-kv,expert_cache_stats[0].kernel_config_records.records[13].config.GROUP_SIZE_M,1
02-partial-fixed-kv,expert_cache_stats[0].kernel_config_records.records[13].config.num_stages,3
02-partial-fixed-kv,expert_cache_stats[0].kernel_config_records.records[13].config.num_warps,4
02-partial-fixed-kv,expert_cache_stats[0].kernel_config_records.records[14].chunk_tokens,14
02-partial-fixed-kv,expert_cache_stats[0].kernel_config_records.records[14].top_k,10
02-partial-fixed-kv,expert_cache_stats[0].kernel_config_records.records[14].selections,48
02-partial-fixed-kv,expert_cache_stats[0].kernel_config_records.records[14].w13_shape[0],512
02-partial-fixed-kv,expert_cache_stats[0].kernel_config_records.records[14].w13_shape[1],256
02-partial-fixed-kv,expert_cache_stats[0].kernel_config_records.records[14].w13_shape[2],2048
02-partial-fixed-kv,expert_cache_stats[0].kernel_config_records.records[14].w2_shape[0],512
02-partial-fixed-kv,expert_cache_stats[0].kernel_config_records.records[14].w2_shape[1],2048
02-partial-fixed-kv,expert_cache_stats[0].kernel_config_records.records[14].w2_shape[2],128
02-partial-fixed-kv,expert_cache_stats[0].kernel_config_records.records[14].config.BLOCK_SIZE_K,64
02-partial-fixed-kv,expert_cache_stats[0].kernel_config_records.records[14].config.BLOCK_SIZE_M,16
02-partial-fixed-kv,expert_cache_stats[0].kernel_config_records.records[14].config.BLOCK_SIZE_N,128
02-partial-fixed-kv,expert_cache_stats[0].kernel_config_records.records[14].config.GROUP_SIZE_M,1
02-partial-fixed-kv,expert_cache_stats[0].kernel_config_records.records[14].config.num_stages,3
02-partial-fixed-kv,expert_cache_stats[0].kernel_config_records.records[14].config.num_warps,4
02-partial-fixed-kv,expert_cache_stats[0].kernel_config_records.records[15].chunk_tokens,12
02-partial-fixed-kv,expert_cache_stats[0].kernel_config_records.records[15].top_k,10
02-partial-fixed-kv,expert_cache_stats[0].kernel_config_records.records[15].selections,48
02-partial-fixed-kv,expert_cache_stats[0].kernel_config_records.records[15].w13_shape[0],512
02-partial-fixed-kv,expert_cache_stats[0].kernel_config_records.records[15].w13_shape[1],256
02-partial-fixed-kv,expert_cache_stats[0].kernel_config_records.records[15].w13_shape[2],2048
02-partial-fixed-kv,expert_cache_stats[0].kernel_config_records.records[15].w2_shape[0],512
02-partial-fixed-kv,expert_cache_stats[0].kernel_config_records.records[15].w2_shape[1],2048
02-partial-fixed-kv,expert_cache_stats[0].kernel_config_records.records[15].w2_shape[2],128
02-partial-fixed-kv,expert_cache_stats[0].kernel_config_records.records[15].config.BLOCK_SIZE_K,64
02-partial-fixed-kv,expert_cache_stats[0].kernel_config_records.records[15].config.BLOCK_SIZE_M,16
02-partial-fixed-kv,expert_cache_stats[0].kernel_config_records.records[15].config.BLOCK_SIZE_N,128
02-partial-fixed-kv,expert_cache_stats[0].kernel_config_records.records[15].config.GROUP_SIZE_M,1
02-partial-fixed-kv,expert_cache_stats[0].kernel_config_records.records[15].config.num_stages,3
02-partial-fixed-kv,expert_cache_stats[0].kernel_config_records.records[15].config.num_warps,4
02-partial-fixed-kv,expert_cache_stats[0].kernel_config_records.records[16].chunk_tokens,10
02-partial-fixed-kv,expert_cache_stats[0].kernel_config_records.records[16].top_k,10
02-partial-fixed-kv,expert_cache_stats[0].kernel_config_records.records[16].selections,48
02-partial-fixed-kv,expert_cache_stats[0].kernel_config_records.records[16].w13_shape[0],512
02-partial-fixed-kv,expert_cache_stats[0].kernel_config_records.records[16].w13_shape[1],256
02-partial-fixed-kv,expert_cache_stats[0].kernel_config_records.records[16].w13_shape[2],2048
02-partial-fixed-kv,expert_cache_stats[0].kernel_config_records.records[16].w2_shape[0],512
02-partial-fixed-kv,expert_cache_stats[0].kernel_config_records.records[16].w2_shape[1],2048
02-partial-fixed-kv,expert_cache_stats[0].kernel_config_records.records[16].w2_shape[2],128
02-partial-fixed-kv,expert_cache_stats[0].kernel_config_records.records[16].config.BLOCK_SIZE_K,64
02-partial-fixed-kv,expert_cache_stats[0].kernel_config_records.records[16].config.BLOCK_SIZE_M,16
02-partial-fixed-kv,expert_cache_stats[0].kernel_config_records.records[16].config.BLOCK_SIZE_N,128
02-partial-fixed-kv,expert_cache_stats[0].kernel_config_records.records[16].config.GROUP_SIZE_M,1
02-partial-fixed-kv,expert_cache_stats[0].kernel_config_records.records[16].config.num_stages,3
02-partial-fixed-kv,expert_cache_stats[0].kernel_config_records.records[16].config.num_warps,4
02-partial-fixed-kv,expert_cache_stats[0].kernel_config_records.records[17].chunk_tokens,8
02-partial-fixed-kv,expert_cache_stats[0].kernel_config_records.records[17].top_k,10
02-partial-fixed-kv,expert_cache_stats[0].kernel_config_records.records[17].selections,48
02-partial-fixed-kv,expert_cache_stats[0].kernel_config_records.records[17].w13_shape[0],512
02-partial-fixed-kv,expert_cache_stats[0].kernel_config_records.records[17].w13_shape[1],256
02-partial-fixed-kv,expert_cache_stats[0].kernel_config_records.records[17].w13_shape[2],2048
02-partial-fixed-kv,expert_cache_stats[0].kernel_config_records.records[17].w2_shape[0],512
02-partial-fixed-kv,expert_cache_stats[0].kernel_config_records.records[17].w2_shape[1],2048
02-partial-fixed-kv,expert_cache_stats[0].kernel_config_records.records[17].w2_shape[2],128
02-partial-fixed-kv,expert_cache_stats[0].kernel_config_records.records[17].config.BLOCK_SIZE_K,64
02-partial-fixed-kv,expert_cache_stats[0].kernel_config_records.records[17].config.BLOCK_SIZE_M,16
02-partial-fixed-kv,expert_cache_stats[0].kernel_config_records.records[17].config.BLOCK_SIZE_N,128
02-partial-fixed-kv,expert_cache_stats[0].kernel_config_records.records[17].config.GROUP_SIZE_M,1
02-partial-fixed-kv,expert_cache_stats[0].kernel_config_records.records[17].config.num_stages,3
02-partial-fixed-kv,expert_cache_stats[0].kernel_config_records.records[17].config.num_warps,4
02-partial-fixed-kv,expert_cache_stats[0].kernel_config_records.records[18].chunk_tokens,6
02-partial-fixed-kv,expert_cache_stats[0].kernel_config_records.records[18].top_k,10
02-partial-fixed-kv,expert_cache_stats[0].kernel_config_records.records[18].selections,48
02-partial-fixed-kv,expert_cache_stats[0].kernel_config_records.records[18].w13_shape[0],512
02-partial-fixed-kv,expert_cache_stats[0].kernel_config_records.records[18].w13_shape[1],256
02-partial-fixed-kv,expert_cache_stats[0].kernel_config_records.records[18].w13_shape[2],2048
02-partial-fixed-kv,expert_cache_stats[0].kernel_config_records.records[18].w2_shape[0],512
02-partial-fixed-kv,expert_cache_stats[0].kernel_config_records.records[18].w2_shape[1],2048
02-partial-fixed-kv,expert_cache_stats[0].kernel_config_records.records[18].w2_shape[2],128
02-partial-fixed-kv,expert_cache_stats[0].kernel_config_records.records[18].config.BLOCK_SIZE_K,64
02-partial-fixed-kv,expert_cache_stats[0].kernel_config_records.records[18].config.BLOCK_SIZE_M,16
02-partial-fixed-kv,expert_cache_stats[0].kernel_config_records.records[18].config.BLOCK_SIZE_N,128
02-partial-fixed-kv,expert_cache_stats[0].kernel_config_records.records[18].config.GROUP_SIZE_M,1
02-partial-fixed-kv,expert_cache_stats[0].kernel_config_records.records[18].config.num_stages,4
02-partial-fixed-kv,expert_cache_stats[0].kernel_config_records.records[18].config.num_warps,4
02-partial-fixed-kv,expert_cache_stats[0].kernel_config_records.records[19].chunk_tokens,4
02-partial-fixed-kv,expert_cache_stats[0].kernel_config_records.records[19].top_k,10
02-partial-fixed-kv,expert_cache_stats[0].kernel_config_records.records[19].selections,48
02-partial-fixed-kv,expert_cache_stats[0].kernel_config_records.records[19].w13_shape[0],512
02-partial-fixed-kv,expert_cache_stats[0].kernel_config_records.records[19].w13_shape[1],256
02-partial-fixed-kv,expert_cache_stats[0].kernel_config_records.records[19].w13_shape[2],2048
02-partial-fixed-kv,expert_cache_stats[0].kernel_config_records.records[19].w2_shape[0],512
02-partial-fixed-kv,expert_cache_stats[0].kernel_config_records.records[19].w2_shape[1],2048
02-partial-fixed-kv,expert_cache_stats[0].kernel_config_records.records[19].w2_shape[2],128
02-partial-fixed-kv,expert_cache_stats[0].kernel_config_records.records[19].config.BLOCK_SIZE_K,64
02-partial-fixed-kv,expert_cache_stats[0].kernel_config_records.records[19].config.BLOCK_SIZE_M,16
02-partial-fixed-kv,expert_cache_stats[0].kernel_config_records.records[19].config.BLOCK_SIZE_N,128
02-partial-fixed-kv,expert_cache_stats[0].kernel_config_records.records[19].config.GROUP_SIZE_M,1
02-partial-fixed-kv,expert_cache_stats[0].kernel_config_records.records[19].config.num_stages,4
02-partial-fixed-kv,expert_cache_stats[0].kernel_config_records.records[19].config.num_warps,4
02-partial-fixed-kv,expert_cache_stats[0].kernel_config_records.records[20].chunk_tokens,2
02-partial-fixed-kv,expert_cache_stats[0].kernel_config_records.records[20].top_k,10
02-partial-fixed-kv,expert_cache_stats[0].kernel_config_records.records[20].selections,48
02-partial-fixed-kv,expert_cache_stats[0].kernel_config_records.records[20].w13_shape[0],512
02-partial-fixed-kv,expert_cache_stats[0].kernel_config_records.records[20].w13_shape[1],256
02-partial-fixed-kv,expert_cache_stats[0].kernel_config_records.records[20].w13_shape[2],2048
02-partial-fixed-kv,expert_cache_stats[0].kernel_config_records.records[20].w2_shape[0],512
02-partial-fixed-kv,expert_cache_stats[0].kernel_config_records.records[20].w2_shape[1],2048
02-partial-fixed-kv,expert_cache_stats[0].kernel_config_records.records[20].w2_shape[2],128
02-partial-fixed-kv,expert_cache_stats[0].kernel_config_records.records[20].config.BLOCK_SIZE_K,64
02-partial-fixed-kv,expert_cache_stats[0].kernel_config_records.records[20].config.BLOCK_SIZE_M,32
02-partial-fixed-kv,expert_cache_stats[0].kernel_config_records.records[20].config.BLOCK_SIZE_N,64
02-partial-fixed-kv,expert_cache_stats[0].kernel_config_records.records[20].config.GROUP_SIZE_M,1
02-partial-fixed-kv,expert_cache_stats[0].kernel_config_records.records[20].config.num_stages,4
02-partial-fixed-kv,expert_cache_stats[0].kernel_config_records.records[20].config.num_warps,8
02-partial-fixed-kv,expert_cache_stats[1].schema_version,1
02-partial-fixed-kv,expert_cache_stats[1].rank,1
02-partial-fixed-kv,expert_cache_stats[1].tensor_parallel_size,4
02-partial-fixed-kv,expert_cache_stats[1].total_layers,48
02-partial-fixed-kv,expert_cache_stats[1].num_experts,512
02-partial-fixed-kv,expert_cache_stats[1].physical_slots,13056
02-partial-fixed-kv,expert_cache_stats[1].resident_slots,12288
02-partial-fixed-kv,expert_cache_stats[1].cache_slots,256
02-partial-fixed-kv,expert_cache_stats[1].ingress_slots,512
02-partial-fixed-kv,expert_cache_stats[1].expert_bytes,1572864
02-partial-fixed-kv,expert_cache_stats[1].host_source_bytes,38654705664
02-partial-fixed-kv,expert_cache_stats[1].pinned_gather_bytes,805306368
02-partial-fixed-kv,expert_cache_stats[1].gpu_pool_bytes,20535312384
02-partial-fixed-kv,expert_cache_stats[1].gpu_resident_bytes,19327352832
02-partial-fixed-kv,expert_cache_stats[1].gpu_cache_bytes,402653184
02-partial-fixed-kv,expert_cache_stats[1].gpu_ingress_bytes,805306368
02-partial-fixed-kv,expert_cache_stats[1].gpu_metadata_bytes,6144
02-partial-fixed-kv,expert_cache_stats[1].pinned_metadata_bytes,6144
02-partial-fixed-kv,expert_cache_stats[1].net_freed_bytes,18119387136
02-partial-fixed-kv,expert_cache_stats[1].weights_verified,0
02-partial-fixed-kv,expert_cache_stats[1].cuda_timing_capacity,128
02-partial-fixed-kv,expert_cache_stats[1].h2d_bytes,354315927552
02-partial-fixed-kv,expert_cache_stats[1].copy_launches,8410
02-partial-fixed-kv,expert_cache_stats[1].startup_resident_h2d_bytes,19327352832
02-partial-fixed-kv,expert_cache_stats[1].promotion_d2d_bytes,1793064960
02-partial-fixed-kv,expert_cache_stats[1].metadata_h2d_bytes,8954784
02-partial-fixed-kv,expert_cache_stats[1].unique_demands,837563
02-partial-fixed-kv,expert_cache_stats[1].resident_hits,601404
02-partial-fixed-kv,expert_cache_stats[1].max_unique_per_forward,509
02-partial-fixed-kv,expert_cache_stats[1].mean_unique_coverage,0.3745112716059982
02-partial-fixed-kv,expert_cache_stats[1].resident_ratio,0.5
02-partial-fixed-kv,expert_cache_stats[1].policy.observations,4368
02-partial-fixed-kv,expert_cache_stats[1].policy.unique_demands,837563
02-partial-fixed-kv,expert_cache_stats[1].policy.completed_forwards,91
02-partial-fixed-kv,expert_cache_stats[1].policy.decay_events,1
02-partial-fixed-kv,expert_cache_stats[1].policy.cache_hits,10891
02-partial-fixed-kv,expert_cache_stats[1].policy.cache_misses,225268
02-partial-fixed-kv,expert_cache_stats[1].policy.admissions,1140
02-partial-fixed-kv,expert_cache_stats[1].policy.evictions,884
02-partial-fixed-kv,expert_cache_stats[1].policy.cache_bypasses,224128
02-partial-fixed-kv,expert_cache_stats[1].policy.reconfigurations,0
02-partial-fixed-kv,expert_cache_stats[1].policy.resident_experts,12288
02-partial-fixed-kv,expert_cache_stats[1].policy.cache_slots,256
02-partial-fixed-kv,expert_cache_stats[1].policy.cache_entries,256
02-partial-fixed-kv,expert_cache_stats[1].policy.cache_hit_ratio,0.04611723457501091
02-partial-fixed-kv,expert_cache_stats[1].timing.route_d2h_s,10.843114785384387
02-partial-fixed-kv,expert_cache_stats[1].timing.policy_cpu_s,1.4549122997559607
02-partial-fixed-kv,expert_cache_stats[1].timing.host_reuse_wait_s,0.028148752637207508
02-partial-fixed-kv,expert_cache_stats[1].timing.host_gather_s,71.57460931548849
02-partial-fixed-kv,expert_cache_stats[1].timing.h2d_enqueue_s,0.3672126685269177
02-partial-fixed-kv,expert_cache_stats[1].timing.compute_enqueue_s,2.4505934733897448
02-partial-fixed-kv,expert_cache_stats[1].timing.cuda_sample_count,124
02-partial-fixed-kv,expert_cache_stats[1].timing.load_cuda_s,0.20770844838768246
02-partial-fixed-kv,expert_cache_stats[1].timing.compute_cuda_s,0.03794223997741937
02-partial-fixed-kv,expert_cache_stats[1].timing.promotion_cuda_s,0.000601472005946562
02-partial-fixed-kv,expert_cache_stats[1].forward_counts[0],91
02-partial-fixed-kv,expert_cache_stats[1].forward_counts[1],91
02-partial-fixed-kv,expert_cache_stats[1].forward_counts[2],91
02-partial-fixed-kv,expert_cache_stats[1].forward_counts[3],91
02-partial-fixed-kv,expert_cache_stats[1].forward_counts[4],91
02-partial-fixed-kv,expert_cache_stats[1].forward_counts[5],91
02-partial-fixed-kv,expert_cache_stats[1].forward_counts[6],91
02-partial-fixed-kv,expert_cache_stats[1].forward_counts[7],91
02-partial-fixed-kv,expert_cache_stats[1].forward_counts[8],91
02-partial-fixed-kv,expert_cache_stats[1].forward_counts[9],91
02-partial-fixed-kv,expert_cache_stats[1].forward_counts[10],91
02-partial-fixed-kv,expert_cache_stats[1].forward_counts[11],91
02-partial-fixed-kv,expert_cache_stats[1].forward_counts[12],91
02-partial-fixed-kv,expert_cache_stats[1].forward_counts[13],91
02-partial-fixed-kv,expert_cache_stats[1].forward_counts[14],91
02-partial-fixed-kv,expert_cache_stats[1].forward_counts[15],91
02-partial-fixed-kv,expert_cache_stats[1].forward_counts[16],91
02-partial-fixed-kv,expert_cache_stats[1].forward_counts[17],91
02-partial-fixed-kv,expert_cache_stats[1].forward_counts[18],91
02-partial-fixed-kv,expert_cache_stats[1].forward_counts[19],91
02-partial-fixed-kv,expert_cache_stats[1].forward_counts[20],91
02-partial-fixed-kv,expert_cache_stats[1].forward_counts[21],91
02-partial-fixed-kv,expert_cache_stats[1].forward_counts[22],91
02-partial-fixed-kv,expert_cache_stats[1].forward_counts[23],91
02-partial-fixed-kv,expert_cache_stats[1].forward_counts[24],91
02-partial-fixed-kv,expert_cache_stats[1].forward_counts[25],91
02-partial-fixed-kv,expert_cache_stats[1].forward_counts[26],91
02-partial-fixed-kv,expert_cache_stats[1].forward_counts[27],91
02-partial-fixed-kv,expert_cache_stats[1].forward_counts[28],91
02-partial-fixed-kv,expert_cache_stats[1].forward_counts[29],91
02-partial-fixed-kv,expert_cache_stats[1].forward_counts[30],91
02-partial-fixed-kv,expert_cache_stats[1].forward_counts[31],91
02-partial-fixed-kv,expert_cache_stats[1].forward_counts[32],91
02-partial-fixed-kv,expert_cache_stats[1].forward_counts[33],91
02-partial-fixed-kv,expert_cache_stats[1].forward_counts[34],91
02-partial-fixed-kv,expert_cache_stats[1].forward_counts[35],91
02-partial-fixed-kv,expert_cache_stats[1].forward_counts[36],91
02-partial-fixed-kv,expert_cache_stats[1].forward_counts[37],91
02-partial-fixed-kv,expert_cache_stats[1].forward_counts[38],91
02-partial-fixed-kv,expert_cache_stats[1].forward_counts[39],91
02-partial-fixed-kv,expert_cache_stats[1].forward_counts[40],91
02-partial-fixed-kv,expert_cache_stats[1].forward_counts[41],91
02-partial-fixed-kv,expert_cache_stats[1].forward_counts[42],91
02-partial-fixed-kv,expert_cache_stats[1].forward_counts[43],91
02-partial-fixed-kv,expert_cache_stats[1].forward_counts[44],91
02-partial-fixed-kv,expert_cache_stats[1].forward_counts[45],91
02-partial-fixed-kv,expert_cache_stats[1].forward_counts[46],91
02-partial-fixed-kv,expert_cache_stats[1].forward_counts[47],91
02-partial-fixed-kv,expert_cache_stats[1].per_layer_unique_demands[0],21138
02-partial-fixed-kv,expert_cache_stats[1].per_layer_unique_demands[1],16941
02-partial-fixed-kv,expert_cache_stats[1].per_layer_unique_demands[2],21537
02-partial-fixed-kv,expert_cache_stats[1].per_layer_unique_demands[3],15599
02-partial-fixed-kv,expert_cache_stats[1].per_layer_unique_demands[4],16854
02-partial-fixed-kv,expert_cache_stats[1].per_layer_unique_demands[5],18495
02-partial-fixed-kv,expert_cache_stats[1].per_layer_unique_demands[6],20346
02-partial-fixed-kv,expert_cache_stats[1].per_layer_unique_demands[7],20046
02-partial-fixed-kv,expert_cache_stats[1].per_layer_unique_demands[8],17285
02-partial-fixed-kv,expert_cache_stats[1].per_layer_unique_demands[9],15577
02-partial-fixed-kv,expert_cache_stats[1].per_layer_unique_demands[10],15503
02-partial-fixed-kv,expert_cache_stats[1].per_layer_unique_demands[11],16773
02-partial-fixed-kv,expert_cache_stats[1].per_layer_unique_demands[12],14282
02-partial-fixed-kv,expert_cache_stats[1].per_layer_unique_demands[13],15270
02-partial-fixed-kv,expert_cache_stats[1].per_layer_unique_demands[14],16944
02-partial-fixed-kv,expert_cache_stats[1].per_layer_unique_demands[15],18331
02-partial-fixed-kv,expert_cache_stats[1].per_layer_unique_demands[16],16716
02-partial-fixed-kv,expert_cache_stats[1].per_layer_unique_demands[17],18464
02-partial-fixed-kv,expert_cache_stats[1].per_layer_unique_demands[18],19940
02-partial-fixed-kv,expert_cache_stats[1].per_layer_unique_demands[19],20062
02-partial-fixed-kv,expert_cache_stats[1].per_layer_unique_demands[20],16953
02-partial-fixed-kv,expert_cache_stats[1].per_layer_unique_demands[21],15325
02-partial-fixed-kv,expert_cache_stats[1].per_layer_unique_demands[22],15398
02-partial-fixed-kv,expert_cache_stats[1].per_layer_unique_demands[23],16674
02-partial-fixed-kv,expert_cache_stats[1].per_layer_unique_demands[24],14738
02-partial-fixed-kv,expert_cache_stats[1].per_layer_unique_demands[25],15495
02-partial-fixed-kv,expert_cache_stats[1].per_layer_unique_demands[26],17059
02-partial-fixed-kv,expert_cache_stats[1].per_layer_unique_demands[27],18689
02-partial-fixed-kv,expert_cache_stats[1].per_layer_unique_demands[28],17148
02-partial-fixed-kv,expert_cache_stats[1].per_layer_unique_demands[29],18921
02-partial-fixed-kv,expert_cache_stats[1].per_layer_unique_demands[30],20215
02-partial-fixed-kv,expert_cache_stats[1].per_layer_unique_demands[31],20348
02-partial-fixed-kv,expert_cache_stats[1].per_layer_unique_demands[32],18026
02-partial-fixed-kv,expert_cache_stats[1].per_layer_unique_demands[33],16737
02-partial-fixed-kv,expert_cache_stats[1].per_layer_unique_demands[34],16304
02-partial-fixed-kv,expert_cache_stats[1].per_layer_unique_demands[35],17541
02-partial-fixed-kv,expert_cache_stats[1].per_layer_unique_demands[36],15750
02-partial-fixed-kv,expert_cache_stats[1].per_layer_unique_demands[37],16202
02-partial-fixed-kv,expert_cache_stats[1].per_layer_unique_demands[38],17386
02-partial-fixed-kv,expert_cache_stats[1].per_layer_unique_demands[39],18547
02-partial-fixed-kv,expert_cache_stats[1].per_layer_unique_demands[40],18166
02-partial-fixed-kv,expert_cache_stats[1].per_layer_unique_demands[41],18030
02-partial-fixed-kv,expert_cache_stats[1].per_layer_unique_demands[42],17684
02-partial-fixed-kv,expert_cache_stats[1].per_layer_unique_demands[43],16712
02-partial-fixed-kv,expert_cache_stats[1].per_layer_unique_demands[44],16982
02-partial-fixed-kv,expert_cache_stats[1].per_layer_unique_demands[45],16528
02-partial-fixed-kv,expert_cache_stats[1].per_layer_unique_demands[46],16246
02-partial-fixed-kv,expert_cache_stats[1].per_layer_unique_demands[47],17656
02-partial-fixed-kv,expert_cache_stats[1].per_layer_max_unique_per_forward[0],500
02-partial-fixed-kv,expert_cache_stats[1].per_layer_max_unique_per_forward[1],437
02-partial-fixed-kv,expert_cache_stats[1].per_layer_max_unique_per_forward[2],509
02-partial-fixed-kv,expert_cache_stats[1].per_layer_max_unique_per_forward[3],436
02-partial-fixed-kv,expert_cache_stats[1].per_layer_max_unique_per_forward[4],434
02-partial-fixed-kv,expert_cache_stats[1].per_layer_max_unique_per_forward[5],468
02-partial-fixed-kv,expert_cache_stats[1].per_layer_max_unique_per_forward[6],500
02-partial-fixed-kv,expert_cache_stats[1].per_layer_max_unique_per_forward[7],494
02-partial-fixed-kv,expert_cache_stats[1].per_layer_max_unique_per_forward[8],472
02-partial-fixed-kv,expert_cache_stats[1].per_layer_max_unique_per_forward[9],419
02-partial-fixed-kv,expert_cache_stats[1].per_layer_max_unique_per_forward[10],420
02-partial-fixed-kv,expert_cache_stats[1].per_layer_max_unique_per_forward[11],441
02-partial-fixed-kv,expert_cache_stats[1].per_layer_max_unique_per_forward[12],410
02-partial-fixed-kv,expert_cache_stats[1].per_layer_max_unique_per_forward[13],407
02-partial-fixed-kv,expert_cache_stats[1].per_layer_max_unique_per_forward[14],450
02-partial-fixed-kv,expert_cache_stats[1].per_layer_max_unique_per_forward[15],478
02-partial-fixed-kv,expert_cache_stats[1].per_layer_max_unique_per_forward[16],445
02-partial-fixed-kv,expert_cache_stats[1].per_layer_max_unique_per_forward[17],473
02-partial-fixed-kv,expert_cache_stats[1].per_layer_max_unique_per_forward[18],502
02-partial-fixed-kv,expert_cache_stats[1].per_layer_max_unique_per_forward[19],497
02-partial-fixed-kv,expert_cache_stats[1].per_layer_max_unique_per_forward[20],461
02-partial-fixed-kv,expert_cache_stats[1].per_layer_max_unique_per_forward[21],423
02-partial-fixed-kv,expert_cache_stats[1].per_layer_max_unique_per_forward[22],427
02-partial-fixed-kv,expert_cache_stats[1].per_layer_max_unique_per_forward[23],448
02-partial-fixed-kv,expert_cache_stats[1].per_layer_max_unique_per_forward[24],409
02-partial-fixed-kv,expert_cache_stats[1].per_layer_max_unique_per_forward[25],425
02-partial-fixed-kv,expert_cache_stats[1].per_layer_max_unique_per_forward[26],462
02-partial-fixed-kv,expert_cache_stats[1].per_layer_max_unique_per_forward[27],484
02-partial-fixed-kv,expert_cache_stats[1].per_layer_max_unique_per_forward[28],462
02-partial-fixed-kv,expert_cache_stats[1].per_layer_max_unique_per_forward[29],485
02-partial-fixed-kv,expert_cache_stats[1].per_layer_max_unique_per_forward[30],499
02-partial-fixed-kv,expert_cache_stats[1].per_layer_max_unique_per_forward[31],502
02-partial-fixed-kv,expert_cache_stats[1].per_layer_max_unique_per_forward[32],474
02-partial-fixed-kv,expert_cache_stats[1].per_layer_max_unique_per_forward[33],453
02-partial-fixed-kv,expert_cache_stats[1].per_layer_max_unique_per_forward[34],449
02-partial-fixed-kv,expert_cache_stats[1].per_layer_max_unique_per_forward[35],463
02-partial-fixed-kv,expert_cache_stats[1].per_layer_max_unique_per_forward[36],434
02-partial-fixed-kv,expert_cache_stats[1].per_layer_max_unique_per_forward[37],437
02-partial-fixed-kv,expert_cache_stats[1].per_layer_max_unique_per_forward[38],459
02-partial-fixed-kv,expert_cache_stats[1].per_layer_max_unique_per_forward[39],474
02-partial-fixed-kv,expert_cache_stats[1].per_layer_max_unique_per_forward[40],469
02-partial-fixed-kv,expert_cache_stats[1].per_layer_max_unique_per_forward[41],450
02-partial-fixed-kv,expert_cache_stats[1].per_layer_max_unique_per_forward[42],445
02-partial-fixed-kv,expert_cache_stats[1].per_layer_max_unique_per_forward[43],423
02-partial-fixed-kv,expert_cache_stats[1].per_layer_max_unique_per_forward[44],431
02-partial-fixed-kv,expert_cache_stats[1].per_layer_max_unique_per_forward[45],424
02-partial-fixed-kv,expert_cache_stats[1].per_layer_max_unique_per_forward[46],416
02-partial-fixed-kv,expert_cache_stats[1].per_layer_max_unique_per_forward[47],442
02-partial-fixed-kv,expert_cache_stats[1].identity.geometry.total_layers,48
02-partial-fixed-kv,expert_cache_stats[1].identity.geometry.num_experts,512
02-partial-fixed-kv,expert_cache_stats[1].identity.geometry.hidden_size,2048
02-partial-fixed-kv,expert_cache_stats[1].identity.geometry.intermediate_size,128
02-partial-fixed-kv,expert_cache_stats[1].identity.tensor_parallel_size,4
02-partial-fixed-kv,expert_cache_stats[1].identity.model_config_sha256,2d483c7cabad7c8704478ed4038fa7e7b2eff840bc00a118eccbe38e2b488303
02-partial-fixed-kv,expert_cache_stats[1].identity.model_identity_sha256,24f6a89ba0e0435caffbb3d056425fb1fe980fca09d5a8749dfb231bd24880d8
02-partial-fixed-kv,expert_cache_stats[1].profile_sha256,e102f6959c1e9a64d67294b1800b9f093fb41907a0ca4aa42aa030b7c2dad3fb
02-partial-fixed-kv,expert_cache_stats[1].cache_policy,decayed-lfu
02-partial-fixed-kv,expert_cache_stats[1].failed,False
02-partial-fixed-kv,expert_cache_stats[1].weight_verification_scope,CUDA parity tests required; no runtime weight D2H verification
02-partial-fixed-kv,expert_cache_stats[1].temporary_memory_scope,native fused kernel workspace/output and CPU route IDs scale with scheduled tokens; no weight-sized GPU gather temporary
02-partial-fixed-kv,expert_cache_stats[1].memory_accounting_scope,"tensor payload bytes; excludes allocator rounding, CUDA event driver memory and Python policy metadata; native/chunk output workspace must be included in vLLM measured profiling peak"
02-partial-fixed-kv,expert_cache_stats[1].kernel_config_scope,native logical E geometry per actual native chunk size
02-partial-fixed-kv,expert_cache_stats[1].transfer_schedule,demand-critical H2D on compute stream; no speculative prefetch
02-partial-fixed-kv,expert_cache_stats[1].kernel_config_records.capacity,64
02-partial-fixed-kv,expert_cache_stats[1].kernel_config_records.unrecorded_selections,0
02-partial-fixed-kv,expert_cache_stats[1].kernel_config_records.records[0].chunk_tokens,8192
02-partial-fixed-kv,expert_cache_stats[1].kernel_config_records.records[0].top_k,10
02-partial-fixed-kv,expert_cache_stats[1].kernel_config_records.records[0].selections,816
02-partial-fixed-kv,expert_cache_stats[1].kernel_config_records.records[0].w13_shape[0],512
02-partial-fixed-kv,expert_cache_stats[1].kernel_config_records.records[0].w13_shape[1],256
02-partial-fixed-kv,expert_cache_stats[1].kernel_config_records.records[0].w13_shape[2],2048
02-partial-fixed-kv,expert_cache_stats[1].kernel_config_records.records[0].w2_shape[0],512
02-partial-fixed-kv,expert_cache_stats[1].kernel_config_records.records[0].w2_shape[1],2048
02-partial-fixed-kv,expert_cache_stats[1].kernel_config_records.records[0].w2_shape[2],128
02-partial-fixed-kv,expert_cache_stats[1].kernel_config_records.records[0].config.BLOCK_SIZE_K,64
02-partial-fixed-kv,expert_cache_stats[1].kernel_config_records.records[0].config.BLOCK_SIZE_M,128
02-partial-fixed-kv,expert_cache_stats[1].kernel_config_records.records[0].config.BLOCK_SIZE_N,128
02-partial-fixed-kv,expert_cache_stats[1].kernel_config_records.records[0].config.GROUP_SIZE_M,64
02-partial-fixed-kv,expert_cache_stats[1].kernel_config_records.records[0].config.num_stages,3
02-partial-fixed-kv,expert_cache_stats[1].kernel_config_records.records[0].config.num_warps,8
02-partial-fixed-kv,expert_cache_stats[1].kernel_config_records.records[1].chunk_tokens,32
02-partial-fixed-kv,expert_cache_stats[1].kernel_config_records.records[1].top_k,10
02-partial-fixed-kv,expert_cache_stats[1].kernel_config_records.records[1].selections,2304
02-partial-fixed-kv,expert_cache_stats[1].kernel_config_records.records[1].w13_shape[0],512
02-partial-fixed-kv,expert_cache_stats[1].kernel_config_records.records[1].w13_shape[1],256
02-partial-fixed-kv,expert_cache_stats[1].kernel_config_records.records[1].w13_shape[2],2048
02-partial-fixed-kv,expert_cache_stats[1].kernel_config_records.records[1].w2_shape[0],512
02-partial-fixed-kv,expert_cache_stats[1].kernel_config_records.records[1].w2_shape[1],2048
02-partial-fixed-kv,expert_cache_stats[1].kernel_config_records.records[1].w2_shape[2],128
02-partial-fixed-kv,expert_cache_stats[1].kernel_config_records.records[1].config.BLOCK_SIZE_K,64
02-partial-fixed-kv,expert_cache_stats[1].kernel_config_records.records[1].config.BLOCK_SIZE_M,16
02-partial-fixed-kv,expert_cache_stats[1].kernel_config_records.records[1].config.BLOCK_SIZE_N,128
02-partial-fixed-kv,expert_cache_stats[1].kernel_config_records.records[1].config.GROUP_SIZE_M,1
02-partial-fixed-kv,expert_cache_stats[1].kernel_config_records.records[1].config.num_stages,3
02-partial-fixed-kv,expert_cache_stats[1].kernel_config_records.records[1].config.num_warps,8
02-partial-fixed-kv,expert_cache_stats[1].kernel_config_records.records[2].chunk_tokens,4096
02-partial-fixed-kv,expert_cache_stats[1].kernel_config_records.records[2].top_k,10
02-partial-fixed-kv,expert_cache_stats[1].kernel_config_records.records[2].selections,96
02-partial-fixed-kv,expert_cache_stats[1].kernel_config_records.records[2].w13_shape[0],512
02-partial-fixed-kv,expert_cache_stats[1].kernel_config_records.records[2].w13_shape[1],256
02-partial-fixed-kv,expert_cache_stats[1].kernel_config_records.records[2].w13_shape[2],2048
02-partial-fixed-kv,expert_cache_stats[1].kernel_config_records.records[2].w2_shape[0],512
02-partial-fixed-kv,expert_cache_stats[1].kernel_config_records.records[2].w2_shape[1],2048
02-partial-fixed-kv,expert_cache_stats[1].kernel_config_records.records[2].w2_shape[2],128
02-partial-fixed-kv,expert_cache_stats[1].kernel_config_records.records[2].config.BLOCK_SIZE_K,64
02-partial-fixed-kv,expert_cache_stats[1].kernel_config_records.records[2].config.BLOCK_SIZE_M,128
02-partial-fixed-kv,expert_cache_stats[1].kernel_config_records.records[2].config.BLOCK_SIZE_N,128
02-partial-fixed-kv,expert_cache_stats[1].kernel_config_records.records[2].config.GROUP_SIZE_M,64
02-partial-fixed-kv,expert_cache_stats[1].kernel_config_records.records[2].config.num_stages,3
02-partial-fixed-kv,expert_cache_stats[1].kernel_config_records.records[2].config.num_warps,8
02-partial-fixed-kv,expert_cache_stats[1].kernel_config_records.records[3].chunk_tokens,1
02-partial-fixed-kv,expert_cache_stats[1].kernel_config_records.records[3].top_k,10
02-partial-fixed-kv,expert_cache_stats[1].kernel_config_records.records[3].selections,336
02-partial-fixed-kv,expert_cache_stats[1].kernel_config_records.records[3].w13_shape[0],512
02-partial-fixed-kv,expert_cache_stats[1].kernel_config_records.records[3].w13_shape[1],256
02-partial-fixed-kv,expert_cache_stats[1].kernel_config_records.records[3].w13_shape[2],2048
02-partial-fixed-kv,expert_cache_stats[1].kernel_config_records.records[3].w2_shape[0],512
02-partial-fixed-kv,expert_cache_stats[1].kernel_config_records.records[3].w2_shape[1],2048
02-partial-fixed-kv,expert_cache_stats[1].kernel_config_records.records[3].w2_shape[2],128
02-partial-fixed-kv,expert_cache_stats[1].kernel_config_records.records[3].config.BLOCK_SIZE_K,64
02-partial-fixed-kv,expert_cache_stats[1].kernel_config_records.records[3].config.BLOCK_SIZE_M,16
02-partial-fixed-kv,expert_cache_stats[1].kernel_config_records.records[3].config.BLOCK_SIZE_N,32
02-partial-fixed-kv,expert_cache_stats[1].kernel_config_records.records[3].config.GROUP_SIZE_M,1
02-partial-fixed-kv,expert_cache_stats[1].kernel_config_records.records[3].config.num_stages,4
02-partial-fixed-kv,expert_cache_stats[1].kernel_config_records.records[3].config.num_warps,4
02-partial-fixed-kv,expert_cache_stats[1].kernel_config_records.records[4].chunk_tokens,4337
02-partial-fixed-kv,expert_cache_stats[1].kernel_config_records.records[4].top_k,10
02-partial-fixed-kv,expert_cache_stats[1].kernel_config_records.records[4].selections,48
02-partial-fixed-kv,expert_cache_stats[1].kernel_config_records.records[4].w13_shape[0],512
02-partial-fixed-kv,expert_cache_stats[1].kernel_config_records.records[4].w13_shape[1],256
02-partial-fixed-kv,expert_cache_stats[1].kernel_config_records.records[4].w13_shape[2],2048
02-partial-fixed-kv,expert_cache_stats[1].kernel_config_records.records[4].w2_shape[0],512
02-partial-fixed-kv,expert_cache_stats[1].kernel_config_records.records[4].w2_shape[1],2048
02-partial-fixed-kv,expert_cache_stats[1].kernel_config_records.records[4].w2_shape[2],128
02-partial-fixed-kv,expert_cache_stats[1].kernel_config_records.records[4].config.BLOCK_SIZE_K,64
02-partial-fixed-kv,expert_cache_stats[1].kernel_config_records.records[4].config.BLOCK_SIZE_M,128
02-partial-fixed-kv,expert_cache_stats[1].kernel_config_records.records[4].config.BLOCK_SIZE_N,128
02-partial-fixed-kv,expert_cache_stats[1].kernel_config_records.records[4].config.GROUP_SIZE_M,64
02-partial-fixed-kv,expert_cache_stats[1].kernel_config_records.records[4].config.num_stages,3
02-partial-fixed-kv,expert_cache_stats[1].kernel_config_records.records[4].config.num_warps,8
02-partial-fixed-kv,expert_cache_stats[1].kernel_config_records.records[5].chunk_tokens,31
02-partial-fixed-kv,expert_cache_stats[1].kernel_config_records.records[5].top_k,10
02-partial-fixed-kv,expert_cache_stats[1].kernel_config_records.records[5].selections,48
02-partial-fixed-kv,expert_cache_stats[1].kernel_config_records.records[5].w13_shape[0],512
02-partial-fixed-kv,expert_cache_stats[1].kernel_config_records.records[5].w13_shape[1],256
02-partial-fixed-kv,expert_cache_stats[1].kernel_config_records.records[5].w13_shape[2],2048
02-partial-fixed-kv,expert_cache_stats[1].kernel_config_records.records[5].w2_shape[0],512
02-partial-fixed-kv,expert_cache_stats[1].kernel_config_records.records[5].w2_shape[1],2048
02-partial-fixed-kv,expert_cache_stats[1].kernel_config_records.records[5].w2_shape[2],128
02-partial-fixed-kv,expert_cache_stats[1].kernel_config_records.records[5].config.BLOCK_SIZE_K,64
02-partial-fixed-kv,expert_cache_stats[1].kernel_config_records.records[5].config.BLOCK_SIZE_M,16
02-partial-fixed-kv,expert_cache_stats[1].kernel_config_records.records[5].config.BLOCK_SIZE_N,128
02-partial-fixed-kv,expert_cache_stats[1].kernel_config_records.records[5].config.GROUP_SIZE_M,1
02-partial-fixed-kv,expert_cache_stats[1].kernel_config_records.records[5].config.num_stages,3
02-partial-fixed-kv,expert_cache_stats[1].kernel_config_records.records[5].config.num_warps,8
02-partial-fixed-kv,expert_cache_stats[1].kernel_config_records.records[6].chunk_tokens,30
02-partial-fixed-kv,expert_cache_stats[1].kernel_config_records.records[6].top_k,10
02-partial-fixed-kv,expert_cache_stats[1].kernel_config_records.records[6].selections,48
02-partial-fixed-kv,expert_cache_stats[1].kernel_config_records.records[6].w13_shape[0],512
02-partial-fixed-kv,expert_cache_stats[1].kernel_config_records.records[6].w13_shape[1],256
02-partial-fixed-kv,expert_cache_stats[1].kernel_config_records.records[6].w13_shape[2],2048
02-partial-fixed-kv,expert_cache_stats[1].kernel_config_records.records[6].w2_shape[0],512
02-partial-fixed-kv,expert_cache_stats[1].kernel_config_records.records[6].w2_shape[1],2048
02-partial-fixed-kv,expert_cache_stats[1].kernel_config_records.records[6].w2_shape[2],128
02-partial-fixed-kv,expert_cache_stats[1].kernel_config_records.records[6].config.BLOCK_SIZE_K,64
02-partial-fixed-kv,expert_cache_stats[1].kernel_config_records.records[6].config.BLOCK_SIZE_M,16
02-partial-fixed-kv,expert_cache_stats[1].kernel_config_records.records[6].config.BLOCK_SIZE_N,128
02-partial-fixed-kv,expert_cache_stats[1].kernel_config_records.records[6].config.GROUP_SIZE_M,1
02-partial-fixed-kv,expert_cache_stats[1].kernel_config_records.records[6].config.num_stages,3
02-partial-fixed-kv,expert_cache_stats[1].kernel_config_records.records[6].config.num_warps,8
02-partial-fixed-kv,expert_cache_stats[1].kernel_config_records.records[7].chunk_tokens,28
02-partial-fixed-kv,expert_cache_stats[1].kernel_config_records.records[7].top_k,10
02-partial-fixed-kv,expert_cache_stats[1].kernel_config_records.records[7].selections,48
02-partial-fixed-kv,expert_cache_stats[1].kernel_config_records.records[7].w13_shape[0],512
02-partial-fixed-kv,expert_cache_stats[1].kernel_config_records.records[7].w13_shape[1],256
02-partial-fixed-kv,expert_cache_stats[1].kernel_config_records.records[7].w13_shape[2],2048
02-partial-fixed-kv,expert_cache_stats[1].kernel_config_records.records[7].w2_shape[0],512
02-partial-fixed-kv,expert_cache_stats[1].kernel_config_records.records[7].w2_shape[1],2048
02-partial-fixed-kv,expert_cache_stats[1].kernel_config_records.records[7].w2_shape[2],128
02-partial-fixed-kv,expert_cache_stats[1].kernel_config_records.records[7].config.BLOCK_SIZE_K,64
02-partial-fixed-kv,expert_cache_stats[1].kernel_config_records.records[7].config.BLOCK_SIZE_M,32
02-partial-fixed-kv,expert_cache_stats[1].kernel_config_records.records[7].config.BLOCK_SIZE_N,128
02-partial-fixed-kv,expert_cache_stats[1].kernel_config_records.records[7].config.GROUP_SIZE_M,1
02-partial-fixed-kv,expert_cache_stats[1].kernel_config_records.records[7].config.num_stages,3
02-partial-fixed-kv,expert_cache_stats[1].kernel_config_records.records[7].config.num_warps,4
02-partial-fixed-kv,expert_cache_stats[1].kernel_config_records.records[8].chunk_tokens,26
02-partial-fixed-kv,expert_cache_stats[1].kernel_config_records.records[8].top_k,10
02-partial-fixed-kv,expert_cache_stats[1].kernel_config_records.records[8].selections,48
02-partial-fixed-kv,expert_cache_stats[1].kernel_config_records.records[8].w13_shape[0],512
02-partial-fixed-kv,expert_cache_stats[1].kernel_config_records.records[8].w13_shape[1],256
02-partial-fixed-kv,expert_cache_stats[1].kernel_config_records.records[8].w13_shape[2],2048
02-partial-fixed-kv,expert_cache_stats[1].kernel_config_records.records[8].w2_shape[0],512
02-partial-fixed-kv,expert_cache_stats[1].kernel_config_records.records[8].w2_shape[1],2048
02-partial-fixed-kv,expert_cache_stats[1].kernel_config_records.records[8].w2_shape[2],128
02-partial-fixed-kv,expert_cache_stats[1].kernel_config_records.records[8].config.BLOCK_SIZE_K,64
02-partial-fixed-kv,expert_cache_stats[1].kernel_config_records.records[8].config.BLOCK_SIZE_M,32
02-partial-fixed-kv,expert_cache_stats[1].kernel_config_records.records[8].config.BLOCK_SIZE_N,128
02-partial-fixed-kv,expert_cache_stats[1].kernel_config_records.records[8].config.GROUP_SIZE_M,1
02-partial-fixed-kv,expert_cache_stats[1].kernel_config_records.records[8].config.num_stages,3
02-partial-fixed-kv,expert_cache_stats[1].kernel_config_records.records[8].config.num_warps,4
02-partial-fixed-kv,expert_cache_stats[1].kernel_config_records.records[9].chunk_tokens,24
02-partial-fixed-kv,expert_cache_stats[1].kernel_config_records.records[9].top_k,10
02-partial-fixed-kv,expert_cache_stats[1].kernel_config_records.records[9].selections,48
02-partial-fixed-kv,expert_cache_stats[1].kernel_config_records.records[9].w13_shape[0],512
02-partial-fixed-kv,expert_cache_stats[1].kernel_config_records.records[9].w13_shape[1],256
02-partial-fixed-kv,expert_cache_stats[1].kernel_config_records.records[9].w13_shape[2],2048
02-partial-fixed-kv,expert_cache_stats[1].kernel_config_records.records[9].w2_shape[0],512
02-partial-fixed-kv,expert_cache_stats[1].kernel_config_records.records[9].w2_shape[1],2048
02-partial-fixed-kv,expert_cache_stats[1].kernel_config_records.records[9].w2_shape[2],128
02-partial-fixed-kv,expert_cache_stats[1].kernel_config_records.records[9].config.BLOCK_SIZE_K,64
02-partial-fixed-kv,expert_cache_stats[1].kernel_config_records.records[9].config.BLOCK_SIZE_M,32
02-partial-fixed-kv,expert_cache_stats[1].kernel_config_records.records[9].config.BLOCK_SIZE_N,128
02-partial-fixed-kv,expert_cache_stats[1].kernel_config_records.records[9].config.GROUP_SIZE_M,1
02-partial-fixed-kv,expert_cache_stats[1].kernel_config_records.records[9].config.num_stages,3
02-partial-fixed-kv,expert_cache_stats[1].kernel_config_records.records[9].config.num_warps,4
02-partial-fixed-kv,expert_cache_stats[1].kernel_config_records.records[10].chunk_tokens,22
02-partial-fixed-kv,expert_cache_stats[1].kernel_config_records.records[10].top_k,10
02-partial-fixed-kv,expert_cache_stats[1].kernel_config_records.records[10].selections,48
02-partial-fixed-kv,expert_cache_stats[1].kernel_config_records.records[10].w13_shape[0],512
02-partial-fixed-kv,expert_cache_stats[1].kernel_config_records.records[10].w13_shape[1],256
02-partial-fixed-kv,expert_cache_stats[1].kernel_config_records.records[10].w13_shape[2],2048
02-partial-fixed-kv,expert_cache_stats[1].kernel_config_records.records[10].w2_shape[0],512
02-partial-fixed-kv,expert_cache_stats[1].kernel_config_records.records[10].w2_shape[1],2048
02-partial-fixed-kv,expert_cache_stats[1].kernel_config_records.records[10].w2_shape[2],128
02-partial-fixed-kv,expert_cache_stats[1].kernel_config_records.records[10].config.BLOCK_SIZE_K,64
02-partial-fixed-kv,expert_cache_stats[1].kernel_config_records.records[10].config.BLOCK_SIZE_M,32
02-partial-fixed-kv,expert_cache_stats[1].kernel_config_records.records[10].config.BLOCK_SIZE_N,128
02-partial-fixed-kv,expert_cache_stats[1].kernel_config_records.records[10].config.GROUP_SIZE_M,1
02-partial-fixed-kv,expert_cache_stats[1].kernel_config_records.records[10].config.num_stages,3
02-partial-fixed-kv,expert_cache_stats[1].kernel_config_records.records[10].config.num_warps,4
02-partial-fixed-kv,expert_cache_stats[1].kernel_config_records.records[11].chunk_tokens,20
02-partial-fixed-kv,expert_cache_stats[1].kernel_config_records.records[11].top_k,10
02-partial-fixed-kv,expert_cache_stats[1].kernel_config_records.records[11].selections,48
02-partial-fixed-kv,expert_cache_stats[1].kernel_config_records.records[11].w13_shape[0],512
02-partial-fixed-kv,expert_cache_stats[1].kernel_config_records.records[11].w13_shape[1],256
02-partial-fixed-kv,expert_cache_stats[1].kernel_config_records.records[11].w13_shape[2],2048
02-partial-fixed-kv,expert_cache_stats[1].kernel_config_records.records[11].w2_shape[0],512
02-partial-fixed-kv,expert_cache_stats[1].kernel_config_records.records[11].w2_shape[1],2048
02-partial-fixed-kv,expert_cache_stats[1].kernel_config_records.records[11].w2_shape[2],128
02-partial-fixed-kv,expert_cache_stats[1].kernel_config_records.records[11].config.BLOCK_SIZE_K,64
02-partial-fixed-kv,expert_cache_stats[1].kernel_config_records.records[11].config.BLOCK_SIZE_M,16
02-partial-fixed-kv,expert_cache_stats[1].kernel_config_records.records[11].config.BLOCK_SIZE_N,128
02-partial-fixed-kv,expert_cache_stats[1].kernel_config_records.records[11].config.GROUP_SIZE_M,1
02-partial-fixed-kv,expert_cache_stats[1].kernel_config_records.records[11].config.num_stages,3
02-partial-fixed-kv,expert_cache_stats[1].kernel_config_records.records[11].config.num_warps,4
02-partial-fixed-kv,expert_cache_stats[1].kernel_config_records.records[12].chunk_tokens,18
02-partial-fixed-kv,expert_cache_stats[1].kernel_config_records.records[12].top_k,10
02-partial-fixed-kv,expert_cache_stats[1].kernel_config_records.records[12].selections,48
02-partial-fixed-kv,expert_cache_stats[1].kernel_config_records.records[12].w13_shape[0],512
02-partial-fixed-kv,expert_cache_stats[1].kernel_config_records.records[12].w13_shape[1],256
02-partial-fixed-kv,expert_cache_stats[1].kernel_config_records.records[12].w13_shape[2],2048
02-partial-fixed-kv,expert_cache_stats[1].kernel_config_records.records[12].w2_shape[0],512
02-partial-fixed-kv,expert_cache_stats[1].kernel_config_records.records[12].w2_shape[1],2048
02-partial-fixed-kv,expert_cache_stats[1].kernel_config_records.records[12].w2_shape[2],128
02-partial-fixed-kv,expert_cache_stats[1].kernel_config_records.records[12].config.BLOCK_SIZE_K,64
02-partial-fixed-kv,expert_cache_stats[1].kernel_config_records.records[12].config.BLOCK_SIZE_M,16
02-partial-fixed-kv,expert_cache_stats[1].kernel_config_records.records[12].config.BLOCK_SIZE_N,128
02-partial-fixed-kv,expert_cache_stats[1].kernel_config_records.records[12].config.GROUP_SIZE_M,1
02-partial-fixed-kv,expert_cache_stats[1].kernel_config_records.records[12].config.num_stages,3
02-partial-fixed-kv,expert_cache_stats[1].kernel_config_records.records[12].config.num_warps,4
02-partial-fixed-kv,expert_cache_stats[1].kernel_config_records.records[13].chunk_tokens,16
02-partial-fixed-kv,expert_cache_stats[1].kernel_config_records.records[13].top_k,10
02-partial-fixed-kv,expert_cache_stats[1].kernel_config_records.records[13].selections,48
02-partial-fixed-kv,expert_cache_stats[1].kernel_config_records.records[13].w13_shape[0],512
02-partial-fixed-kv,expert_cache_stats[1].kernel_config_records.records[13].w13_shape[1],256
02-partial-fixed-kv,expert_cache_stats[1].kernel_config_records.records[13].w13_shape[2],2048
02-partial-fixed-kv,expert_cache_stats[1].kernel_config_records.records[13].w2_shape[0],512
02-partial-fixed-kv,expert_cache_stats[1].kernel_config_records.records[13].w2_shape[1],2048
02-partial-fixed-kv,expert_cache_stats[1].kernel_config_records.records[13].w2_shape[2],128
02-partial-fixed-kv,expert_cache_stats[1].kernel_config_records.records[13].config.BLOCK_SIZE_K,64
02-partial-fixed-kv,expert_cache_stats[1].kernel_config_records.records[13].config.BLOCK_SIZE_M,16
02-partial-fixed-kv,expert_cache_stats[1].kernel_config_records.records[13].config.BLOCK_SIZE_N,128
02-partial-fixed-kv,expert_cache_stats[1].kernel_config_records.records[13].config.GROUP_SIZE_M,1
02-partial-fixed-kv,expert_cache_stats[1].kernel_config_records.records[13].config.num_stages,3
02-partial-fixed-kv,expert_cache_stats[1].kernel_config_records.records[13].config.num_warps,4
02-partial-fixed-kv,expert_cache_stats[1].kernel_config_records.records[14].chunk_tokens,14
02-partial-fixed-kv,expert_cache_stats[1].kernel_config_records.records[14].top_k,10
02-partial-fixed-kv,expert_cache_stats[1].kernel_config_records.records[14].selections,48
02-partial-fixed-kv,expert_cache_stats[1].kernel_config_records.records[14].w13_shape[0],512
02-partial-fixed-kv,expert_cache_stats[1].kernel_config_records.records[14].w13_shape[1],256
02-partial-fixed-kv,expert_cache_stats[1].kernel_config_records.records[14].w13_shape[2],2048
02-partial-fixed-kv,expert_cache_stats[1].kernel_config_records.records[14].w2_shape[0],512
02-partial-fixed-kv,expert_cache_stats[1].kernel_config_records.records[14].w2_shape[1],2048
02-partial-fixed-kv,expert_cache_stats[1].kernel_config_records.records[14].w2_shape[2],128
02-partial-fixed-kv,expert_cache_stats[1].kernel_config_records.records[14].config.BLOCK_SIZE_K,64
02-partial-fixed-kv,expert_cache_stats[1].kernel_config_records.records[14].config.BLOCK_SIZE_M,16
02-partial-fixed-kv,expert_cache_stats[1].kernel_config_records.records[14].config.BLOCK_SIZE_N,128
02-partial-fixed-kv,expert_cache_stats[1].kernel_config_records.records[14].config.GROUP_SIZE_M,1
02-partial-fixed-kv,expert_cache_stats[1].kernel_config_records.records[14].config.num_stages,3
02-partial-fixed-kv,expert_cache_stats[1].kernel_config_records.records[14].config.num_warps,4
02-partial-fixed-kv,expert_cache_stats[1].kernel_config_records.records[15].chunk_tokens,12
02-partial-fixed-kv,expert_cache_stats[1].kernel_config_records.records[15].top_k,10
02-partial-fixed-kv,expert_cache_stats[1].kernel_config_records.records[15].selections,48
02-partial-fixed-kv,expert_cache_stats[1].kernel_config_records.records[15].w13_shape[0],512
02-partial-fixed-kv,expert_cache_stats[1].kernel_config_records.records[15].w13_shape[1],256
02-partial-fixed-kv,expert_cache_stats[1].kernel_config_records.records[15].w13_shape[2],2048
02-partial-fixed-kv,expert_cache_stats[1].kernel_config_records.records[15].w2_shape[0],512
02-partial-fixed-kv,expert_cache_stats[1].kernel_config_records.records[15].w2_shape[1],2048
02-partial-fixed-kv,expert_cache_stats[1].kernel_config_records.records[15].w2_shape[2],128
02-partial-fixed-kv,expert_cache_stats[1].kernel_config_records.records[15].config.BLOCK_SIZE_K,64
02-partial-fixed-kv,expert_cache_stats[1].kernel_config_records.records[15].config.BLOCK_SIZE_M,16
02-partial-fixed-kv,expert_cache_stats[1].kernel_config_records.records[15].config.BLOCK_SIZE_N,128
02-partial-fixed-kv,expert_cache_stats[1].kernel_config_records.records[15].config.GROUP_SIZE_M,1
02-partial-fixed-kv,expert_cache_stats[1].kernel_config_records.records[15].config.num_stages,3
02-partial-fixed-kv,expert_cache_stats[1].kernel_config_records.records[15].config.num_warps,4
02-partial-fixed-kv,expert_cache_stats[1].kernel_config_records.records[16].chunk_tokens,10
02-partial-fixed-kv,expert_cache_stats[1].kernel_config_records.records[16].top_k,10
02-partial-fixed-kv,expert_cache_stats[1].kernel_config_records.records[16].selections,48
02-partial-fixed-kv,expert_cache_stats[1].kernel_config_records.records[16].w13_shape[0],512
02-partial-fixed-kv,expert_cache_stats[1].kernel_config_records.records[16].w13_shape[1],256
02-partial-fixed-kv,expert_cache_stats[1].kernel_config_records.records[16].w13_shape[2],2048
02-partial-fixed-kv,expert_cache_stats[1].kernel_config_records.records[16].w2_shape[0],512
02-partial-fixed-kv,expert_cache_stats[1].kernel_config_records.records[16].w2_shape[1],2048
02-partial-fixed-kv,expert_cache_stats[1].kernel_config_records.records[16].w2_shape[2],128
02-partial-fixed-kv,expert_cache_stats[1].kernel_config_records.records[16].config.BLOCK_SIZE_K,64
02-partial-fixed-kv,expert_cache_stats[1].kernel_config_records.records[16].config.BLOCK_SIZE_M,16
02-partial-fixed-kv,expert_cache_stats[1].kernel_config_records.records[16].config.BLOCK_SIZE_N,128
02-partial-fixed-kv,expert_cache_stats[1].kernel_config_records.records[16].config.GROUP_SIZE_M,1
02-partial-fixed-kv,expert_cache_stats[1].kernel_config_records.records[16].config.num_stages,3
02-partial-fixed-kv,expert_cache_stats[1].kernel_config_records.records[16].config.num_warps,4
02-partial-fixed-kv,expert_cache_stats[1].kernel_config_records.records[17].chunk_tokens,8
02-partial-fixed-kv,expert_cache_stats[1].kernel_config_records.records[17].top_k,10
02-partial-fixed-kv,expert_cache_stats[1].kernel_config_records.records[17].selections,48
02-partial-fixed-kv,expert_cache_stats[1].kernel_config_records.records[17].w13_shape[0],512
02-partial-fixed-kv,expert_cache_stats[1].kernel_config_records.records[17].w13_shape[1],256
02-partial-fixed-kv,expert_cache_stats[1].kernel_config_records.records[17].w13_shape[2],2048
02-partial-fixed-kv,expert_cache_stats[1].kernel_config_records.records[17].w2_shape[0],512
02-partial-fixed-kv,expert_cache_stats[1].kernel_config_records.records[17].w2_shape[1],2048
02-partial-fixed-kv,expert_cache_stats[1].kernel_config_records.records[17].w2_shape[2],128
02-partial-fixed-kv,expert_cache_stats[1].kernel_config_records.records[17].config.BLOCK_SIZE_K,64
02-partial-fixed-kv,expert_cache_stats[1].kernel_config_records.records[17].config.BLOCK_SIZE_M,16
02-partial-fixed-kv,expert_cache_stats[1].kernel_config_records.records[17].config.BLOCK_SIZE_N,128
02-partial-fixed-kv,expert_cache_stats[1].kernel_config_records.records[17].config.GROUP_SIZE_M,1
02-partial-fixed-kv,expert_cache_stats[1].kernel_config_records.records[17].config.num_stages,3
02-partial-fixed-kv,expert_cache_stats[1].kernel_config_records.records[17].config.num_warps,4
02-partial-fixed-kv,expert_cache_stats[1].kernel_config_records.records[18].chunk_tokens,6
02-partial-fixed-kv,expert_cache_stats[1].kernel_config_records.records[18].top_k,10
02-partial-fixed-kv,expert_cache_stats[1].kernel_config_records.records[18].selections,48
02-partial-fixed-kv,expert_cache_stats[1].kernel_config_records.records[18].w13_shape[0],512
02-partial-fixed-kv,expert_cache_stats[1].kernel_config_records.records[18].w13_shape[1],256
02-partial-fixed-kv,expert_cache_stats[1].kernel_config_records.records[18].w13_shape[2],2048
02-partial-fixed-kv,expert_cache_stats[1].kernel_config_records.records[18].w2_shape[0],512
02-partial-fixed-kv,expert_cache_stats[1].kernel_config_records.records[18].w2_shape[1],2048
02-partial-fixed-kv,expert_cache_stats[1].kernel_config_records.records[18].w2_shape[2],128
02-partial-fixed-kv,expert_cache_stats[1].kernel_config_records.records[18].config.BLOCK_SIZE_K,64
02-partial-fixed-kv,expert_cache_stats[1].kernel_config_records.records[18].config.BLOCK_SIZE_M,16
02-partial-fixed-kv,expert_cache_stats[1].kernel_config_records.records[18].config.BLOCK_SIZE_N,128
02-partial-fixed-kv,expert_cache_stats[1].kernel_config_records.records[18].config.GROUP_SIZE_M,1
02-partial-fixed-kv,expert_cache_stats[1].kernel_config_records.records[18].config.num_stages,4
02-partial-fixed-kv,expert_cache_stats[1].kernel_config_records.records[18].config.num_warps,4
02-partial-fixed-kv,expert_cache_stats[1].kernel_config_records.records[19].chunk_tokens,4
02-partial-fixed-kv,expert_cache_stats[1].kernel_config_records.records[19].top_k,10
02-partial-fixed-kv,expert_cache_stats[1].kernel_config_records.records[19].selections,48
02-partial-fixed-kv,expert_cache_stats[1].kernel_config_records.records[19].w13_shape[0],512
02-partial-fixed-kv,expert_cache_stats[1].kernel_config_records.records[19].w13_shape[1],256
02-partial-fixed-kv,expert_cache_stats[1].kernel_config_records.records[19].w13_shape[2],2048
02-partial-fixed-kv,expert_cache_stats[1].kernel_config_records.records[19].w2_shape[0],512
02-partial-fixed-kv,expert_cache_stats[1].kernel_config_records.records[19].w2_shape[1],2048
02-partial-fixed-kv,expert_cache_stats[1].kernel_config_records.records[19].w2_shape[2],128
02-partial-fixed-kv,expert_cache_stats[1].kernel_config_records.records[19].config.BLOCK_SIZE_K,64
02-partial-fixed-kv,expert_cache_stats[1].kernel_config_records.records[19].config.BLOCK_SIZE_M,16
02-partial-fixed-kv,expert_cache_stats[1].kernel_config_records.records[19].config.BLOCK_SIZE_N,128
02-partial-fixed-kv,expert_cache_stats[1].kernel_config_records.records[19].config.GROUP_SIZE_M,1
02-partial-fixed-kv,expert_cache_stats[1].kernel_config_records.records[19].config.num_stages,4
02-partial-fixed-kv,expert_cache_stats[1].kernel_config_records.records[19].config.num_warps,4
02-partial-fixed-kv,expert_cache_stats[1].kernel_config_records.records[20].chunk_tokens,2
02-partial-fixed-kv,expert_cache_stats[1].kernel_config_records.records[20].top_k,10
02-partial-fixed-kv,expert_cache_stats[1].kernel_config_records.records[20].selections,48
02-partial-fixed-kv,expert_cache_stats[1].kernel_config_records.records[20].w13_shape[0],512
02-partial-fixed-kv,expert_cache_stats[1].kernel_config_records.records[20].w13_shape[1],256
02-partial-fixed-kv,expert_cache_stats[1].kernel_config_records.records[20].w13_shape[2],2048
02-partial-fixed-kv,expert_cache_stats[1].kernel_config_records.records[20].w2_shape[0],512
02-partial-fixed-kv,expert_cache_stats[1].kernel_config_records.records[20].w2_shape[1],2048
02-partial-fixed-kv,expert_cache_stats[1].kernel_config_records.records[20].w2_shape[2],128
02-partial-fixed-kv,expert_cache_stats[1].kernel_config_records.records[20].config.BLOCK_SIZE_K,64
02-partial-fixed-kv,expert_cache_stats[1].kernel_config_records.records[20].config.BLOCK_SIZE_M,32
02-partial-fixed-kv,expert_cache_stats[1].kernel_config_records.records[20].config.BLOCK_SIZE_N,64
02-partial-fixed-kv,expert_cache_stats[1].kernel_config_records.records[20].config.GROUP_SIZE_M,1
02-partial-fixed-kv,expert_cache_stats[1].kernel_config_records.records[20].config.num_stages,4
02-partial-fixed-kv,expert_cache_stats[1].kernel_config_records.records[20].config.num_warps,8
02-partial-fixed-kv,expert_cache_stats[2].schema_version,1
02-partial-fixed-kv,expert_cache_stats[2].rank,2
02-partial-fixed-kv,expert_cache_stats[2].tensor_parallel_size,4
02-partial-fixed-kv,expert_cache_stats[2].total_layers,48
02-partial-fixed-kv,expert_cache_stats[2].num_experts,512
02-partial-fixed-kv,expert_cache_stats[2].physical_slots,13056
02-partial-fixed-kv,expert_cache_stats[2].resident_slots,12288
02-partial-fixed-kv,expert_cache_stats[2].cache_slots,256
02-partial-fixed-kv,expert_cache_stats[2].ingress_slots,512
02-partial-fixed-kv,expert_cache_stats[2].expert_bytes,1572864
02-partial-fixed-kv,expert_cache_stats[2].host_source_bytes,38654705664
02-partial-fixed-kv,expert_cache_stats[2].pinned_gather_bytes,805306368
02-partial-fixed-kv,expert_cache_stats[2].gpu_pool_bytes,20535312384
02-partial-fixed-kv,expert_cache_stats[2].gpu_resident_bytes,19327352832
02-partial-fixed-kv,expert_cache_stats[2].gpu_cache_bytes,402653184
02-partial-fixed-kv,expert_cache_stats[2].gpu_ingress_bytes,805306368
02-partial-fixed-kv,expert_cache_stats[2].gpu_metadata_bytes,6144
02-partial-fixed-kv,expert_cache_stats[2].pinned_metadata_bytes,6144
02-partial-fixed-kv,expert_cache_stats[2].net_freed_bytes,18119387136
02-partial-fixed-kv,expert_cache_stats[2].weights_verified,0
02-partial-fixed-kv,expert_cache_stats[2].cuda_timing_capacity,128
02-partial-fixed-kv,expert_cache_stats[2].h2d_bytes,354315927552
02-partial-fixed-kv,expert_cache_stats[2].copy_launches,8410
02-partial-fixed-kv,expert_cache_stats[2].startup_resident_h2d_bytes,19327352832
02-partial-fixed-kv,expert_cache_stats[2].promotion_d2d_bytes,1793064960
02-partial-fixed-kv,expert_cache_stats[2].metadata_h2d_bytes,8954784
02-partial-fixed-kv,expert_cache_stats[2].unique_demands,837563
02-partial-fixed-kv,expert_cache_stats[2].resident_hits,601404
02-partial-fixed-kv,expert_cache_stats[2].max_unique_per_forward,509
02-partial-fixed-kv,expert_cache_stats[2].mean_unique_coverage,0.3745112716059982
02-partial-fixed-kv,expert_cache_stats[2].resident_ratio,0.5
02-partial-fixed-kv,expert_cache_stats[2].policy.observations,4368
02-partial-fixed-kv,expert_cache_stats[2].policy.unique_demands,837563
02-partial-fixed-kv,expert_cache_stats[2].policy.completed_forwards,91
02-partial-fixed-kv,expert_cache_stats[2].policy.decay_events,1
02-partial-fixed-kv,expert_cache_stats[2].policy.cache_hits,10891
02-partial-fixed-kv,expert_cache_stats[2].policy.cache_misses,225268
02-partial-fixed-kv,expert_cache_stats[2].policy.admissions,1140
02-partial-fixed-kv,expert_cache_stats[2].policy.evictions,884
02-partial-fixed-kv,expert_cache_stats[2].policy.cache_bypasses,224128
02-partial-fixed-kv,expert_cache_stats[2].policy.reconfigurations,0
02-partial-fixed-kv,expert_cache_stats[2].policy.resident_experts,12288
02-partial-fixed-kv,expert_cache_stats[2].policy.cache_slots,256
02-partial-fixed-kv,expert_cache_stats[2].policy.cache_entries,256
02-partial-fixed-kv,expert_cache_stats[2].policy.cache_hit_ratio,0.04611723457501091
02-partial-fixed-kv,expert_cache_stats[2].timing.route_d2h_s,11.001282427459955
02-partial-fixed-kv,expert_cache_stats[2].timing.policy_cpu_s,1.5709920241497457
02-partial-fixed-kv,expert_cache_stats[2].timing.host_reuse_wait_s,0.02558308094739914
02-partial-fixed-kv,expert_cache_stats[2].timing.host_gather_s,73.67714391089976
02-partial-fixed-kv,expert_cache_stats[2].timing.h2d_enqueue_s,0.3794814180582762
02-partial-fixed-kv,expert_cache_stats[2].timing.compute_enqueue_s,2.4611232820898294
02-partial-fixed-kv,expert_cache_stats[2].timing.cuda_sample_count,124
02-partial-fixed-kv,expert_cache_stats[2].timing.load_cuda_s,0.20642249701917162
02-partial-fixed-kv,expert_cache_stats[2].timing.compute_cuda_s,0.03789123209565878
02-partial-fixed-kv,expert_cache_stats[2].timing.promotion_cuda_s,0.0005939520080573859
02-partial-fixed-kv,expert_cache_stats[2].forward_counts[0],91
02-partial-fixed-kv,expert_cache_stats[2].forward_counts[1],91
02-partial-fixed-kv,expert_cache_stats[2].forward_counts[2],91
02-partial-fixed-kv,expert_cache_stats[2].forward_counts[3],91
02-partial-fixed-kv,expert_cache_stats[2].forward_counts[4],91
02-partial-fixed-kv,expert_cache_stats[2].forward_counts[5],91
02-partial-fixed-kv,expert_cache_stats[2].forward_counts[6],91
02-partial-fixed-kv,expert_cache_stats[2].forward_counts[7],91
02-partial-fixed-kv,expert_cache_stats[2].forward_counts[8],91
02-partial-fixed-kv,expert_cache_stats[2].forward_counts[9],91
02-partial-fixed-kv,expert_cache_stats[2].forward_counts[10],91
02-partial-fixed-kv,expert_cache_stats[2].forward_counts[11],91
02-partial-fixed-kv,expert_cache_stats[2].forward_counts[12],91
02-partial-fixed-kv,expert_cache_stats[2].forward_counts[13],91
02-partial-fixed-kv,expert_cache_stats[2].forward_counts[14],91
02-partial-fixed-kv,expert_cache_stats[2].forward_counts[15],91
02-partial-fixed-kv,expert_cache_stats[2].forward_counts[16],91
02-partial-fixed-kv,expert_cache_stats[2].forward_counts[17],91
02-partial-fixed-kv,expert_cache_stats[2].forward_counts[18],91
02-partial-fixed-kv,expert_cache_stats[2].forward_counts[19],91
02-partial-fixed-kv,expert_cache_stats[2].forward_counts[20],91
02-partial-fixed-kv,expert_cache_stats[2].forward_counts[21],91
02-partial-fixed-kv,expert_cache_stats[2].forward_counts[22],91
02-partial-fixed-kv,expert_cache_stats[2].forward_counts[23],91
02-partial-fixed-kv,expert_cache_stats[2].forward_counts[24],91
02-partial-fixed-kv,expert_cache_stats[2].forward_counts[25],91
02-partial-fixed-kv,expert_cache_stats[2].forward_counts[26],91
02-partial-fixed-kv,expert_cache_stats[2].forward_counts[27],91
02-partial-fixed-kv,expert_cache_stats[2].forward_counts[28],91
02-partial-fixed-kv,expert_cache_stats[2].forward_counts[29],91
02-partial-fixed-kv,expert_cache_stats[2].forward_counts[30],91
02-partial-fixed-kv,expert_cache_stats[2].forward_counts[31],91
02-partial-fixed-kv,expert_cache_stats[2].forward_counts[32],91
02-partial-fixed-kv,expert_cache_stats[2].forward_counts[33],91
02-partial-fixed-kv,expert_cache_stats[2].forward_counts[34],91
02-partial-fixed-kv,expert_cache_stats[2].forward_counts[35],91
02-partial-fixed-kv,expert_cache_stats[2].forward_counts[36],91
02-partial-fixed-kv,expert_cache_stats[2].forward_counts[37],91
02-partial-fixed-kv,expert_cache_stats[2].forward_counts[38],91
02-partial-fixed-kv,expert_cache_stats[2].forward_counts[39],91
02-partial-fixed-kv,expert_cache_stats[2].forward_counts[40],91
02-partial-fixed-kv,expert_cache_stats[2].forward_counts[41],91
02-partial-fixed-kv,expert_cache_stats[2].forward_counts[42],91
02-partial-fixed-kv,expert_cache_stats[2].forward_counts[43],91
02-partial-fixed-kv,expert_cache_stats[2].forward_counts[44],91
02-partial-fixed-kv,expert_cache_stats[2].forward_counts[45],91
02-partial-fixed-kv,expert_cache_stats[2].forward_counts[46],91
02-partial-fixed-kv,expert_cache_stats[2].forward_counts[47],91
02-partial-fixed-kv,expert_cache_stats[2].per_layer_unique_demands[0],21138
02-partial-fixed-kv,expert_cache_stats[2].per_layer_unique_demands[1],16941
02-partial-fixed-kv,expert_cache_stats[2].per_layer_unique_demands[2],21537
02-partial-fixed-kv,expert_cache_stats[2].per_layer_unique_demands[3],15599
02-partial-fixed-kv,expert_cache_stats[2].per_layer_unique_demands[4],16854
02-partial-fixed-kv,expert_cache_stats[2].per_layer_unique_demands[5],18495
02-partial-fixed-kv,expert_cache_stats[2].per_layer_unique_demands[6],20346
02-partial-fixed-kv,expert_cache_stats[2].per_layer_unique_demands[7],20046
02-partial-fixed-kv,expert_cache_stats[2].per_layer_unique_demands[8],17285
02-partial-fixed-kv,expert_cache_stats[2].per_layer_unique_demands[9],15577
02-partial-fixed-kv,expert_cache_stats[2].per_layer_unique_demands[10],15503
02-partial-fixed-kv,expert_cache_stats[2].per_layer_unique_demands[11],16773
02-partial-fixed-kv,expert_cache_stats[2].per_layer_unique_demands[12],14282
02-partial-fixed-kv,expert_cache_stats[2].per_layer_unique_demands[13],15270
02-partial-fixed-kv,expert_cache_stats[2].per_layer_unique_demands[14],16944
02-partial-fixed-kv,expert_cache_stats[2].per_layer_unique_demands[15],18331
02-partial-fixed-kv,expert_cache_stats[2].per_layer_unique_demands[16],16716
02-partial-fixed-kv,expert_cache_stats[2].per_layer_unique_demands[17],18464
02-partial-fixed-kv,expert_cache_stats[2].per_layer_unique_demands[18],19940
02-partial-fixed-kv,expert_cache_stats[2].per_layer_unique_demands[19],20062
02-partial-fixed-kv,expert_cache_stats[2].per_layer_unique_demands[20],16953
02-partial-fixed-kv,expert_cache_stats[2].per_layer_unique_demands[21],15325
02-partial-fixed-kv,expert_cache_stats[2].per_layer_unique_demands[22],15398
02-partial-fixed-kv,expert_cache_stats[2].per_layer_unique_demands[23],16674
02-partial-fixed-kv,expert_cache_stats[2].per_layer_unique_demands[24],14738
02-partial-fixed-kv,expert_cache_stats[2].per_layer_unique_demands[25],15495
02-partial-fixed-kv,expert_cache_stats[2].per_layer_unique_demands[26],17059
02-partial-fixed-kv,expert_cache_stats[2].per_layer_unique_demands[27],18689
02-partial-fixed-kv,expert_cache_stats[2].per_layer_unique_demands[28],17148
02-partial-fixed-kv,expert_cache_stats[2].per_layer_unique_demands[29],18921
02-partial-fixed-kv,expert_cache_stats[2].per_layer_unique_demands[30],20215
02-partial-fixed-kv,expert_cache_stats[2].per_layer_unique_demands[31],20348
02-partial-fixed-kv,expert_cache_stats[2].per_layer_unique_demands[32],18026
02-partial-fixed-kv,expert_cache_stats[2].per_layer_unique_demands[33],16737
02-partial-fixed-kv,expert_cache_stats[2].per_layer_unique_demands[34],16304
02-partial-fixed-kv,expert_cache_stats[2].per_layer_unique_demands[35],17541
02-partial-fixed-kv,expert_cache_stats[2].per_layer_unique_demands[36],15750
02-partial-fixed-kv,expert_cache_stats[2].per_layer_unique_demands[37],16202
02-partial-fixed-kv,expert_cache_stats[2].per_layer_unique_demands[38],17386
02-partial-fixed-kv,expert_cache_stats[2].per_layer_unique_demands[39],18547
02-partial-fixed-kv,expert_cache_stats[2].per_layer_unique_demands[40],18166
02-partial-fixed-kv,expert_cache_stats[2].per_layer_unique_demands[41],18030
02-partial-fixed-kv,expert_cache_stats[2].per_layer_unique_demands[42],17684
02-partial-fixed-kv,expert_cache_stats[2].per_layer_unique_demands[43],16712
02-partial-fixed-kv,expert_cache_stats[2].per_layer_unique_demands[44],16982
02-partial-fixed-kv,expert_cache_stats[2].per_layer_unique_demands[45],16528
02-partial-fixed-kv,expert_cache_stats[2].per_layer_unique_demands[46],16246
02-partial-fixed-kv,expert_cache_stats[2].per_layer_unique_demands[47],17656
02-partial-fixed-kv,expert_cache_stats[2].per_layer_max_unique_per_forward[0],500
02-partial-fixed-kv,expert_cache_stats[2].per_layer_max_unique_per_forward[1],437
02-partial-fixed-kv,expert_cache_stats[2].per_layer_max_unique_per_forward[2],509
02-partial-fixed-kv,expert_cache_stats[2].per_layer_max_unique_per_forward[3],436
02-partial-fixed-kv,expert_cache_stats[2].per_layer_max_unique_per_forward[4],434
02-partial-fixed-kv,expert_cache_stats[2].per_layer_max_unique_per_forward[5],468
02-partial-fixed-kv,expert_cache_stats[2].per_layer_max_unique_per_forward[6],500
02-partial-fixed-kv,expert_cache_stats[2].per_layer_max_unique_per_forward[7],494
02-partial-fixed-kv,expert_cache_stats[2].per_layer_max_unique_per_forward[8],472
02-partial-fixed-kv,expert_cache_stats[2].per_layer_max_unique_per_forward[9],419
02-partial-fixed-kv,expert_cache_stats[2].per_layer_max_unique_per_forward[10],420
02-partial-fixed-kv,expert_cache_stats[2].per_layer_max_unique_per_forward[11],441
02-partial-fixed-kv,expert_cache_stats[2].per_layer_max_unique_per_forward[12],410
02-partial-fixed-kv,expert_cache_stats[2].per_layer_max_unique_per_forward[13],407
02-partial-fixed-kv,expert_cache_stats[2].per_layer_max_unique_per_forward[14],450
02-partial-fixed-kv,expert_cache_stats[2].per_layer_max_unique_per_forward[15],478
02-partial-fixed-kv,expert_cache_stats[2].per_layer_max_unique_per_forward[16],445
02-partial-fixed-kv,expert_cache_stats[2].per_layer_max_unique_per_forward[17],473
02-partial-fixed-kv,expert_cache_stats[2].per_layer_max_unique_per_forward[18],502
02-partial-fixed-kv,expert_cache_stats[2].per_layer_max_unique_per_forward[19],497
02-partial-fixed-kv,expert_cache_stats[2].per_layer_max_unique_per_forward[20],461
02-partial-fixed-kv,expert_cache_stats[2].per_layer_max_unique_per_forward[21],423
02-partial-fixed-kv,expert_cache_stats[2].per_layer_max_unique_per_forward[22],427
02-partial-fixed-kv,expert_cache_stats[2].per_layer_max_unique_per_forward[23],448
02-partial-fixed-kv,expert_cache_stats[2].per_layer_max_unique_per_forward[24],409
02-partial-fixed-kv,expert_cache_stats[2].per_layer_max_unique_per_forward[25],425
02-partial-fixed-kv,expert_cache_stats[2].per_layer_max_unique_per_forward[26],462
02-partial-fixed-kv,expert_cache_stats[2].per_layer_max_unique_per_forward[27],484
02-partial-fixed-kv,expert_cache_stats[2].per_layer_max_unique_per_forward[28],462
02-partial-fixed-kv,expert_cache_stats[2].per_layer_max_unique_per_forward[29],485
02-partial-fixed-kv,expert_cache_stats[2].per_layer_max_unique_per_forward[30],499
02-partial-fixed-kv,expert_cache_stats[2].per_layer_max_unique_per_forward[31],502
02-partial-fixed-kv,expert_cache_stats[2].per_layer_max_unique_per_forward[32],474
02-partial-fixed-kv,expert_cache_stats[2].per_layer_max_unique_per_forward[33],453
02-partial-fixed-kv,expert_cache_stats[2].per_layer_max_unique_per_forward[34],449
02-partial-fixed-kv,expert_cache_stats[2].per_layer_max_unique_per_forward[35],463
02-partial-fixed-kv,expert_cache_stats[2].per_layer_max_unique_per_forward[36],434
02-partial-fixed-kv,expert_cache_stats[2].per_layer_max_unique_per_forward[37],437
02-partial-fixed-kv,expert_cache_stats[2].per_layer_max_unique_per_forward[38],459
02-partial-fixed-kv,expert_cache_stats[2].per_layer_max_unique_per_forward[39],474
02-partial-fixed-kv,expert_cache_stats[2].per_layer_max_unique_per_forward[40],469
02-partial-fixed-kv,expert_cache_stats[2].per_layer_max_unique_per_forward[41],450
02-partial-fixed-kv,expert_cache_stats[2].per_layer_max_unique_per_forward[42],445
02-partial-fixed-kv,expert_cache_stats[2].per_layer_max_unique_per_forward[43],423
02-partial-fixed-kv,expert_cache_stats[2].per_layer_max_unique_per_forward[44],431
02-partial-fixed-kv,expert_cache_stats[2].per_layer_max_unique_per_forward[45],424
02-partial-fixed-kv,expert_cache_stats[2].per_layer_max_unique_per_forward[46],416
02-partial-fixed-kv,expert_cache_stats[2].per_layer_max_unique_per_forward[47],442
02-partial-fixed-kv,expert_cache_stats[2].identity.geometry.total_layers,48
02-partial-fixed-kv,expert_cache_stats[2].identity.geometry.num_experts,512
02-partial-fixed-kv,expert_cache_stats[2].identity.geometry.hidden_size,2048
02-partial-fixed-kv,expert_cache_stats[2].identity.geometry.intermediate_size,128
02-partial-fixed-kv,expert_cache_stats[2].identity.tensor_parallel_size,4
02-partial-fixed-kv,expert_cache_stats[2].identity.model_config_sha256,2d483c7cabad7c8704478ed4038fa7e7b2eff840bc00a118eccbe38e2b488303
02-partial-fixed-kv,expert_cache_stats[2].identity.model_identity_sha256,24f6a89ba0e0435caffbb3d056425fb1fe980fca09d5a8749dfb231bd24880d8
02-partial-fixed-kv,expert_cache_stats[2].profile_sha256,e102f6959c1e9a64d67294b1800b9f093fb41907a0ca4aa42aa030b7c2dad3fb
02-partial-fixed-kv,expert_cache_stats[2].cache_policy,decayed-lfu
02-partial-fixed-kv,expert_cache_stats[2].failed,False
02-partial-fixed-kv,expert_cache_stats[2].weight_verification_scope,CUDA parity tests required; no runtime weight D2H verification
02-partial-fixed-kv,expert_cache_stats[2].temporary_memory_scope,native fused kernel workspace/output and CPU route IDs scale with scheduled tokens; no weight-sized GPU gather temporary
02-partial-fixed-kv,expert_cache_stats[2].memory_accounting_scope,"tensor payload bytes; excludes allocator rounding, CUDA event driver memory and Python policy metadata; native/chunk output workspace must be included in vLLM measured profiling peak"
02-partial-fixed-kv,expert_cache_stats[2].kernel_config_scope,native logical E geometry per actual native chunk size
02-partial-fixed-kv,expert_cache_stats[2].transfer_schedule,demand-critical H2D on compute stream; no speculative prefetch
02-partial-fixed-kv,expert_cache_stats[2].kernel_config_records.capacity,64
02-partial-fixed-kv,expert_cache_stats[2].kernel_config_records.unrecorded_selections,0
02-partial-fixed-kv,expert_cache_stats[2].kernel_config_records.records[0].chunk_tokens,8192
02-partial-fixed-kv,expert_cache_stats[2].kernel_config_records.records[0].top_k,10
02-partial-fixed-kv,expert_cache_stats[2].kernel_config_records.records[0].selections,816
02-partial-fixed-kv,expert_cache_stats[2].kernel_config_records.records[0].w13_shape[0],512
02-partial-fixed-kv,expert_cache_stats[2].kernel_config_records.records[0].w13_shape[1],256
02-partial-fixed-kv,expert_cache_stats[2].kernel_config_records.records[0].w13_shape[2],2048
02-partial-fixed-kv,expert_cache_stats[2].kernel_config_records.records[0].w2_shape[0],512
02-partial-fixed-kv,expert_cache_stats[2].kernel_config_records.records[0].w2_shape[1],2048
02-partial-fixed-kv,expert_cache_stats[2].kernel_config_records.records[0].w2_shape[2],128
02-partial-fixed-kv,expert_cache_stats[2].kernel_config_records.records[0].config.BLOCK_SIZE_K,64
02-partial-fixed-kv,expert_cache_stats[2].kernel_config_records.records[0].config.BLOCK_SIZE_M,128
02-partial-fixed-kv,expert_cache_stats[2].kernel_config_records.records[0].config.BLOCK_SIZE_N,128
02-partial-fixed-kv,expert_cache_stats[2].kernel_config_records.records[0].config.GROUP_SIZE_M,64
02-partial-fixed-kv,expert_cache_stats[2].kernel_config_records.records[0].config.num_stages,3
02-partial-fixed-kv,expert_cache_stats[2].kernel_config_records.records[0].config.num_warps,8
02-partial-fixed-kv,expert_cache_stats[2].kernel_config_records.records[1].chunk_tokens,32
02-partial-fixed-kv,expert_cache_stats[2].kernel_config_records.records[1].top_k,10
02-partial-fixed-kv,expert_cache_stats[2].kernel_config_records.records[1].selections,2304
02-partial-fixed-kv,expert_cache_stats[2].kernel_config_records.records[1].w13_shape[0],512
02-partial-fixed-kv,expert_cache_stats[2].kernel_config_records.records[1].w13_shape[1],256
02-partial-fixed-kv,expert_cache_stats[2].kernel_config_records.records[1].w13_shape[2],2048
02-partial-fixed-kv,expert_cache_stats[2].kernel_config_records.records[1].w2_shape[0],512
02-partial-fixed-kv,expert_cache_stats[2].kernel_config_records.records[1].w2_shape[1],2048
02-partial-fixed-kv,expert_cache_stats[2].kernel_config_records.records[1].w2_shape[2],128
02-partial-fixed-kv,expert_cache_stats[2].kernel_config_records.records[1].config.BLOCK_SIZE_K,64
02-partial-fixed-kv,expert_cache_stats[2].kernel_config_records.records[1].config.BLOCK_SIZE_M,16
02-partial-fixed-kv,expert_cache_stats[2].kernel_config_records.records[1].config.BLOCK_SIZE_N,128
02-partial-fixed-kv,expert_cache_stats[2].kernel_config_records.records[1].config.GROUP_SIZE_M,1
02-partial-fixed-kv,expert_cache_stats[2].kernel_config_records.records[1].config.num_stages,3
02-partial-fixed-kv,expert_cache_stats[2].kernel_config_records.records[1].config.num_warps,8
02-partial-fixed-kv,expert_cache_stats[2].kernel_config_records.records[2].chunk_tokens,4096
02-partial-fixed-kv,expert_cache_stats[2].kernel_config_records.records[2].top_k,10
02-partial-fixed-kv,expert_cache_stats[2].kernel_config_records.records[2].selections,96
02-partial-fixed-kv,expert_cache_stats[2].kernel_config_records.records[2].w13_shape[0],512
02-partial-fixed-kv,expert_cache_stats[2].kernel_config_records.records[2].w13_shape[1],256
02-partial-fixed-kv,expert_cache_stats[2].kernel_config_records.records[2].w13_shape[2],2048
02-partial-fixed-kv,expert_cache_stats[2].kernel_config_records.records[2].w2_shape[0],512
02-partial-fixed-kv,expert_cache_stats[2].kernel_config_records.records[2].w2_shape[1],2048
02-partial-fixed-kv,expert_cache_stats[2].kernel_config_records.records[2].w2_shape[2],128
02-partial-fixed-kv,expert_cache_stats[2].kernel_config_records.records[2].config.BLOCK_SIZE_K,64
02-partial-fixed-kv,expert_cache_stats[2].kernel_config_records.records[2].config.BLOCK_SIZE_M,128
02-partial-fixed-kv,expert_cache_stats[2].kernel_config_records.records[2].config.BLOCK_SIZE_N,128
02-partial-fixed-kv,expert_cache_stats[2].kernel_config_records.records[2].config.GROUP_SIZE_M,64
02-partial-fixed-kv,expert_cache_stats[2].kernel_config_records.records[2].config.num_stages,3
02-partial-fixed-kv,expert_cache_stats[2].kernel_config_records.records[2].config.num_warps,8
02-partial-fixed-kv,expert_cache_stats[2].kernel_config_records.records[3].chunk_tokens,1
02-partial-fixed-kv,expert_cache_stats[2].kernel_config_records.records[3].top_k,10
02-partial-fixed-kv,expert_cache_stats[2].kernel_config_records.records[3].selections,336
02-partial-fixed-kv,expert_cache_stats[2].kernel_config_records.records[3].w13_shape[0],512
02-partial-fixed-kv,expert_cache_stats[2].kernel_config_records.records[3].w13_shape[1],256
02-partial-fixed-kv,expert_cache_stats[2].kernel_config_records.records[3].w13_shape[2],2048
02-partial-fixed-kv,expert_cache_stats[2].kernel_config_records.records[3].w2_shape[0],512
02-partial-fixed-kv,expert_cache_stats[2].kernel_config_records.records[3].w2_shape[1],2048
02-partial-fixed-kv,expert_cache_stats[2].kernel_config_records.records[3].w2_shape[2],128
02-partial-fixed-kv,expert_cache_stats[2].kernel_config_records.records[3].config.BLOCK_SIZE_K,64
02-partial-fixed-kv,expert_cache_stats[2].kernel_config_records.records[3].config.BLOCK_SIZE_M,16
02-partial-fixed-kv,expert_cache_stats[2].kernel_config_records.records[3].config.BLOCK_SIZE_N,32
02-partial-fixed-kv,expert_cache_stats[2].kernel_config_records.records[3].config.GROUP_SIZE_M,1
02-partial-fixed-kv,expert_cache_stats[2].kernel_config_records.records[3].config.num_stages,4
02-partial-fixed-kv,expert_cache_stats[2].kernel_config_records.records[3].config.num_warps,4
02-partial-fixed-kv,expert_cache_stats[2].kernel_config_records.records[4].chunk_tokens,4337
02-partial-fixed-kv,expert_cache_stats[2].kernel_config_records.records[4].top_k,10
02-partial-fixed-kv,expert_cache_stats[2].kernel_config_records.records[4].selections,48
02-partial-fixed-kv,expert_cache_stats[2].kernel_config_records.records[4].w13_shape[0],512
02-partial-fixed-kv,expert_cache_stats[2].kernel_config_records.records[4].w13_shape[1],256
02-partial-fixed-kv,expert_cache_stats[2].kernel_config_records.records[4].w13_shape[2],2048
02-partial-fixed-kv,expert_cache_stats[2].kernel_config_records.records[4].w2_shape[0],512
02-partial-fixed-kv,expert_cache_stats[2].kernel_config_records.records[4].w2_shape[1],2048
02-partial-fixed-kv,expert_cache_stats[2].kernel_config_records.records[4].w2_shape[2],128
02-partial-fixed-kv,expert_cache_stats[2].kernel_config_records.records[4].config.BLOCK_SIZE_K,64
02-partial-fixed-kv,expert_cache_stats[2].kernel_config_records.records[4].config.BLOCK_SIZE_M,128
02-partial-fixed-kv,expert_cache_stats[2].kernel_config_records.records[4].config.BLOCK_SIZE_N,128
02-partial-fixed-kv,expert_cache_stats[2].kernel_config_records.records[4].config.GROUP_SIZE_M,64
02-partial-fixed-kv,expert_cache_stats[2].kernel_config_records.records[4].config.num_stages,3
02-partial-fixed-kv,expert_cache_stats[2].kernel_config_records.records[4].config.num_warps,8
02-partial-fixed-kv,expert_cache_stats[2].kernel_config_records.records[5].chunk_tokens,31
02-partial-fixed-kv,expert_cache_stats[2].kernel_config_records.records[5].top_k,10
02-partial-fixed-kv,expert_cache_stats[2].kernel_config_records.records[5].selections,48
02-partial-fixed-kv,expert_cache_stats[2].kernel_config_records.records[5].w13_shape[0],512
02-partial-fixed-kv,expert_cache_stats[2].kernel_config_records.records[5].w13_shape[1],256
02-partial-fixed-kv,expert_cache_stats[2].kernel_config_records.records[5].w13_shape[2],2048
02-partial-fixed-kv,expert_cache_stats[2].kernel_config_records.records[5].w2_shape[0],512
02-partial-fixed-kv,expert_cache_stats[2].kernel_config_records.records[5].w2_shape[1],2048
02-partial-fixed-kv,expert_cache_stats[2].kernel_config_records.records[5].w2_shape[2],128
02-partial-fixed-kv,expert_cache_stats[2].kernel_config_records.records[5].config.BLOCK_SIZE_K,64
02-partial-fixed-kv,expert_cache_stats[2].kernel_config_records.records[5].config.BLOCK_SIZE_M,16
02-partial-fixed-kv,expert_cache_stats[2].kernel_config_records.records[5].config.BLOCK_SIZE_N,128
02-partial-fixed-kv,expert_cache_stats[2].kernel_config_records.records[5].config.GROUP_SIZE_M,1
02-partial-fixed-kv,expert_cache_stats[2].kernel_config_records.records[5].config.num_stages,3
02-partial-fixed-kv,expert_cache_stats[2].kernel_config_records.records[5].config.num_warps,8
02-partial-fixed-kv,expert_cache_stats[2].kernel_config_records.records[6].chunk_tokens,30
02-partial-fixed-kv,expert_cache_stats[2].kernel_config_records.records[6].top_k,10
02-partial-fixed-kv,expert_cache_stats[2].kernel_config_records.records[6].selections,48
02-partial-fixed-kv,expert_cache_stats[2].kernel_config_records.records[6].w13_shape[0],512
02-partial-fixed-kv,expert_cache_stats[2].kernel_config_records.records[6].w13_shape[1],256
02-partial-fixed-kv,expert_cache_stats[2].kernel_config_records.records[6].w13_shape[2],2048
02-partial-fixed-kv,expert_cache_stats[2].kernel_config_records.records[6].w2_shape[0],512
02-partial-fixed-kv,expert_cache_stats[2].kernel_config_records.records[6].w2_shape[1],2048
02-partial-fixed-kv,expert_cache_stats[2].kernel_config_records.records[6].w2_shape[2],128
02-partial-fixed-kv,expert_cache_stats[2].kernel_config_records.records[6].config.BLOCK_SIZE_K,64
02-partial-fixed-kv,expert_cache_stats[2].kernel_config_records.records[6].config.BLOCK_SIZE_M,16
02-partial-fixed-kv,expert_cache_stats[2].kernel_config_records.records[6].config.BLOCK_SIZE_N,128
02-partial-fixed-kv,expert_cache_stats[2].kernel_config_records.records[6].config.GROUP_SIZE_M,1
02-partial-fixed-kv,expert_cache_stats[2].kernel_config_records.records[6].config.num_stages,3
02-partial-fixed-kv,expert_cache_stats[2].kernel_config_records.records[6].config.num_warps,8
02-partial-fixed-kv,expert_cache_stats[2].kernel_config_records.records[7].chunk_tokens,28
02-partial-fixed-kv,expert_cache_stats[2].kernel_config_records.records[7].top_k,10
02-partial-fixed-kv,expert_cache_stats[2].kernel_config_records.records[7].selections,48
02-partial-fixed-kv,expert_cache_stats[2].kernel_config_records.records[7].w13_shape[0],512
02-partial-fixed-kv,expert_cache_stats[2].kernel_config_records.records[7].w13_shape[1],256
02-partial-fixed-kv,expert_cache_stats[2].kernel_config_records.records[7].w13_shape[2],2048
02-partial-fixed-kv,expert_cache_stats[2].kernel_config_records.records[7].w2_shape[0],512
02-partial-fixed-kv,expert_cache_stats[2].kernel_config_records.records[7].w2_shape[1],2048
02-partial-fixed-kv,expert_cache_stats[2].kernel_config_records.records[7].w2_shape[2],128
02-partial-fixed-kv,expert_cache_stats[2].kernel_config_records.records[7].config.BLOCK_SIZE_K,64
02-partial-fixed-kv,expert_cache_stats[2].kernel_config_records.records[7].config.BLOCK_SIZE_M,32
02-partial-fixed-kv,expert_cache_stats[2].kernel_config_records.records[7].config.BLOCK_SIZE_N,128
02-partial-fixed-kv,expert_cache_stats[2].kernel_config_records.records[7].config.GROUP_SIZE_M,1
02-partial-fixed-kv,expert_cache_stats[2].kernel_config_records.records[7].config.num_stages,3
02-partial-fixed-kv,expert_cache_stats[2].kernel_config_records.records[7].config.num_warps,4
02-partial-fixed-kv,expert_cache_stats[2].kernel_config_records.records[8].chunk_tokens,26
02-partial-fixed-kv,expert_cache_stats[2].kernel_config_records.records[8].top_k,10
02-partial-fixed-kv,expert_cache_stats[2].kernel_config_records.records[8].selections,48
02-partial-fixed-kv,expert_cache_stats[2].kernel_config_records.records[8].w13_shape[0],512
02-partial-fixed-kv,expert_cache_stats[2].kernel_config_records.records[8].w13_shape[1],256
02-partial-fixed-kv,expert_cache_stats[2].kernel_config_records.records[8].w13_shape[2],2048
02-partial-fixed-kv,expert_cache_stats[2].kernel_config_records.records[8].w2_shape[0],512
02-partial-fixed-kv,expert_cache_stats[2].kernel_config_records.records[8].w2_shape[1],2048
02-partial-fixed-kv,expert_cache_stats[2].kernel_config_records.records[8].w2_shape[2],128
02-partial-fixed-kv,expert_cache_stats[2].kernel_config_records.records[8].config.BLOCK_SIZE_K,64
02-partial-fixed-kv,expert_cache_stats[2].kernel_config_records.records[8].config.BLOCK_SIZE_M,32
02-partial-fixed-kv,expert_cache_stats[2].kernel_config_records.records[8].config.BLOCK_SIZE_N,128
02-partial-fixed-kv,expert_cache_stats[2].kernel_config_records.records[8].config.GROUP_SIZE_M,1
02-partial-fixed-kv,expert_cache_stats[2].kernel_config_records.records[8].config.num_stages,3
02-partial-fixed-kv,expert_cache_stats[2].kernel_config_records.records[8].config.num_warps,4
02-partial-fixed-kv,expert_cache_stats[2].kernel_config_records.records[9].chunk_tokens,24
02-partial-fixed-kv,expert_cache_stats[2].kernel_config_records.records[9].top_k,10
02-partial-fixed-kv,expert_cache_stats[2].kernel_config_records.records[9].selections,48
02-partial-fixed-kv,expert_cache_stats[2].kernel_config_records.records[9].w13_shape[0],512
02-partial-fixed-kv,expert_cache_stats[2].kernel_config_records.records[9].w13_shape[1],256
02-partial-fixed-kv,expert_cache_stats[2].kernel_config_records.records[9].w13_shape[2],2048
02-partial-fixed-kv,expert_cache_stats[2].kernel_config_records.records[9].w2_shape[0],512
02-partial-fixed-kv,expert_cache_stats[2].kernel_config_records.records[9].w2_shape[1],2048
02-partial-fixed-kv,expert_cache_stats[2].kernel_config_records.records[9].w2_shape[2],128
02-partial-fixed-kv,expert_cache_stats[2].kernel_config_records.records[9].config.BLOCK_SIZE_K,64
02-partial-fixed-kv,expert_cache_stats[2].kernel_config_records.records[9].config.BLOCK_SIZE_M,32
02-partial-fixed-kv,expert_cache_stats[2].kernel_config_records.records[9].config.BLOCK_SIZE_N,128
02-partial-fixed-kv,expert_cache_stats[2].kernel_config_records.records[9].config.GROUP_SIZE_M,1
02-partial-fixed-kv,expert_cache_stats[2].kernel_config_records.records[9].config.num_stages,3
02-partial-fixed-kv,expert_cache_stats[2].kernel_config_records.records[9].config.num_warps,4
02-partial-fixed-kv,expert_cache_stats[2].kernel_config_records.records[10].chunk_tokens,22
02-partial-fixed-kv,expert_cache_stats[2].kernel_config_records.records[10].top_k,10
02-partial-fixed-kv,expert_cache_stats[2].kernel_config_records.records[10].selections,48
02-partial-fixed-kv,expert_cache_stats[2].kernel_config_records.records[10].w13_shape[0],512
02-partial-fixed-kv,expert_cache_stats[2].kernel_config_records.records[10].w13_shape[1],256
02-partial-fixed-kv,expert_cache_stats[2].kernel_config_records.records[10].w13_shape[2],2048
02-partial-fixed-kv,expert_cache_stats[2].kernel_config_records.records[10].w2_shape[0],512
02-partial-fixed-kv,expert_cache_stats[2].kernel_config_records.records[10].w2_shape[1],2048
02-partial-fixed-kv,expert_cache_stats[2].kernel_config_records.records[10].w2_shape[2],128
02-partial-fixed-kv,expert_cache_stats[2].kernel_config_records.records[10].config.BLOCK_SIZE_K,64
02-partial-fixed-kv,expert_cache_stats[2].kernel_config_records.records[10].config.BLOCK_SIZE_M,32
02-partial-fixed-kv,expert_cache_stats[2].kernel_config_records.records[10].config.BLOCK_SIZE_N,128
02-partial-fixed-kv,expert_cache_stats[2].kernel_config_records.records[10].config.GROUP_SIZE_M,1
02-partial-fixed-kv,expert_cache_stats[2].kernel_config_records.records[10].config.num_stages,3
02-partial-fixed-kv,expert_cache_stats[2].kernel_config_records.records[10].config.num_warps,4
02-partial-fixed-kv,expert_cache_stats[2].kernel_config_records.records[11].chunk_tokens,20
02-partial-fixed-kv,expert_cache_stats[2].kernel_config_records.records[11].top_k,10
02-partial-fixed-kv,expert_cache_stats[2].kernel_config_records.records[11].selections,48
02-partial-fixed-kv,expert_cache_stats[2].kernel_config_records.records[11].w13_shape[0],512
02-partial-fixed-kv,expert_cache_stats[2].kernel_config_records.records[11].w13_shape[1],256
02-partial-fixed-kv,expert_cache_stats[2].kernel_config_records.records[11].w13_shape[2],2048
02-partial-fixed-kv,expert_cache_stats[2].kernel_config_records.records[11].w2_shape[0],512
02-partial-fixed-kv,expert_cache_stats[2].kernel_config_records.records[11].w2_shape[1],2048
02-partial-fixed-kv,expert_cache_stats[2].kernel_config_records.records[11].w2_shape[2],128
02-partial-fixed-kv,expert_cache_stats[2].kernel_config_records.records[11].config.BLOCK_SIZE_K,64
02-partial-fixed-kv,expert_cache_stats[2].kernel_config_records.records[11].config.BLOCK_SIZE_M,16
02-partial-fixed-kv,expert_cache_stats[2].kernel_config_records.records[11].config.BLOCK_SIZE_N,128
02-partial-fixed-kv,expert_cache_stats[2].kernel_config_records.records[11].config.GROUP_SIZE_M,1
02-partial-fixed-kv,expert_cache_stats[2].kernel_config_records.records[11].config.num_stages,3
02-partial-fixed-kv,expert_cache_stats[2].kernel_config_records.records[11].config.num_warps,4
02-partial-fixed-kv,expert_cache_stats[2].kernel_config_records.records[12].chunk_tokens,18
02-partial-fixed-kv,expert_cache_stats[2].kernel_config_records.records[12].top_k,10
02-partial-fixed-kv,expert_cache_stats[2].kernel_config_records.records[12].selections,48
02-partial-fixed-kv,expert_cache_stats[2].kernel_config_records.records[12].w13_shape[0],512
02-partial-fixed-kv,expert_cache_stats[2].kernel_config_records.records[12].w13_shape[1],256
02-partial-fixed-kv,expert_cache_stats[2].kernel_config_records.records[12].w13_shape[2],2048
02-partial-fixed-kv,expert_cache_stats[2].kernel_config_records.records[12].w2_shape[0],512
02-partial-fixed-kv,expert_cache_stats[2].kernel_config_records.records[12].w2_shape[1],2048
02-partial-fixed-kv,expert_cache_stats[2].kernel_config_records.records[12].w2_shape[2],128
02-partial-fixed-kv,expert_cache_stats[2].kernel_config_records.records[12].config.BLOCK_SIZE_K,64
02-partial-fixed-kv,expert_cache_stats[2].kernel_config_records.records[12].config.BLOCK_SIZE_M,16
02-partial-fixed-kv,expert_cache_stats[2].kernel_config_records.records[12].config.BLOCK_SIZE_N,128
02-partial-fixed-kv,expert_cache_stats[2].kernel_config_records.records[12].config.GROUP_SIZE_M,1
02-partial-fixed-kv,expert_cache_stats[2].kernel_config_records.records[12].config.num_stages,3
02-partial-fixed-kv,expert_cache_stats[2].kernel_config_records.records[12].config.num_warps,4
02-partial-fixed-kv,expert_cache_stats[2].kernel_config_records.records[13].chunk_tokens,16
02-partial-fixed-kv,expert_cache_stats[2].kernel_config_records.records[13].top_k,10
02-partial-fixed-kv,expert_cache_stats[2].kernel_config_records.records[13].selections,48
02-partial-fixed-kv,expert_cache_stats[2].kernel_config_records.records[13].w13_shape[0],512
02-partial-fixed-kv,expert_cache_stats[2].kernel_config_records.records[13].w13_shape[1],256
02-partial-fixed-kv,expert_cache_stats[2].kernel_config_records.records[13].w13_shape[2],2048
02-partial-fixed-kv,expert_cache_stats[2].kernel_config_records.records[13].w2_shape[0],512
02-partial-fixed-kv,expert_cache_stats[2].kernel_config_records.records[13].w2_shape[1],2048
02-partial-fixed-kv,expert_cache_stats[2].kernel_config_records.records[13].w2_shape[2],128
02-partial-fixed-kv,expert_cache_stats[2].kernel_config_records.records[13].config.BLOCK_SIZE_K,64
02-partial-fixed-kv,expert_cache_stats[2].kernel_config_records.records[13].config.BLOCK_SIZE_M,16
02-partial-fixed-kv,expert_cache_stats[2].kernel_config_records.records[13].config.BLOCK_SIZE_N,128
02-partial-fixed-kv,expert_cache_stats[2].kernel_config_records.records[13].config.GROUP_SIZE_M,1
02-partial-fixed-kv,expert_cache_stats[2].kernel_config_records.records[13].config.num_stages,3
02-partial-fixed-kv,expert_cache_stats[2].kernel_config_records.records[13].config.num_warps,4
02-partial-fixed-kv,expert_cache_stats[2].kernel_config_records.records[14].chunk_tokens,14
02-partial-fixed-kv,expert_cache_stats[2].kernel_config_records.records[14].top_k,10
02-partial-fixed-kv,expert_cache_stats[2].kernel_config_records.records[14].selections,48
02-partial-fixed-kv,expert_cache_stats[2].kernel_config_records.records[14].w13_shape[0],512
02-partial-fixed-kv,expert_cache_stats[2].kernel_config_records.records[14].w13_shape[1],256
02-partial-fixed-kv,expert_cache_stats[2].kernel_config_records.records[14].w13_shape[2],2048
02-partial-fixed-kv,expert_cache_stats[2].kernel_config_records.records[14].w2_shape[0],512
02-partial-fixed-kv,expert_cache_stats[2].kernel_config_records.records[14].w2_shape[1],2048
02-partial-fixed-kv,expert_cache_stats[2].kernel_config_records.records[14].w2_shape[2],128
02-partial-fixed-kv,expert_cache_stats[2].kernel_config_records.records[14].config.BLOCK_SIZE_K,64
02-partial-fixed-kv,expert_cache_stats[2].kernel_config_records.records[14].config.BLOCK_SIZE_M,16
02-partial-fixed-kv,expert_cache_stats[2].kernel_config_records.records[14].config.BLOCK_SIZE_N,128
02-partial-fixed-kv,expert_cache_stats[2].kernel_config_records.records[14].config.GROUP_SIZE_M,1
02-partial-fixed-kv,expert_cache_stats[2].kernel_config_records.records[14].config.num_stages,3
02-partial-fixed-kv,expert_cache_stats[2].kernel_config_records.records[14].config.num_warps,4
02-partial-fixed-kv,expert_cache_stats[2].kernel_config_records.records[15].chunk_tokens,12
02-partial-fixed-kv,expert_cache_stats[2].kernel_config_records.records[15].top_k,10
02-partial-fixed-kv,expert_cache_stats[2].kernel_config_records.records[15].selections,48
02-partial-fixed-kv,expert_cache_stats[2].kernel_config_records.records[15].w13_shape[0],512
02-partial-fixed-kv,expert_cache_stats[2].kernel_config_records.records[15].w13_shape[1],256
02-partial-fixed-kv,expert_cache_stats[2].kernel_config_records.records[15].w13_shape[2],2048
02-partial-fixed-kv,expert_cache_stats[2].kernel_config_records.records[15].w2_shape[0],512
02-partial-fixed-kv,expert_cache_stats[2].kernel_config_records.records[15].w2_shape[1],2048
02-partial-fixed-kv,expert_cache_stats[2].kernel_config_records.records[15].w2_shape[2],128
02-partial-fixed-kv,expert_cache_stats[2].kernel_config_records.records[15].config.BLOCK_SIZE_K,64
02-partial-fixed-kv,expert_cache_stats[2].kernel_config_records.records[15].config.BLOCK_SIZE_M,16
02-partial-fixed-kv,expert_cache_stats[2].kernel_config_records.records[15].config.BLOCK_SIZE_N,128
02-partial-fixed-kv,expert_cache_stats[2].kernel_config_records.records[15].config.GROUP_SIZE_M,1
02-partial-fixed-kv,expert_cache_stats[2].kernel_config_records.records[15].config.num_stages,3
02-partial-fixed-kv,expert_cache_stats[2].kernel_config_records.records[15].config.num_warps,4
02-partial-fixed-kv,expert_cache_stats[2].kernel_config_records.records[16].chunk_tokens,10
02-partial-fixed-kv,expert_cache_stats[2].kernel_config_records.records[16].top_k,10
02-partial-fixed-kv,expert_cache_stats[2].kernel_config_records.records[16].selections,48
02-partial-fixed-kv,expert_cache_stats[2].kernel_config_records.records[16].w13_shape[0],512
02-partial-fixed-kv,expert_cache_stats[2].kernel_config_records.records[16].w13_shape[1],256
02-partial-fixed-kv,expert_cache_stats[2].kernel_config_records.records[16].w13_shape[2],2048
02-partial-fixed-kv,expert_cache_stats[2].kernel_config_records.records[16].w2_shape[0],512
02-partial-fixed-kv,expert_cache_stats[2].kernel_config_records.records[16].w2_shape[1],2048
02-partial-fixed-kv,expert_cache_stats[2].kernel_config_records.records[16].w2_shape[2],128
02-partial-fixed-kv,expert_cache_stats[2].kernel_config_records.records[16].config.BLOCK_SIZE_K,64
02-partial-fixed-kv,expert_cache_stats[2].kernel_config_records.records[16].config.BLOCK_SIZE_M,16
02-partial-fixed-kv,expert_cache_stats[2].kernel_config_records.records[16].config.BLOCK_SIZE_N,128
02-partial-fixed-kv,expert_cache_stats[2].kernel_config_records.records[16].config.GROUP_SIZE_M,1
02-partial-fixed-kv,expert_cache_stats[2].kernel_config_records.records[16].config.num_stages,3
02-partial-fixed-kv,expert_cache_stats[2].kernel_config_records.records[16].config.num_warps,4
02-partial-fixed-kv,expert_cache_stats[2].kernel_config_records.records[17].chunk_tokens,8
02-partial-fixed-kv,expert_cache_stats[2].kernel_config_records.records[17].top_k,10
02-partial-fixed-kv,expert_cache_stats[2].kernel_config_records.records[17].selections,48
02-partial-fixed-kv,expert_cache_stats[2].kernel_config_records.records[17].w13_shape[0],512
02-partial-fixed-kv,expert_cache_stats[2].kernel_config_records.records[17].w13_shape[1],256
02-partial-fixed-kv,expert_cache_stats[2].kernel_config_records.records[17].w13_shape[2],2048
02-partial-fixed-kv,expert_cache_stats[2].kernel_config_records.records[17].w2_shape[0],512
02-partial-fixed-kv,expert_cache_stats[2].kernel_config_records.records[17].w2_shape[1],2048
02-partial-fixed-kv,expert_cache_stats[2].kernel_config_records.records[17].w2_shape[2],128
02-partial-fixed-kv,expert_cache_stats[2].kernel_config_records.records[17].config.BLOCK_SIZE_K,64
02-partial-fixed-kv,expert_cache_stats[2].kernel_config_records.records[17].config.BLOCK_SIZE_M,16
02-partial-fixed-kv,expert_cache_stats[2].kernel_config_records.records[17].config.BLOCK_SIZE_N,128
02-partial-fixed-kv,expert_cache_stats[2].kernel_config_records.records[17].config.GROUP_SIZE_M,1
02-partial-fixed-kv,expert_cache_stats[2].kernel_config_records.records[17].config.num_stages,3
02-partial-fixed-kv,expert_cache_stats[2].kernel_config_records.records[17].config.num_warps,4
02-partial-fixed-kv,expert_cache_stats[2].kernel_config_records.records[18].chunk_tokens,6
02-partial-fixed-kv,expert_cache_stats[2].kernel_config_records.records[18].top_k,10
02-partial-fixed-kv,expert_cache_stats[2].kernel_config_records.records[18].selections,48
02-partial-fixed-kv,expert_cache_stats[2].kernel_config_records.records[18].w13_shape[0],512
02-partial-fixed-kv,expert_cache_stats[2].kernel_config_records.records[18].w13_shape[1],256
02-partial-fixed-kv,expert_cache_stats[2].kernel_config_records.records[18].w13_shape[2],2048
02-partial-fixed-kv,expert_cache_stats[2].kernel_config_records.records[18].w2_shape[0],512
02-partial-fixed-kv,expert_cache_stats[2].kernel_config_records.records[18].w2_shape[1],2048
02-partial-fixed-kv,expert_cache_stats[2].kernel_config_records.records[18].w2_shape[2],128
02-partial-fixed-kv,expert_cache_stats[2].kernel_config_records.records[18].config.BLOCK_SIZE_K,64
02-partial-fixed-kv,expert_cache_stats[2].kernel_config_records.records[18].config.BLOCK_SIZE_M,16
02-partial-fixed-kv,expert_cache_stats[2].kernel_config_records.records[18].config.BLOCK_SIZE_N,128
02-partial-fixed-kv,expert_cache_stats[2].kernel_config_records.records[18].config.GROUP_SIZE_M,1
02-partial-fixed-kv,expert_cache_stats[2].kernel_config_records.records[18].config.num_stages,4
02-partial-fixed-kv,expert_cache_stats[2].kernel_config_records.records[18].config.num_warps,4
02-partial-fixed-kv,expert_cache_stats[2].kernel_config_records.records[19].chunk_tokens,4
02-partial-fixed-kv,expert_cache_stats[2].kernel_config_records.records[19].top_k,10
02-partial-fixed-kv,expert_cache_stats[2].kernel_config_records.records[19].selections,48
02-partial-fixed-kv,expert_cache_stats[2].kernel_config_records.records[19].w13_shape[0],512
02-partial-fixed-kv,expert_cache_stats[2].kernel_config_records.records[19].w13_shape[1],256
02-partial-fixed-kv,expert_cache_stats[2].kernel_config_records.records[19].w13_shape[2],2048
02-partial-fixed-kv,expert_cache_stats[2].kernel_config_records.records[19].w2_shape[0],512
02-partial-fixed-kv,expert_cache_stats[2].kernel_config_records.records[19].w2_shape[1],2048
02-partial-fixed-kv,expert_cache_stats[2].kernel_config_records.records[19].w2_shape[2],128
02-partial-fixed-kv,expert_cache_stats[2].kernel_config_records.records[19].config.BLOCK_SIZE_K,64
02-partial-fixed-kv,expert_cache_stats[2].kernel_config_records.records[19].config.BLOCK_SIZE_M,16
02-partial-fixed-kv,expert_cache_stats[2].kernel_config_records.records[19].config.BLOCK_SIZE_N,128
02-partial-fixed-kv,expert_cache_stats[2].kernel_config_records.records[19].config.GROUP_SIZE_M,1
02-partial-fixed-kv,expert_cache_stats[2].kernel_config_records.records[19].config.num_stages,4
02-partial-fixed-kv,expert_cache_stats[2].kernel_config_records.records[19].config.num_warps,4
02-partial-fixed-kv,expert_cache_stats[2].kernel_config_records.records[20].chunk_tokens,2
02-partial-fixed-kv,expert_cache_stats[2].kernel_config_records.records[20].top_k,10
02-partial-fixed-kv,expert_cache_stats[2].kernel_config_records.records[20].selections,48
02-partial-fixed-kv,expert_cache_stats[2].kernel_config_records.records[20].w13_shape[0],512
02-partial-fixed-kv,expert_cache_stats[2].kernel_config_records.records[20].w13_shape[1],256
02-partial-fixed-kv,expert_cache_stats[2].kernel_config_records.records[20].w13_shape[2],2048
02-partial-fixed-kv,expert_cache_stats[2].kernel_config_records.records[20].w2_shape[0],512
02-partial-fixed-kv,expert_cache_stats[2].kernel_config_records.records[20].w2_shape[1],2048
02-partial-fixed-kv,expert_cache_stats[2].kernel_config_records.records[20].w2_shape[2],128
02-partial-fixed-kv,expert_cache_stats[2].kernel_config_records.records[20].config.BLOCK_SIZE_K,64
02-partial-fixed-kv,expert_cache_stats[2].kernel_config_records.records[20].config.BLOCK_SIZE_M,32
02-partial-fixed-kv,expert_cache_stats[2].kernel_config_records.records[20].config.BLOCK_SIZE_N,64
02-partial-fixed-kv,expert_cache_stats[2].kernel_config_records.records[20].config.GROUP_SIZE_M,1
02-partial-fixed-kv,expert_cache_stats[2].kernel_config_records.records[20].config.num_stages,4
02-partial-fixed-kv,expert_cache_stats[2].kernel_config_records.records[20].config.num_warps,8
02-partial-fixed-kv,expert_cache_stats[3].schema_version,1
02-partial-fixed-kv,expert_cache_stats[3].rank,3
02-partial-fixed-kv,expert_cache_stats[3].tensor_parallel_size,4
02-partial-fixed-kv,expert_cache_stats[3].total_layers,48
02-partial-fixed-kv,expert_cache_stats[3].num_experts,512
02-partial-fixed-kv,expert_cache_stats[3].physical_slots,13056
02-partial-fixed-kv,expert_cache_stats[3].resident_slots,12288
02-partial-fixed-kv,expert_cache_stats[3].cache_slots,256
02-partial-fixed-kv,expert_cache_stats[3].ingress_slots,512
02-partial-fixed-kv,expert_cache_stats[3].expert_bytes,1572864
02-partial-fixed-kv,expert_cache_stats[3].host_source_bytes,38654705664
02-partial-fixed-kv,expert_cache_stats[3].pinned_gather_bytes,805306368
02-partial-fixed-kv,expert_cache_stats[3].gpu_pool_bytes,20535312384
02-partial-fixed-kv,expert_cache_stats[3].gpu_resident_bytes,19327352832
02-partial-fixed-kv,expert_cache_stats[3].gpu_cache_bytes,402653184
02-partial-fixed-kv,expert_cache_stats[3].gpu_ingress_bytes,805306368
02-partial-fixed-kv,expert_cache_stats[3].gpu_metadata_bytes,6144
02-partial-fixed-kv,expert_cache_stats[3].pinned_metadata_bytes,6144
02-partial-fixed-kv,expert_cache_stats[3].net_freed_bytes,18119387136
02-partial-fixed-kv,expert_cache_stats[3].weights_verified,0
02-partial-fixed-kv,expert_cache_stats[3].cuda_timing_capacity,128
02-partial-fixed-kv,expert_cache_stats[3].h2d_bytes,354315927552
02-partial-fixed-kv,expert_cache_stats[3].copy_launches,8410
02-partial-fixed-kv,expert_cache_stats[3].startup_resident_h2d_bytes,19327352832
02-partial-fixed-kv,expert_cache_stats[3].promotion_d2d_bytes,1793064960
02-partial-fixed-kv,expert_cache_stats[3].metadata_h2d_bytes,8954784
02-partial-fixed-kv,expert_cache_stats[3].unique_demands,837563
02-partial-fixed-kv,expert_cache_stats[3].resident_hits,601404
02-partial-fixed-kv,expert_cache_stats[3].max_unique_per_forward,509
02-partial-fixed-kv,expert_cache_stats[3].mean_unique_coverage,0.3745112716059982
02-partial-fixed-kv,expert_cache_stats[3].resident_ratio,0.5
02-partial-fixed-kv,expert_cache_stats[3].policy.observations,4368
02-partial-fixed-kv,expert_cache_stats[3].policy.unique_demands,837563
02-partial-fixed-kv,expert_cache_stats[3].policy.completed_forwards,91
02-partial-fixed-kv,expert_cache_stats[3].policy.decay_events,1
02-partial-fixed-kv,expert_cache_stats[3].policy.cache_hits,10891
02-partial-fixed-kv,expert_cache_stats[3].policy.cache_misses,225268
02-partial-fixed-kv,expert_cache_stats[3].policy.admissions,1140
02-partial-fixed-kv,expert_cache_stats[3].policy.evictions,884
02-partial-fixed-kv,expert_cache_stats[3].policy.cache_bypasses,224128
02-partial-fixed-kv,expert_cache_stats[3].policy.reconfigurations,0
02-partial-fixed-kv,expert_cache_stats[3].policy.resident_experts,12288
02-partial-fixed-kv,expert_cache_stats[3].policy.cache_slots,256
02-partial-fixed-kv,expert_cache_stats[3].policy.cache_entries,256
02-partial-fixed-kv,expert_cache_stats[3].policy.cache_hit_ratio,0.04611723457501091
02-partial-fixed-kv,expert_cache_stats[3].timing.route_d2h_s,17.809400094673038
02-partial-fixed-kv,expert_cache_stats[3].timing.policy_cpu_s,1.4231303138658404
02-partial-fixed-kv,expert_cache_stats[3].timing.host_reuse_wait_s,0.02318060351535678
02-partial-fixed-kv,expert_cache_stats[3].timing.host_gather_s,61.61580672580749
02-partial-fixed-kv,expert_cache_stats[3].timing.h2d_enqueue_s,0.31764781568199396
02-partial-fixed-kv,expert_cache_stats[3].timing.compute_enqueue_s,2.2976515060290694
02-partial-fixed-kv,expert_cache_stats[3].timing.cuda_sample_count,124
02-partial-fixed-kv,expert_cache_stats[3].timing.load_cuda_s,0.20785852880775935
02-partial-fixed-kv,expert_cache_stats[3].timing.compute_cuda_s,0.03713347193598746
02-partial-fixed-kv,expert_cache_stats[3].timing.promotion_cuda_s,0.0005778240084182472
02-partial-fixed-kv,expert_cache_stats[3].forward_counts[0],91
02-partial-fixed-kv,expert_cache_stats[3].forward_counts[1],91
02-partial-fixed-kv,expert_cache_stats[3].forward_counts[2],91
02-partial-fixed-kv,expert_cache_stats[3].forward_counts[3],91
02-partial-fixed-kv,expert_cache_stats[3].forward_counts[4],91
02-partial-fixed-kv,expert_cache_stats[3].forward_counts[5],91
02-partial-fixed-kv,expert_cache_stats[3].forward_counts[6],91
02-partial-fixed-kv,expert_cache_stats[3].forward_counts[7],91
02-partial-fixed-kv,expert_cache_stats[3].forward_counts[8],91
02-partial-fixed-kv,expert_cache_stats[3].forward_counts[9],91
02-partial-fixed-kv,expert_cache_stats[3].forward_counts[10],91
02-partial-fixed-kv,expert_cache_stats[3].forward_counts[11],91
02-partial-fixed-kv,expert_cache_stats[3].forward_counts[12],91
02-partial-fixed-kv,expert_cache_stats[3].forward_counts[13],91
02-partial-fixed-kv,expert_cache_stats[3].forward_counts[14],91
02-partial-fixed-kv,expert_cache_stats[3].forward_counts[15],91
02-partial-fixed-kv,expert_cache_stats[3].forward_counts[16],91
02-partial-fixed-kv,expert_cache_stats[3].forward_counts[17],91
02-partial-fixed-kv,expert_cache_stats[3].forward_counts[18],91
02-partial-fixed-kv,expert_cache_stats[3].forward_counts[19],91
02-partial-fixed-kv,expert_cache_stats[3].forward_counts[20],91
02-partial-fixed-kv,expert_cache_stats[3].forward_counts[21],91
02-partial-fixed-kv,expert_cache_stats[3].forward_counts[22],91
02-partial-fixed-kv,expert_cache_stats[3].forward_counts[23],91
02-partial-fixed-kv,expert_cache_stats[3].forward_counts[24],91
02-partial-fixed-kv,expert_cache_stats[3].forward_counts[25],91
02-partial-fixed-kv,expert_cache_stats[3].forward_counts[26],91
02-partial-fixed-kv,expert_cache_stats[3].forward_counts[27],91
02-partial-fixed-kv,expert_cache_stats[3].forward_counts[28],91
02-partial-fixed-kv,expert_cache_stats[3].forward_counts[29],91
02-partial-fixed-kv,expert_cache_stats[3].forward_counts[30],91
02-partial-fixed-kv,expert_cache_stats[3].forward_counts[31],91
02-partial-fixed-kv,expert_cache_stats[3].forward_counts[32],91
02-partial-fixed-kv,expert_cache_stats[3].forward_counts[33],91
02-partial-fixed-kv,expert_cache_stats[3].forward_counts[34],91
02-partial-fixed-kv,expert_cache_stats[3].forward_counts[35],91
02-partial-fixed-kv,expert_cache_stats[3].forward_counts[36],91
02-partial-fixed-kv,expert_cache_stats[3].forward_counts[37],91
02-partial-fixed-kv,expert_cache_stats[3].forward_counts[38],91
02-partial-fixed-kv,expert_cache_stats[3].forward_counts[39],91
02-partial-fixed-kv,expert_cache_stats[3].forward_counts[40],91
02-partial-fixed-kv,expert_cache_stats[3].forward_counts[41],91
02-partial-fixed-kv,expert_cache_stats[3].forward_counts[42],91
02-partial-fixed-kv,expert_cache_stats[3].forward_counts[43],91
02-partial-fixed-kv,expert_cache_stats[3].forward_counts[44],91
02-partial-fixed-kv,expert_cache_stats[3].forward_counts[45],91
02-partial-fixed-kv,expert_cache_stats[3].forward_counts[46],91
02-partial-fixed-kv,expert_cache_stats[3].forward_counts[47],91
02-partial-fixed-kv,expert_cache_stats[3].per_layer_unique_demands[0],21138
02-partial-fixed-kv,expert_cache_stats[3].per_layer_unique_demands[1],16941
02-partial-fixed-kv,expert_cache_stats[3].per_layer_unique_demands[2],21537
02-partial-fixed-kv,expert_cache_stats[3].per_layer_unique_demands[3],15599
02-partial-fixed-kv,expert_cache_stats[3].per_layer_unique_demands[4],16854
02-partial-fixed-kv,expert_cache_stats[3].per_layer_unique_demands[5],18495
02-partial-fixed-kv,expert_cache_stats[3].per_layer_unique_demands[6],20346
02-partial-fixed-kv,expert_cache_stats[3].per_layer_unique_demands[7],20046
02-partial-fixed-kv,expert_cache_stats[3].per_layer_unique_demands[8],17285
02-partial-fixed-kv,expert_cache_stats[3].per_layer_unique_demands[9],15577
02-partial-fixed-kv,expert_cache_stats[3].per_layer_unique_demands[10],15503
02-partial-fixed-kv,expert_cache_stats[3].per_layer_unique_demands[11],16773
02-partial-fixed-kv,expert_cache_stats[3].per_layer_unique_demands[12],14282
02-partial-fixed-kv,expert_cache_stats[3].per_layer_unique_demands[13],15270
02-partial-fixed-kv,expert_cache_stats[3].per_layer_unique_demands[14],16944
02-partial-fixed-kv,expert_cache_stats[3].per_layer_unique_demands[15],18331
02-partial-fixed-kv,expert_cache_stats[3].per_layer_unique_demands[16],16716
02-partial-fixed-kv,expert_cache_stats[3].per_layer_unique_demands[17],18464
02-partial-fixed-kv,expert_cache_stats[3].per_layer_unique_demands[18],19940
02-partial-fixed-kv,expert_cache_stats[3].per_layer_unique_demands[19],20062
02-partial-fixed-kv,expert_cache_stats[3].per_layer_unique_demands[20],16953
02-partial-fixed-kv,expert_cache_stats[3].per_layer_unique_demands[21],15325
02-partial-fixed-kv,expert_cache_stats[3].per_layer_unique_demands[22],15398
02-partial-fixed-kv,expert_cache_stats[3].per_layer_unique_demands[23],16674
02-partial-fixed-kv,expert_cache_stats[3].per_layer_unique_demands[24],14738
02-partial-fixed-kv,expert_cache_stats[3].per_layer_unique_demands[25],15495
02-partial-fixed-kv,expert_cache_stats[3].per_layer_unique_demands[26],17059
02-partial-fixed-kv,expert_cache_stats[3].per_layer_unique_demands[27],18689
02-partial-fixed-kv,expert_cache_stats[3].per_layer_unique_demands[28],17148
02-partial-fixed-kv,expert_cache_stats[3].per_layer_unique_demands[29],18921
02-partial-fixed-kv,expert_cache_stats[3].per_layer_unique_demands[30],20215
02-partial-fixed-kv,expert_cache_stats[3].per_layer_unique_demands[31],20348
02-partial-fixed-kv,expert_cache_stats[3].per_layer_unique_demands[32],18026
02-partial-fixed-kv,expert_cache_stats[3].per_layer_unique_demands[33],16737
02-partial-fixed-kv,expert_cache_stats[3].per_layer_unique_demands[34],16304
02-partial-fixed-kv,expert_cache_stats[3].per_layer_unique_demands[35],17541
02-partial-fixed-kv,expert_cache_stats[3].per_layer_unique_demands[36],15750
02-partial-fixed-kv,expert_cache_stats[3].per_layer_unique_demands[37],16202
02-partial-fixed-kv,expert_cache_stats[3].per_layer_unique_demands[38],17386
02-partial-fixed-kv,expert_cache_stats[3].per_layer_unique_demands[39],18547
02-partial-fixed-kv,expert_cache_stats[3].per_layer_unique_demands[40],18166
02-partial-fixed-kv,expert_cache_stats[3].per_layer_unique_demands[41],18030
02-partial-fixed-kv,expert_cache_stats[3].per_layer_unique_demands[42],17684
02-partial-fixed-kv,expert_cache_stats[3].per_layer_unique_demands[43],16712
02-partial-fixed-kv,expert_cache_stats[3].per_layer_unique_demands[44],16982
02-partial-fixed-kv,expert_cache_stats[3].per_layer_unique_demands[45],16528
02-partial-fixed-kv,expert_cache_stats[3].per_layer_unique_demands[46],16246
02-partial-fixed-kv,expert_cache_stats[3].per_layer_unique_demands[47],17656
02-partial-fixed-kv,expert_cache_stats[3].per_layer_max_unique_per_forward[0],500
02-partial-fixed-kv,expert_cache_stats[3].per_layer_max_unique_per_forward[1],437
02-partial-fixed-kv,expert_cache_stats[3].per_layer_max_unique_per_forward[2],509
02-partial-fixed-kv,expert_cache_stats[3].per_layer_max_unique_per_forward[3],436
02-partial-fixed-kv,expert_cache_stats[3].per_layer_max_unique_per_forward[4],434
02-partial-fixed-kv,expert_cache_stats[3].per_layer_max_unique_per_forward[5],468
02-partial-fixed-kv,expert_cache_stats[3].per_layer_max_unique_per_forward[6],500
02-partial-fixed-kv,expert_cache_stats[3].per_layer_max_unique_per_forward[7],494
02-partial-fixed-kv,expert_cache_stats[3].per_layer_max_unique_per_forward[8],472
02-partial-fixed-kv,expert_cache_stats[3].per_layer_max_unique_per_forward[9],419
02-partial-fixed-kv,expert_cache_stats[3].per_layer_max_unique_per_forward[10],420
02-partial-fixed-kv,expert_cache_stats[3].per_layer_max_unique_per_forward[11],441
02-partial-fixed-kv,expert_cache_stats[3].per_layer_max_unique_per_forward[12],410
02-partial-fixed-kv,expert_cache_stats[3].per_layer_max_unique_per_forward[13],407
02-partial-fixed-kv,expert_cache_stats[3].per_layer_max_unique_per_forward[14],450
02-partial-fixed-kv,expert_cache_stats[3].per_layer_max_unique_per_forward[15],478
02-partial-fixed-kv,expert_cache_stats[3].per_layer_max_unique_per_forward[16],445
02-partial-fixed-kv,expert_cache_stats[3].per_layer_max_unique_per_forward[17],473
02-partial-fixed-kv,expert_cache_stats[3].per_layer_max_unique_per_forward[18],502
02-partial-fixed-kv,expert_cache_stats[3].per_layer_max_unique_per_forward[19],497
02-partial-fixed-kv,expert_cache_stats[3].per_layer_max_unique_per_forward[20],461
02-partial-fixed-kv,expert_cache_stats[3].per_layer_max_unique_per_forward[21],423
02-partial-fixed-kv,expert_cache_stats[3].per_layer_max_unique_per_forward[22],427
02-partial-fixed-kv,expert_cache_stats[3].per_layer_max_unique_per_forward[23],448
02-partial-fixed-kv,expert_cache_stats[3].per_layer_max_unique_per_forward[24],409
02-partial-fixed-kv,expert_cache_stats[3].per_layer_max_unique_per_forward[25],425
02-partial-fixed-kv,expert_cache_stats[3].per_layer_max_unique_per_forward[26],462
02-partial-fixed-kv,expert_cache_stats[3].per_layer_max_unique_per_forward[27],484
02-partial-fixed-kv,expert_cache_stats[3].per_layer_max_unique_per_forward[28],462
02-partial-fixed-kv,expert_cache_stats[3].per_layer_max_unique_per_forward[29],485
02-partial-fixed-kv,expert_cache_stats[3].per_layer_max_unique_per_forward[30],499
02-partial-fixed-kv,expert_cache_stats[3].per_layer_max_unique_per_forward[31],502
02-partial-fixed-kv,expert_cache_stats[3].per_layer_max_unique_per_forward[32],474
02-partial-fixed-kv,expert_cache_stats[3].per_layer_max_unique_per_forward[33],453
02-partial-fixed-kv,expert_cache_stats[3].per_layer_max_unique_per_forward[34],449
02-partial-fixed-kv,expert_cache_stats[3].per_layer_max_unique_per_forward[35],463
02-partial-fixed-kv,expert_cache_stats[3].per_layer_max_unique_per_forward[36],434
02-partial-fixed-kv,expert_cache_stats[3].per_layer_max_unique_per_forward[37],437
02-partial-fixed-kv,expert_cache_stats[3].per_layer_max_unique_per_forward[38],459
02-partial-fixed-kv,expert_cache_stats[3].per_layer_max_unique_per_forward[39],474
02-partial-fixed-kv,expert_cache_stats[3].per_layer_max_unique_per_forward[40],469
02-partial-fixed-kv,expert_cache_stats[3].per_layer_max_unique_per_forward[41],450
02-partial-fixed-kv,expert_cache_stats[3].per_layer_max_unique_per_forward[42],445
02-partial-fixed-kv,expert_cache_stats[3].per_layer_max_unique_per_forward[43],423
02-partial-fixed-kv,expert_cache_stats[3].per_layer_max_unique_per_forward[44],431
02-partial-fixed-kv,expert_cache_stats[3].per_layer_max_unique_per_forward[45],424
02-partial-fixed-kv,expert_cache_stats[3].per_layer_max_unique_per_forward[46],416
02-partial-fixed-kv,expert_cache_stats[3].per_layer_max_unique_per_forward[47],442
02-partial-fixed-kv,expert_cache_stats[3].identity.geometry.total_layers,48
02-partial-fixed-kv,expert_cache_stats[3].identity.geometry.num_experts,512
02-partial-fixed-kv,expert_cache_stats[3].identity.geometry.hidden_size,2048
02-partial-fixed-kv,expert_cache_stats[3].identity.geometry.intermediate_size,128
02-partial-fixed-kv,expert_cache_stats[3].identity.tensor_parallel_size,4
02-partial-fixed-kv,expert_cache_stats[3].identity.model_config_sha256,2d483c7cabad7c8704478ed4038fa7e7b2eff840bc00a118eccbe38e2b488303
02-partial-fixed-kv,expert_cache_stats[3].identity.model_identity_sha256,24f6a89ba0e0435caffbb3d056425fb1fe980fca09d5a8749dfb231bd24880d8
02-partial-fixed-kv,expert_cache_stats[3].profile_sha256,e102f6959c1e9a64d67294b1800b9f093fb41907a0ca4aa42aa030b7c2dad3fb
02-partial-fixed-kv,expert_cache_stats[3].cache_policy,decayed-lfu
02-partial-fixed-kv,expert_cache_stats[3].failed,False
02-partial-fixed-kv,expert_cache_stats[3].weight_verification_scope,CUDA parity tests required; no runtime weight D2H verification
02-partial-fixed-kv,expert_cache_stats[3].temporary_memory_scope,native fused kernel workspace/output and CPU route IDs scale with scheduled tokens; no weight-sized GPU gather temporary
02-partial-fixed-kv,expert_cache_stats[3].memory_accounting_scope,"tensor payload bytes; excludes allocator rounding, CUDA event driver memory and Python policy metadata; native/chunk output workspace must be included in vLLM measured profiling peak"
02-partial-fixed-kv,expert_cache_stats[3].kernel_config_scope,native logical E geometry per actual native chunk size
02-partial-fixed-kv,expert_cache_stats[3].transfer_schedule,demand-critical H2D on compute stream; no speculative prefetch
02-partial-fixed-kv,expert_cache_stats[3].kernel_config_records.capacity,64
02-partial-fixed-kv,expert_cache_stats[3].kernel_config_records.unrecorded_selections,0
02-partial-fixed-kv,expert_cache_stats[3].kernel_config_records.records[0].chunk_tokens,8192
02-partial-fixed-kv,expert_cache_stats[3].kernel_config_records.records[0].top_k,10
02-partial-fixed-kv,expert_cache_stats[3].kernel_config_records.records[0].selections,816
02-partial-fixed-kv,expert_cache_stats[3].kernel_config_records.records[0].w13_shape[0],512
02-partial-fixed-kv,expert_cache_stats[3].kernel_config_records.records[0].w13_shape[1],256
02-partial-fixed-kv,expert_cache_stats[3].kernel_config_records.records[0].w13_shape[2],2048
02-partial-fixed-kv,expert_cache_stats[3].kernel_config_records.records[0].w2_shape[0],512
02-partial-fixed-kv,expert_cache_stats[3].kernel_config_records.records[0].w2_shape[1],2048
02-partial-fixed-kv,expert_cache_stats[3].kernel_config_records.records[0].w2_shape[2],128
02-partial-fixed-kv,expert_cache_stats[3].kernel_config_records.records[0].config.BLOCK_SIZE_K,64
02-partial-fixed-kv,expert_cache_stats[3].kernel_config_records.records[0].config.BLOCK_SIZE_M,128
02-partial-fixed-kv,expert_cache_stats[3].kernel_config_records.records[0].config.BLOCK_SIZE_N,128
02-partial-fixed-kv,expert_cache_stats[3].kernel_config_records.records[0].config.GROUP_SIZE_M,64
02-partial-fixed-kv,expert_cache_stats[3].kernel_config_records.records[0].config.num_stages,3
02-partial-fixed-kv,expert_cache_stats[3].kernel_config_records.records[0].config.num_warps,8
02-partial-fixed-kv,expert_cache_stats[3].kernel_config_records.records[1].chunk_tokens,32
02-partial-fixed-kv,expert_cache_stats[3].kernel_config_records.records[1].top_k,10
02-partial-fixed-kv,expert_cache_stats[3].kernel_config_records.records[1].selections,2304
02-partial-fixed-kv,expert_cache_stats[3].kernel_config_records.records[1].w13_shape[0],512
02-partial-fixed-kv,expert_cache_stats[3].kernel_config_records.records[1].w13_shape[1],256
02-partial-fixed-kv,expert_cache_stats[3].kernel_config_records.records[1].w13_shape[2],2048
02-partial-fixed-kv,expert_cache_stats[3].kernel_config_records.records[1].w2_shape[0],512
02-partial-fixed-kv,expert_cache_stats[3].kernel_config_records.records[1].w2_shape[1],2048
02-partial-fixed-kv,expert_cache_stats[3].kernel_config_records.records[1].w2_shape[2],128
02-partial-fixed-kv,expert_cache_stats[3].kernel_config_records.records[1].config.BLOCK_SIZE_K,64
02-partial-fixed-kv,expert_cache_stats[3].kernel_config_records.records[1].config.BLOCK_SIZE_M,16
02-partial-fixed-kv,expert_cache_stats[3].kernel_config_records.records[1].config.BLOCK_SIZE_N,128
02-partial-fixed-kv,expert_cache_stats[3].kernel_config_records.records[1].config.GROUP_SIZE_M,1
02-partial-fixed-kv,expert_cache_stats[3].kernel_config_records.records[1].config.num_stages,3
02-partial-fixed-kv,expert_cache_stats[3].kernel_config_records.records[1].config.num_warps,8
02-partial-fixed-kv,expert_cache_stats[3].kernel_config_records.records[2].chunk_tokens,4096
02-partial-fixed-kv,expert_cache_stats[3].kernel_config_records.records[2].top_k,10
02-partial-fixed-kv,expert_cache_stats[3].kernel_config_records.records[2].selections,96
02-partial-fixed-kv,expert_cache_stats[3].kernel_config_records.records[2].w13_shape[0],512
02-partial-fixed-kv,expert_cache_stats[3].kernel_config_records.records[2].w13_shape[1],256
02-partial-fixed-kv,expert_cache_stats[3].kernel_config_records.records[2].w13_shape[2],2048
02-partial-fixed-kv,expert_cache_stats[3].kernel_config_records.records[2].w2_shape[0],512
02-partial-fixed-kv,expert_cache_stats[3].kernel_config_records.records[2].w2_shape[1],2048
02-partial-fixed-kv,expert_cache_stats[3].kernel_config_records.records[2].w2_shape[2],128
02-partial-fixed-kv,expert_cache_stats[3].kernel_config_records.records[2].config.BLOCK_SIZE_K,64
02-partial-fixed-kv,expert_cache_stats[3].kernel_config_records.records[2].config.BLOCK_SIZE_M,128
02-partial-fixed-kv,expert_cache_stats[3].kernel_config_records.records[2].config.BLOCK_SIZE_N,128
02-partial-fixed-kv,expert_cache_stats[3].kernel_config_records.records[2].config.GROUP_SIZE_M,64
02-partial-fixed-kv,expert_cache_stats[3].kernel_config_records.records[2].config.num_stages,3
02-partial-fixed-kv,expert_cache_stats[3].kernel_config_records.records[2].config.num_warps,8
02-partial-fixed-kv,expert_cache_stats[3].kernel_config_records.records[3].chunk_tokens,1
02-partial-fixed-kv,expert_cache_stats[3].kernel_config_records.records[3].top_k,10
02-partial-fixed-kv,expert_cache_stats[3].kernel_config_records.records[3].selections,336
02-partial-fixed-kv,expert_cache_stats[3].kernel_config_records.records[3].w13_shape[0],512
02-partial-fixed-kv,expert_cache_stats[3].kernel_config_records.records[3].w13_shape[1],256
02-partial-fixed-kv,expert_cache_stats[3].kernel_config_records.records[3].w13_shape[2],2048
02-partial-fixed-kv,expert_cache_stats[3].kernel_config_records.records[3].w2_shape[0],512
02-partial-fixed-kv,expert_cache_stats[3].kernel_config_records.records[3].w2_shape[1],2048
02-partial-fixed-kv,expert_cache_stats[3].kernel_config_records.records[3].w2_shape[2],128
02-partial-fixed-kv,expert_cache_stats[3].kernel_config_records.records[3].config.BLOCK_SIZE_K,64
02-partial-fixed-kv,expert_cache_stats[3].kernel_config_records.records[3].config.BLOCK_SIZE_M,16
02-partial-fixed-kv,expert_cache_stats[3].kernel_config_records.records[3].config.BLOCK_SIZE_N,32
02-partial-fixed-kv,expert_cache_stats[3].kernel_config_records.records[3].config.GROUP_SIZE_M,1
02-partial-fixed-kv,expert_cache_stats[3].kernel_config_records.records[3].config.num_stages,4
02-partial-fixed-kv,expert_cache_stats[3].kernel_config_records.records[3].config.num_warps,4
02-partial-fixed-kv,expert_cache_stats[3].kernel_config_records.records[4].chunk_tokens,4337
02-partial-fixed-kv,expert_cache_stats[3].kernel_config_records.records[4].top_k,10
02-partial-fixed-kv,expert_cache_stats[3].kernel_config_records.records[4].selections,48
02-partial-fixed-kv,expert_cache_stats[3].kernel_config_records.records[4].w13_shape[0],512
02-partial-fixed-kv,expert_cache_stats[3].kernel_config_records.records[4].w13_shape[1],256
02-partial-fixed-kv,expert_cache_stats[3].kernel_config_records.records[4].w13_shape[2],2048
02-partial-fixed-kv,expert_cache_stats[3].kernel_config_records.records[4].w2_shape[0],512
02-partial-fixed-kv,expert_cache_stats[3].kernel_config_records.records[4].w2_shape[1],2048
02-partial-fixed-kv,expert_cache_stats[3].kernel_config_records.records[4].w2_shape[2],128
02-partial-fixed-kv,expert_cache_stats[3].kernel_config_records.records[4].config.BLOCK_SIZE_K,64
02-partial-fixed-kv,expert_cache_stats[3].kernel_config_records.records[4].config.BLOCK_SIZE_M,128
02-partial-fixed-kv,expert_cache_stats[3].kernel_config_records.records[4].config.BLOCK_SIZE_N,128
02-partial-fixed-kv,expert_cache_stats[3].kernel_config_records.records[4].config.GROUP_SIZE_M,64
02-partial-fixed-kv,expert_cache_stats[3].kernel_config_records.records[4].config.num_stages,3
02-partial-fixed-kv,expert_cache_stats[3].kernel_config_records.records[4].config.num_warps,8
02-partial-fixed-kv,expert_cache_stats[3].kernel_config_records.records[5].chunk_tokens,31
02-partial-fixed-kv,expert_cache_stats[3].kernel_config_records.records[5].top_k,10
02-partial-fixed-kv,expert_cache_stats[3].kernel_config_records.records[5].selections,48
02-partial-fixed-kv,expert_cache_stats[3].kernel_config_records.records[5].w13_shape[0],512
02-partial-fixed-kv,expert_cache_stats[3].kernel_config_records.records[5].w13_shape[1],256
02-partial-fixed-kv,expert_cache_stats[3].kernel_config_records.records[5].w13_shape[2],2048
02-partial-fixed-kv,expert_cache_stats[3].kernel_config_records.records[5].w2_shape[0],512
02-partial-fixed-kv,expert_cache_stats[3].kernel_config_records.records[5].w2_shape[1],2048
02-partial-fixed-kv,expert_cache_stats[3].kernel_config_records.records[5].w2_shape[2],128
02-partial-fixed-kv,expert_cache_stats[3].kernel_config_records.records[5].config.BLOCK_SIZE_K,64
02-partial-fixed-kv,expert_cache_stats[3].kernel_config_records.records[5].config.BLOCK_SIZE_M,16
02-partial-fixed-kv,expert_cache_stats[3].kernel_config_records.records[5].config.BLOCK_SIZE_N,128
02-partial-fixed-kv,expert_cache_stats[3].kernel_config_records.records[5].config.GROUP_SIZE_M,1
02-partial-fixed-kv,expert_cache_stats[3].kernel_config_records.records[5].config.num_stages,3
02-partial-fixed-kv,expert_cache_stats[3].kernel_config_records.records[5].config.num_warps,8
02-partial-fixed-kv,expert_cache_stats[3].kernel_config_records.records[6].chunk_tokens,30
02-partial-fixed-kv,expert_cache_stats[3].kernel_config_records.records[6].top_k,10
02-partial-fixed-kv,expert_cache_stats[3].kernel_config_records.records[6].selections,48
02-partial-fixed-kv,expert_cache_stats[3].kernel_config_records.records[6].w13_shape[0],512
02-partial-fixed-kv,expert_cache_stats[3].kernel_config_records.records[6].w13_shape[1],256
02-partial-fixed-kv,expert_cache_stats[3].kernel_config_records.records[6].w13_shape[2],2048
02-partial-fixed-kv,expert_cache_stats[3].kernel_config_records.records[6].w2_shape[0],512
02-partial-fixed-kv,expert_cache_stats[3].kernel_config_records.records[6].w2_shape[1],2048
02-partial-fixed-kv,expert_cache_stats[3].kernel_config_records.records[6].w2_shape[2],128
02-partial-fixed-kv,expert_cache_stats[3].kernel_config_records.records[6].config.BLOCK_SIZE_K,64
02-partial-fixed-kv,expert_cache_stats[3].kernel_config_records.records[6].config.BLOCK_SIZE_M,16
02-partial-fixed-kv,expert_cache_stats[3].kernel_config_records.records[6].config.BLOCK_SIZE_N,128
02-partial-fixed-kv,expert_cache_stats[3].kernel_config_records.records[6].config.GROUP_SIZE_M,1
02-partial-fixed-kv,expert_cache_stats[3].kernel_config_records.records[6].config.num_stages,3
02-partial-fixed-kv,expert_cache_stats[3].kernel_config_records.records[6].config.num_warps,8
02-partial-fixed-kv,expert_cache_stats[3].kernel_config_records.records[7].chunk_tokens,28
02-partial-fixed-kv,expert_cache_stats[3].kernel_config_records.records[7].top_k,10
02-partial-fixed-kv,expert_cache_stats[3].kernel_config_records.records[7].selections,48
02-partial-fixed-kv,expert_cache_stats[3].kernel_config_records.records[7].w13_shape[0],512
02-partial-fixed-kv,expert_cache_stats[3].kernel_config_records.records[7].w13_shape[1],256
02-partial-fixed-kv,expert_cache_stats[3].kernel_config_records.records[7].w13_shape[2],2048
02-partial-fixed-kv,expert_cache_stats[3].kernel_config_records.records[7].w2_shape[0],512
02-partial-fixed-kv,expert_cache_stats[3].kernel_config_records.records[7].w2_shape[1],2048
02-partial-fixed-kv,expert_cache_stats[3].kernel_config_records.records[7].w2_shape[2],128
02-partial-fixed-kv,expert_cache_stats[3].kernel_config_records.records[7].config.BLOCK_SIZE_K,64
02-partial-fixed-kv,expert_cache_stats[3].kernel_config_records.records[7].config.BLOCK_SIZE_M,32
02-partial-fixed-kv,expert_cache_stats[3].kernel_config_records.records[7].config.BLOCK_SIZE_N,128
02-partial-fixed-kv,expert_cache_stats[3].kernel_config_records.records[7].config.GROUP_SIZE_M,1
02-partial-fixed-kv,expert_cache_stats[3].kernel_config_records.records[7].config.num_stages,3
02-partial-fixed-kv,expert_cache_stats[3].kernel_config_records.records[7].config.num_warps,4
02-partial-fixed-kv,expert_cache_stats[3].kernel_config_records.records[8].chunk_tokens,26
02-partial-fixed-kv,expert_cache_stats[3].kernel_config_records.records[8].top_k,10
02-partial-fixed-kv,expert_cache_stats[3].kernel_config_records.records[8].selections,48
02-partial-fixed-kv,expert_cache_stats[3].kernel_config_records.records[8].w13_shape[0],512
02-partial-fixed-kv,expert_cache_stats[3].kernel_config_records.records[8].w13_shape[1],256
02-partial-fixed-kv,expert_cache_stats[3].kernel_config_records.records[8].w13_shape[2],2048
02-partial-fixed-kv,expert_cache_stats[3].kernel_config_records.records[8].w2_shape[0],512
02-partial-fixed-kv,expert_cache_stats[3].kernel_config_records.records[8].w2_shape[1],2048
02-partial-fixed-kv,expert_cache_stats[3].kernel_config_records.records[8].w2_shape[2],128
02-partial-fixed-kv,expert_cache_stats[3].kernel_config_records.records[8].config.BLOCK_SIZE_K,64
02-partial-fixed-kv,expert_cache_stats[3].kernel_config_records.records[8].config.BLOCK_SIZE_M,32
02-partial-fixed-kv,expert_cache_stats[3].kernel_config_records.records[8].config.BLOCK_SIZE_N,128
02-partial-fixed-kv,expert_cache_stats[3].kernel_config_records.records[8].config.GROUP_SIZE_M,1
02-partial-fixed-kv,expert_cache_stats[3].kernel_config_records.records[8].config.num_stages,3
02-partial-fixed-kv,expert_cache_stats[3].kernel_config_records.records[8].config.num_warps,4
02-partial-fixed-kv,expert_cache_stats[3].kernel_config_records.records[9].chunk_tokens,24
02-partial-fixed-kv,expert_cache_stats[3].kernel_config_records.records[9].top_k,10
02-partial-fixed-kv,expert_cache_stats[3].kernel_config_records.records[9].selections,48
02-partial-fixed-kv,expert_cache_stats[3].kernel_config_records.records[9].w13_shape[0],512
02-partial-fixed-kv,expert_cache_stats[3].kernel_config_records.records[9].w13_shape[1],256
02-partial-fixed-kv,expert_cache_stats[3].kernel_config_records.records[9].w13_shape[2],2048
02-partial-fixed-kv,expert_cache_stats[3].kernel_config_records.records[9].w2_shape[0],512
02-partial-fixed-kv,expert_cache_stats[3].kernel_config_records.records[9].w2_shape[1],2048
02-partial-fixed-kv,expert_cache_stats[3].kernel_config_records.records[9].w2_shape[2],128
02-partial-fixed-kv,expert_cache_stats[3].kernel_config_records.records[9].config.BLOCK_SIZE_K,64
02-partial-fixed-kv,expert_cache_stats[3].kernel_config_records.records[9].config.BLOCK_SIZE_M,32
02-partial-fixed-kv,expert_cache_stats[3].kernel_config_records.records[9].config.BLOCK_SIZE_N,128
02-partial-fixed-kv,expert_cache_stats[3].kernel_config_records.records[9].config.GROUP_SIZE_M,1
02-partial-fixed-kv,expert_cache_stats[3].kernel_config_records.records[9].config.num_stages,3
02-partial-fixed-kv,expert_cache_stats[3].kernel_config_records.records[9].config.num_warps,4
02-partial-fixed-kv,expert_cache_stats[3].kernel_config_records.records[10].chunk_tokens,22
02-partial-fixed-kv,expert_cache_stats[3].kernel_config_records.records[10].top_k,10
02-partial-fixed-kv,expert_cache_stats[3].kernel_config_records.records[10].selections,48
02-partial-fixed-kv,expert_cache_stats[3].kernel_config_records.records[10].w13_shape[0],512
02-partial-fixed-kv,expert_cache_stats[3].kernel_config_records.records[10].w13_shape[1],256
02-partial-fixed-kv,expert_cache_stats[3].kernel_config_records.records[10].w13_shape[2],2048
02-partial-fixed-kv,expert_cache_stats[3].kernel_config_records.records[10].w2_shape[0],512
02-partial-fixed-kv,expert_cache_stats[3].kernel_config_records.records[10].w2_shape[1],2048
02-partial-fixed-kv,expert_cache_stats[3].kernel_config_records.records[10].w2_shape[2],128
02-partial-fixed-kv,expert_cache_stats[3].kernel_config_records.records[10].config.BLOCK_SIZE_K,64
02-partial-fixed-kv,expert_cache_stats[3].kernel_config_records.records[10].config.BLOCK_SIZE_M,32
02-partial-fixed-kv,expert_cache_stats[3].kernel_config_records.records[10].config.BLOCK_SIZE_N,128
02-partial-fixed-kv,expert_cache_stats[3].kernel_config_records.records[10].config.GROUP_SIZE_M,1
02-partial-fixed-kv,expert_cache_stats[3].kernel_config_records.records[10].config.num_stages,3
02-partial-fixed-kv,expert_cache_stats[3].kernel_config_records.records[10].config.num_warps,4
02-partial-fixed-kv,expert_cache_stats[3].kernel_config_records.records[11].chunk_tokens,20
02-partial-fixed-kv,expert_cache_stats[3].kernel_config_records.records[11].top_k,10
02-partial-fixed-kv,expert_cache_stats[3].kernel_config_records.records[11].selections,48
02-partial-fixed-kv,expert_cache_stats[3].kernel_config_records.records[11].w13_shape[0],512
02-partial-fixed-kv,expert_cache_stats[3].kernel_config_records.records[11].w13_shape[1],256
02-partial-fixed-kv,expert_cache_stats[3].kernel_config_records.records[11].w13_shape[2],2048
02-partial-fixed-kv,expert_cache_stats[3].kernel_config_records.records[11].w2_shape[0],512
02-partial-fixed-kv,expert_cache_stats[3].kernel_config_records.records[11].w2_shape[1],2048
02-partial-fixed-kv,expert_cache_stats[3].kernel_config_records.records[11].w2_shape[2],128
02-partial-fixed-kv,expert_cache_stats[3].kernel_config_records.records[11].config.BLOCK_SIZE_K,64
02-partial-fixed-kv,expert_cache_stats[3].kernel_config_records.records[11].config.BLOCK_SIZE_M,16
02-partial-fixed-kv,expert_cache_stats[3].kernel_config_records.records[11].config.BLOCK_SIZE_N,128
02-partial-fixed-kv,expert_cache_stats[3].kernel_config_records.records[11].config.GROUP_SIZE_M,1
02-partial-fixed-kv,expert_cache_stats[3].kernel_config_records.records[11].config.num_stages,3
02-partial-fixed-kv,expert_cache_stats[3].kernel_config_records.records[11].config.num_warps,4
02-partial-fixed-kv,expert_cache_stats[3].kernel_config_records.records[12].chunk_tokens,18
02-partial-fixed-kv,expert_cache_stats[3].kernel_config_records.records[12].top_k,10
02-partial-fixed-kv,expert_cache_stats[3].kernel_config_records.records[12].selections,48
02-partial-fixed-kv,expert_cache_stats[3].kernel_config_records.records[12].w13_shape[0],512
02-partial-fixed-kv,expert_cache_stats[3].kernel_config_records.records[12].w13_shape[1],256
02-partial-fixed-kv,expert_cache_stats[3].kernel_config_records.records[12].w13_shape[2],2048
02-partial-fixed-kv,expert_cache_stats[3].kernel_config_records.records[12].w2_shape[0],512
02-partial-fixed-kv,expert_cache_stats[3].kernel_config_records.records[12].w2_shape[1],2048
02-partial-fixed-kv,expert_cache_stats[3].kernel_config_records.records[12].w2_shape[2],128
02-partial-fixed-kv,expert_cache_stats[3].kernel_config_records.records[12].config.BLOCK_SIZE_K,64
02-partial-fixed-kv,expert_cache_stats[3].kernel_config_records.records[12].config.BLOCK_SIZE_M,16
02-partial-fixed-kv,expert_cache_stats[3].kernel_config_records.records[12].config.BLOCK_SIZE_N,128
02-partial-fixed-kv,expert_cache_stats[3].kernel_config_records.records[12].config.GROUP_SIZE_M,1
02-partial-fixed-kv,expert_cache_stats[3].kernel_config_records.records[12].config.num_stages,3
02-partial-fixed-kv,expert_cache_stats[3].kernel_config_records.records[12].config.num_warps,4
02-partial-fixed-kv,expert_cache_stats[3].kernel_config_records.records[13].chunk_tokens,16
02-partial-fixed-kv,expert_cache_stats[3].kernel_config_records.records[13].top_k,10
02-partial-fixed-kv,expert_cache_stats[3].kernel_config_records.records[13].selections,48
02-partial-fixed-kv,expert_cache_stats[3].kernel_config_records.records[13].w13_shape[0],512
02-partial-fixed-kv,expert_cache_stats[3].kernel_config_records.records[13].w13_shape[1],256
02-partial-fixed-kv,expert_cache_stats[3].kernel_config_records.records[13].w13_shape[2],2048
02-partial-fixed-kv,expert_cache_stats[3].kernel_config_records.records[13].w2_shape[0],512
02-partial-fixed-kv,expert_cache_stats[3].kernel_config_records.records[13].w2_shape[1],2048
02-partial-fixed-kv,expert_cache_stats[3].kernel_config_records.records[13].w2_shape[2],128
02-partial-fixed-kv,expert_cache_stats[3].kernel_config_records.records[13].config.BLOCK_SIZE_K,64
02-partial-fixed-kv,expert_cache_stats[3].kernel_config_records.records[13].config.BLOCK_SIZE_M,16
02-partial-fixed-kv,expert_cache_stats[3].kernel_config_records.records[13].config.BLOCK_SIZE_N,128
02-partial-fixed-kv,expert_cache_stats[3].kernel_config_records.records[13].config.GROUP_SIZE_M,1
02-partial-fixed-kv,expert_cache_stats[3].kernel_config_records.records[13].config.num_stages,3
02-partial-fixed-kv,expert_cache_stats[3].kernel_config_records.records[13].config.num_warps,4
02-partial-fixed-kv,expert_cache_stats[3].kernel_config_records.records[14].chunk_tokens,14
02-partial-fixed-kv,expert_cache_stats[3].kernel_config_records.records[14].top_k,10
02-partial-fixed-kv,expert_cache_stats[3].kernel_config_records.records[14].selections,48
02-partial-fixed-kv,expert_cache_stats[3].kernel_config_records.records[14].w13_shape[0],512
02-partial-fixed-kv,expert_cache_stats[3].kernel_config_records.records[14].w13_shape[1],256
02-partial-fixed-kv,expert_cache_stats[3].kernel_config_records.records[14].w13_shape[2],2048
02-partial-fixed-kv,expert_cache_stats[3].kernel_config_records.records[14].w2_shape[0],512
02-partial-fixed-kv,expert_cache_stats[3].kernel_config_records.records[14].w2_shape[1],2048
02-partial-fixed-kv,expert_cache_stats[3].kernel_config_records.records[14].w2_shape[2],128
02-partial-fixed-kv,expert_cache_stats[3].kernel_config_records.records[14].config.BLOCK_SIZE_K,64
02-partial-fixed-kv,expert_cache_stats[3].kernel_config_records.records[14].config.BLOCK_SIZE_M,16
02-partial-fixed-kv,expert_cache_stats[3].kernel_config_records.records[14].config.BLOCK_SIZE_N,128
02-partial-fixed-kv,expert_cache_stats[3].kernel_config_records.records[14].config.GROUP_SIZE_M,1
02-partial-fixed-kv,expert_cache_stats[3].kernel_config_records.records[14].config.num_stages,3
02-partial-fixed-kv,expert_cache_stats[3].kernel_config_records.records[14].config.num_warps,4
02-partial-fixed-kv,expert_cache_stats[3].kernel_config_records.records[15].chunk_tokens,12
02-partial-fixed-kv,expert_cache_stats[3].kernel_config_records.records[15].top_k,10
02-partial-fixed-kv,expert_cache_stats[3].kernel_config_records.records[15].selections,48
02-partial-fixed-kv,expert_cache_stats[3].kernel_config_records.records[15].w13_shape[0],512
02-partial-fixed-kv,expert_cache_stats[3].kernel_config_records.records[15].w13_shape[1],256
02-partial-fixed-kv,expert_cache_stats[3].kernel_config_records.records[15].w13_shape[2],2048
02-partial-fixed-kv,expert_cache_stats[3].kernel_config_records.records[15].w2_shape[0],512
02-partial-fixed-kv,expert_cache_stats[3].kernel_config_records.records[15].w2_shape[1],2048
02-partial-fixed-kv,expert_cache_stats[3].kernel_config_records.records[15].w2_shape[2],128
02-partial-fixed-kv,expert_cache_stats[3].kernel_config_records.records[15].config.BLOCK_SIZE_K,64
02-partial-fixed-kv,expert_cache_stats[3].kernel_config_records.records[15].config.BLOCK_SIZE_M,16
02-partial-fixed-kv,expert_cache_stats[3].kernel_config_records.records[15].config.BLOCK_SIZE_N,128
02-partial-fixed-kv,expert_cache_stats[3].kernel_config_records.records[15].config.GROUP_SIZE_M,1
02-partial-fixed-kv,expert_cache_stats[3].kernel_config_records.records[15].config.num_stages,3
02-partial-fixed-kv,expert_cache_stats[3].kernel_config_records.records[15].config.num_warps,4
02-partial-fixed-kv,expert_cache_stats[3].kernel_config_records.records[16].chunk_tokens,10
02-partial-fixed-kv,expert_cache_stats[3].kernel_config_records.records[16].top_k,10
02-partial-fixed-kv,expert_cache_stats[3].kernel_config_records.records[16].selections,48
02-partial-fixed-kv,expert_cache_stats[3].kernel_config_records.records[16].w13_shape[0],512
02-partial-fixed-kv,expert_cache_stats[3].kernel_config_records.records[16].w13_shape[1],256
02-partial-fixed-kv,expert_cache_stats[3].kernel_config_records.records[16].w13_shape[2],2048
02-partial-fixed-kv,expert_cache_stats[3].kernel_config_records.records[16].w2_shape[0],512
02-partial-fixed-kv,expert_cache_stats[3].kernel_config_records.records[16].w2_shape[1],2048
02-partial-fixed-kv,expert_cache_stats[3].kernel_config_records.records[16].w2_shape[2],128
02-partial-fixed-kv,expert_cache_stats[3].kernel_config_records.records[16].config.BLOCK_SIZE_K,64
02-partial-fixed-kv,expert_cache_stats[3].kernel_config_records.records[16].config.BLOCK_SIZE_M,16
02-partial-fixed-kv,expert_cache_stats[3].kernel_config_records.records[16].config.BLOCK_SIZE_N,128
02-partial-fixed-kv,expert_cache_stats[3].kernel_config_records.records[16].config.GROUP_SIZE_M,1
02-partial-fixed-kv,expert_cache_stats[3].kernel_config_records.records[16].config.num_stages,3
02-partial-fixed-kv,expert_cache_stats[3].kernel_config_records.records[16].config.num_warps,4
02-partial-fixed-kv,expert_cache_stats[3].kernel_config_records.records[17].chunk_tokens,8
02-partial-fixed-kv,expert_cache_stats[3].kernel_config_records.records[17].top_k,10
02-partial-fixed-kv,expert_cache_stats[3].kernel_config_records.records[17].selections,48
02-partial-fixed-kv,expert_cache_stats[3].kernel_config_records.records[17].w13_shape[0],512
02-partial-fixed-kv,expert_cache_stats[3].kernel_config_records.records[17].w13_shape[1],256
02-partial-fixed-kv,expert_cache_stats[3].kernel_config_records.records[17].w13_shape[2],2048
02-partial-fixed-kv,expert_cache_stats[3].kernel_config_records.records[17].w2_shape[0],512
02-partial-fixed-kv,expert_cache_stats[3].kernel_config_records.records[17].w2_shape[1],2048
02-partial-fixed-kv,expert_cache_stats[3].kernel_config_records.records[17].w2_shape[2],128
02-partial-fixed-kv,expert_cache_stats[3].kernel_config_records.records[17].config.BLOCK_SIZE_K,64
02-partial-fixed-kv,expert_cache_stats[3].kernel_config_records.records[17].config.BLOCK_SIZE_M,16
02-partial-fixed-kv,expert_cache_stats[3].kernel_config_records.records[17].config.BLOCK_SIZE_N,128
02-partial-fixed-kv,expert_cache_stats[3].kernel_config_records.records[17].config.GROUP_SIZE_M,1
02-partial-fixed-kv,expert_cache_stats[3].kernel_config_records.records[17].config.num_stages,3
02-partial-fixed-kv,expert_cache_stats[3].kernel_config_records.records[17].config.num_warps,4
02-partial-fixed-kv,expert_cache_stats[3].kernel_config_records.records[18].chunk_tokens,6
02-partial-fixed-kv,expert_cache_stats[3].kernel_config_records.records[18].top_k,10
02-partial-fixed-kv,expert_cache_stats[3].kernel_config_records.records[18].selections,48
02-partial-fixed-kv,expert_cache_stats[3].kernel_config_records.records[18].w13_shape[0],512
02-partial-fixed-kv,expert_cache_stats[3].kernel_config_records.records[18].w13_shape[1],256
02-partial-fixed-kv,expert_cache_stats[3].kernel_config_records.records[18].w13_shape[2],2048
02-partial-fixed-kv,expert_cache_stats[3].kernel_config_records.records[18].w2_shape[0],512
02-partial-fixed-kv,expert_cache_stats[3].kernel_config_records.records[18].w2_shape[1],2048
02-partial-fixed-kv,expert_cache_stats[3].kernel_config_records.records[18].w2_shape[2],128
02-partial-fixed-kv,expert_cache_stats[3].kernel_config_records.records[18].config.BLOCK_SIZE_K,64
02-partial-fixed-kv,expert_cache_stats[3].kernel_config_records.records[18].config.BLOCK_SIZE_M,16
02-partial-fixed-kv,expert_cache_stats[3].kernel_config_records.records[18].config.BLOCK_SIZE_N,128
02-partial-fixed-kv,expert_cache_stats[3].kernel_config_records.records[18].config.GROUP_SIZE_M,1
02-partial-fixed-kv,expert_cache_stats[3].kernel_config_records.records[18].config.num_stages,4
02-partial-fixed-kv,expert_cache_stats[3].kernel_config_records.records[18].config.num_warps,4
02-partial-fixed-kv,expert_cache_stats[3].kernel_config_records.records[19].chunk_tokens,4
02-partial-fixed-kv,expert_cache_stats[3].kernel_config_records.records[19].top_k,10
02-partial-fixed-kv,expert_cache_stats[3].kernel_config_records.records[19].selections,48
02-partial-fixed-kv,expert_cache_stats[3].kernel_config_records.records[19].w13_shape[0],512
02-partial-fixed-kv,expert_cache_stats[3].kernel_config_records.records[19].w13_shape[1],256
02-partial-fixed-kv,expert_cache_stats[3].kernel_config_records.records[19].w13_shape[2],2048
02-partial-fixed-kv,expert_cache_stats[3].kernel_config_records.records[19].w2_shape[0],512
02-partial-fixed-kv,expert_cache_stats[3].kernel_config_records.records[19].w2_shape[1],2048
02-partial-fixed-kv,expert_cache_stats[3].kernel_config_records.records[19].w2_shape[2],128
02-partial-fixed-kv,expert_cache_stats[3].kernel_config_records.records[19].config.BLOCK_SIZE_K,64
02-partial-fixed-kv,expert_cache_stats[3].kernel_config_records.records[19].config.BLOCK_SIZE_M,16
02-partial-fixed-kv,expert_cache_stats[3].kernel_config_records.records[19].config.BLOCK_SIZE_N,128
02-partial-fixed-kv,expert_cache_stats[3].kernel_config_records.records[19].config.GROUP_SIZE_M,1
02-partial-fixed-kv,expert_cache_stats[3].kernel_config_records.records[19].config.num_stages,4
02-partial-fixed-kv,expert_cache_stats[3].kernel_config_records.records[19].config.num_warps,4
02-partial-fixed-kv,expert_cache_stats[3].kernel_config_records.records[20].chunk_tokens,2
02-partial-fixed-kv,expert_cache_stats[3].kernel_config_records.records[20].top_k,10
02-partial-fixed-kv,expert_cache_stats[3].kernel_config_records.records[20].selections,48
02-partial-fixed-kv,expert_cache_stats[3].kernel_config_records.records[20].w13_shape[0],512
02-partial-fixed-kv,expert_cache_stats[3].kernel_config_records.records[20].w13_shape[1],256
02-partial-fixed-kv,expert_cache_stats[3].kernel_config_records.records[20].w13_shape[2],2048
02-partial-fixed-kv,expert_cache_stats[3].kernel_config_records.records[20].w2_shape[0],512
02-partial-fixed-kv,expert_cache_stats[3].kernel_config_records.records[20].w2_shape[1],2048
02-partial-fixed-kv,expert_cache_stats[3].kernel_config_records.records[20].w2_shape[2],128
02-partial-fixed-kv,expert_cache_stats[3].kernel_config_records.records[20].config.BLOCK_SIZE_K,64
02-partial-fixed-kv,expert_cache_stats[3].kernel_config_records.records[20].config.BLOCK_SIZE_M,32
02-partial-fixed-kv,expert_cache_stats[3].kernel_config_records.records[20].config.BLOCK_SIZE_N,64
02-partial-fixed-kv,expert_cache_stats[3].kernel_config_records.records[20].config.GROUP_SIZE_M,1
02-partial-fixed-kv,expert_cache_stats[3].kernel_config_records.records[20].config.num_stages,4
02-partial-fixed-kv,expert_cache_stats[3].kernel_config_records.records[20].config.num_warps,8
03-partial-auto-kv,schema_version,1
03-partial-auto-kv,run_id,03-partial-auto-kv
03-partial-auto-kv,arm,partial-auto-kv
03-partial-auto-kv,status,complete
03-partial-auto-kv,offload_count,0
03-partial-auto-kv,staging_slots,1
03-partial-auto-kv,repetitions_completed,1
03-partial-auto-kv,requested_kv_cache_bytes,
03-partial-auto-kv,exit_code,0
03-partial-auto-kv,launcher_elapsed_s,271.14585197297856
03-partial-auto-kv,smoke_matches_resident,True
03-partial-auto-kv,performance_outputs_stable,True
03-partial-auto-kv,performance_outputs_match_resident,False
03-partial-auto-kv,mechanism_validated,True
03-partial-auto-kv,contract.batch_size,32
03-partial-auto-kv,contract.context_length,4096
03-partial-auto-kv,contract.output_length,64
03-partial-auto-kv,contract.tensor_parallel_size,4
03-partial-auto-kv,contract.gpu_memory_utilization,0.6
03-partial-auto-kv,contract.seed,20260905
03-partial-auto-kv,contract.warmups,0
03-partial-auto-kv,contract.timing_samples,128
03-partial-auto-kv,contract.max_num_seqs,32
03-partial-auto-kv,contract.max_num_batched_tokens,8192
03-partial-auto-kv,contract.repetitions_requested,1
03-partial-auto-kv,contract.smoke_output_length,8
03-partial-auto-kv,contract.source_request_count,512
03-partial-auto-kv,contract.unique_selected_request_count,32
03-partial-auto-kv,contract.repeated_request_count,0
03-partial-auto-kv,contract.commit,4e62dcc0a2ce74dadc56f32f2e0efb820ce7048d
03-partial-auto-kv,contract.model_identity_sha256,f197bd16d71c7da5e1472aacaeb3bd213c41d7688695ac857cf30665fe951a59
03-partial-auto-kv,contract.model_config_sha256,2d483c7cabad7c8704478ed4038fa7e7b2eff840bc00a118eccbe38e2b488303
03-partial-auto-kv,contract.dataset_sha256,e2c49470808ee926dbc90538fde50bcd15852d1be946cd521e6a257a4e2788c0
03-partial-auto-kv,contract.dataset_manifest_sha256,c5b24da6ce5d77cbe6734dc5bd5e7458d1a0a28bb1797bdae282843b35df93e6
03-partial-auto-kv,contract.input_sha256,24f7a1479959083d6064ec0a689eaf047cee4f6a272761d123f2880fe5406bb9
03-partial-auto-kv,contract.engine_policy_sha256,453c3f01dab00f2691d5cf44920bef90559949bac7ef297c0848d986c64de95e
03-partial-auto-kv,contract.dtype,bfloat16
03-partial-auto-kv,contract.versions.torch,2.8.0+cu128
03-partial-auto-kv,contract.versions.vllm,0.10.2
03-partial-auto-kv,contract.versions.cuda,12.8
03-partial-auto-kv,contract.versions.vllm_commit,01efc7ef781391e744ed08c3292817a773d654e6
03-partial-auto-kv,contract.comparison_backend,expert-cache
03-partial-auto-kv,contract.expert_cache.resident_ratio,0.5
03-partial-auto-kv,contract.expert_cache.cache_policy,decayed-lfu
03-partial-auto-kv,contract.expert_cache.cache_slots,256
03-partial-auto-kv,contract.expert_cache.calibration_count,32
03-partial-auto-kv,contract.expert_cache.timing_samples,128
03-partial-auto-kv,contract.expert_cache.profile_sha256,e102f6959c1e9a64d67294b1800b9f093fb41907a0ca4aa42aa030b7c2dad3fb
03-partial-auto-kv,contract.expert_cache.identity.geometry.total_layers,48
03-partial-auto-kv,contract.expert_cache.identity.geometry.num_experts,512
03-partial-auto-kv,contract.expert_cache.identity.geometry.hidden_size,2048
03-partial-auto-kv,contract.expert_cache.identity.geometry.intermediate_size,128
03-partial-auto-kv,contract.expert_cache.identity.tensor_parallel_size,4
03-partial-auto-kv,contract.expert_cache.identity.model_config_sha256,2d483c7cabad7c8704478ed4038fa7e7b2eff840bc00a118eccbe38e2b488303
03-partial-auto-kv,contract.expert_cache.identity.model_identity_sha256,24f6a89ba0e0435caffbb3d056425fb1fe980fca09d5a8749dfb231bd24880d8
03-partial-auto-kv,contract.calibration_count,32
03-partial-auto-kv,contract.evaluation_pool_count,45
03-partial-auto-kv,contract.calibration_input_hashes_sha256,e750c8cc9181b644e745c419ca77123f9edd3e336658d6399e0ba5e721adb07a
03-partial-auto-kv,contract.sampling_policy,heldout-token-hash-first-unique
03-partial-auto-kv,contract.split_scope,full-prompt-token-hashes; source-conversation-disjointness-not-claimed
03-partial-auto-kv,memory[0].rank,0
03-partial-auto-kv,memory[0].total_gpu_bytes,85017493504
03-partial-auto-kv,memory[0].free_gpu_bytes,33214758912
03-partial-auto-kv,memory[0].torch_allocated_bytes,48985901056
03-partial-auto-kv,memory[0].torch_reserved_bytes,49683628032
03-partial-auto-kv,memory[0].torch_peak_allocated_bytes,49586948608
03-partial-auto-kv,memory[0].torch_peak_reserved_bytes,49683628032
03-partial-auto-kv,memory[0].available_kv_cache_bytes,
03-partial-auto-kv,memory[0].model_memory_bytes,21839992832
03-partial-auto-kv,memory[0].kv_cache_allocated_bytes,27066236928
03-partial-auto-kv,memory[0].kv_cache_declared_bytes,27066236928
03-partial-auto-kv,memory[0].num_gpu_blocks,8098
03-partial-auto-kv,memory[0].kv_cache_accounting_consistent,True
03-partial-auto-kv,memory[1].rank,1
03-partial-auto-kv,memory[1].total_gpu_bytes,85017493504
03-partial-auto-kv,memory[1].free_gpu_bytes,33214758912
03-partial-auto-kv,memory[1].torch_allocated_bytes,48985901056
03-partial-auto-kv,memory[1].torch_reserved_bytes,49683628032
03-partial-auto-kv,memory[1].torch_peak_allocated_bytes,49586948608
03-partial-auto-kv,memory[1].torch_peak_reserved_bytes,49683628032
03-partial-auto-kv,memory[1].available_kv_cache_bytes,
03-partial-auto-kv,memory[1].model_memory_bytes,21839992832
03-partial-auto-kv,memory[1].kv_cache_allocated_bytes,27066236928
03-partial-auto-kv,memory[1].kv_cache_declared_bytes,27066236928
03-partial-auto-kv,memory[1].num_gpu_blocks,8098
03-partial-auto-kv,memory[1].kv_cache_accounting_consistent,True
03-partial-auto-kv,memory[2].rank,2
03-partial-auto-kv,memory[2].total_gpu_bytes,85017493504
03-partial-auto-kv,memory[2].free_gpu_bytes,33214758912
03-partial-auto-kv,memory[2].torch_allocated_bytes,48985901056
03-partial-auto-kv,memory[2].torch_reserved_bytes,49683628032
03-partial-auto-kv,memory[2].torch_peak_allocated_bytes,49586948608
03-partial-auto-kv,memory[2].torch_peak_reserved_bytes,49683628032
03-partial-auto-kv,memory[2].available_kv_cache_bytes,
03-partial-auto-kv,memory[2].model_memory_bytes,21839992832
03-partial-auto-kv,memory[2].kv_cache_allocated_bytes,27066236928
03-partial-auto-kv,memory[2].kv_cache_declared_bytes,27066236928
03-partial-auto-kv,memory[2].num_gpu_blocks,8098
03-partial-auto-kv,memory[2].kv_cache_accounting_consistent,True
03-partial-auto-kv,memory[3].rank,3
03-partial-auto-kv,memory[3].total_gpu_bytes,85017493504
03-partial-auto-kv,memory[3].free_gpu_bytes,33214758912
03-partial-auto-kv,memory[3].torch_allocated_bytes,48985901056
03-partial-auto-kv,memory[3].torch_reserved_bytes,49683628032
03-partial-auto-kv,memory[3].torch_peak_allocated_bytes,49586948608
03-partial-auto-kv,memory[3].torch_peak_reserved_bytes,49683628032
03-partial-auto-kv,memory[3].available_kv_cache_bytes,
03-partial-auto-kv,memory[3].model_memory_bytes,21839992832
03-partial-auto-kv,memory[3].kv_cache_allocated_bytes,27066236928
03-partial-auto-kv,memory[3].kv_cache_declared_bytes,27066236928
03-partial-auto-kv,memory[3].num_gpu_blocks,8098
03-partial-auto-kv,memory[3].kv_cache_accounting_consistent,True
03-partial-auto-kv,final_memory[0].rank,0
03-partial-auto-kv,final_memory[0].total_gpu_bytes,85017493504
03-partial-auto-kv,final_memory[0].free_gpu_bytes,30274551808
03-partial-auto-kv,final_memory[0].torch_allocated_bytes,48985914880
03-partial-auto-kv,final_memory[0].torch_reserved_bytes,49683628032
03-partial-auto-kv,final_memory[0].torch_peak_allocated_bytes,49586968576
03-partial-auto-kv,final_memory[0].torch_peak_reserved_bytes,49683628032
03-partial-auto-kv,final_memory[0].available_kv_cache_bytes,
03-partial-auto-kv,final_memory[0].model_memory_bytes,21839992832
03-partial-auto-kv,final_memory[0].kv_cache_allocated_bytes,27066236928
03-partial-auto-kv,final_memory[0].kv_cache_declared_bytes,27066236928
03-partial-auto-kv,final_memory[0].num_gpu_blocks,8098
03-partial-auto-kv,final_memory[0].kv_cache_accounting_consistent,True
03-partial-auto-kv,final_memory[1].rank,1
03-partial-auto-kv,final_memory[1].total_gpu_bytes,85017493504
03-partial-auto-kv,final_memory[1].free_gpu_bytes,30274551808
03-partial-auto-kv,final_memory[1].torch_allocated_bytes,48985914880
03-partial-auto-kv,final_memory[1].torch_reserved_bytes,49683628032
03-partial-auto-kv,final_memory[1].torch_peak_allocated_bytes,49586968576
03-partial-auto-kv,final_memory[1].torch_peak_reserved_bytes,49683628032
03-partial-auto-kv,final_memory[1].available_kv_cache_bytes,
03-partial-auto-kv,final_memory[1].model_memory_bytes,21839992832
03-partial-auto-kv,final_memory[1].kv_cache_allocated_bytes,27066236928
03-partial-auto-kv,final_memory[1].kv_cache_declared_bytes,27066236928
03-partial-auto-kv,final_memory[1].num_gpu_blocks,8098
03-partial-auto-kv,final_memory[1].kv_cache_accounting_consistent,True
03-partial-auto-kv,final_memory[2].rank,2
03-partial-auto-kv,final_memory[2].total_gpu_bytes,85017493504
03-partial-auto-kv,final_memory[2].free_gpu_bytes,30274551808
03-partial-auto-kv,final_memory[2].torch_allocated_bytes,48985914880
03-partial-auto-kv,final_memory[2].torch_reserved_bytes,49683628032
03-partial-auto-kv,final_memory[2].torch_peak_allocated_bytes,49586968576
03-partial-auto-kv,final_memory[2].torch_peak_reserved_bytes,49683628032
03-partial-auto-kv,final_memory[2].available_kv_cache_bytes,
03-partial-auto-kv,final_memory[2].model_memory_bytes,21839992832
03-partial-auto-kv,final_memory[2].kv_cache_allocated_bytes,27066236928
03-partial-auto-kv,final_memory[2].kv_cache_declared_bytes,27066236928
03-partial-auto-kv,final_memory[2].num_gpu_blocks,8098
03-partial-auto-kv,final_memory[2].kv_cache_accounting_consistent,True
03-partial-auto-kv,final_memory[3].rank,3
03-partial-auto-kv,final_memory[3].total_gpu_bytes,85017493504
03-partial-auto-kv,final_memory[3].free_gpu_bytes,30274551808
03-partial-auto-kv,final_memory[3].torch_allocated_bytes,48985914880
03-partial-auto-kv,final_memory[3].torch_reserved_bytes,49683628032
03-partial-auto-kv,final_memory[3].torch_peak_allocated_bytes,49586968576
03-partial-auto-kv,final_memory[3].torch_peak_reserved_bytes,49683628032
03-partial-auto-kv,final_memory[3].available_kv_cache_bytes,
03-partial-auto-kv,final_memory[3].model_memory_bytes,21839992832
03-partial-auto-kv,final_memory[3].kv_cache_allocated_bytes,27066236928
03-partial-auto-kv,final_memory[3].kv_cache_declared_bytes,27066236928
03-partial-auto-kv,final_memory[3].num_gpu_blocks,8098
03-partial-auto-kv,final_memory[3].kv_cache_accounting_consistent,True
03-partial-auto-kv,hardware_budget.total_gpu_bytes_by_rank[0],85017493504
03-partial-auto-kv,hardware_budget.total_gpu_bytes_by_rank[1],85017493504
03-partial-auto-kv,hardware_budget.total_gpu_bytes_by_rank[2],85017493504
03-partial-auto-kv,hardware_budget.total_gpu_bytes_by_rank[3],85017493504
03-partial-auto-kv,hardware_budget.requested_gpu_bytes_by_rank[0],51010496102
03-partial-auto-kv,hardware_budget.requested_gpu_bytes_by_rank[1],51010496102
03-partial-auto-kv,hardware_budget.requested_gpu_bytes_by_rank[2],51010496102
03-partial-auto-kv,hardware_budget.requested_gpu_bytes_by_rank[3],51010496102
03-partial-auto-kv,smoke.elapsed_s,20.23094514105469
03-partial-auto-kv,smoke.generated_tokens,8
03-partial-auto-kv,smoke.request_count,1
03-partial-auto-kv,smoke.output_tokens_per_second,0.3954338239870755
03-partial-auto-kv,smoke.latency_available_requests,0
03-partial-auto-kv,smoke.ttft_available_requests,0
03-partial-auto-kv,smoke.ttft_median_s,
03-partial-auto-kv,smoke.request_latency_median_s,
03-partial-auto-kv,smoke.input_sha256,8f63bdbc6e4ba404b90c7517bb32e8ab02871aca0ff010fdcf90ce8de5a5a7be
03-partial-auto-kv,smoke.output_sha256,aca6a96d6190b30731841211aa6dc44913c8f1995ea7500945641e467c508c32
03-partial-auto-kv,repetitions[0].repetition,0
03-partial-auto-kv,repetitions[0].elapsed_s,117.58930793404579
03-partial-auto-kv,repetitions[0].generated_tokens,2048
03-partial-auto-kv,repetitions[0].request_count,32
03-partial-auto-kv,repetitions[0].output_tokens_per_second,17.416549480405944
03-partial-auto-kv,repetitions[0].latency_available_requests,0
03-partial-auto-kv,repetitions[0].ttft_available_requests,0
03-partial-auto-kv,repetitions[0].ttft_median_s,
03-partial-auto-kv,repetitions[0].request_latency_median_s,
03-partial-auto-kv,repetitions[0].output_sha256,79f8a416f8c8c9ba007e9b23b4b0fca69366b83a01177d4c77f2db39ef7da051
03-partial-auto-kv,repetitions[0].timing_available,True
03-partial-auto-kv,repetitions[0].diagnostics.h2d_bytes,1372160262144
03-partial-auto-kv,repetitions[0].diagnostics.copy_launches,30624
03-partial-auto-kv,repetitions[0].diagnostics.startup_resident_h2d_bytes,0
03-partial-auto-kv,repetitions[0].diagnostics.promotion_d2d_bytes,1667235840
03-partial-auto-kv,repetitions[0].diagnostics.metadata_h2d_bytes,31465760
03-partial-auto-kv,repetitions[0].diagnostics.unique_demands,3263852
03-partial-auto-kv,repetitions[0].diagnostics.resident_hits,2348836
03-partial-auto-kv,repetitions[0].diagnostics.timing.route_d2h_s,42.01847385941073
03-partial-auto-kv,repetitions[0].diagnostics.timing.policy_cpu_s,5.828760189004242
03-partial-auto-kv,repetitions[0].diagnostics.timing.host_reuse_wait_s,0.0996785000897944
03-partial-auto-kv,repetitions[0].diagnostics.timing.host_gather_s,310.6747710183263
03-partial-auto-kv,repetitions[0].diagnostics.timing.h2d_enqueue_s,1.5014801798388362
03-partial-auto-kv,repetitions[0].diagnostics.timing.compute_enqueue_s,9.979674746282399
03-partial-auto-kv,repetitions[0].diagnostics.timing.cuda_sample_count,496
03-partial-auto-kv,repetitions[0].diagnostics.timing.load_cuda_s,0.8444460526797921
03-partial-auto-kv,repetitions[0].diagnostics.timing.compute_cuda_s,0.1492013757824898
03-partial-auto-kv,repetitions[0].diagnostics.timing.promotion_cuda_s,0.0024831040110439065
03-partial-auto-kv,repetitions[0].diagnostics.policy.observations,15360
03-partial-auto-kv,repetitions[0].diagnostics.policy.unique_demands,3263852
03-partial-auto-kv,repetitions[0].diagnostics.policy.completed_forwards,320
03-partial-auto-kv,repetitions[0].diagnostics.policy.decay_events,4
03-partial-auto-kv,repetitions[0].diagnostics.policy.cache_hits,42620
03-partial-auto-kv,repetitions[0].diagnostics.policy.cache_misses,872396
03-partial-auto-kv,repetitions[0].diagnostics.policy.admissions,1060
03-partial-auto-kv,repetitions[0].diagnostics.policy.evictions,1060
03-partial-auto-kv,repetitions[0].diagnostics.policy.cache_bypasses,871336
03-partial-auto-kv,repetitions[0].diagnostics.policy.reconfigurations,0
03-partial-auto-kv,repetitions[0].diagnostics.policy.cache_hit_ratio,0.046578420486636296
03-partial-auto-kv,repetitions[0].diagnostics.per_rank[0].h2d_bytes,343040065536
03-partial-auto-kv,repetitions[0].diagnostics.per_rank[0].copy_launches,7656
03-partial-auto-kv,repetitions[0].diagnostics.per_rank[0].startup_resident_h2d_bytes,0
03-partial-auto-kv,repetitions[0].diagnostics.per_rank[0].promotion_d2d_bytes,416808960
03-partial-auto-kv,repetitions[0].diagnostics.per_rank[0].metadata_h2d_bytes,7866440
03-partial-auto-kv,repetitions[0].diagnostics.per_rank[0].unique_demands,815963
03-partial-auto-kv,repetitions[0].diagnostics.per_rank[0].resident_hits,587209
03-partial-auto-kv,repetitions[0].diagnostics.per_rank[0].timing.route_d2h_s,8.566066913306713
03-partial-auto-kv,repetitions[0].diagnostics.per_rank[0].timing.policy_cpu_s,1.558783849235624
03-partial-auto-kv,repetitions[0].diagnostics.per_rank[0].timing.host_reuse_wait_s,0.02542046131566167
03-partial-auto-kv,repetitions[0].diagnostics.per_rank[0].timing.host_gather_s,80.1332723768428
03-partial-auto-kv,repetitions[0].diagnostics.per_rank[0].timing.h2d_enqueue_s,0.38467802107334137
03-partial-auto-kv,repetitions[0].diagnostics.per_rank[0].timing.compute_enqueue_s,2.569735643453896
03-partial-auto-kv,repetitions[0].diagnostics.per_rank[0].timing.cuda_sample_count,124
03-partial-auto-kv,repetitions[0].diagnostics.per_rank[0].timing.load_cuda_s,0.20754265635088082
03-partial-auto-kv,repetitions[0].diagnostics.per_rank[0].timing.compute_cuda_s,0.03787894401699306
03-partial-auto-kv,repetitions[0].diagnostics.per_rank[0].timing.promotion_cuda_s,0.0006469439940992742
03-partial-auto-kv,repetitions[0].diagnostics.per_rank[0].policy.observations,3840
03-partial-auto-kv,repetitions[0].diagnostics.per_rank[0].policy.unique_demands,815963
03-partial-auto-kv,repetitions[0].diagnostics.per_rank[0].policy.completed_forwards,80
03-partial-auto-kv,repetitions[0].diagnostics.per_rank[0].policy.decay_events,1
03-partial-auto-kv,repetitions[0].diagnostics.per_rank[0].policy.cache_hits,10655
03-partial-auto-kv,repetitions[0].diagnostics.per_rank[0].policy.cache_misses,218099
03-partial-auto-kv,repetitions[0].diagnostics.per_rank[0].policy.admissions,265
03-partial-auto-kv,repetitions[0].diagnostics.per_rank[0].policy.evictions,265
03-partial-auto-kv,repetitions[0].diagnostics.per_rank[0].policy.cache_bypasses,217834
03-partial-auto-kv,repetitions[0].diagnostics.per_rank[0].policy.reconfigurations,0
03-partial-auto-kv,repetitions[0].diagnostics.per_rank[0].policy.cache_hit_ratio,0.046578420486636296
03-partial-auto-kv,repetitions[0].diagnostics.per_rank[0].rank,0
03-partial-auto-kv,repetitions[0].diagnostics.per_rank[0].forward_counts[0],80
03-partial-auto-kv,repetitions[0].diagnostics.per_rank[0].forward_counts[1],80
03-partial-auto-kv,repetitions[0].diagnostics.per_rank[0].forward_counts[2],80
03-partial-auto-kv,repetitions[0].diagnostics.per_rank[0].forward_counts[3],80
03-partial-auto-kv,repetitions[0].diagnostics.per_rank[0].forward_counts[4],80
03-partial-auto-kv,repetitions[0].diagnostics.per_rank[0].forward_counts[5],80
03-partial-auto-kv,repetitions[0].diagnostics.per_rank[0].forward_counts[6],80
03-partial-auto-kv,repetitions[0].diagnostics.per_rank[0].forward_counts[7],80
03-partial-auto-kv,repetitions[0].diagnostics.per_rank[0].forward_counts[8],80
03-partial-auto-kv,repetitions[0].diagnostics.per_rank[0].forward_counts[9],80
03-partial-auto-kv,repetitions[0].diagnostics.per_rank[0].forward_counts[10],80
03-partial-auto-kv,repetitions[0].diagnostics.per_rank[0].forward_counts[11],80
03-partial-auto-kv,repetitions[0].diagnostics.per_rank[0].forward_counts[12],80
03-partial-auto-kv,repetitions[0].diagnostics.per_rank[0].forward_counts[13],80
03-partial-auto-kv,repetitions[0].diagnostics.per_rank[0].forward_counts[14],80
03-partial-auto-kv,repetitions[0].diagnostics.per_rank[0].forward_counts[15],80
03-partial-auto-kv,repetitions[0].diagnostics.per_rank[0].forward_counts[16],80
03-partial-auto-kv,repetitions[0].diagnostics.per_rank[0].forward_counts[17],80
03-partial-auto-kv,repetitions[0].diagnostics.per_rank[0].forward_counts[18],80
03-partial-auto-kv,repetitions[0].diagnostics.per_rank[0].forward_counts[19],80
03-partial-auto-kv,repetitions[0].diagnostics.per_rank[0].forward_counts[20],80
03-partial-auto-kv,repetitions[0].diagnostics.per_rank[0].forward_counts[21],80
03-partial-auto-kv,repetitions[0].diagnostics.per_rank[0].forward_counts[22],80
03-partial-auto-kv,repetitions[0].diagnostics.per_rank[0].forward_counts[23],80
03-partial-auto-kv,repetitions[0].diagnostics.per_rank[0].forward_counts[24],80
03-partial-auto-kv,repetitions[0].diagnostics.per_rank[0].forward_counts[25],80
03-partial-auto-kv,repetitions[0].diagnostics.per_rank[0].forward_counts[26],80
03-partial-auto-kv,repetitions[0].diagnostics.per_rank[0].forward_counts[27],80
03-partial-auto-kv,repetitions[0].diagnostics.per_rank[0].forward_counts[28],80
03-partial-auto-kv,repetitions[0].diagnostics.per_rank[0].forward_counts[29],80
03-partial-auto-kv,repetitions[0].diagnostics.per_rank[0].forward_counts[30],80
03-partial-auto-kv,repetitions[0].diagnostics.per_rank[0].forward_counts[31],80
03-partial-auto-kv,repetitions[0].diagnostics.per_rank[0].forward_counts[32],80
03-partial-auto-kv,repetitions[0].diagnostics.per_rank[0].forward_counts[33],80
03-partial-auto-kv,repetitions[0].diagnostics.per_rank[0].forward_counts[34],80
03-partial-auto-kv,repetitions[0].diagnostics.per_rank[0].forward_counts[35],80
03-partial-auto-kv,repetitions[0].diagnostics.per_rank[0].forward_counts[36],80
03-partial-auto-kv,repetitions[0].diagnostics.per_rank[0].forward_counts[37],80
03-partial-auto-kv,repetitions[0].diagnostics.per_rank[0].forward_counts[38],80
03-partial-auto-kv,repetitions[0].diagnostics.per_rank[0].forward_counts[39],80
03-partial-auto-kv,repetitions[0].diagnostics.per_rank[0].forward_counts[40],80
03-partial-auto-kv,repetitions[0].diagnostics.per_rank[0].forward_counts[41],80
03-partial-auto-kv,repetitions[0].diagnostics.per_rank[0].forward_counts[42],80
03-partial-auto-kv,repetitions[0].diagnostics.per_rank[0].forward_counts[43],80
03-partial-auto-kv,repetitions[0].diagnostics.per_rank[0].forward_counts[44],80
03-partial-auto-kv,repetitions[0].diagnostics.per_rank[0].forward_counts[45],80
03-partial-auto-kv,repetitions[0].diagnostics.per_rank[0].forward_counts[46],80
03-partial-auto-kv,repetitions[0].diagnostics.per_rank[0].forward_counts[47],80
03-partial-auto-kv,repetitions[0].diagnostics.per_rank[0].per_layer_unique_demands[0],20395
03-partial-auto-kv,repetitions[0].diagnostics.per_rank[0].per_layer_unique_demands[1],16372
03-partial-auto-kv,repetitions[0].diagnostics.per_rank[0].per_layer_unique_demands[2],20910
03-partial-auto-kv,repetitions[0].diagnostics.per_rank[0].per_layer_unique_demands[3],15138
03-partial-auto-kv,repetitions[0].diagnostics.per_rank[0].per_layer_unique_demands[4],16450
03-partial-auto-kv,repetitions[0].diagnostics.per_rank[0].per_layer_unique_demands[5],18027
03-partial-auto-kv,repetitions[0].diagnostics.per_rank[0].per_layer_unique_demands[6],19770
03-partial-auto-kv,repetitions[0].diagnostics.per_rank[0].per_layer_unique_demands[7],19538
03-partial-auto-kv,repetitions[0].diagnostics.per_rank[0].per_layer_unique_demands[8],16820
03-partial-auto-kv,repetitions[0].diagnostics.per_rank[0].per_layer_unique_demands[9],15156
03-partial-auto-kv,repetitions[0].diagnostics.per_rank[0].per_layer_unique_demands[10],15042
03-partial-auto-kv,repetitions[0].diagnostics.per_rank[0].per_layer_unique_demands[11],16337
03-partial-auto-kv,repetitions[0].diagnostics.per_rank[0].per_layer_unique_demands[12],13924
03-partial-auto-kv,repetitions[0].diagnostics.per_rank[0].per_layer_unique_demands[13],14890
03-partial-auto-kv,repetitions[0].diagnostics.per_rank[0].per_layer_unique_demands[14],16567
03-partial-auto-kv,repetitions[0].diagnostics.per_rank[0].per_layer_unique_demands[15],17899
03-partial-auto-kv,repetitions[0].diagnostics.per_rank[0].per_layer_unique_demands[16],16215
03-partial-auto-kv,repetitions[0].diagnostics.per_rank[0].per_layer_unique_demands[17],17971
03-partial-auto-kv,repetitions[0].diagnostics.per_rank[0].per_layer_unique_demands[18],19465
03-partial-auto-kv,repetitions[0].diagnostics.per_rank[0].per_layer_unique_demands[19],19600
03-partial-auto-kv,repetitions[0].diagnostics.per_rank[0].per_layer_unique_demands[20],16581
03-partial-auto-kv,repetitions[0].diagnostics.per_rank[0].per_layer_unique_demands[21],14946
03-partial-auto-kv,repetitions[0].diagnostics.per_rank[0].per_layer_unique_demands[22],14997
03-partial-auto-kv,repetitions[0].diagnostics.per_rank[0].per_layer_unique_demands[23],16335
03-partial-auto-kv,repetitions[0].diagnostics.per_rank[0].per_layer_unique_demands[24],14406
03-partial-auto-kv,repetitions[0].diagnostics.per_rank[0].per_layer_unique_demands[25],15117
03-partial-auto-kv,repetitions[0].diagnostics.per_rank[0].per_layer_unique_demands[26],16717
03-partial-auto-kv,repetitions[0].diagnostics.per_rank[0].per_layer_unique_demands[27],18278
03-partial-auto-kv,repetitions[0].diagnostics.per_rank[0].per_layer_unique_demands[28],16760
03-partial-auto-kv,repetitions[0].diagnostics.per_rank[0].per_layer_unique_demands[29],18406
03-partial-auto-kv,repetitions[0].diagnostics.per_rank[0].per_layer_unique_demands[30],19738
03-partial-auto-kv,repetitions[0].diagnostics.per_rank[0].per_layer_unique_demands[31],19862
03-partial-auto-kv,repetitions[0].diagnostics.per_rank[0].per_layer_unique_demands[32],17528
03-partial-auto-kv,repetitions[0].diagnostics.per_rank[0].per_layer_unique_demands[33],16306
03-partial-auto-kv,repetitions[0].diagnostics.per_rank[0].per_layer_unique_demands[34],15922
03-partial-auto-kv,repetitions[0].diagnostics.per_rank[0].per_layer_unique_demands[35],17128
03-partial-auto-kv,repetitions[0].diagnostics.per_rank[0].per_layer_unique_demands[36],15269
03-partial-auto-kv,repetitions[0].diagnostics.per_rank[0].per_layer_unique_demands[37],15697
03-partial-auto-kv,repetitions[0].diagnostics.per_rank[0].per_layer_unique_demands[38],17002
03-partial-auto-kv,repetitions[0].diagnostics.per_rank[0].per_layer_unique_demands[39],18127
03-partial-auto-kv,repetitions[0].diagnostics.per_rank[0].per_layer_unique_demands[40],17634
03-partial-auto-kv,repetitions[0].diagnostics.per_rank[0].per_layer_unique_demands[41],17491
03-partial-auto-kv,repetitions[0].diagnostics.per_rank[0].per_layer_unique_demands[42],17212
03-partial-auto-kv,repetitions[0].diagnostics.per_rank[0].per_layer_unique_demands[43],16307
03-partial-auto-kv,repetitions[0].diagnostics.per_rank[0].per_layer_unique_demands[44],16499
03-partial-auto-kv,repetitions[0].diagnostics.per_rank[0].per_layer_unique_demands[45],16137
03-partial-auto-kv,repetitions[0].diagnostics.per_rank[0].per_layer_unique_demands[46],15837
03-partial-auto-kv,repetitions[0].diagnostics.per_rank[0].per_layer_unique_demands[47],17238
03-partial-auto-kv,repetitions[0].diagnostics.per_rank[0].per_layer_mean_unique_coverage[0],0.4979248046875
03-partial-auto-kv,repetitions[0].diagnostics.per_rank[0].per_layer_mean_unique_coverage[1],0.39970703125
03-partial-auto-kv,repetitions[0].diagnostics.per_rank[0].per_layer_mean_unique_coverage[2],0.510498046875
03-partial-auto-kv,repetitions[0].diagnostics.per_rank[0].per_layer_mean_unique_coverage[3],0.369580078125
03-partial-auto-kv,repetitions[0].diagnostics.per_rank[0].per_layer_mean_unique_coverage[4],0.401611328125
03-partial-auto-kv,repetitions[0].diagnostics.per_rank[0].per_layer_mean_unique_coverage[5],0.4401123046875
03-partial-auto-kv,repetitions[0].diagnostics.per_rank[0].per_layer_mean_unique_coverage[6],0.482666015625
03-partial-auto-kv,repetitions[0].diagnostics.per_rank[0].per_layer_mean_unique_coverage[7],0.477001953125
03-partial-auto-kv,repetitions[0].diagnostics.per_rank[0].per_layer_mean_unique_coverage[8],0.41064453125
03-partial-auto-kv,repetitions[0].diagnostics.per_rank[0].per_layer_mean_unique_coverage[9],0.37001953125
03-partial-auto-kv,repetitions[0].diagnostics.per_rank[0].per_layer_mean_unique_coverage[10],0.367236328125
03-partial-auto-kv,repetitions[0].diagnostics.per_rank[0].per_layer_mean_unique_coverage[11],0.3988525390625
03-partial-auto-kv,repetitions[0].diagnostics.per_rank[0].per_layer_mean_unique_coverage[12],0.33994140625
03-partial-auto-kv,repetitions[0].diagnostics.per_rank[0].per_layer_mean_unique_coverage[13],0.363525390625
03-partial-auto-kv,repetitions[0].diagnostics.per_rank[0].per_layer_mean_unique_coverage[14],0.4044677734375
03-partial-auto-kv,repetitions[0].diagnostics.per_rank[0].per_layer_mean_unique_coverage[15],0.4369873046875
03-partial-auto-kv,repetitions[0].diagnostics.per_rank[0].per_layer_mean_unique_coverage[16],0.3958740234375
03-partial-auto-kv,repetitions[0].diagnostics.per_rank[0].per_layer_mean_unique_coverage[17],0.4387451171875
03-partial-auto-kv,repetitions[0].diagnostics.per_rank[0].per_layer_mean_unique_coverage[18],0.4752197265625
03-partial-auto-kv,repetitions[0].diagnostics.per_rank[0].per_layer_mean_unique_coverage[19],0.478515625
03-partial-auto-kv,repetitions[0].diagnostics.per_rank[0].per_layer_mean_unique_coverage[20],0.4048095703125
03-partial-auto-kv,repetitions[0].diagnostics.per_rank[0].per_layer_mean_unique_coverage[21],0.364892578125
03-partial-auto-kv,repetitions[0].diagnostics.per_rank[0].per_layer_mean_unique_coverage[22],0.3661376953125
03-partial-auto-kv,repetitions[0].diagnostics.per_rank[0].per_layer_mean_unique_coverage[23],0.3988037109375
03-partial-auto-kv,repetitions[0].diagnostics.per_rank[0].per_layer_mean_unique_coverage[24],0.351708984375
03-partial-auto-kv,repetitions[0].diagnostics.per_rank[0].per_layer_mean_unique_coverage[25],0.3690673828125
03-partial-auto-kv,repetitions[0].diagnostics.per_rank[0].per_layer_mean_unique_coverage[26],0.4081298828125
03-partial-auto-kv,repetitions[0].diagnostics.per_rank[0].per_layer_mean_unique_coverage[27],0.446240234375
03-partial-auto-kv,repetitions[0].diagnostics.per_rank[0].per_layer_mean_unique_coverage[28],0.4091796875
03-partial-auto-kv,repetitions[0].diagnostics.per_rank[0].per_layer_mean_unique_coverage[29],0.449365234375
03-partial-auto-kv,repetitions[0].diagnostics.per_rank[0].per_layer_mean_unique_coverage[30],0.481884765625
03-partial-auto-kv,repetitions[0].diagnostics.per_rank[0].per_layer_mean_unique_coverage[31],0.484912109375
03-partial-auto-kv,repetitions[0].diagnostics.per_rank[0].per_layer_mean_unique_coverage[32],0.4279296875
03-partial-auto-kv,repetitions[0].diagnostics.per_rank[0].per_layer_mean_unique_coverage[33],0.398095703125
03-partial-auto-kv,repetitions[0].diagnostics.per_rank[0].per_layer_mean_unique_coverage[34],0.388720703125
03-partial-auto-kv,repetitions[0].diagnostics.per_rank[0].per_layer_mean_unique_coverage[35],0.4181640625
03-partial-auto-kv,repetitions[0].diagnostics.per_rank[0].per_layer_mean_unique_coverage[36],0.3727783203125
03-partial-auto-kv,repetitions[0].diagnostics.per_rank[0].per_layer_mean_unique_coverage[37],0.3832275390625
03-partial-auto-kv,repetitions[0].diagnostics.per_rank[0].per_layer_mean_unique_coverage[38],0.415087890625
03-partial-auto-kv,repetitions[0].diagnostics.per_rank[0].per_layer_mean_unique_coverage[39],0.4425537109375
03-partial-auto-kv,repetitions[0].diagnostics.per_rank[0].per_layer_mean_unique_coverage[40],0.430517578125
03-partial-auto-kv,repetitions[0].diagnostics.per_rank[0].per_layer_mean_unique_coverage[41],0.4270263671875
03-partial-auto-kv,repetitions[0].diagnostics.per_rank[0].per_layer_mean_unique_coverage[42],0.42021484375
03-partial-auto-kv,repetitions[0].diagnostics.per_rank[0].per_layer_mean_unique_coverage[43],0.3981201171875
03-partial-auto-kv,repetitions[0].diagnostics.per_rank[0].per_layer_mean_unique_coverage[44],0.4028076171875
03-partial-auto-kv,repetitions[0].diagnostics.per_rank[0].per_layer_mean_unique_coverage[45],0.3939697265625
03-partial-auto-kv,repetitions[0].diagnostics.per_rank[0].per_layer_mean_unique_coverage[46],0.3866455078125
03-partial-auto-kv,repetitions[0].diagnostics.per_rank[0].per_layer_mean_unique_coverage[47],0.420849609375
03-partial-auto-kv,repetitions[0].diagnostics.per_rank[0].gauge_snapshot.max_unique_per_forward,509
03-partial-auto-kv,repetitions[0].diagnostics.per_rank[0].gauge_snapshot.mean_unique_coverage,0.37642325935782966
03-partial-auto-kv,repetitions[0].diagnostics.per_rank[0].gauge_snapshot.per_layer_max_unique_per_forward[0],500
03-partial-auto-kv,repetitions[0].diagnostics.per_rank[0].gauge_snapshot.per_layer_max_unique_per_forward[1],437
03-partial-auto-kv,repetitions[0].diagnostics.per_rank[0].gauge_snapshot.per_layer_max_unique_per_forward[2],509
03-partial-auto-kv,repetitions[0].diagnostics.per_rank[0].gauge_snapshot.per_layer_max_unique_per_forward[3],432
03-partial-auto-kv,repetitions[0].diagnostics.per_rank[0].gauge_snapshot.per_layer_max_unique_per_forward[4],435
03-partial-auto-kv,repetitions[0].diagnostics.per_rank[0].gauge_snapshot.per_layer_max_unique_per_forward[5],467
03-partial-auto-kv,repetitions[0].diagnostics.per_rank[0].gauge_snapshot.per_layer_max_unique_per_forward[6],500
03-partial-auto-kv,repetitions[0].diagnostics.per_rank[0].gauge_snapshot.per_layer_max_unique_per_forward[7],494
03-partial-auto-kv,repetitions[0].diagnostics.per_rank[0].gauge_snapshot.per_layer_max_unique_per_forward[8],473
03-partial-auto-kv,repetitions[0].diagnostics.per_rank[0].gauge_snapshot.per_layer_max_unique_per_forward[9],418
03-partial-auto-kv,repetitions[0].diagnostics.per_rank[0].gauge_snapshot.per_layer_max_unique_per_forward[10],420
03-partial-auto-kv,repetitions[0].diagnostics.per_rank[0].gauge_snapshot.per_layer_max_unique_per_forward[11],441
03-partial-auto-kv,repetitions[0].diagnostics.per_rank[0].gauge_snapshot.per_layer_max_unique_per_forward[12],410
03-partial-auto-kv,repetitions[0].diagnostics.per_rank[0].gauge_snapshot.per_layer_max_unique_per_forward[13],409
03-partial-auto-kv,repetitions[0].diagnostics.per_rank[0].gauge_snapshot.per_layer_max_unique_per_forward[14],448
03-partial-auto-kv,repetitions[0].diagnostics.per_rank[0].gauge_snapshot.per_layer_max_unique_per_forward[15],477
03-partial-auto-kv,repetitions[0].diagnostics.per_rank[0].gauge_snapshot.per_layer_max_unique_per_forward[16],445
03-partial-auto-kv,repetitions[0].diagnostics.per_rank[0].gauge_snapshot.per_layer_max_unique_per_forward[17],473
03-partial-auto-kv,repetitions[0].diagnostics.per_rank[0].gauge_snapshot.per_layer_max_unique_per_forward[18],500
03-partial-auto-kv,repetitions[0].diagnostics.per_rank[0].gauge_snapshot.per_layer_max_unique_per_forward[19],497
03-partial-auto-kv,repetitions[0].diagnostics.per_rank[0].gauge_snapshot.per_layer_max_unique_per_forward[20],462
03-partial-auto-kv,repetitions[0].diagnostics.per_rank[0].gauge_snapshot.per_layer_max_unique_per_forward[21],422
03-partial-auto-kv,repetitions[0].diagnostics.per_rank[0].gauge_snapshot.per_layer_max_unique_per_forward[22],428
03-partial-auto-kv,repetitions[0].diagnostics.per_rank[0].gauge_snapshot.per_layer_max_unique_per_forward[23],448
03-partial-auto-kv,repetitions[0].diagnostics.per_rank[0].gauge_snapshot.per_layer_max_unique_per_forward[24],409
03-partial-auto-kv,repetitions[0].diagnostics.per_rank[0].gauge_snapshot.per_layer_max_unique_per_forward[25],425
03-partial-auto-kv,repetitions[0].diagnostics.per_rank[0].gauge_snapshot.per_layer_max_unique_per_forward[26],459
03-partial-auto-kv,repetitions[0].diagnostics.per_rank[0].gauge_snapshot.per_layer_max_unique_per_forward[27],485
03-partial-auto-kv,repetitions[0].diagnostics.per_rank[0].gauge_snapshot.per_layer_max_unique_per_forward[28],460
03-partial-auto-kv,repetitions[0].diagnostics.per_rank[0].gauge_snapshot.per_layer_max_unique_per_forward[29],486
03-partial-auto-kv,repetitions[0].diagnostics.per_rank[0].gauge_snapshot.per_layer_max_unique_per_forward[30],499
03-partial-auto-kv,repetitions[0].diagnostics.per_rank[0].gauge_snapshot.per_layer_max_unique_per_forward[31],502
03-partial-auto-kv,repetitions[0].diagnostics.per_rank[0].gauge_snapshot.per_layer_max_unique_per_forward[32],475
03-partial-auto-kv,repetitions[0].diagnostics.per_rank[0].gauge_snapshot.per_layer_max_unique_per_forward[33],450
03-partial-auto-kv,repetitions[0].diagnostics.per_rank[0].gauge_snapshot.per_layer_max_unique_per_forward[34],444
03-partial-auto-kv,repetitions[0].diagnostics.per_rank[0].gauge_snapshot.per_layer_max_unique_per_forward[35],461
03-partial-auto-kv,repetitions[0].diagnostics.per_rank[0].gauge_snapshot.per_layer_max_unique_per_forward[36],434
03-partial-auto-kv,repetitions[0].diagnostics.per_rank[0].gauge_snapshot.per_layer_max_unique_per_forward[37],443
03-partial-auto-kv,repetitions[0].diagnostics.per_rank[0].gauge_snapshot.per_layer_max_unique_per_forward[38],459
03-partial-auto-kv,repetitions[0].diagnostics.per_rank[0].gauge_snapshot.per_layer_max_unique_per_forward[39],474
03-partial-auto-kv,repetitions[0].diagnostics.per_rank[0].gauge_snapshot.per_layer_max_unique_per_forward[40],474
03-partial-auto-kv,repetitions[0].diagnostics.per_rank[0].gauge_snapshot.per_layer_max_unique_per_forward[41],449
03-partial-auto-kv,repetitions[0].diagnostics.per_rank[0].gauge_snapshot.per_layer_max_unique_per_forward[42],448
03-partial-auto-kv,repetitions[0].diagnostics.per_rank[0].gauge_snapshot.per_layer_max_unique_per_forward[43],429
03-partial-auto-kv,repetitions[0].diagnostics.per_rank[0].gauge_snapshot.per_layer_max_unique_per_forward[44],432
03-partial-auto-kv,repetitions[0].diagnostics.per_rank[0].gauge_snapshot.per_layer_max_unique_per_forward[45],426
03-partial-auto-kv,repetitions[0].diagnostics.per_rank[0].gauge_snapshot.per_layer_max_unique_per_forward[46],415
03-partial-auto-kv,repetitions[0].diagnostics.per_rank[0].gauge_snapshot.per_layer_max_unique_per_forward[47],442
03-partial-auto-kv,repetitions[0].diagnostics.per_rank[0].policy_snapshot.resident_experts,12288
03-partial-auto-kv,repetitions[0].diagnostics.per_rank[0].policy_snapshot.cache_slots,256
03-partial-auto-kv,repetitions[0].diagnostics.per_rank[0].policy_snapshot.cache_entries,256
03-partial-auto-kv,repetitions[0].diagnostics.per_rank[0].policy_snapshot.cache_hit_ratio,0.04587109789497083
03-partial-auto-kv,repetitions[0].diagnostics.per_rank[0].kernel_config_records.capacity,64
03-partial-auto-kv,repetitions[0].diagnostics.per_rank[0].kernel_config_records.unrecorded_selections,0
03-partial-auto-kv,repetitions[0].diagnostics.per_rank[0].kernel_config_records.records[0].chunk_tokens,8192
03-partial-auto-kv,repetitions[0].diagnostics.per_rank[0].kernel_config_records.records[0].top_k,10
03-partial-auto-kv,repetitions[0].diagnostics.per_rank[0].kernel_config_records.records[0].selections,816
03-partial-auto-kv,repetitions[0].diagnostics.per_rank[0].kernel_config_records.records[0].w13_shape[0],512
03-partial-auto-kv,repetitions[0].diagnostics.per_rank[0].kernel_config_records.records[0].w13_shape[1],256
03-partial-auto-kv,repetitions[0].diagnostics.per_rank[0].kernel_config_records.records[0].w13_shape[2],2048
03-partial-auto-kv,repetitions[0].diagnostics.per_rank[0].kernel_config_records.records[0].w2_shape[0],512
03-partial-auto-kv,repetitions[0].diagnostics.per_rank[0].kernel_config_records.records[0].w2_shape[1],2048
03-partial-auto-kv,repetitions[0].diagnostics.per_rank[0].kernel_config_records.records[0].w2_shape[2],128
03-partial-auto-kv,repetitions[0].diagnostics.per_rank[0].kernel_config_records.records[0].config.BLOCK_SIZE_K,64
03-partial-auto-kv,repetitions[0].diagnostics.per_rank[0].kernel_config_records.records[0].config.BLOCK_SIZE_M,128
03-partial-auto-kv,repetitions[0].diagnostics.per_rank[0].kernel_config_records.records[0].config.BLOCK_SIZE_N,128
03-partial-auto-kv,repetitions[0].diagnostics.per_rank[0].kernel_config_records.records[0].config.GROUP_SIZE_M,64
03-partial-auto-kv,repetitions[0].diagnostics.per_rank[0].kernel_config_records.records[0].config.num_stages,3
03-partial-auto-kv,repetitions[0].diagnostics.per_rank[0].kernel_config_records.records[0].config.num_warps,8
03-partial-auto-kv,repetitions[0].diagnostics.per_rank[0].kernel_config_records.records[1].chunk_tokens,32
03-partial-auto-kv,repetitions[0].diagnostics.per_rank[0].kernel_config_records.records[1].top_k,10
03-partial-auto-kv,repetitions[0].diagnostics.per_rank[0].kernel_config_records.records[1].selections,2304
03-partial-auto-kv,repetitions[0].diagnostics.per_rank[0].kernel_config_records.records[1].w13_shape[0],512
03-partial-auto-kv,repetitions[0].diagnostics.per_rank[0].kernel_config_records.records[1].w13_shape[1],256
03-partial-auto-kv,repetitions[0].diagnostics.per_rank[0].kernel_config_records.records[1].w13_shape[2],2048
03-partial-auto-kv,repetitions[0].diagnostics.per_rank[0].kernel_config_records.records[1].w2_shape[0],512
03-partial-auto-kv,repetitions[0].diagnostics.per_rank[0].kernel_config_records.records[1].w2_shape[1],2048
03-partial-auto-kv,repetitions[0].diagnostics.per_rank[0].kernel_config_records.records[1].w2_shape[2],128
03-partial-auto-kv,repetitions[0].diagnostics.per_rank[0].kernel_config_records.records[1].config.BLOCK_SIZE_K,64
03-partial-auto-kv,repetitions[0].diagnostics.per_rank[0].kernel_config_records.records[1].config.BLOCK_SIZE_M,16
03-partial-auto-kv,repetitions[0].diagnostics.per_rank[0].kernel_config_records.records[1].config.BLOCK_SIZE_N,128
03-partial-auto-kv,repetitions[0].diagnostics.per_rank[0].kernel_config_records.records[1].config.GROUP_SIZE_M,1
03-partial-auto-kv,repetitions[0].diagnostics.per_rank[0].kernel_config_records.records[1].config.num_stages,3
03-partial-auto-kv,repetitions[0].diagnostics.per_rank[0].kernel_config_records.records[1].config.num_warps,8
03-partial-auto-kv,repetitions[0].diagnostics.per_rank[0].kernel_config_records.records[2].chunk_tokens,4096
03-partial-auto-kv,repetitions[0].diagnostics.per_rank[0].kernel_config_records.records[2].top_k,10
03-partial-auto-kv,repetitions[0].diagnostics.per_rank[0].kernel_config_records.records[2].selections,96
03-partial-auto-kv,repetitions[0].diagnostics.per_rank[0].kernel_config_records.records[2].w13_shape[0],512
03-partial-auto-kv,repetitions[0].diagnostics.per_rank[0].kernel_config_records.records[2].w13_shape[1],256
03-partial-auto-kv,repetitions[0].diagnostics.per_rank[0].kernel_config_records.records[2].w13_shape[2],2048
03-partial-auto-kv,repetitions[0].diagnostics.per_rank[0].kernel_config_records.records[2].w2_shape[0],512
03-partial-auto-kv,repetitions[0].diagnostics.per_rank[0].kernel_config_records.records[2].w2_shape[1],2048
03-partial-auto-kv,repetitions[0].diagnostics.per_rank[0].kernel_config_records.records[2].w2_shape[2],128
03-partial-auto-kv,repetitions[0].diagnostics.per_rank[0].kernel_config_records.records[2].config.BLOCK_SIZE_K,64
03-partial-auto-kv,repetitions[0].diagnostics.per_rank[0].kernel_config_records.records[2].config.BLOCK_SIZE_M,128
03-partial-auto-kv,repetitions[0].diagnostics.per_rank[0].kernel_config_records.records[2].config.BLOCK_SIZE_N,128
03-partial-auto-kv,repetitions[0].diagnostics.per_rank[0].kernel_config_records.records[2].config.GROUP_SIZE_M,64
03-partial-auto-kv,repetitions[0].diagnostics.per_rank[0].kernel_config_records.records[2].config.num_stages,3
03-partial-auto-kv,repetitions[0].diagnostics.per_rank[0].kernel_config_records.records[2].config.num_warps,8
03-partial-auto-kv,repetitions[0].diagnostics.per_rank[0].kernel_config_records.records[3].chunk_tokens,1
03-partial-auto-kv,repetitions[0].diagnostics.per_rank[0].kernel_config_records.records[3].top_k,10
03-partial-auto-kv,repetitions[0].diagnostics.per_rank[0].kernel_config_records.records[3].selections,336
03-partial-auto-kv,repetitions[0].diagnostics.per_rank[0].kernel_config_records.records[3].w13_shape[0],512
03-partial-auto-kv,repetitions[0].diagnostics.per_rank[0].kernel_config_records.records[3].w13_shape[1],256
03-partial-auto-kv,repetitions[0].diagnostics.per_rank[0].kernel_config_records.records[3].w13_shape[2],2048
03-partial-auto-kv,repetitions[0].diagnostics.per_rank[0].kernel_config_records.records[3].w2_shape[0],512
03-partial-auto-kv,repetitions[0].diagnostics.per_rank[0].kernel_config_records.records[3].w2_shape[1],2048
03-partial-auto-kv,repetitions[0].diagnostics.per_rank[0].kernel_config_records.records[3].w2_shape[2],128
03-partial-auto-kv,repetitions[0].diagnostics.per_rank[0].kernel_config_records.records[3].config.BLOCK_SIZE_K,64
03-partial-auto-kv,repetitions[0].diagnostics.per_rank[0].kernel_config_records.records[3].config.BLOCK_SIZE_M,16
03-partial-auto-kv,repetitions[0].diagnostics.per_rank[0].kernel_config_records.records[3].config.BLOCK_SIZE_N,32
03-partial-auto-kv,repetitions[0].diagnostics.per_rank[0].kernel_config_records.records[3].config.GROUP_SIZE_M,1
03-partial-auto-kv,repetitions[0].diagnostics.per_rank[0].kernel_config_records.records[3].config.num_stages,4
03-partial-auto-kv,repetitions[0].diagnostics.per_rank[0].kernel_config_records.records[3].config.num_warps,4
03-partial-auto-kv,repetitions[0].diagnostics.per_rank[0].kernel_config_records.records[4].chunk_tokens,4337
03-partial-auto-kv,repetitions[0].diagnostics.per_rank[0].kernel_config_records.records[4].top_k,10
03-partial-auto-kv,repetitions[0].diagnostics.per_rank[0].kernel_config_records.records[4].selections,48
03-partial-auto-kv,repetitions[0].diagnostics.per_rank[0].kernel_config_records.records[4].w13_shape[0],512
03-partial-auto-kv,repetitions[0].diagnostics.per_rank[0].kernel_config_records.records[4].w13_shape[1],256
03-partial-auto-kv,repetitions[0].diagnostics.per_rank[0].kernel_config_records.records[4].w13_shape[2],2048
03-partial-auto-kv,repetitions[0].diagnostics.per_rank[0].kernel_config_records.records[4].w2_shape[0],512
03-partial-auto-kv,repetitions[0].diagnostics.per_rank[0].kernel_config_records.records[4].w2_shape[1],2048
03-partial-auto-kv,repetitions[0].diagnostics.per_rank[0].kernel_config_records.records[4].w2_shape[2],128
03-partial-auto-kv,repetitions[0].diagnostics.per_rank[0].kernel_config_records.records[4].config.BLOCK_SIZE_K,64
03-partial-auto-kv,repetitions[0].diagnostics.per_rank[0].kernel_config_records.records[4].config.BLOCK_SIZE_M,128
03-partial-auto-kv,repetitions[0].diagnostics.per_rank[0].kernel_config_records.records[4].config.BLOCK_SIZE_N,128
03-partial-auto-kv,repetitions[0].diagnostics.per_rank[0].kernel_config_records.records[4].config.GROUP_SIZE_M,64
03-partial-auto-kv,repetitions[0].diagnostics.per_rank[0].kernel_config_records.records[4].config.num_stages,3
03-partial-auto-kv,repetitions[0].diagnostics.per_rank[0].kernel_config_records.records[4].config.num_warps,8
03-partial-auto-kv,repetitions[0].diagnostics.per_rank[0].kernel_config_records.records[5].chunk_tokens,31
03-partial-auto-kv,repetitions[0].diagnostics.per_rank[0].kernel_config_records.records[5].top_k,10
03-partial-auto-kv,repetitions[0].diagnostics.per_rank[0].kernel_config_records.records[5].selections,48
03-partial-auto-kv,repetitions[0].diagnostics.per_rank[0].kernel_config_records.records[5].w13_shape[0],512
03-partial-auto-kv,repetitions[0].diagnostics.per_rank[0].kernel_config_records.records[5].w13_shape[1],256
03-partial-auto-kv,repetitions[0].diagnostics.per_rank[0].kernel_config_records.records[5].w13_shape[2],2048
03-partial-auto-kv,repetitions[0].diagnostics.per_rank[0].kernel_config_records.records[5].w2_shape[0],512
03-partial-auto-kv,repetitions[0].diagnostics.per_rank[0].kernel_config_records.records[5].w2_shape[1],2048
03-partial-auto-kv,repetitions[0].diagnostics.per_rank[0].kernel_config_records.records[5].w2_shape[2],128
03-partial-auto-kv,repetitions[0].diagnostics.per_rank[0].kernel_config_records.records[5].config.BLOCK_SIZE_K,64
03-partial-auto-kv,repetitions[0].diagnostics.per_rank[0].kernel_config_records.records[5].config.BLOCK_SIZE_M,16
03-partial-auto-kv,repetitions[0].diagnostics.per_rank[0].kernel_config_records.records[5].config.BLOCK_SIZE_N,128
03-partial-auto-kv,repetitions[0].diagnostics.per_rank[0].kernel_config_records.records[5].config.GROUP_SIZE_M,1
03-partial-auto-kv,repetitions[0].diagnostics.per_rank[0].kernel_config_records.records[5].config.num_stages,3
03-partial-auto-kv,repetitions[0].diagnostics.per_rank[0].kernel_config_records.records[5].config.num_warps,8
03-partial-auto-kv,repetitions[0].diagnostics.per_rank[0].kernel_config_records.records[6].chunk_tokens,30
03-partial-auto-kv,repetitions[0].diagnostics.per_rank[0].kernel_config_records.records[6].top_k,10
03-partial-auto-kv,repetitions[0].diagnostics.per_rank[0].kernel_config_records.records[6].selections,48
03-partial-auto-kv,repetitions[0].diagnostics.per_rank[0].kernel_config_records.records[6].w13_shape[0],512
03-partial-auto-kv,repetitions[0].diagnostics.per_rank[0].kernel_config_records.records[6].w13_shape[1],256
03-partial-auto-kv,repetitions[0].diagnostics.per_rank[0].kernel_config_records.records[6].w13_shape[2],2048
03-partial-auto-kv,repetitions[0].diagnostics.per_rank[0].kernel_config_records.records[6].w2_shape[0],512
03-partial-auto-kv,repetitions[0].diagnostics.per_rank[0].kernel_config_records.records[6].w2_shape[1],2048
03-partial-auto-kv,repetitions[0].diagnostics.per_rank[0].kernel_config_records.records[6].w2_shape[2],128
03-partial-auto-kv,repetitions[0].diagnostics.per_rank[0].kernel_config_records.records[6].config.BLOCK_SIZE_K,64
03-partial-auto-kv,repetitions[0].diagnostics.per_rank[0].kernel_config_records.records[6].config.BLOCK_SIZE_M,16
03-partial-auto-kv,repetitions[0].diagnostics.per_rank[0].kernel_config_records.records[6].config.BLOCK_SIZE_N,128
03-partial-auto-kv,repetitions[0].diagnostics.per_rank[0].kernel_config_records.records[6].config.GROUP_SIZE_M,1
03-partial-auto-kv,repetitions[0].diagnostics.per_rank[0].kernel_config_records.records[6].config.num_stages,3
03-partial-auto-kv,repetitions[0].diagnostics.per_rank[0].kernel_config_records.records[6].config.num_warps,8
03-partial-auto-kv,repetitions[0].diagnostics.per_rank[0].kernel_config_records.records[7].chunk_tokens,28
03-partial-auto-kv,repetitions[0].diagnostics.per_rank[0].kernel_config_records.records[7].top_k,10
03-partial-auto-kv,repetitions[0].diagnostics.per_rank[0].kernel_config_records.records[7].selections,48
03-partial-auto-kv,repetitions[0].diagnostics.per_rank[0].kernel_config_records.records[7].w13_shape[0],512
03-partial-auto-kv,repetitions[0].diagnostics.per_rank[0].kernel_config_records.records[7].w13_shape[1],256
03-partial-auto-kv,repetitions[0].diagnostics.per_rank[0].kernel_config_records.records[7].w13_shape[2],2048
03-partial-auto-kv,repetitions[0].diagnostics.per_rank[0].kernel_config_records.records[7].w2_shape[0],512
03-partial-auto-kv,repetitions[0].diagnostics.per_rank[0].kernel_config_records.records[7].w2_shape[1],2048
03-partial-auto-kv,repetitions[0].diagnostics.per_rank[0].kernel_config_records.records[7].w2_shape[2],128
03-partial-auto-kv,repetitions[0].diagnostics.per_rank[0].kernel_config_records.records[7].config.BLOCK_SIZE_K,64
03-partial-auto-kv,repetitions[0].diagnostics.per_rank[0].kernel_config_records.records[7].config.BLOCK_SIZE_M,32
03-partial-auto-kv,repetitions[0].diagnostics.per_rank[0].kernel_config_records.records[7].config.BLOCK_SIZE_N,128
03-partial-auto-kv,repetitions[0].diagnostics.per_rank[0].kernel_config_records.records[7].config.GROUP_SIZE_M,1
03-partial-auto-kv,repetitions[0].diagnostics.per_rank[0].kernel_config_records.records[7].config.num_stages,3
03-partial-auto-kv,repetitions[0].diagnostics.per_rank[0].kernel_config_records.records[7].config.num_warps,4
03-partial-auto-kv,repetitions[0].diagnostics.per_rank[0].kernel_config_records.records[8].chunk_tokens,26
03-partial-auto-kv,repetitions[0].diagnostics.per_rank[0].kernel_config_records.records[8].top_k,10
03-partial-auto-kv,repetitions[0].diagnostics.per_rank[0].kernel_config_records.records[8].selections,48
03-partial-auto-kv,repetitions[0].diagnostics.per_rank[0].kernel_config_records.records[8].w13_shape[0],512
03-partial-auto-kv,repetitions[0].diagnostics.per_rank[0].kernel_config_records.records[8].w13_shape[1],256
03-partial-auto-kv,repetitions[0].diagnostics.per_rank[0].kernel_config_records.records[8].w13_shape[2],2048
03-partial-auto-kv,repetitions[0].diagnostics.per_rank[0].kernel_config_records.records[8].w2_shape[0],512
03-partial-auto-kv,repetitions[0].diagnostics.per_rank[0].kernel_config_records.records[8].w2_shape[1],2048
03-partial-auto-kv,repetitions[0].diagnostics.per_rank[0].kernel_config_records.records[8].w2_shape[2],128
03-partial-auto-kv,repetitions[0].diagnostics.per_rank[0].kernel_config_records.records[8].config.BLOCK_SIZE_K,64
03-partial-auto-kv,repetitions[0].diagnostics.per_rank[0].kernel_config_records.records[8].config.BLOCK_SIZE_M,32
03-partial-auto-kv,repetitions[0].diagnostics.per_rank[0].kernel_config_records.records[8].config.BLOCK_SIZE_N,128
03-partial-auto-kv,repetitions[0].diagnostics.per_rank[0].kernel_config_records.records[8].config.GROUP_SIZE_M,1
03-partial-auto-kv,repetitions[0].diagnostics.per_rank[0].kernel_config_records.records[8].config.num_stages,3
03-partial-auto-kv,repetitions[0].diagnostics.per_rank[0].kernel_config_records.records[8].config.num_warps,4
03-partial-auto-kv,repetitions[0].diagnostics.per_rank[0].kernel_config_records.records[9].chunk_tokens,24
03-partial-auto-kv,repetitions[0].diagnostics.per_rank[0].kernel_config_records.records[9].top_k,10
03-partial-auto-kv,repetitions[0].diagnostics.per_rank[0].kernel_config_records.records[9].selections,48
03-partial-auto-kv,repetitions[0].diagnostics.per_rank[0].kernel_config_records.records[9].w13_shape[0],512
03-partial-auto-kv,repetitions[0].diagnostics.per_rank[0].kernel_config_records.records[9].w13_shape[1],256
03-partial-auto-kv,repetitions[0].diagnostics.per_rank[0].kernel_config_records.records[9].w13_shape[2],2048
03-partial-auto-kv,repetitions[0].diagnostics.per_rank[0].kernel_config_records.records[9].w2_shape[0],512
03-partial-auto-kv,repetitions[0].diagnostics.per_rank[0].kernel_config_records.records[9].w2_shape[1],2048
03-partial-auto-kv,repetitions[0].diagnostics.per_rank[0].kernel_config_records.records[9].w2_shape[2],128
03-partial-auto-kv,repetitions[0].diagnostics.per_rank[0].kernel_config_records.records[9].config.BLOCK_SIZE_K,64
03-partial-auto-kv,repetitions[0].diagnostics.per_rank[0].kernel_config_records.records[9].config.BLOCK_SIZE_M,32
03-partial-auto-kv,repetitions[0].diagnostics.per_rank[0].kernel_config_records.records[9].config.BLOCK_SIZE_N,128
03-partial-auto-kv,repetitions[0].diagnostics.per_rank[0].kernel_config_records.records[9].config.GROUP_SIZE_M,1
03-partial-auto-kv,repetitions[0].diagnostics.per_rank[0].kernel_config_records.records[9].config.num_stages,3
03-partial-auto-kv,repetitions[0].diagnostics.per_rank[0].kernel_config_records.records[9].config.num_warps,4
03-partial-auto-kv,repetitions[0].diagnostics.per_rank[0].kernel_config_records.records[10].chunk_tokens,22
03-partial-auto-kv,repetitions[0].diagnostics.per_rank[0].kernel_config_records.records[10].top_k,10
03-partial-auto-kv,repetitions[0].diagnostics.per_rank[0].kernel_config_records.records[10].selections,48
03-partial-auto-kv,repetitions[0].diagnostics.per_rank[0].kernel_config_records.records[10].w13_shape[0],512
03-partial-auto-kv,repetitions[0].diagnostics.per_rank[0].kernel_config_records.records[10].w13_shape[1],256
03-partial-auto-kv,repetitions[0].diagnostics.per_rank[0].kernel_config_records.records[10].w13_shape[2],2048
03-partial-auto-kv,repetitions[0].diagnostics.per_rank[0].kernel_config_records.records[10].w2_shape[0],512
03-partial-auto-kv,repetitions[0].diagnostics.per_rank[0].kernel_config_records.records[10].w2_shape[1],2048
03-partial-auto-kv,repetitions[0].diagnostics.per_rank[0].kernel_config_records.records[10].w2_shape[2],128
03-partial-auto-kv,repetitions[0].diagnostics.per_rank[0].kernel_config_records.records[10].config.BLOCK_SIZE_K,64
03-partial-auto-kv,repetitions[0].diagnostics.per_rank[0].kernel_config_records.records[10].config.BLOCK_SIZE_M,32
03-partial-auto-kv,repetitions[0].diagnostics.per_rank[0].kernel_config_records.records[10].config.BLOCK_SIZE_N,128
03-partial-auto-kv,repetitions[0].diagnostics.per_rank[0].kernel_config_records.records[10].config.GROUP_SIZE_M,1
03-partial-auto-kv,repetitions[0].diagnostics.per_rank[0].kernel_config_records.records[10].config.num_stages,3
03-partial-auto-kv,repetitions[0].diagnostics.per_rank[0].kernel_config_records.records[10].config.num_warps,4
03-partial-auto-kv,repetitions[0].diagnostics.per_rank[0].kernel_config_records.records[11].chunk_tokens,20
03-partial-auto-kv,repetitions[0].diagnostics.per_rank[0].kernel_config_records.records[11].top_k,10
03-partial-auto-kv,repetitions[0].diagnostics.per_rank[0].kernel_config_records.records[11].selections,48
03-partial-auto-kv,repetitions[0].diagnostics.per_rank[0].kernel_config_records.records[11].w13_shape[0],512
03-partial-auto-kv,repetitions[0].diagnostics.per_rank[0].kernel_config_records.records[11].w13_shape[1],256
03-partial-auto-kv,repetitions[0].diagnostics.per_rank[0].kernel_config_records.records[11].w13_shape[2],2048
03-partial-auto-kv,repetitions[0].diagnostics.per_rank[0].kernel_config_records.records[11].w2_shape[0],512
03-partial-auto-kv,repetitions[0].diagnostics.per_rank[0].kernel_config_records.records[11].w2_shape[1],2048
03-partial-auto-kv,repetitions[0].diagnostics.per_rank[0].kernel_config_records.records[11].w2_shape[2],128
03-partial-auto-kv,repetitions[0].diagnostics.per_rank[0].kernel_config_records.records[11].config.BLOCK_SIZE_K,64
03-partial-auto-kv,repetitions[0].diagnostics.per_rank[0].kernel_config_records.records[11].config.BLOCK_SIZE_M,16
03-partial-auto-kv,repetitions[0].diagnostics.per_rank[0].kernel_config_records.records[11].config.BLOCK_SIZE_N,128
03-partial-auto-kv,repetitions[0].diagnostics.per_rank[0].kernel_config_records.records[11].config.GROUP_SIZE_M,1
03-partial-auto-kv,repetitions[0].diagnostics.per_rank[0].kernel_config_records.records[11].config.num_stages,3
03-partial-auto-kv,repetitions[0].diagnostics.per_rank[0].kernel_config_records.records[11].config.num_warps,4
03-partial-auto-kv,repetitions[0].diagnostics.per_rank[0].kernel_config_records.records[12].chunk_tokens,18
03-partial-auto-kv,repetitions[0].diagnostics.per_rank[0].kernel_config_records.records[12].top_k,10
03-partial-auto-kv,repetitions[0].diagnostics.per_rank[0].kernel_config_records.records[12].selections,48
03-partial-auto-kv,repetitions[0].diagnostics.per_rank[0].kernel_config_records.records[12].w13_shape[0],512
03-partial-auto-kv,repetitions[0].diagnostics.per_rank[0].kernel_config_records.records[12].w13_shape[1],256
03-partial-auto-kv,repetitions[0].diagnostics.per_rank[0].kernel_config_records.records[12].w13_shape[2],2048
03-partial-auto-kv,repetitions[0].diagnostics.per_rank[0].kernel_config_records.records[12].w2_shape[0],512
03-partial-auto-kv,repetitions[0].diagnostics.per_rank[0].kernel_config_records.records[12].w2_shape[1],2048
03-partial-auto-kv,repetitions[0].diagnostics.per_rank[0].kernel_config_records.records[12].w2_shape[2],128
03-partial-auto-kv,repetitions[0].diagnostics.per_rank[0].kernel_config_records.records[12].config.BLOCK_SIZE_K,64
03-partial-auto-kv,repetitions[0].diagnostics.per_rank[0].kernel_config_records.records[12].config.BLOCK_SIZE_M,16
03-partial-auto-kv,repetitions[0].diagnostics.per_rank[0].kernel_config_records.records[12].config.BLOCK_SIZE_N,128
03-partial-auto-kv,repetitions[0].diagnostics.per_rank[0].kernel_config_records.records[12].config.GROUP_SIZE_M,1
03-partial-auto-kv,repetitions[0].diagnostics.per_rank[0].kernel_config_records.records[12].config.num_stages,3
03-partial-auto-kv,repetitions[0].diagnostics.per_rank[0].kernel_config_records.records[12].config.num_warps,4
03-partial-auto-kv,repetitions[0].diagnostics.per_rank[0].kernel_config_records.records[13].chunk_tokens,16
03-partial-auto-kv,repetitions[0].diagnostics.per_rank[0].kernel_config_records.records[13].top_k,10
03-partial-auto-kv,repetitions[0].diagnostics.per_rank[0].kernel_config_records.records[13].selections,48
03-partial-auto-kv,repetitions[0].diagnostics.per_rank[0].kernel_config_records.records[13].w13_shape[0],512
03-partial-auto-kv,repetitions[0].diagnostics.per_rank[0].kernel_config_records.records[13].w13_shape[1],256
03-partial-auto-kv,repetitions[0].diagnostics.per_rank[0].kernel_config_records.records[13].w13_shape[2],2048
03-partial-auto-kv,repetitions[0].diagnostics.per_rank[0].kernel_config_records.records[13].w2_shape[0],512
03-partial-auto-kv,repetitions[0].diagnostics.per_rank[0].kernel_config_records.records[13].w2_shape[1],2048
03-partial-auto-kv,repetitions[0].diagnostics.per_rank[0].kernel_config_records.records[13].w2_shape[2],128
03-partial-auto-kv,repetitions[0].diagnostics.per_rank[0].kernel_config_records.records[13].config.BLOCK_SIZE_K,64
03-partial-auto-kv,repetitions[0].diagnostics.per_rank[0].kernel_config_records.records[13].config.BLOCK_SIZE_M,16
03-partial-auto-kv,repetitions[0].diagnostics.per_rank[0].kernel_config_records.records[13].config.BLOCK_SIZE_N,128
03-partial-auto-kv,repetitions[0].diagnostics.per_rank[0].kernel_config_records.records[13].config.GROUP_SIZE_M,1
03-partial-auto-kv,repetitions[0].diagnostics.per_rank[0].kernel_config_records.records[13].config.num_stages,3
03-partial-auto-kv,repetitions[0].diagnostics.per_rank[0].kernel_config_records.records[13].config.num_warps,4
03-partial-auto-kv,repetitions[0].diagnostics.per_rank[0].kernel_config_records.records[14].chunk_tokens,14
03-partial-auto-kv,repetitions[0].diagnostics.per_rank[0].kernel_config_records.records[14].top_k,10
03-partial-auto-kv,repetitions[0].diagnostics.per_rank[0].kernel_config_records.records[14].selections,48
03-partial-auto-kv,repetitions[0].diagnostics.per_rank[0].kernel_config_records.records[14].w13_shape[0],512
03-partial-auto-kv,repetitions[0].diagnostics.per_rank[0].kernel_config_records.records[14].w13_shape[1],256
03-partial-auto-kv,repetitions[0].diagnostics.per_rank[0].kernel_config_records.records[14].w13_shape[2],2048
03-partial-auto-kv,repetitions[0].diagnostics.per_rank[0].kernel_config_records.records[14].w2_shape[0],512
03-partial-auto-kv,repetitions[0].diagnostics.per_rank[0].kernel_config_records.records[14].w2_shape[1],2048
03-partial-auto-kv,repetitions[0].diagnostics.per_rank[0].kernel_config_records.records[14].w2_shape[2],128
03-partial-auto-kv,repetitions[0].diagnostics.per_rank[0].kernel_config_records.records[14].config.BLOCK_SIZE_K,64
03-partial-auto-kv,repetitions[0].diagnostics.per_rank[0].kernel_config_records.records[14].config.BLOCK_SIZE_M,16
03-partial-auto-kv,repetitions[0].diagnostics.per_rank[0].kernel_config_records.records[14].config.BLOCK_SIZE_N,128
03-partial-auto-kv,repetitions[0].diagnostics.per_rank[0].kernel_config_records.records[14].config.GROUP_SIZE_M,1
03-partial-auto-kv,repetitions[0].diagnostics.per_rank[0].kernel_config_records.records[14].config.num_stages,3
03-partial-auto-kv,repetitions[0].diagnostics.per_rank[0].kernel_config_records.records[14].config.num_warps,4
03-partial-auto-kv,repetitions[0].diagnostics.per_rank[0].kernel_config_records.records[15].chunk_tokens,12
03-partial-auto-kv,repetitions[0].diagnostics.per_rank[0].kernel_config_records.records[15].top_k,10
03-partial-auto-kv,repetitions[0].diagnostics.per_rank[0].kernel_config_records.records[15].selections,48
03-partial-auto-kv,repetitions[0].diagnostics.per_rank[0].kernel_config_records.records[15].w13_shape[0],512
03-partial-auto-kv,repetitions[0].diagnostics.per_rank[0].kernel_config_records.records[15].w13_shape[1],256
03-partial-auto-kv,repetitions[0].diagnostics.per_rank[0].kernel_config_records.records[15].w13_shape[2],2048
03-partial-auto-kv,repetitions[0].diagnostics.per_rank[0].kernel_config_records.records[15].w2_shape[0],512
03-partial-auto-kv,repetitions[0].diagnostics.per_rank[0].kernel_config_records.records[15].w2_shape[1],2048
03-partial-auto-kv,repetitions[0].diagnostics.per_rank[0].kernel_config_records.records[15].w2_shape[2],128
03-partial-auto-kv,repetitions[0].diagnostics.per_rank[0].kernel_config_records.records[15].config.BLOCK_SIZE_K,64
03-partial-auto-kv,repetitions[0].diagnostics.per_rank[0].kernel_config_records.records[15].config.BLOCK_SIZE_M,16
03-partial-auto-kv,repetitions[0].diagnostics.per_rank[0].kernel_config_records.records[15].config.BLOCK_SIZE_N,128
03-partial-auto-kv,repetitions[0].diagnostics.per_rank[0].kernel_config_records.records[15].config.GROUP_SIZE_M,1
03-partial-auto-kv,repetitions[0].diagnostics.per_rank[0].kernel_config_records.records[15].config.num_stages,3
03-partial-auto-kv,repetitions[0].diagnostics.per_rank[0].kernel_config_records.records[15].config.num_warps,4
03-partial-auto-kv,repetitions[0].diagnostics.per_rank[0].kernel_config_records.records[16].chunk_tokens,10
03-partial-auto-kv,repetitions[0].diagnostics.per_rank[0].kernel_config_records.records[16].top_k,10
03-partial-auto-kv,repetitions[0].diagnostics.per_rank[0].kernel_config_records.records[16].selections,48
03-partial-auto-kv,repetitions[0].diagnostics.per_rank[0].kernel_config_records.records[16].w13_shape[0],512
03-partial-auto-kv,repetitions[0].diagnostics.per_rank[0].kernel_config_records.records[16].w13_shape[1],256
03-partial-auto-kv,repetitions[0].diagnostics.per_rank[0].kernel_config_records.records[16].w13_shape[2],2048
03-partial-auto-kv,repetitions[0].diagnostics.per_rank[0].kernel_config_records.records[16].w2_shape[0],512
03-partial-auto-kv,repetitions[0].diagnostics.per_rank[0].kernel_config_records.records[16].w2_shape[1],2048
03-partial-auto-kv,repetitions[0].diagnostics.per_rank[0].kernel_config_records.records[16].w2_shape[2],128
03-partial-auto-kv,repetitions[0].diagnostics.per_rank[0].kernel_config_records.records[16].config.BLOCK_SIZE_K,64
03-partial-auto-kv,repetitions[0].diagnostics.per_rank[0].kernel_config_records.records[16].config.BLOCK_SIZE_M,16
03-partial-auto-kv,repetitions[0].diagnostics.per_rank[0].kernel_config_records.records[16].config.BLOCK_SIZE_N,128
03-partial-auto-kv,repetitions[0].diagnostics.per_rank[0].kernel_config_records.records[16].config.GROUP_SIZE_M,1
03-partial-auto-kv,repetitions[0].diagnostics.per_rank[0].kernel_config_records.records[16].config.num_stages,3
03-partial-auto-kv,repetitions[0].diagnostics.per_rank[0].kernel_config_records.records[16].config.num_warps,4
03-partial-auto-kv,repetitions[0].diagnostics.per_rank[0].kernel_config_records.records[17].chunk_tokens,8
03-partial-auto-kv,repetitions[0].diagnostics.per_rank[0].kernel_config_records.records[17].top_k,10
03-partial-auto-kv,repetitions[0].diagnostics.per_rank[0].kernel_config_records.records[17].selections,48
03-partial-auto-kv,repetitions[0].diagnostics.per_rank[0].kernel_config_records.records[17].w13_shape[0],512
03-partial-auto-kv,repetitions[0].diagnostics.per_rank[0].kernel_config_records.records[17].w13_shape[1],256
03-partial-auto-kv,repetitions[0].diagnostics.per_rank[0].kernel_config_records.records[17].w13_shape[2],2048
03-partial-auto-kv,repetitions[0].diagnostics.per_rank[0].kernel_config_records.records[17].w2_shape[0],512
03-partial-auto-kv,repetitions[0].diagnostics.per_rank[0].kernel_config_records.records[17].w2_shape[1],2048
03-partial-auto-kv,repetitions[0].diagnostics.per_rank[0].kernel_config_records.records[17].w2_shape[2],128
03-partial-auto-kv,repetitions[0].diagnostics.per_rank[0].kernel_config_records.records[17].config.BLOCK_SIZE_K,64
03-partial-auto-kv,repetitions[0].diagnostics.per_rank[0].kernel_config_records.records[17].config.BLOCK_SIZE_M,16
03-partial-auto-kv,repetitions[0].diagnostics.per_rank[0].kernel_config_records.records[17].config.BLOCK_SIZE_N,128
03-partial-auto-kv,repetitions[0].diagnostics.per_rank[0].kernel_config_records.records[17].config.GROUP_SIZE_M,1
03-partial-auto-kv,repetitions[0].diagnostics.per_rank[0].kernel_config_records.records[17].config.num_stages,3
03-partial-auto-kv,repetitions[0].diagnostics.per_rank[0].kernel_config_records.records[17].config.num_warps,4
03-partial-auto-kv,repetitions[0].diagnostics.per_rank[0].kernel_config_records.records[18].chunk_tokens,6
03-partial-auto-kv,repetitions[0].diagnostics.per_rank[0].kernel_config_records.records[18].top_k,10
03-partial-auto-kv,repetitions[0].diagnostics.per_rank[0].kernel_config_records.records[18].selections,48
03-partial-auto-kv,repetitions[0].diagnostics.per_rank[0].kernel_config_records.records[18].w13_shape[0],512
03-partial-auto-kv,repetitions[0].diagnostics.per_rank[0].kernel_config_records.records[18].w13_shape[1],256
03-partial-auto-kv,repetitions[0].diagnostics.per_rank[0].kernel_config_records.records[18].w13_shape[2],2048
03-partial-auto-kv,repetitions[0].diagnostics.per_rank[0].kernel_config_records.records[18].w2_shape[0],512
03-partial-auto-kv,repetitions[0].diagnostics.per_rank[0].kernel_config_records.records[18].w2_shape[1],2048
03-partial-auto-kv,repetitions[0].diagnostics.per_rank[0].kernel_config_records.records[18].w2_shape[2],128
03-partial-auto-kv,repetitions[0].diagnostics.per_rank[0].kernel_config_records.records[18].config.BLOCK_SIZE_K,64
03-partial-auto-kv,repetitions[0].diagnostics.per_rank[0].kernel_config_records.records[18].config.BLOCK_SIZE_M,16
03-partial-auto-kv,repetitions[0].diagnostics.per_rank[0].kernel_config_records.records[18].config.BLOCK_SIZE_N,128
03-partial-auto-kv,repetitions[0].diagnostics.per_rank[0].kernel_config_records.records[18].config.GROUP_SIZE_M,1
03-partial-auto-kv,repetitions[0].diagnostics.per_rank[0].kernel_config_records.records[18].config.num_stages,4
03-partial-auto-kv,repetitions[0].diagnostics.per_rank[0].kernel_config_records.records[18].config.num_warps,4
03-partial-auto-kv,repetitions[0].diagnostics.per_rank[0].kernel_config_records.records[19].chunk_tokens,4
03-partial-auto-kv,repetitions[0].diagnostics.per_rank[0].kernel_config_records.records[19].top_k,10
03-partial-auto-kv,repetitions[0].diagnostics.per_rank[0].kernel_config_records.records[19].selections,48
03-partial-auto-kv,repetitions[0].diagnostics.per_rank[0].kernel_config_records.records[19].w13_shape[0],512
03-partial-auto-kv,repetitions[0].diagnostics.per_rank[0].kernel_config_records.records[19].w13_shape[1],256
03-partial-auto-kv,repetitions[0].diagnostics.per_rank[0].kernel_config_records.records[19].w13_shape[2],2048
03-partial-auto-kv,repetitions[0].diagnostics.per_rank[0].kernel_config_records.records[19].w2_shape[0],512
03-partial-auto-kv,repetitions[0].diagnostics.per_rank[0].kernel_config_records.records[19].w2_shape[1],2048
03-partial-auto-kv,repetitions[0].diagnostics.per_rank[0].kernel_config_records.records[19].w2_shape[2],128
03-partial-auto-kv,repetitions[0].diagnostics.per_rank[0].kernel_config_records.records[19].config.BLOCK_SIZE_K,64
03-partial-auto-kv,repetitions[0].diagnostics.per_rank[0].kernel_config_records.records[19].config.BLOCK_SIZE_M,16
03-partial-auto-kv,repetitions[0].diagnostics.per_rank[0].kernel_config_records.records[19].config.BLOCK_SIZE_N,128
03-partial-auto-kv,repetitions[0].diagnostics.per_rank[0].kernel_config_records.records[19].config.GROUP_SIZE_M,1
03-partial-auto-kv,repetitions[0].diagnostics.per_rank[0].kernel_config_records.records[19].config.num_stages,4
03-partial-auto-kv,repetitions[0].diagnostics.per_rank[0].kernel_config_records.records[19].config.num_warps,4
03-partial-auto-kv,repetitions[0].diagnostics.per_rank[0].kernel_config_records.records[20].chunk_tokens,2
03-partial-auto-kv,repetitions[0].diagnostics.per_rank[0].kernel_config_records.records[20].top_k,10
03-partial-auto-kv,repetitions[0].diagnostics.per_rank[0].kernel_config_records.records[20].selections,48
03-partial-auto-kv,repetitions[0].diagnostics.per_rank[0].kernel_config_records.records[20].w13_shape[0],512
03-partial-auto-kv,repetitions[0].diagnostics.per_rank[0].kernel_config_records.records[20].w13_shape[1],256
03-partial-auto-kv,repetitions[0].diagnostics.per_rank[0].kernel_config_records.records[20].w13_shape[2],2048
03-partial-auto-kv,repetitions[0].diagnostics.per_rank[0].kernel_config_records.records[20].w2_shape[0],512
03-partial-auto-kv,repetitions[0].diagnostics.per_rank[0].kernel_config_records.records[20].w2_shape[1],2048
03-partial-auto-kv,repetitions[0].diagnostics.per_rank[0].kernel_config_records.records[20].w2_shape[2],128
03-partial-auto-kv,repetitions[0].diagnostics.per_rank[0].kernel_config_records.records[20].config.BLOCK_SIZE_K,64
03-partial-auto-kv,repetitions[0].diagnostics.per_rank[0].kernel_config_records.records[20].config.BLOCK_SIZE_M,32
03-partial-auto-kv,repetitions[0].diagnostics.per_rank[0].kernel_config_records.records[20].config.BLOCK_SIZE_N,64
03-partial-auto-kv,repetitions[0].diagnostics.per_rank[0].kernel_config_records.records[20].config.GROUP_SIZE_M,1
03-partial-auto-kv,repetitions[0].diagnostics.per_rank[0].kernel_config_records.records[20].config.num_stages,4
03-partial-auto-kv,repetitions[0].diagnostics.per_rank[0].kernel_config_records.records[20].config.num_warps,8
03-partial-auto-kv,repetitions[0].diagnostics.per_rank[1].h2d_bytes,343040065536
03-partial-auto-kv,repetitions[0].diagnostics.per_rank[1].copy_launches,7656
03-partial-auto-kv,repetitions[0].diagnostics.per_rank[1].startup_resident_h2d_bytes,0
03-partial-auto-kv,repetitions[0].diagnostics.per_rank[1].promotion_d2d_bytes,416808960
03-partial-auto-kv,repetitions[0].diagnostics.per_rank[1].metadata_h2d_bytes,7866440
03-partial-auto-kv,repetitions[0].diagnostics.per_rank[1].unique_demands,815963
03-partial-auto-kv,repetitions[0].diagnostics.per_rank[1].resident_hits,587209
03-partial-auto-kv,repetitions[0].diagnostics.per_rank[1].timing.route_d2h_s,18.302965915761888
03-partial-auto-kv,repetitions[0].diagnostics.per_rank[1].timing.policy_cpu_s,1.3735566856339574
03-partial-auto-kv,repetitions[0].diagnostics.per_rank[1].timing.host_reuse_wait_s,0.022596919909119606
03-partial-auto-kv,repetitions[0].diagnostics.per_rank[1].timing.host_gather_s,63.46918825665489
03-partial-auto-kv,repetitions[0].diagnostics.per_rank[1].timing.h2d_enqueue_s,0.326983782928437
03-partial-auto-kv,repetitions[0].diagnostics.per_rank[1].timing.compute_enqueue_s,2.368891968857497
03-partial-auto-kv,repetitions[0].diagnostics.per_rank[1].timing.cuda_sample_count,124
03-partial-auto-kv,repetitions[0].diagnostics.per_rank[1].timing.load_cuda_s,0.20979795343987653
03-partial-auto-kv,repetitions[0].diagnostics.per_rank[1].timing.compute_cuda_s,0.03681839986145496
03-partial-auto-kv,repetitions[0].diagnostics.per_rank[1].timing.promotion_cuda_s,0.0005654400046914815
03-partial-auto-kv,repetitions[0].diagnostics.per_rank[1].policy.observations,3840
03-partial-auto-kv,repetitions[0].diagnostics.per_rank[1].policy.unique_demands,815963
03-partial-auto-kv,repetitions[0].diagnostics.per_rank[1].policy.completed_forwards,80
03-partial-auto-kv,repetitions[0].diagnostics.per_rank[1].policy.decay_events,1
03-partial-auto-kv,repetitions[0].diagnostics.per_rank[1].policy.cache_hits,10655
03-partial-auto-kv,repetitions[0].diagnostics.per_rank[1].policy.cache_misses,218099
03-partial-auto-kv,repetitions[0].diagnostics.per_rank[1].policy.admissions,265
03-partial-auto-kv,repetitions[0].diagnostics.per_rank[1].policy.evictions,265
03-partial-auto-kv,repetitions[0].diagnostics.per_rank[1].policy.cache_bypasses,217834
03-partial-auto-kv,repetitions[0].diagnostics.per_rank[1].policy.reconfigurations,0
03-partial-auto-kv,repetitions[0].diagnostics.per_rank[1].policy.cache_hit_ratio,0.046578420486636296
03-partial-auto-kv,repetitions[0].diagnostics.per_rank[1].rank,1
03-partial-auto-kv,repetitions[0].diagnostics.per_rank[1].forward_counts[0],80
03-partial-auto-kv,repetitions[0].diagnostics.per_rank[1].forward_counts[1],80
03-partial-auto-kv,repetitions[0].diagnostics.per_rank[1].forward_counts[2],80
03-partial-auto-kv,repetitions[0].diagnostics.per_rank[1].forward_counts[3],80
03-partial-auto-kv,repetitions[0].diagnostics.per_rank[1].forward_counts[4],80
03-partial-auto-kv,repetitions[0].diagnostics.per_rank[1].forward_counts[5],80
03-partial-auto-kv,repetitions[0].diagnostics.per_rank[1].forward_counts[6],80
03-partial-auto-kv,repetitions[0].diagnostics.per_rank[1].forward_counts[7],80
03-partial-auto-kv,repetitions[0].diagnostics.per_rank[1].forward_counts[8],80
03-partial-auto-kv,repetitions[0].diagnostics.per_rank[1].forward_counts[9],80
03-partial-auto-kv,repetitions[0].diagnostics.per_rank[1].forward_counts[10],80
03-partial-auto-kv,repetitions[0].diagnostics.per_rank[1].forward_counts[11],80
03-partial-auto-kv,repetitions[0].diagnostics.per_rank[1].forward_counts[12],80
03-partial-auto-kv,repetitions[0].diagnostics.per_rank[1].forward_counts[13],80
03-partial-auto-kv,repetitions[0].diagnostics.per_rank[1].forward_counts[14],80
03-partial-auto-kv,repetitions[0].diagnostics.per_rank[1].forward_counts[15],80
03-partial-auto-kv,repetitions[0].diagnostics.per_rank[1].forward_counts[16],80
03-partial-auto-kv,repetitions[0].diagnostics.per_rank[1].forward_counts[17],80
03-partial-auto-kv,repetitions[0].diagnostics.per_rank[1].forward_counts[18],80
03-partial-auto-kv,repetitions[0].diagnostics.per_rank[1].forward_counts[19],80
03-partial-auto-kv,repetitions[0].diagnostics.per_rank[1].forward_counts[20],80
03-partial-auto-kv,repetitions[0].diagnostics.per_rank[1].forward_counts[21],80
03-partial-auto-kv,repetitions[0].diagnostics.per_rank[1].forward_counts[22],80
03-partial-auto-kv,repetitions[0].diagnostics.per_rank[1].forward_counts[23],80
03-partial-auto-kv,repetitions[0].diagnostics.per_rank[1].forward_counts[24],80
03-partial-auto-kv,repetitions[0].diagnostics.per_rank[1].forward_counts[25],80
03-partial-auto-kv,repetitions[0].diagnostics.per_rank[1].forward_counts[26],80
03-partial-auto-kv,repetitions[0].diagnostics.per_rank[1].forward_counts[27],80
03-partial-auto-kv,repetitions[0].diagnostics.per_rank[1].forward_counts[28],80
03-partial-auto-kv,repetitions[0].diagnostics.per_rank[1].forward_counts[29],80
03-partial-auto-kv,repetitions[0].diagnostics.per_rank[1].forward_counts[30],80
03-partial-auto-kv,repetitions[0].diagnostics.per_rank[1].forward_counts[31],80
03-partial-auto-kv,repetitions[0].diagnostics.per_rank[1].forward_counts[32],80
03-partial-auto-kv,repetitions[0].diagnostics.per_rank[1].forward_counts[33],80
03-partial-auto-kv,repetitions[0].diagnostics.per_rank[1].forward_counts[34],80
03-partial-auto-kv,repetitions[0].diagnostics.per_rank[1].forward_counts[35],80
03-partial-auto-kv,repetitions[0].diagnostics.per_rank[1].forward_counts[36],80
03-partial-auto-kv,repetitions[0].diagnostics.per_rank[1].forward_counts[37],80
03-partial-auto-kv,repetitions[0].diagnostics.per_rank[1].forward_counts[38],80
03-partial-auto-kv,repetitions[0].diagnostics.per_rank[1].forward_counts[39],80
03-partial-auto-kv,repetitions[0].diagnostics.per_rank[1].forward_counts[40],80
03-partial-auto-kv,repetitions[0].diagnostics.per_rank[1].forward_counts[41],80
03-partial-auto-kv,repetitions[0].diagnostics.per_rank[1].forward_counts[42],80
03-partial-auto-kv,repetitions[0].diagnostics.per_rank[1].forward_counts[43],80
03-partial-auto-kv,repetitions[0].diagnostics.per_rank[1].forward_counts[44],80
03-partial-auto-kv,repetitions[0].diagnostics.per_rank[1].forward_counts[45],80
03-partial-auto-kv,repetitions[0].diagnostics.per_rank[1].forward_counts[46],80
03-partial-auto-kv,repetitions[0].diagnostics.per_rank[1].forward_counts[47],80
03-partial-auto-kv,repetitions[0].diagnostics.per_rank[1].per_layer_unique_demands[0],20395
03-partial-auto-kv,repetitions[0].diagnostics.per_rank[1].per_layer_unique_demands[1],16372
03-partial-auto-kv,repetitions[0].diagnostics.per_rank[1].per_layer_unique_demands[2],20910
03-partial-auto-kv,repetitions[0].diagnostics.per_rank[1].per_layer_unique_demands[3],15138
03-partial-auto-kv,repetitions[0].diagnostics.per_rank[1].per_layer_unique_demands[4],16450
03-partial-auto-kv,repetitions[0].diagnostics.per_rank[1].per_layer_unique_demands[5],18027
03-partial-auto-kv,repetitions[0].diagnostics.per_rank[1].per_layer_unique_demands[6],19770
03-partial-auto-kv,repetitions[0].diagnostics.per_rank[1].per_layer_unique_demands[7],19538
03-partial-auto-kv,repetitions[0].diagnostics.per_rank[1].per_layer_unique_demands[8],16820
03-partial-auto-kv,repetitions[0].diagnostics.per_rank[1].per_layer_unique_demands[9],15156
03-partial-auto-kv,repetitions[0].diagnostics.per_rank[1].per_layer_unique_demands[10],15042
03-partial-auto-kv,repetitions[0].diagnostics.per_rank[1].per_layer_unique_demands[11],16337
03-partial-auto-kv,repetitions[0].diagnostics.per_rank[1].per_layer_unique_demands[12],13924
03-partial-auto-kv,repetitions[0].diagnostics.per_rank[1].per_layer_unique_demands[13],14890
03-partial-auto-kv,repetitions[0].diagnostics.per_rank[1].per_layer_unique_demands[14],16567
03-partial-auto-kv,repetitions[0].diagnostics.per_rank[1].per_layer_unique_demands[15],17899
03-partial-auto-kv,repetitions[0].diagnostics.per_rank[1].per_layer_unique_demands[16],16215
03-partial-auto-kv,repetitions[0].diagnostics.per_rank[1].per_layer_unique_demands[17],17971
03-partial-auto-kv,repetitions[0].diagnostics.per_rank[1].per_layer_unique_demands[18],19465
03-partial-auto-kv,repetitions[0].diagnostics.per_rank[1].per_layer_unique_demands[19],19600
03-partial-auto-kv,repetitions[0].diagnostics.per_rank[1].per_layer_unique_demands[20],16581
03-partial-auto-kv,repetitions[0].diagnostics.per_rank[1].per_layer_unique_demands[21],14946
03-partial-auto-kv,repetitions[0].diagnostics.per_rank[1].per_layer_unique_demands[22],14997
03-partial-auto-kv,repetitions[0].diagnostics.per_rank[1].per_layer_unique_demands[23],16335
03-partial-auto-kv,repetitions[0].diagnostics.per_rank[1].per_layer_unique_demands[24],14406
03-partial-auto-kv,repetitions[0].diagnostics.per_rank[1].per_layer_unique_demands[25],15117
03-partial-auto-kv,repetitions[0].diagnostics.per_rank[1].per_layer_unique_demands[26],16717
03-partial-auto-kv,repetitions[0].diagnostics.per_rank[1].per_layer_unique_demands[27],18278
03-partial-auto-kv,repetitions[0].diagnostics.per_rank[1].per_layer_unique_demands[28],16760
03-partial-auto-kv,repetitions[0].diagnostics.per_rank[1].per_layer_unique_demands[29],18406
03-partial-auto-kv,repetitions[0].diagnostics.per_rank[1].per_layer_unique_demands[30],19738
03-partial-auto-kv,repetitions[0].diagnostics.per_rank[1].per_layer_unique_demands[31],19862
03-partial-auto-kv,repetitions[0].diagnostics.per_rank[1].per_layer_unique_demands[32],17528
03-partial-auto-kv,repetitions[0].diagnostics.per_rank[1].per_layer_unique_demands[33],16306
03-partial-auto-kv,repetitions[0].diagnostics.per_rank[1].per_layer_unique_demands[34],15922
03-partial-auto-kv,repetitions[0].diagnostics.per_rank[1].per_layer_unique_demands[35],17128
03-partial-auto-kv,repetitions[0].diagnostics.per_rank[1].per_layer_unique_demands[36],15269
03-partial-auto-kv,repetitions[0].diagnostics.per_rank[1].per_layer_unique_demands[37],15697
03-partial-auto-kv,repetitions[0].diagnostics.per_rank[1].per_layer_unique_demands[38],17002
03-partial-auto-kv,repetitions[0].diagnostics.per_rank[1].per_layer_unique_demands[39],18127
03-partial-auto-kv,repetitions[0].diagnostics.per_rank[1].per_layer_unique_demands[40],17634
03-partial-auto-kv,repetitions[0].diagnostics.per_rank[1].per_layer_unique_demands[41],17491
03-partial-auto-kv,repetitions[0].diagnostics.per_rank[1].per_layer_unique_demands[42],17212
03-partial-auto-kv,repetitions[0].diagnostics.per_rank[1].per_layer_unique_demands[43],16307
03-partial-auto-kv,repetitions[0].diagnostics.per_rank[1].per_layer_unique_demands[44],16499
03-partial-auto-kv,repetitions[0].diagnostics.per_rank[1].per_layer_unique_demands[45],16137
03-partial-auto-kv,repetitions[0].diagnostics.per_rank[1].per_layer_unique_demands[46],15837
03-partial-auto-kv,repetitions[0].diagnostics.per_rank[1].per_layer_unique_demands[47],17238
03-partial-auto-kv,repetitions[0].diagnostics.per_rank[1].per_layer_mean_unique_coverage[0],0.4979248046875
03-partial-auto-kv,repetitions[0].diagnostics.per_rank[1].per_layer_mean_unique_coverage[1],0.39970703125
03-partial-auto-kv,repetitions[0].diagnostics.per_rank[1].per_layer_mean_unique_coverage[2],0.510498046875
03-partial-auto-kv,repetitions[0].diagnostics.per_rank[1].per_layer_mean_unique_coverage[3],0.369580078125
03-partial-auto-kv,repetitions[0].diagnostics.per_rank[1].per_layer_mean_unique_coverage[4],0.401611328125
03-partial-auto-kv,repetitions[0].diagnostics.per_rank[1].per_layer_mean_unique_coverage[5],0.4401123046875
03-partial-auto-kv,repetitions[0].diagnostics.per_rank[1].per_layer_mean_unique_coverage[6],0.482666015625
03-partial-auto-kv,repetitions[0].diagnostics.per_rank[1].per_layer_mean_unique_coverage[7],0.477001953125
03-partial-auto-kv,repetitions[0].diagnostics.per_rank[1].per_layer_mean_unique_coverage[8],0.41064453125
03-partial-auto-kv,repetitions[0].diagnostics.per_rank[1].per_layer_mean_unique_coverage[9],0.37001953125
03-partial-auto-kv,repetitions[0].diagnostics.per_rank[1].per_layer_mean_unique_coverage[10],0.367236328125
03-partial-auto-kv,repetitions[0].diagnostics.per_rank[1].per_layer_mean_unique_coverage[11],0.3988525390625
03-partial-auto-kv,repetitions[0].diagnostics.per_rank[1].per_layer_mean_unique_coverage[12],0.33994140625
03-partial-auto-kv,repetitions[0].diagnostics.per_rank[1].per_layer_mean_unique_coverage[13],0.363525390625
03-partial-auto-kv,repetitions[0].diagnostics.per_rank[1].per_layer_mean_unique_coverage[14],0.4044677734375
03-partial-auto-kv,repetitions[0].diagnostics.per_rank[1].per_layer_mean_unique_coverage[15],0.4369873046875
03-partial-auto-kv,repetitions[0].diagnostics.per_rank[1].per_layer_mean_unique_coverage[16],0.3958740234375
03-partial-auto-kv,repetitions[0].diagnostics.per_rank[1].per_layer_mean_unique_coverage[17],0.4387451171875
03-partial-auto-kv,repetitions[0].diagnostics.per_rank[1].per_layer_mean_unique_coverage[18],0.4752197265625
03-partial-auto-kv,repetitions[0].diagnostics.per_rank[1].per_layer_mean_unique_coverage[19],0.478515625
03-partial-auto-kv,repetitions[0].diagnostics.per_rank[1].per_layer_mean_unique_coverage[20],0.4048095703125
03-partial-auto-kv,repetitions[0].diagnostics.per_rank[1].per_layer_mean_unique_coverage[21],0.364892578125
03-partial-auto-kv,repetitions[0].diagnostics.per_rank[1].per_layer_mean_unique_coverage[22],0.3661376953125
03-partial-auto-kv,repetitions[0].diagnostics.per_rank[1].per_layer_mean_unique_coverage[23],0.3988037109375
03-partial-auto-kv,repetitions[0].diagnostics.per_rank[1].per_layer_mean_unique_coverage[24],0.351708984375
03-partial-auto-kv,repetitions[0].diagnostics.per_rank[1].per_layer_mean_unique_coverage[25],0.3690673828125
03-partial-auto-kv,repetitions[0].diagnostics.per_rank[1].per_layer_mean_unique_coverage[26],0.4081298828125
03-partial-auto-kv,repetitions[0].diagnostics.per_rank[1].per_layer_mean_unique_coverage[27],0.446240234375
03-partial-auto-kv,repetitions[0].diagnostics.per_rank[1].per_layer_mean_unique_coverage[28],0.4091796875
03-partial-auto-kv,repetitions[0].diagnostics.per_rank[1].per_layer_mean_unique_coverage[29],0.449365234375
03-partial-auto-kv,repetitions[0].diagnostics.per_rank[1].per_layer_mean_unique_coverage[30],0.481884765625
03-partial-auto-kv,repetitions[0].diagnostics.per_rank[1].per_layer_mean_unique_coverage[31],0.484912109375
03-partial-auto-kv,repetitions[0].diagnostics.per_rank[1].per_layer_mean_unique_coverage[32],0.4279296875
03-partial-auto-kv,repetitions[0].diagnostics.per_rank[1].per_layer_mean_unique_coverage[33],0.398095703125
03-partial-auto-kv,repetitions[0].diagnostics.per_rank[1].per_layer_mean_unique_coverage[34],0.388720703125
03-partial-auto-kv,repetitions[0].diagnostics.per_rank[1].per_layer_mean_unique_coverage[35],0.4181640625
03-partial-auto-kv,repetitions[0].diagnostics.per_rank[1].per_layer_mean_unique_coverage[36],0.3727783203125
03-partial-auto-kv,repetitions[0].diagnostics.per_rank[1].per_layer_mean_unique_coverage[37],0.3832275390625
03-partial-auto-kv,repetitions[0].diagnostics.per_rank[1].per_layer_mean_unique_coverage[38],0.415087890625
03-partial-auto-kv,repetitions[0].diagnostics.per_rank[1].per_layer_mean_unique_coverage[39],0.4425537109375
03-partial-auto-kv,repetitions[0].diagnostics.per_rank[1].per_layer_mean_unique_coverage[40],0.430517578125
03-partial-auto-kv,repetitions[0].diagnostics.per_rank[1].per_layer_mean_unique_coverage[41],0.4270263671875
03-partial-auto-kv,repetitions[0].diagnostics.per_rank[1].per_layer_mean_unique_coverage[42],0.42021484375
03-partial-auto-kv,repetitions[0].diagnostics.per_rank[1].per_layer_mean_unique_coverage[43],0.3981201171875
03-partial-auto-kv,repetitions[0].diagnostics.per_rank[1].per_layer_mean_unique_coverage[44],0.4028076171875
03-partial-auto-kv,repetitions[0].diagnostics.per_rank[1].per_layer_mean_unique_coverage[45],0.3939697265625
03-partial-auto-kv,repetitions[0].diagnostics.per_rank[1].per_layer_mean_unique_coverage[46],0.3866455078125
03-partial-auto-kv,repetitions[0].diagnostics.per_rank[1].per_layer_mean_unique_coverage[47],0.420849609375
03-partial-auto-kv,repetitions[0].diagnostics.per_rank[1].gauge_snapshot.max_unique_per_forward,509
03-partial-auto-kv,repetitions[0].diagnostics.per_rank[1].gauge_snapshot.mean_unique_coverage,0.37642325935782966
03-partial-auto-kv,repetitions[0].diagnostics.per_rank[1].gauge_snapshot.per_layer_max_unique_per_forward[0],500
03-partial-auto-kv,repetitions[0].diagnostics.per_rank[1].gauge_snapshot.per_layer_max_unique_per_forward[1],437
03-partial-auto-kv,repetitions[0].diagnostics.per_rank[1].gauge_snapshot.per_layer_max_unique_per_forward[2],509
03-partial-auto-kv,repetitions[0].diagnostics.per_rank[1].gauge_snapshot.per_layer_max_unique_per_forward[3],432
03-partial-auto-kv,repetitions[0].diagnostics.per_rank[1].gauge_snapshot.per_layer_max_unique_per_forward[4],435
03-partial-auto-kv,repetitions[0].diagnostics.per_rank[1].gauge_snapshot.per_layer_max_unique_per_forward[5],467
03-partial-auto-kv,repetitions[0].diagnostics.per_rank[1].gauge_snapshot.per_layer_max_unique_per_forward[6],500
03-partial-auto-kv,repetitions[0].diagnostics.per_rank[1].gauge_snapshot.per_layer_max_unique_per_forward[7],494
03-partial-auto-kv,repetitions[0].diagnostics.per_rank[1].gauge_snapshot.per_layer_max_unique_per_forward[8],473
03-partial-auto-kv,repetitions[0].diagnostics.per_rank[1].gauge_snapshot.per_layer_max_unique_per_forward[9],418
03-partial-auto-kv,repetitions[0].diagnostics.per_rank[1].gauge_snapshot.per_layer_max_unique_per_forward[10],420
03-partial-auto-kv,repetitions[0].diagnostics.per_rank[1].gauge_snapshot.per_layer_max_unique_per_forward[11],441
03-partial-auto-kv,repetitions[0].diagnostics.per_rank[1].gauge_snapshot.per_layer_max_unique_per_forward[12],410
03-partial-auto-kv,repetitions[0].diagnostics.per_rank[1].gauge_snapshot.per_layer_max_unique_per_forward[13],409
03-partial-auto-kv,repetitions[0].diagnostics.per_rank[1].gauge_snapshot.per_layer_max_unique_per_forward[14],448
03-partial-auto-kv,repetitions[0].diagnostics.per_rank[1].gauge_snapshot.per_layer_max_unique_per_forward[15],477
03-partial-auto-kv,repetitions[0].diagnostics.per_rank[1].gauge_snapshot.per_layer_max_unique_per_forward[16],445
03-partial-auto-kv,repetitions[0].diagnostics.per_rank[1].gauge_snapshot.per_layer_max_unique_per_forward[17],473
03-partial-auto-kv,repetitions[0].diagnostics.per_rank[1].gauge_snapshot.per_layer_max_unique_per_forward[18],500
03-partial-auto-kv,repetitions[0].diagnostics.per_rank[1].gauge_snapshot.per_layer_max_unique_per_forward[19],497
03-partial-auto-kv,repetitions[0].diagnostics.per_rank[1].gauge_snapshot.per_layer_max_unique_per_forward[20],462
03-partial-auto-kv,repetitions[0].diagnostics.per_rank[1].gauge_snapshot.per_layer_max_unique_per_forward[21],422
03-partial-auto-kv,repetitions[0].diagnostics.per_rank[1].gauge_snapshot.per_layer_max_unique_per_forward[22],428
03-partial-auto-kv,repetitions[0].diagnostics.per_rank[1].gauge_snapshot.per_layer_max_unique_per_forward[23],448
03-partial-auto-kv,repetitions[0].diagnostics.per_rank[1].gauge_snapshot.per_layer_max_unique_per_forward[24],409
03-partial-auto-kv,repetitions[0].diagnostics.per_rank[1].gauge_snapshot.per_layer_max_unique_per_forward[25],425
03-partial-auto-kv,repetitions[0].diagnostics.per_rank[1].gauge_snapshot.per_layer_max_unique_per_forward[26],459
03-partial-auto-kv,repetitions[0].diagnostics.per_rank[1].gauge_snapshot.per_layer_max_unique_per_forward[27],485
03-partial-auto-kv,repetitions[0].diagnostics.per_rank[1].gauge_snapshot.per_layer_max_unique_per_forward[28],460
03-partial-auto-kv,repetitions[0].diagnostics.per_rank[1].gauge_snapshot.per_layer_max_unique_per_forward[29],486
03-partial-auto-kv,repetitions[0].diagnostics.per_rank[1].gauge_snapshot.per_layer_max_unique_per_forward[30],499
03-partial-auto-kv,repetitions[0].diagnostics.per_rank[1].gauge_snapshot.per_layer_max_unique_per_forward[31],502
03-partial-auto-kv,repetitions[0].diagnostics.per_rank[1].gauge_snapshot.per_layer_max_unique_per_forward[32],475
03-partial-auto-kv,repetitions[0].diagnostics.per_rank[1].gauge_snapshot.per_layer_max_unique_per_forward[33],450
03-partial-auto-kv,repetitions[0].diagnostics.per_rank[1].gauge_snapshot.per_layer_max_unique_per_forward[34],444
03-partial-auto-kv,repetitions[0].diagnostics.per_rank[1].gauge_snapshot.per_layer_max_unique_per_forward[35],461
03-partial-auto-kv,repetitions[0].diagnostics.per_rank[1].gauge_snapshot.per_layer_max_unique_per_forward[36],434
03-partial-auto-kv,repetitions[0].diagnostics.per_rank[1].gauge_snapshot.per_layer_max_unique_per_forward[37],443
03-partial-auto-kv,repetitions[0].diagnostics.per_rank[1].gauge_snapshot.per_layer_max_unique_per_forward[38],459
03-partial-auto-kv,repetitions[0].diagnostics.per_rank[1].gauge_snapshot.per_layer_max_unique_per_forward[39],474
03-partial-auto-kv,repetitions[0].diagnostics.per_rank[1].gauge_snapshot.per_layer_max_unique_per_forward[40],474
03-partial-auto-kv,repetitions[0].diagnostics.per_rank[1].gauge_snapshot.per_layer_max_unique_per_forward[41],449
03-partial-auto-kv,repetitions[0].diagnostics.per_rank[1].gauge_snapshot.per_layer_max_unique_per_forward[42],448
03-partial-auto-kv,repetitions[0].diagnostics.per_rank[1].gauge_snapshot.per_layer_max_unique_per_forward[43],429
03-partial-auto-kv,repetitions[0].diagnostics.per_rank[1].gauge_snapshot.per_layer_max_unique_per_forward[44],432
03-partial-auto-kv,repetitions[0].diagnostics.per_rank[1].gauge_snapshot.per_layer_max_unique_per_forward[45],426
03-partial-auto-kv,repetitions[0].diagnostics.per_rank[1].gauge_snapshot.per_layer_max_unique_per_forward[46],415
03-partial-auto-kv,repetitions[0].diagnostics.per_rank[1].gauge_snapshot.per_layer_max_unique_per_forward[47],442
03-partial-auto-kv,repetitions[0].diagnostics.per_rank[1].policy_snapshot.resident_experts,12288
03-partial-auto-kv,repetitions[0].diagnostics.per_rank[1].policy_snapshot.cache_slots,256
03-partial-auto-kv,repetitions[0].diagnostics.per_rank[1].policy_snapshot.cache_entries,256
03-partial-auto-kv,repetitions[0].diagnostics.per_rank[1].policy_snapshot.cache_hit_ratio,0.04587109789497083
03-partial-auto-kv,repetitions[0].diagnostics.per_rank[1].kernel_config_records.capacity,64
03-partial-auto-kv,repetitions[0].diagnostics.per_rank[1].kernel_config_records.unrecorded_selections,0
03-partial-auto-kv,repetitions[0].diagnostics.per_rank[1].kernel_config_records.records[0].chunk_tokens,8192
03-partial-auto-kv,repetitions[0].diagnostics.per_rank[1].kernel_config_records.records[0].top_k,10
03-partial-auto-kv,repetitions[0].diagnostics.per_rank[1].kernel_config_records.records[0].selections,816
03-partial-auto-kv,repetitions[0].diagnostics.per_rank[1].kernel_config_records.records[0].w13_shape[0],512
03-partial-auto-kv,repetitions[0].diagnostics.per_rank[1].kernel_config_records.records[0].w13_shape[1],256
03-partial-auto-kv,repetitions[0].diagnostics.per_rank[1].kernel_config_records.records[0].w13_shape[2],2048
03-partial-auto-kv,repetitions[0].diagnostics.per_rank[1].kernel_config_records.records[0].w2_shape[0],512
03-partial-auto-kv,repetitions[0].diagnostics.per_rank[1].kernel_config_records.records[0].w2_shape[1],2048
03-partial-auto-kv,repetitions[0].diagnostics.per_rank[1].kernel_config_records.records[0].w2_shape[2],128
03-partial-auto-kv,repetitions[0].diagnostics.per_rank[1].kernel_config_records.records[0].config.BLOCK_SIZE_K,64
03-partial-auto-kv,repetitions[0].diagnostics.per_rank[1].kernel_config_records.records[0].config.BLOCK_SIZE_M,128
03-partial-auto-kv,repetitions[0].diagnostics.per_rank[1].kernel_config_records.records[0].config.BLOCK_SIZE_N,128
03-partial-auto-kv,repetitions[0].diagnostics.per_rank[1].kernel_config_records.records[0].config.GROUP_SIZE_M,64
03-partial-auto-kv,repetitions[0].diagnostics.per_rank[1].kernel_config_records.records[0].config.num_stages,3
03-partial-auto-kv,repetitions[0].diagnostics.per_rank[1].kernel_config_records.records[0].config.num_warps,8
03-partial-auto-kv,repetitions[0].diagnostics.per_rank[1].kernel_config_records.records[1].chunk_tokens,32
03-partial-auto-kv,repetitions[0].diagnostics.per_rank[1].kernel_config_records.records[1].top_k,10
03-partial-auto-kv,repetitions[0].diagnostics.per_rank[1].kernel_config_records.records[1].selections,2304
03-partial-auto-kv,repetitions[0].diagnostics.per_rank[1].kernel_config_records.records[1].w13_shape[0],512
03-partial-auto-kv,repetitions[0].diagnostics.per_rank[1].kernel_config_records.records[1].w13_shape[1],256
03-partial-auto-kv,repetitions[0].diagnostics.per_rank[1].kernel_config_records.records[1].w13_shape[2],2048
03-partial-auto-kv,repetitions[0].diagnostics.per_rank[1].kernel_config_records.records[1].w2_shape[0],512
03-partial-auto-kv,repetitions[0].diagnostics.per_rank[1].kernel_config_records.records[1].w2_shape[1],2048
03-partial-auto-kv,repetitions[0].diagnostics.per_rank[1].kernel_config_records.records[1].w2_shape[2],128
03-partial-auto-kv,repetitions[0].diagnostics.per_rank[1].kernel_config_records.records[1].config.BLOCK_SIZE_K,64
03-partial-auto-kv,repetitions[0].diagnostics.per_rank[1].kernel_config_records.records[1].config.BLOCK_SIZE_M,16
03-partial-auto-kv,repetitions[0].diagnostics.per_rank[1].kernel_config_records.records[1].config.BLOCK_SIZE_N,128
03-partial-auto-kv,repetitions[0].diagnostics.per_rank[1].kernel_config_records.records[1].config.GROUP_SIZE_M,1
03-partial-auto-kv,repetitions[0].diagnostics.per_rank[1].kernel_config_records.records[1].config.num_stages,3
03-partial-auto-kv,repetitions[0].diagnostics.per_rank[1].kernel_config_records.records[1].config.num_warps,8
03-partial-auto-kv,repetitions[0].diagnostics.per_rank[1].kernel_config_records.records[2].chunk_tokens,4096
03-partial-auto-kv,repetitions[0].diagnostics.per_rank[1].kernel_config_records.records[2].top_k,10
03-partial-auto-kv,repetitions[0].diagnostics.per_rank[1].kernel_config_records.records[2].selections,96
03-partial-auto-kv,repetitions[0].diagnostics.per_rank[1].kernel_config_records.records[2].w13_shape[0],512
03-partial-auto-kv,repetitions[0].diagnostics.per_rank[1].kernel_config_records.records[2].w13_shape[1],256
03-partial-auto-kv,repetitions[0].diagnostics.per_rank[1].kernel_config_records.records[2].w13_shape[2],2048
03-partial-auto-kv,repetitions[0].diagnostics.per_rank[1].kernel_config_records.records[2].w2_shape[0],512
03-partial-auto-kv,repetitions[0].diagnostics.per_rank[1].kernel_config_records.records[2].w2_shape[1],2048
03-partial-auto-kv,repetitions[0].diagnostics.per_rank[1].kernel_config_records.records[2].w2_shape[2],128
03-partial-auto-kv,repetitions[0].diagnostics.per_rank[1].kernel_config_records.records[2].config.BLOCK_SIZE_K,64
03-partial-auto-kv,repetitions[0].diagnostics.per_rank[1].kernel_config_records.records[2].config.BLOCK_SIZE_M,128
03-partial-auto-kv,repetitions[0].diagnostics.per_rank[1].kernel_config_records.records[2].config.BLOCK_SIZE_N,128
03-partial-auto-kv,repetitions[0].diagnostics.per_rank[1].kernel_config_records.records[2].config.GROUP_SIZE_M,64
03-partial-auto-kv,repetitions[0].diagnostics.per_rank[1].kernel_config_records.records[2].config.num_stages,3
03-partial-auto-kv,repetitions[0].diagnostics.per_rank[1].kernel_config_records.records[2].config.num_warps,8
03-partial-auto-kv,repetitions[0].diagnostics.per_rank[1].kernel_config_records.records[3].chunk_tokens,1
03-partial-auto-kv,repetitions[0].diagnostics.per_rank[1].kernel_config_records.records[3].top_k,10
03-partial-auto-kv,repetitions[0].diagnostics.per_rank[1].kernel_config_records.records[3].selections,336
03-partial-auto-kv,repetitions[0].diagnostics.per_rank[1].kernel_config_records.records[3].w13_shape[0],512
03-partial-auto-kv,repetitions[0].diagnostics.per_rank[1].kernel_config_records.records[3].w13_shape[1],256
03-partial-auto-kv,repetitions[0].diagnostics.per_rank[1].kernel_config_records.records[3].w13_shape[2],2048
03-partial-auto-kv,repetitions[0].diagnostics.per_rank[1].kernel_config_records.records[3].w2_shape[0],512
03-partial-auto-kv,repetitions[0].diagnostics.per_rank[1].kernel_config_records.records[3].w2_shape[1],2048
03-partial-auto-kv,repetitions[0].diagnostics.per_rank[1].kernel_config_records.records[3].w2_shape[2],128
03-partial-auto-kv,repetitions[0].diagnostics.per_rank[1].kernel_config_records.records[3].config.BLOCK_SIZE_K,64
03-partial-auto-kv,repetitions[0].diagnostics.per_rank[1].kernel_config_records.records[3].config.BLOCK_SIZE_M,16
03-partial-auto-kv,repetitions[0].diagnostics.per_rank[1].kernel_config_records.records[3].config.BLOCK_SIZE_N,32
03-partial-auto-kv,repetitions[0].diagnostics.per_rank[1].kernel_config_records.records[3].config.GROUP_SIZE_M,1
03-partial-auto-kv,repetitions[0].diagnostics.per_rank[1].kernel_config_records.records[3].config.num_stages,4
03-partial-auto-kv,repetitions[0].diagnostics.per_rank[1].kernel_config_records.records[3].config.num_warps,4
03-partial-auto-kv,repetitions[0].diagnostics.per_rank[1].kernel_config_records.records[4].chunk_tokens,4337
03-partial-auto-kv,repetitions[0].diagnostics.per_rank[1].kernel_config_records.records[4].top_k,10
03-partial-auto-kv,repetitions[0].diagnostics.per_rank[1].kernel_config_records.records[4].selections,48
03-partial-auto-kv,repetitions[0].diagnostics.per_rank[1].kernel_config_records.records[4].w13_shape[0],512
03-partial-auto-kv,repetitions[0].diagnostics.per_rank[1].kernel_config_records.records[4].w13_shape[1],256
03-partial-auto-kv,repetitions[0].diagnostics.per_rank[1].kernel_config_records.records[4].w13_shape[2],2048
03-partial-auto-kv,repetitions[0].diagnostics.per_rank[1].kernel_config_records.records[4].w2_shape[0],512
03-partial-auto-kv,repetitions[0].diagnostics.per_rank[1].kernel_config_records.records[4].w2_shape[1],2048
03-partial-auto-kv,repetitions[0].diagnostics.per_rank[1].kernel_config_records.records[4].w2_shape[2],128
03-partial-auto-kv,repetitions[0].diagnostics.per_rank[1].kernel_config_records.records[4].config.BLOCK_SIZE_K,64
03-partial-auto-kv,repetitions[0].diagnostics.per_rank[1].kernel_config_records.records[4].config.BLOCK_SIZE_M,128
03-partial-auto-kv,repetitions[0].diagnostics.per_rank[1].kernel_config_records.records[4].config.BLOCK_SIZE_N,128
03-partial-auto-kv,repetitions[0].diagnostics.per_rank[1].kernel_config_records.records[4].config.GROUP_SIZE_M,64
03-partial-auto-kv,repetitions[0].diagnostics.per_rank[1].kernel_config_records.records[4].config.num_stages,3
03-partial-auto-kv,repetitions[0].diagnostics.per_rank[1].kernel_config_records.records[4].config.num_warps,8
03-partial-auto-kv,repetitions[0].diagnostics.per_rank[1].kernel_config_records.records[5].chunk_tokens,31
03-partial-auto-kv,repetitions[0].diagnostics.per_rank[1].kernel_config_records.records[5].top_k,10
03-partial-auto-kv,repetitions[0].diagnostics.per_rank[1].kernel_config_records.records[5].selections,48
03-partial-auto-kv,repetitions[0].diagnostics.per_rank[1].kernel_config_records.records[5].w13_shape[0],512
03-partial-auto-kv,repetitions[0].diagnostics.per_rank[1].kernel_config_records.records[5].w13_shape[1],256
03-partial-auto-kv,repetitions[0].diagnostics.per_rank[1].kernel_config_records.records[5].w13_shape[2],2048
03-partial-auto-kv,repetitions[0].diagnostics.per_rank[1].kernel_config_records.records[5].w2_shape[0],512
03-partial-auto-kv,repetitions[0].diagnostics.per_rank[1].kernel_config_records.records[5].w2_shape[1],2048
03-partial-auto-kv,repetitions[0].diagnostics.per_rank[1].kernel_config_records.records[5].w2_shape[2],128
03-partial-auto-kv,repetitions[0].diagnostics.per_rank[1].kernel_config_records.records[5].config.BLOCK_SIZE_K,64
03-partial-auto-kv,repetitions[0].diagnostics.per_rank[1].kernel_config_records.records[5].config.BLOCK_SIZE_M,16
03-partial-auto-kv,repetitions[0].diagnostics.per_rank[1].kernel_config_records.records[5].config.BLOCK_SIZE_N,128
03-partial-auto-kv,repetitions[0].diagnostics.per_rank[1].kernel_config_records.records[5].config.GROUP_SIZE_M,1
03-partial-auto-kv,repetitions[0].diagnostics.per_rank[1].kernel_config_records.records[5].config.num_stages,3
03-partial-auto-kv,repetitions[0].diagnostics.per_rank[1].kernel_config_records.records[5].config.num_warps,8
03-partial-auto-kv,repetitions[0].diagnostics.per_rank[1].kernel_config_records.records[6].chunk_tokens,30
03-partial-auto-kv,repetitions[0].diagnostics.per_rank[1].kernel_config_records.records[6].top_k,10
03-partial-auto-kv,repetitions[0].diagnostics.per_rank[1].kernel_config_records.records[6].selections,48
03-partial-auto-kv,repetitions[0].diagnostics.per_rank[1].kernel_config_records.records[6].w13_shape[0],512
03-partial-auto-kv,repetitions[0].diagnostics.per_rank[1].kernel_config_records.records[6].w13_shape[1],256
03-partial-auto-kv,repetitions[0].diagnostics.per_rank[1].kernel_config_records.records[6].w13_shape[2],2048
03-partial-auto-kv,repetitions[0].diagnostics.per_rank[1].kernel_config_records.records[6].w2_shape[0],512
03-partial-auto-kv,repetitions[0].diagnostics.per_rank[1].kernel_config_records.records[6].w2_shape[1],2048
03-partial-auto-kv,repetitions[0].diagnostics.per_rank[1].kernel_config_records.records[6].w2_shape[2],128
03-partial-auto-kv,repetitions[0].diagnostics.per_rank[1].kernel_config_records.records[6].config.BLOCK_SIZE_K,64
03-partial-auto-kv,repetitions[0].diagnostics.per_rank[1].kernel_config_records.records[6].config.BLOCK_SIZE_M,16
03-partial-auto-kv,repetitions[0].diagnostics.per_rank[1].kernel_config_records.records[6].config.BLOCK_SIZE_N,128
03-partial-auto-kv,repetitions[0].diagnostics.per_rank[1].kernel_config_records.records[6].config.GROUP_SIZE_M,1
03-partial-auto-kv,repetitions[0].diagnostics.per_rank[1].kernel_config_records.records[6].config.num_stages,3
03-partial-auto-kv,repetitions[0].diagnostics.per_rank[1].kernel_config_records.records[6].config.num_warps,8
03-partial-auto-kv,repetitions[0].diagnostics.per_rank[1].kernel_config_records.records[7].chunk_tokens,28
03-partial-auto-kv,repetitions[0].diagnostics.per_rank[1].kernel_config_records.records[7].top_k,10
03-partial-auto-kv,repetitions[0].diagnostics.per_rank[1].kernel_config_records.records[7].selections,48
03-partial-auto-kv,repetitions[0].diagnostics.per_rank[1].kernel_config_records.records[7].w13_shape[0],512
03-partial-auto-kv,repetitions[0].diagnostics.per_rank[1].kernel_config_records.records[7].w13_shape[1],256
03-partial-auto-kv,repetitions[0].diagnostics.per_rank[1].kernel_config_records.records[7].w13_shape[2],2048
03-partial-auto-kv,repetitions[0].diagnostics.per_rank[1].kernel_config_records.records[7].w2_shape[0],512
03-partial-auto-kv,repetitions[0].diagnostics.per_rank[1].kernel_config_records.records[7].w2_shape[1],2048
03-partial-auto-kv,repetitions[0].diagnostics.per_rank[1].kernel_config_records.records[7].w2_shape[2],128
03-partial-auto-kv,repetitions[0].diagnostics.per_rank[1].kernel_config_records.records[7].config.BLOCK_SIZE_K,64
03-partial-auto-kv,repetitions[0].diagnostics.per_rank[1].kernel_config_records.records[7].config.BLOCK_SIZE_M,32
03-partial-auto-kv,repetitions[0].diagnostics.per_rank[1].kernel_config_records.records[7].config.BLOCK_SIZE_N,128
03-partial-auto-kv,repetitions[0].diagnostics.per_rank[1].kernel_config_records.records[7].config.GROUP_SIZE_M,1
03-partial-auto-kv,repetitions[0].diagnostics.per_rank[1].kernel_config_records.records[7].config.num_stages,3
03-partial-auto-kv,repetitions[0].diagnostics.per_rank[1].kernel_config_records.records[7].config.num_warps,4
03-partial-auto-kv,repetitions[0].diagnostics.per_rank[1].kernel_config_records.records[8].chunk_tokens,26
03-partial-auto-kv,repetitions[0].diagnostics.per_rank[1].kernel_config_records.records[8].top_k,10
03-partial-auto-kv,repetitions[0].diagnostics.per_rank[1].kernel_config_records.records[8].selections,48
03-partial-auto-kv,repetitions[0].diagnostics.per_rank[1].kernel_config_records.records[8].w13_shape[0],512
03-partial-auto-kv,repetitions[0].diagnostics.per_rank[1].kernel_config_records.records[8].w13_shape[1],256
03-partial-auto-kv,repetitions[0].diagnostics.per_rank[1].kernel_config_records.records[8].w13_shape[2],2048
03-partial-auto-kv,repetitions[0].diagnostics.per_rank[1].kernel_config_records.records[8].w2_shape[0],512
03-partial-auto-kv,repetitions[0].diagnostics.per_rank[1].kernel_config_records.records[8].w2_shape[1],2048
03-partial-auto-kv,repetitions[0].diagnostics.per_rank[1].kernel_config_records.records[8].w2_shape[2],128
03-partial-auto-kv,repetitions[0].diagnostics.per_rank[1].kernel_config_records.records[8].config.BLOCK_SIZE_K,64
03-partial-auto-kv,repetitions[0].diagnostics.per_rank[1].kernel_config_records.records[8].config.BLOCK_SIZE_M,32
03-partial-auto-kv,repetitions[0].diagnostics.per_rank[1].kernel_config_records.records[8].config.BLOCK_SIZE_N,128
03-partial-auto-kv,repetitions[0].diagnostics.per_rank[1].kernel_config_records.records[8].config.GROUP_SIZE_M,1
03-partial-auto-kv,repetitions[0].diagnostics.per_rank[1].kernel_config_records.records[8].config.num_stages,3
03-partial-auto-kv,repetitions[0].diagnostics.per_rank[1].kernel_config_records.records[8].config.num_warps,4
03-partial-auto-kv,repetitions[0].diagnostics.per_rank[1].kernel_config_records.records[9].chunk_tokens,24
03-partial-auto-kv,repetitions[0].diagnostics.per_rank[1].kernel_config_records.records[9].top_k,10
03-partial-auto-kv,repetitions[0].diagnostics.per_rank[1].kernel_config_records.records[9].selections,48
03-partial-auto-kv,repetitions[0].diagnostics.per_rank[1].kernel_config_records.records[9].w13_shape[0],512
03-partial-auto-kv,repetitions[0].diagnostics.per_rank[1].kernel_config_records.records[9].w13_shape[1],256
03-partial-auto-kv,repetitions[0].diagnostics.per_rank[1].kernel_config_records.records[9].w13_shape[2],2048
03-partial-auto-kv,repetitions[0].diagnostics.per_rank[1].kernel_config_records.records[9].w2_shape[0],512
03-partial-auto-kv,repetitions[0].diagnostics.per_rank[1].kernel_config_records.records[9].w2_shape[1],2048
03-partial-auto-kv,repetitions[0].diagnostics.per_rank[1].kernel_config_records.records[9].w2_shape[2],128
03-partial-auto-kv,repetitions[0].diagnostics.per_rank[1].kernel_config_records.records[9].config.BLOCK_SIZE_K,64
03-partial-auto-kv,repetitions[0].diagnostics.per_rank[1].kernel_config_records.records[9].config.BLOCK_SIZE_M,32
03-partial-auto-kv,repetitions[0].diagnostics.per_rank[1].kernel_config_records.records[9].config.BLOCK_SIZE_N,128
03-partial-auto-kv,repetitions[0].diagnostics.per_rank[1].kernel_config_records.records[9].config.GROUP_SIZE_M,1
03-partial-auto-kv,repetitions[0].diagnostics.per_rank[1].kernel_config_records.records[9].config.num_stages,3
03-partial-auto-kv,repetitions[0].diagnostics.per_rank[1].kernel_config_records.records[9].config.num_warps,4
03-partial-auto-kv,repetitions[0].diagnostics.per_rank[1].kernel_config_records.records[10].chunk_tokens,22
03-partial-auto-kv,repetitions[0].diagnostics.per_rank[1].kernel_config_records.records[10].top_k,10
03-partial-auto-kv,repetitions[0].diagnostics.per_rank[1].kernel_config_records.records[10].selections,48
03-partial-auto-kv,repetitions[0].diagnostics.per_rank[1].kernel_config_records.records[10].w13_shape[0],512
03-partial-auto-kv,repetitions[0].diagnostics.per_rank[1].kernel_config_records.records[10].w13_shape[1],256
03-partial-auto-kv,repetitions[0].diagnostics.per_rank[1].kernel_config_records.records[10].w13_shape[2],2048
03-partial-auto-kv,repetitions[0].diagnostics.per_rank[1].kernel_config_records.records[10].w2_shape[0],512
03-partial-auto-kv,repetitions[0].diagnostics.per_rank[1].kernel_config_records.records[10].w2_shape[1],2048
03-partial-auto-kv,repetitions[0].diagnostics.per_rank[1].kernel_config_records.records[10].w2_shape[2],128
03-partial-auto-kv,repetitions[0].diagnostics.per_rank[1].kernel_config_records.records[10].config.BLOCK_SIZE_K,64
03-partial-auto-kv,repetitions[0].diagnostics.per_rank[1].kernel_config_records.records[10].config.BLOCK_SIZE_M,32
03-partial-auto-kv,repetitions[0].diagnostics.per_rank[1].kernel_config_records.records[10].config.BLOCK_SIZE_N,128
03-partial-auto-kv,repetitions[0].diagnostics.per_rank[1].kernel_config_records.records[10].config.GROUP_SIZE_M,1
03-partial-auto-kv,repetitions[0].diagnostics.per_rank[1].kernel_config_records.records[10].config.num_stages,3
03-partial-auto-kv,repetitions[0].diagnostics.per_rank[1].kernel_config_records.records[10].config.num_warps,4
03-partial-auto-kv,repetitions[0].diagnostics.per_rank[1].kernel_config_records.records[11].chunk_tokens,20
03-partial-auto-kv,repetitions[0].diagnostics.per_rank[1].kernel_config_records.records[11].top_k,10
03-partial-auto-kv,repetitions[0].diagnostics.per_rank[1].kernel_config_records.records[11].selections,48
03-partial-auto-kv,repetitions[0].diagnostics.per_rank[1].kernel_config_records.records[11].w13_shape[0],512
03-partial-auto-kv,repetitions[0].diagnostics.per_rank[1].kernel_config_records.records[11].w13_shape[1],256
03-partial-auto-kv,repetitions[0].diagnostics.per_rank[1].kernel_config_records.records[11].w13_shape[2],2048
03-partial-auto-kv,repetitions[0].diagnostics.per_rank[1].kernel_config_records.records[11].w2_shape[0],512
03-partial-auto-kv,repetitions[0].diagnostics.per_rank[1].kernel_config_records.records[11].w2_shape[1],2048
03-partial-auto-kv,repetitions[0].diagnostics.per_rank[1].kernel_config_records.records[11].w2_shape[2],128
03-partial-auto-kv,repetitions[0].diagnostics.per_rank[1].kernel_config_records.records[11].config.BLOCK_SIZE_K,64
03-partial-auto-kv,repetitions[0].diagnostics.per_rank[1].kernel_config_records.records[11].config.BLOCK_SIZE_M,16
03-partial-auto-kv,repetitions[0].diagnostics.per_rank[1].kernel_config_records.records[11].config.BLOCK_SIZE_N,128
03-partial-auto-kv,repetitions[0].diagnostics.per_rank[1].kernel_config_records.records[11].config.GROUP_SIZE_M,1
03-partial-auto-kv,repetitions[0].diagnostics.per_rank[1].kernel_config_records.records[11].config.num_stages,3
03-partial-auto-kv,repetitions[0].diagnostics.per_rank[1].kernel_config_records.records[11].config.num_warps,4
03-partial-auto-kv,repetitions[0].diagnostics.per_rank[1].kernel_config_records.records[12].chunk_tokens,18
03-partial-auto-kv,repetitions[0].diagnostics.per_rank[1].kernel_config_records.records[12].top_k,10
03-partial-auto-kv,repetitions[0].diagnostics.per_rank[1].kernel_config_records.records[12].selections,48
03-partial-auto-kv,repetitions[0].diagnostics.per_rank[1].kernel_config_records.records[12].w13_shape[0],512
03-partial-auto-kv,repetitions[0].diagnostics.per_rank[1].kernel_config_records.records[12].w13_shape[1],256
03-partial-auto-kv,repetitions[0].diagnostics.per_rank[1].kernel_config_records.records[12].w13_shape[2],2048
03-partial-auto-kv,repetitions[0].diagnostics.per_rank[1].kernel_config_records.records[12].w2_shape[0],512
03-partial-auto-kv,repetitions[0].diagnostics.per_rank[1].kernel_config_records.records[12].w2_shape[1],2048
03-partial-auto-kv,repetitions[0].diagnostics.per_rank[1].kernel_config_records.records[12].w2_shape[2],128
03-partial-auto-kv,repetitions[0].diagnostics.per_rank[1].kernel_config_records.records[12].config.BLOCK_SIZE_K,64
03-partial-auto-kv,repetitions[0].diagnostics.per_rank[1].kernel_config_records.records[12].config.BLOCK_SIZE_M,16
03-partial-auto-kv,repetitions[0].diagnostics.per_rank[1].kernel_config_records.records[12].config.BLOCK_SIZE_N,128
03-partial-auto-kv,repetitions[0].diagnostics.per_rank[1].kernel_config_records.records[12].config.GROUP_SIZE_M,1
03-partial-auto-kv,repetitions[0].diagnostics.per_rank[1].kernel_config_records.records[12].config.num_stages,3
03-partial-auto-kv,repetitions[0].diagnostics.per_rank[1].kernel_config_records.records[12].config.num_warps,4
03-partial-auto-kv,repetitions[0].diagnostics.per_rank[1].kernel_config_records.records[13].chunk_tokens,16
03-partial-auto-kv,repetitions[0].diagnostics.per_rank[1].kernel_config_records.records[13].top_k,10
03-partial-auto-kv,repetitions[0].diagnostics.per_rank[1].kernel_config_records.records[13].selections,48
03-partial-auto-kv,repetitions[0].diagnostics.per_rank[1].kernel_config_records.records[13].w13_shape[0],512
03-partial-auto-kv,repetitions[0].diagnostics.per_rank[1].kernel_config_records.records[13].w13_shape[1],256
03-partial-auto-kv,repetitions[0].diagnostics.per_rank[1].kernel_config_records.records[13].w13_shape[2],2048
03-partial-auto-kv,repetitions[0].diagnostics.per_rank[1].kernel_config_records.records[13].w2_shape[0],512
03-partial-auto-kv,repetitions[0].diagnostics.per_rank[1].kernel_config_records.records[13].w2_shape[1],2048
03-partial-auto-kv,repetitions[0].diagnostics.per_rank[1].kernel_config_records.records[13].w2_shape[2],128
03-partial-auto-kv,repetitions[0].diagnostics.per_rank[1].kernel_config_records.records[13].config.BLOCK_SIZE_K,64
03-partial-auto-kv,repetitions[0].diagnostics.per_rank[1].kernel_config_records.records[13].config.BLOCK_SIZE_M,16
03-partial-auto-kv,repetitions[0].diagnostics.per_rank[1].kernel_config_records.records[13].config.BLOCK_SIZE_N,128
03-partial-auto-kv,repetitions[0].diagnostics.per_rank[1].kernel_config_records.records[13].config.GROUP_SIZE_M,1
03-partial-auto-kv,repetitions[0].diagnostics.per_rank[1].kernel_config_records.records[13].config.num_stages,3
03-partial-auto-kv,repetitions[0].diagnostics.per_rank[1].kernel_config_records.records[13].config.num_warps,4
03-partial-auto-kv,repetitions[0].diagnostics.per_rank[1].kernel_config_records.records[14].chunk_tokens,14
03-partial-auto-kv,repetitions[0].diagnostics.per_rank[1].kernel_config_records.records[14].top_k,10
03-partial-auto-kv,repetitions[0].diagnostics.per_rank[1].kernel_config_records.records[14].selections,48
03-partial-auto-kv,repetitions[0].diagnostics.per_rank[1].kernel_config_records.records[14].w13_shape[0],512
03-partial-auto-kv,repetitions[0].diagnostics.per_rank[1].kernel_config_records.records[14].w13_shape[1],256
03-partial-auto-kv,repetitions[0].diagnostics.per_rank[1].kernel_config_records.records[14].w13_shape[2],2048
03-partial-auto-kv,repetitions[0].diagnostics.per_rank[1].kernel_config_records.records[14].w2_shape[0],512
03-partial-auto-kv,repetitions[0].diagnostics.per_rank[1].kernel_config_records.records[14].w2_shape[1],2048
03-partial-auto-kv,repetitions[0].diagnostics.per_rank[1].kernel_config_records.records[14].w2_shape[2],128
03-partial-auto-kv,repetitions[0].diagnostics.per_rank[1].kernel_config_records.records[14].config.BLOCK_SIZE_K,64
03-partial-auto-kv,repetitions[0].diagnostics.per_rank[1].kernel_config_records.records[14].config.BLOCK_SIZE_M,16
03-partial-auto-kv,repetitions[0].diagnostics.per_rank[1].kernel_config_records.records[14].config.BLOCK_SIZE_N,128
03-partial-auto-kv,repetitions[0].diagnostics.per_rank[1].kernel_config_records.records[14].config.GROUP_SIZE_M,1
03-partial-auto-kv,repetitions[0].diagnostics.per_rank[1].kernel_config_records.records[14].config.num_stages,3
03-partial-auto-kv,repetitions[0].diagnostics.per_rank[1].kernel_config_records.records[14].config.num_warps,4
03-partial-auto-kv,repetitions[0].diagnostics.per_rank[1].kernel_config_records.records[15].chunk_tokens,12
03-partial-auto-kv,repetitions[0].diagnostics.per_rank[1].kernel_config_records.records[15].top_k,10
03-partial-auto-kv,repetitions[0].diagnostics.per_rank[1].kernel_config_records.records[15].selections,48
03-partial-auto-kv,repetitions[0].diagnostics.per_rank[1].kernel_config_records.records[15].w13_shape[0],512
03-partial-auto-kv,repetitions[0].diagnostics.per_rank[1].kernel_config_records.records[15].w13_shape[1],256
03-partial-auto-kv,repetitions[0].diagnostics.per_rank[1].kernel_config_records.records[15].w13_shape[2],2048
03-partial-auto-kv,repetitions[0].diagnostics.per_rank[1].kernel_config_records.records[15].w2_shape[0],512
03-partial-auto-kv,repetitions[0].diagnostics.per_rank[1].kernel_config_records.records[15].w2_shape[1],2048
03-partial-auto-kv,repetitions[0].diagnostics.per_rank[1].kernel_config_records.records[15].w2_shape[2],128
03-partial-auto-kv,repetitions[0].diagnostics.per_rank[1].kernel_config_records.records[15].config.BLOCK_SIZE_K,64
03-partial-auto-kv,repetitions[0].diagnostics.per_rank[1].kernel_config_records.records[15].config.BLOCK_SIZE_M,16
03-partial-auto-kv,repetitions[0].diagnostics.per_rank[1].kernel_config_records.records[15].config.BLOCK_SIZE_N,128
03-partial-auto-kv,repetitions[0].diagnostics.per_rank[1].kernel_config_records.records[15].config.GROUP_SIZE_M,1
03-partial-auto-kv,repetitions[0].diagnostics.per_rank[1].kernel_config_records.records[15].config.num_stages,3
03-partial-auto-kv,repetitions[0].diagnostics.per_rank[1].kernel_config_records.records[15].config.num_warps,4
03-partial-auto-kv,repetitions[0].diagnostics.per_rank[1].kernel_config_records.records[16].chunk_tokens,10
03-partial-auto-kv,repetitions[0].diagnostics.per_rank[1].kernel_config_records.records[16].top_k,10
03-partial-auto-kv,repetitions[0].diagnostics.per_rank[1].kernel_config_records.records[16].selections,48
03-partial-auto-kv,repetitions[0].diagnostics.per_rank[1].kernel_config_records.records[16].w13_shape[0],512
03-partial-auto-kv,repetitions[0].diagnostics.per_rank[1].kernel_config_records.records[16].w13_shape[1],256
03-partial-auto-kv,repetitions[0].diagnostics.per_rank[1].kernel_config_records.records[16].w13_shape[2],2048
03-partial-auto-kv,repetitions[0].diagnostics.per_rank[1].kernel_config_records.records[16].w2_shape[0],512
03-partial-auto-kv,repetitions[0].diagnostics.per_rank[1].kernel_config_records.records[16].w2_shape[1],2048
03-partial-auto-kv,repetitions[0].diagnostics.per_rank[1].kernel_config_records.records[16].w2_shape[2],128
03-partial-auto-kv,repetitions[0].diagnostics.per_rank[1].kernel_config_records.records[16].config.BLOCK_SIZE_K,64
03-partial-auto-kv,repetitions[0].diagnostics.per_rank[1].kernel_config_records.records[16].config.BLOCK_SIZE_M,16
03-partial-auto-kv,repetitions[0].diagnostics.per_rank[1].kernel_config_records.records[16].config.BLOCK_SIZE_N,128
03-partial-auto-kv,repetitions[0].diagnostics.per_rank[1].kernel_config_records.records[16].config.GROUP_SIZE_M,1
03-partial-auto-kv,repetitions[0].diagnostics.per_rank[1].kernel_config_records.records[16].config.num_stages,3
03-partial-auto-kv,repetitions[0].diagnostics.per_rank[1].kernel_config_records.records[16].config.num_warps,4
03-partial-auto-kv,repetitions[0].diagnostics.per_rank[1].kernel_config_records.records[17].chunk_tokens,8
03-partial-auto-kv,repetitions[0].diagnostics.per_rank[1].kernel_config_records.records[17].top_k,10
03-partial-auto-kv,repetitions[0].diagnostics.per_rank[1].kernel_config_records.records[17].selections,48
03-partial-auto-kv,repetitions[0].diagnostics.per_rank[1].kernel_config_records.records[17].w13_shape[0],512
03-partial-auto-kv,repetitions[0].diagnostics.per_rank[1].kernel_config_records.records[17].w13_shape[1],256
03-partial-auto-kv,repetitions[0].diagnostics.per_rank[1].kernel_config_records.records[17].w13_shape[2],2048
03-partial-auto-kv,repetitions[0].diagnostics.per_rank[1].kernel_config_records.records[17].w2_shape[0],512
03-partial-auto-kv,repetitions[0].diagnostics.per_rank[1].kernel_config_records.records[17].w2_shape[1],2048
03-partial-auto-kv,repetitions[0].diagnostics.per_rank[1].kernel_config_records.records[17].w2_shape[2],128
03-partial-auto-kv,repetitions[0].diagnostics.per_rank[1].kernel_config_records.records[17].config.BLOCK_SIZE_K,64
03-partial-auto-kv,repetitions[0].diagnostics.per_rank[1].kernel_config_records.records[17].config.BLOCK_SIZE_M,16
03-partial-auto-kv,repetitions[0].diagnostics.per_rank[1].kernel_config_records.records[17].config.BLOCK_SIZE_N,128
03-partial-auto-kv,repetitions[0].diagnostics.per_rank[1].kernel_config_records.records[17].config.GROUP_SIZE_M,1
03-partial-auto-kv,repetitions[0].diagnostics.per_rank[1].kernel_config_records.records[17].config.num_stages,3
03-partial-auto-kv,repetitions[0].diagnostics.per_rank[1].kernel_config_records.records[17].config.num_warps,4
03-partial-auto-kv,repetitions[0].diagnostics.per_rank[1].kernel_config_records.records[18].chunk_tokens,6
03-partial-auto-kv,repetitions[0].diagnostics.per_rank[1].kernel_config_records.records[18].top_k,10
03-partial-auto-kv,repetitions[0].diagnostics.per_rank[1].kernel_config_records.records[18].selections,48
03-partial-auto-kv,repetitions[0].diagnostics.per_rank[1].kernel_config_records.records[18].w13_shape[0],512
03-partial-auto-kv,repetitions[0].diagnostics.per_rank[1].kernel_config_records.records[18].w13_shape[1],256
03-partial-auto-kv,repetitions[0].diagnostics.per_rank[1].kernel_config_records.records[18].w13_shape[2],2048
03-partial-auto-kv,repetitions[0].diagnostics.per_rank[1].kernel_config_records.records[18].w2_shape[0],512
03-partial-auto-kv,repetitions[0].diagnostics.per_rank[1].kernel_config_records.records[18].w2_shape[1],2048
03-partial-auto-kv,repetitions[0].diagnostics.per_rank[1].kernel_config_records.records[18].w2_shape[2],128
03-partial-auto-kv,repetitions[0].diagnostics.per_rank[1].kernel_config_records.records[18].config.BLOCK_SIZE_K,64
03-partial-auto-kv,repetitions[0].diagnostics.per_rank[1].kernel_config_records.records[18].config.BLOCK_SIZE_M,16
03-partial-auto-kv,repetitions[0].diagnostics.per_rank[1].kernel_config_records.records[18].config.BLOCK_SIZE_N,128
03-partial-auto-kv,repetitions[0].diagnostics.per_rank[1].kernel_config_records.records[18].config.GROUP_SIZE_M,1
03-partial-auto-kv,repetitions[0].diagnostics.per_rank[1].kernel_config_records.records[18].config.num_stages,4
03-partial-auto-kv,repetitions[0].diagnostics.per_rank[1].kernel_config_records.records[18].config.num_warps,4
03-partial-auto-kv,repetitions[0].diagnostics.per_rank[1].kernel_config_records.records[19].chunk_tokens,4
03-partial-auto-kv,repetitions[0].diagnostics.per_rank[1].kernel_config_records.records[19].top_k,10
03-partial-auto-kv,repetitions[0].diagnostics.per_rank[1].kernel_config_records.records[19].selections,48
03-partial-auto-kv,repetitions[0].diagnostics.per_rank[1].kernel_config_records.records[19].w13_shape[0],512
03-partial-auto-kv,repetitions[0].diagnostics.per_rank[1].kernel_config_records.records[19].w13_shape[1],256
03-partial-auto-kv,repetitions[0].diagnostics.per_rank[1].kernel_config_records.records[19].w13_shape[2],2048
03-partial-auto-kv,repetitions[0].diagnostics.per_rank[1].kernel_config_records.records[19].w2_shape[0],512
03-partial-auto-kv,repetitions[0].diagnostics.per_rank[1].kernel_config_records.records[19].w2_shape[1],2048
03-partial-auto-kv,repetitions[0].diagnostics.per_rank[1].kernel_config_records.records[19].w2_shape[2],128
03-partial-auto-kv,repetitions[0].diagnostics.per_rank[1].kernel_config_records.records[19].config.BLOCK_SIZE_K,64
03-partial-auto-kv,repetitions[0].diagnostics.per_rank[1].kernel_config_records.records[19].config.BLOCK_SIZE_M,16
03-partial-auto-kv,repetitions[0].diagnostics.per_rank[1].kernel_config_records.records[19].config.BLOCK_SIZE_N,128
03-partial-auto-kv,repetitions[0].diagnostics.per_rank[1].kernel_config_records.records[19].config.GROUP_SIZE_M,1
03-partial-auto-kv,repetitions[0].diagnostics.per_rank[1].kernel_config_records.records[19].config.num_stages,4
03-partial-auto-kv,repetitions[0].diagnostics.per_rank[1].kernel_config_records.records[19].config.num_warps,4
03-partial-auto-kv,repetitions[0].diagnostics.per_rank[1].kernel_config_records.records[20].chunk_tokens,2
03-partial-auto-kv,repetitions[0].diagnostics.per_rank[1].kernel_config_records.records[20].top_k,10
03-partial-auto-kv,repetitions[0].diagnostics.per_rank[1].kernel_config_records.records[20].selections,48
03-partial-auto-kv,repetitions[0].diagnostics.per_rank[1].kernel_config_records.records[20].w13_shape[0],512
03-partial-auto-kv,repetitions[0].diagnostics.per_rank[1].kernel_config_records.records[20].w13_shape[1],256
03-partial-auto-kv,repetitions[0].diagnostics.per_rank[1].kernel_config_records.records[20].w13_shape[2],2048
03-partial-auto-kv,repetitions[0].diagnostics.per_rank[1].kernel_config_records.records[20].w2_shape[0],512
03-partial-auto-kv,repetitions[0].diagnostics.per_rank[1].kernel_config_records.records[20].w2_shape[1],2048
03-partial-auto-kv,repetitions[0].diagnostics.per_rank[1].kernel_config_records.records[20].w2_shape[2],128
03-partial-auto-kv,repetitions[0].diagnostics.per_rank[1].kernel_config_records.records[20].config.BLOCK_SIZE_K,64
03-partial-auto-kv,repetitions[0].diagnostics.per_rank[1].kernel_config_records.records[20].config.BLOCK_SIZE_M,32
03-partial-auto-kv,repetitions[0].diagnostics.per_rank[1].kernel_config_records.records[20].config.BLOCK_SIZE_N,64
03-partial-auto-kv,repetitions[0].diagnostics.per_rank[1].kernel_config_records.records[20].config.GROUP_SIZE_M,1
03-partial-auto-kv,repetitions[0].diagnostics.per_rank[1].kernel_config_records.records[20].config.num_stages,4
03-partial-auto-kv,repetitions[0].diagnostics.per_rank[1].kernel_config_records.records[20].config.num_warps,8
03-partial-auto-kv,repetitions[0].diagnostics.per_rank[2].h2d_bytes,343040065536
03-partial-auto-kv,repetitions[0].diagnostics.per_rank[2].copy_launches,7656
03-partial-auto-kv,repetitions[0].diagnostics.per_rank[2].startup_resident_h2d_bytes,0
03-partial-auto-kv,repetitions[0].diagnostics.per_rank[2].promotion_d2d_bytes,416808960
03-partial-auto-kv,repetitions[0].diagnostics.per_rank[2].metadata_h2d_bytes,7866440
03-partial-auto-kv,repetitions[0].diagnostics.per_rank[2].unique_demands,815963
03-partial-auto-kv,repetitions[0].diagnostics.per_rank[2].resident_hits,587209
03-partial-auto-kv,repetitions[0].diagnostics.per_rank[2].timing.route_d2h_s,7.5610654153861105
03-partial-auto-kv,repetitions[0].diagnostics.per_rank[2].timing.policy_cpu_s,1.450863336212933
03-partial-auto-kv,repetitions[0].diagnostics.per_rank[2].timing.host_reuse_wait_s,0.02602496324107051
03-partial-auto-kv,repetitions[0].diagnostics.per_rank[2].timing.host_gather_s,83.59698324231431
03-partial-auto-kv,repetitions[0].diagnostics.per_rank[2].timing.h2d_enqueue_s,0.39969751238822937
03-partial-auto-kv,repetitions[0].diagnostics.per_rank[2].timing.compute_enqueue_s,2.539919016417116
03-partial-auto-kv,repetitions[0].diagnostics.per_rank[2].timing.cuda_sample_count,124
03-partial-auto-kv,repetitions[0].diagnostics.per_rank[2].timing.load_cuda_s,0.21342339316941805
03-partial-auto-kv,repetitions[0].diagnostics.per_rank[2].timing.compute_cuda_s,0.0372399039119482
03-partial-auto-kv,repetitions[0].diagnostics.per_rank[2].timing.promotion_cuda_s,0.0006304320055060091
03-partial-auto-kv,repetitions[0].diagnostics.per_rank[2].policy.observations,3840
03-partial-auto-kv,repetitions[0].diagnostics.per_rank[2].policy.unique_demands,815963
03-partial-auto-kv,repetitions[0].diagnostics.per_rank[2].policy.completed_forwards,80
03-partial-auto-kv,repetitions[0].diagnostics.per_rank[2].policy.decay_events,1
03-partial-auto-kv,repetitions[0].diagnostics.per_rank[2].policy.cache_hits,10655
03-partial-auto-kv,repetitions[0].diagnostics.per_rank[2].policy.cache_misses,218099
03-partial-auto-kv,repetitions[0].diagnostics.per_rank[2].policy.admissions,265
03-partial-auto-kv,repetitions[0].diagnostics.per_rank[2].policy.evictions,265
03-partial-auto-kv,repetitions[0].diagnostics.per_rank[2].policy.cache_bypasses,217834
03-partial-auto-kv,repetitions[0].diagnostics.per_rank[2].policy.reconfigurations,0
03-partial-auto-kv,repetitions[0].diagnostics.per_rank[2].policy.cache_hit_ratio,0.046578420486636296
03-partial-auto-kv,repetitions[0].diagnostics.per_rank[2].rank,2
03-partial-auto-kv,repetitions[0].diagnostics.per_rank[2].forward_counts[0],80
03-partial-auto-kv,repetitions[0].diagnostics.per_rank[2].forward_counts[1],80
03-partial-auto-kv,repetitions[0].diagnostics.per_rank[2].forward_counts[2],80
03-partial-auto-kv,repetitions[0].diagnostics.per_rank[2].forward_counts[3],80
03-partial-auto-kv,repetitions[0].diagnostics.per_rank[2].forward_counts[4],80
03-partial-auto-kv,repetitions[0].diagnostics.per_rank[2].forward_counts[5],80
03-partial-auto-kv,repetitions[0].diagnostics.per_rank[2].forward_counts[6],80
03-partial-auto-kv,repetitions[0].diagnostics.per_rank[2].forward_counts[7],80
03-partial-auto-kv,repetitions[0].diagnostics.per_rank[2].forward_counts[8],80
03-partial-auto-kv,repetitions[0].diagnostics.per_rank[2].forward_counts[9],80
03-partial-auto-kv,repetitions[0].diagnostics.per_rank[2].forward_counts[10],80
03-partial-auto-kv,repetitions[0].diagnostics.per_rank[2].forward_counts[11],80
03-partial-auto-kv,repetitions[0].diagnostics.per_rank[2].forward_counts[12],80
03-partial-auto-kv,repetitions[0].diagnostics.per_rank[2].forward_counts[13],80
03-partial-auto-kv,repetitions[0].diagnostics.per_rank[2].forward_counts[14],80
03-partial-auto-kv,repetitions[0].diagnostics.per_rank[2].forward_counts[15],80
03-partial-auto-kv,repetitions[0].diagnostics.per_rank[2].forward_counts[16],80
03-partial-auto-kv,repetitions[0].diagnostics.per_rank[2].forward_counts[17],80
03-partial-auto-kv,repetitions[0].diagnostics.per_rank[2].forward_counts[18],80
03-partial-auto-kv,repetitions[0].diagnostics.per_rank[2].forward_counts[19],80
03-partial-auto-kv,repetitions[0].diagnostics.per_rank[2].forward_counts[20],80
03-partial-auto-kv,repetitions[0].diagnostics.per_rank[2].forward_counts[21],80
03-partial-auto-kv,repetitions[0].diagnostics.per_rank[2].forward_counts[22],80
03-partial-auto-kv,repetitions[0].diagnostics.per_rank[2].forward_counts[23],80
03-partial-auto-kv,repetitions[0].diagnostics.per_rank[2].forward_counts[24],80
03-partial-auto-kv,repetitions[0].diagnostics.per_rank[2].forward_counts[25],80
03-partial-auto-kv,repetitions[0].diagnostics.per_rank[2].forward_counts[26],80
03-partial-auto-kv,repetitions[0].diagnostics.per_rank[2].forward_counts[27],80
03-partial-auto-kv,repetitions[0].diagnostics.per_rank[2].forward_counts[28],80
03-partial-auto-kv,repetitions[0].diagnostics.per_rank[2].forward_counts[29],80
03-partial-auto-kv,repetitions[0].diagnostics.per_rank[2].forward_counts[30],80
03-partial-auto-kv,repetitions[0].diagnostics.per_rank[2].forward_counts[31],80
03-partial-auto-kv,repetitions[0].diagnostics.per_rank[2].forward_counts[32],80
03-partial-auto-kv,repetitions[0].diagnostics.per_rank[2].forward_counts[33],80
03-partial-auto-kv,repetitions[0].diagnostics.per_rank[2].forward_counts[34],80
03-partial-auto-kv,repetitions[0].diagnostics.per_rank[2].forward_counts[35],80
03-partial-auto-kv,repetitions[0].diagnostics.per_rank[2].forward_counts[36],80
03-partial-auto-kv,repetitions[0].diagnostics.per_rank[2].forward_counts[37],80
03-partial-auto-kv,repetitions[0].diagnostics.per_rank[2].forward_counts[38],80
03-partial-auto-kv,repetitions[0].diagnostics.per_rank[2].forward_counts[39],80
03-partial-auto-kv,repetitions[0].diagnostics.per_rank[2].forward_counts[40],80
03-partial-auto-kv,repetitions[0].diagnostics.per_rank[2].forward_counts[41],80
03-partial-auto-kv,repetitions[0].diagnostics.per_rank[2].forward_counts[42],80
03-partial-auto-kv,repetitions[0].diagnostics.per_rank[2].forward_counts[43],80
03-partial-auto-kv,repetitions[0].diagnostics.per_rank[2].forward_counts[44],80
03-partial-auto-kv,repetitions[0].diagnostics.per_rank[2].forward_counts[45],80
03-partial-auto-kv,repetitions[0].diagnostics.per_rank[2].forward_counts[46],80
03-partial-auto-kv,repetitions[0].diagnostics.per_rank[2].forward_counts[47],80
03-partial-auto-kv,repetitions[0].diagnostics.per_rank[2].per_layer_unique_demands[0],20395
03-partial-auto-kv,repetitions[0].diagnostics.per_rank[2].per_layer_unique_demands[1],16372
03-partial-auto-kv,repetitions[0].diagnostics.per_rank[2].per_layer_unique_demands[2],20910
03-partial-auto-kv,repetitions[0].diagnostics.per_rank[2].per_layer_unique_demands[3],15138
03-partial-auto-kv,repetitions[0].diagnostics.per_rank[2].per_layer_unique_demands[4],16450
03-partial-auto-kv,repetitions[0].diagnostics.per_rank[2].per_layer_unique_demands[5],18027
03-partial-auto-kv,repetitions[0].diagnostics.per_rank[2].per_layer_unique_demands[6],19770
03-partial-auto-kv,repetitions[0].diagnostics.per_rank[2].per_layer_unique_demands[7],19538
03-partial-auto-kv,repetitions[0].diagnostics.per_rank[2].per_layer_unique_demands[8],16820
03-partial-auto-kv,repetitions[0].diagnostics.per_rank[2].per_layer_unique_demands[9],15156
03-partial-auto-kv,repetitions[0].diagnostics.per_rank[2].per_layer_unique_demands[10],15042
03-partial-auto-kv,repetitions[0].diagnostics.per_rank[2].per_layer_unique_demands[11],16337
03-partial-auto-kv,repetitions[0].diagnostics.per_rank[2].per_layer_unique_demands[12],13924
03-partial-auto-kv,repetitions[0].diagnostics.per_rank[2].per_layer_unique_demands[13],14890
03-partial-auto-kv,repetitions[0].diagnostics.per_rank[2].per_layer_unique_demands[14],16567
03-partial-auto-kv,repetitions[0].diagnostics.per_rank[2].per_layer_unique_demands[15],17899
03-partial-auto-kv,repetitions[0].diagnostics.per_rank[2].per_layer_unique_demands[16],16215
03-partial-auto-kv,repetitions[0].diagnostics.per_rank[2].per_layer_unique_demands[17],17971
03-partial-auto-kv,repetitions[0].diagnostics.per_rank[2].per_layer_unique_demands[18],19465
03-partial-auto-kv,repetitions[0].diagnostics.per_rank[2].per_layer_unique_demands[19],19600
03-partial-auto-kv,repetitions[0].diagnostics.per_rank[2].per_layer_unique_demands[20],16581
03-partial-auto-kv,repetitions[0].diagnostics.per_rank[2].per_layer_unique_demands[21],14946
03-partial-auto-kv,repetitions[0].diagnostics.per_rank[2].per_layer_unique_demands[22],14997
03-partial-auto-kv,repetitions[0].diagnostics.per_rank[2].per_layer_unique_demands[23],16335
03-partial-auto-kv,repetitions[0].diagnostics.per_rank[2].per_layer_unique_demands[24],14406
03-partial-auto-kv,repetitions[0].diagnostics.per_rank[2].per_layer_unique_demands[25],15117
03-partial-auto-kv,repetitions[0].diagnostics.per_rank[2].per_layer_unique_demands[26],16717
03-partial-auto-kv,repetitions[0].diagnostics.per_rank[2].per_layer_unique_demands[27],18278
03-partial-auto-kv,repetitions[0].diagnostics.per_rank[2].per_layer_unique_demands[28],16760
03-partial-auto-kv,repetitions[0].diagnostics.per_rank[2].per_layer_unique_demands[29],18406
03-partial-auto-kv,repetitions[0].diagnostics.per_rank[2].per_layer_unique_demands[30],19738
03-partial-auto-kv,repetitions[0].diagnostics.per_rank[2].per_layer_unique_demands[31],19862
03-partial-auto-kv,repetitions[0].diagnostics.per_rank[2].per_layer_unique_demands[32],17528
03-partial-auto-kv,repetitions[0].diagnostics.per_rank[2].per_layer_unique_demands[33],16306
03-partial-auto-kv,repetitions[0].diagnostics.per_rank[2].per_layer_unique_demands[34],15922
03-partial-auto-kv,repetitions[0].diagnostics.per_rank[2].per_layer_unique_demands[35],17128
03-partial-auto-kv,repetitions[0].diagnostics.per_rank[2].per_layer_unique_demands[36],15269
03-partial-auto-kv,repetitions[0].diagnostics.per_rank[2].per_layer_unique_demands[37],15697
03-partial-auto-kv,repetitions[0].diagnostics.per_rank[2].per_layer_unique_demands[38],17002
03-partial-auto-kv,repetitions[0].diagnostics.per_rank[2].per_layer_unique_demands[39],18127
03-partial-auto-kv,repetitions[0].diagnostics.per_rank[2].per_layer_unique_demands[40],17634
03-partial-auto-kv,repetitions[0].diagnostics.per_rank[2].per_layer_unique_demands[41],17491
03-partial-auto-kv,repetitions[0].diagnostics.per_rank[2].per_layer_unique_demands[42],17212
03-partial-auto-kv,repetitions[0].diagnostics.per_rank[2].per_layer_unique_demands[43],16307
03-partial-auto-kv,repetitions[0].diagnostics.per_rank[2].per_layer_unique_demands[44],16499
03-partial-auto-kv,repetitions[0].diagnostics.per_rank[2].per_layer_unique_demands[45],16137
03-partial-auto-kv,repetitions[0].diagnostics.per_rank[2].per_layer_unique_demands[46],15837
03-partial-auto-kv,repetitions[0].diagnostics.per_rank[2].per_layer_unique_demands[47],17238
03-partial-auto-kv,repetitions[0].diagnostics.per_rank[2].per_layer_mean_unique_coverage[0],0.4979248046875
03-partial-auto-kv,repetitions[0].diagnostics.per_rank[2].per_layer_mean_unique_coverage[1],0.39970703125
03-partial-auto-kv,repetitions[0].diagnostics.per_rank[2].per_layer_mean_unique_coverage[2],0.510498046875
03-partial-auto-kv,repetitions[0].diagnostics.per_rank[2].per_layer_mean_unique_coverage[3],0.369580078125
03-partial-auto-kv,repetitions[0].diagnostics.per_rank[2].per_layer_mean_unique_coverage[4],0.401611328125
03-partial-auto-kv,repetitions[0].diagnostics.per_rank[2].per_layer_mean_unique_coverage[5],0.4401123046875
03-partial-auto-kv,repetitions[0].diagnostics.per_rank[2].per_layer_mean_unique_coverage[6],0.482666015625
03-partial-auto-kv,repetitions[0].diagnostics.per_rank[2].per_layer_mean_unique_coverage[7],0.477001953125
03-partial-auto-kv,repetitions[0].diagnostics.per_rank[2].per_layer_mean_unique_coverage[8],0.41064453125
03-partial-auto-kv,repetitions[0].diagnostics.per_rank[2].per_layer_mean_unique_coverage[9],0.37001953125
03-partial-auto-kv,repetitions[0].diagnostics.per_rank[2].per_layer_mean_unique_coverage[10],0.367236328125
03-partial-auto-kv,repetitions[0].diagnostics.per_rank[2].per_layer_mean_unique_coverage[11],0.3988525390625
03-partial-auto-kv,repetitions[0].diagnostics.per_rank[2].per_layer_mean_unique_coverage[12],0.33994140625
03-partial-auto-kv,repetitions[0].diagnostics.per_rank[2].per_layer_mean_unique_coverage[13],0.363525390625
03-partial-auto-kv,repetitions[0].diagnostics.per_rank[2].per_layer_mean_unique_coverage[14],0.4044677734375
03-partial-auto-kv,repetitions[0].diagnostics.per_rank[2].per_layer_mean_unique_coverage[15],0.4369873046875
03-partial-auto-kv,repetitions[0].diagnostics.per_rank[2].per_layer_mean_unique_coverage[16],0.3958740234375
03-partial-auto-kv,repetitions[0].diagnostics.per_rank[2].per_layer_mean_unique_coverage[17],0.4387451171875
03-partial-auto-kv,repetitions[0].diagnostics.per_rank[2].per_layer_mean_unique_coverage[18],0.4752197265625
03-partial-auto-kv,repetitions[0].diagnostics.per_rank[2].per_layer_mean_unique_coverage[19],0.478515625
03-partial-auto-kv,repetitions[0].diagnostics.per_rank[2].per_layer_mean_unique_coverage[20],0.4048095703125
03-partial-auto-kv,repetitions[0].diagnostics.per_rank[2].per_layer_mean_unique_coverage[21],0.364892578125
03-partial-auto-kv,repetitions[0].diagnostics.per_rank[2].per_layer_mean_unique_coverage[22],0.3661376953125
03-partial-auto-kv,repetitions[0].diagnostics.per_rank[2].per_layer_mean_unique_coverage[23],0.3988037109375
03-partial-auto-kv,repetitions[0].diagnostics.per_rank[2].per_layer_mean_unique_coverage[24],0.351708984375
03-partial-auto-kv,repetitions[0].diagnostics.per_rank[2].per_layer_mean_unique_coverage[25],0.3690673828125
03-partial-auto-kv,repetitions[0].diagnostics.per_rank[2].per_layer_mean_unique_coverage[26],0.4081298828125
03-partial-auto-kv,repetitions[0].diagnostics.per_rank[2].per_layer_mean_unique_coverage[27],0.446240234375
03-partial-auto-kv,repetitions[0].diagnostics.per_rank[2].per_layer_mean_unique_coverage[28],0.4091796875
03-partial-auto-kv,repetitions[0].diagnostics.per_rank[2].per_layer_mean_unique_coverage[29],0.449365234375
03-partial-auto-kv,repetitions[0].diagnostics.per_rank[2].per_layer_mean_unique_coverage[30],0.481884765625
03-partial-auto-kv,repetitions[0].diagnostics.per_rank[2].per_layer_mean_unique_coverage[31],0.484912109375
03-partial-auto-kv,repetitions[0].diagnostics.per_rank[2].per_layer_mean_unique_coverage[32],0.4279296875
03-partial-auto-kv,repetitions[0].diagnostics.per_rank[2].per_layer_mean_unique_coverage[33],0.398095703125
03-partial-auto-kv,repetitions[0].diagnostics.per_rank[2].per_layer_mean_unique_coverage[34],0.388720703125
03-partial-auto-kv,repetitions[0].diagnostics.per_rank[2].per_layer_mean_unique_coverage[35],0.4181640625
03-partial-auto-kv,repetitions[0].diagnostics.per_rank[2].per_layer_mean_unique_coverage[36],0.3727783203125
03-partial-auto-kv,repetitions[0].diagnostics.per_rank[2].per_layer_mean_unique_coverage[37],0.3832275390625
03-partial-auto-kv,repetitions[0].diagnostics.per_rank[2].per_layer_mean_unique_coverage[38],0.415087890625
03-partial-auto-kv,repetitions[0].diagnostics.per_rank[2].per_layer_mean_unique_coverage[39],0.4425537109375
03-partial-auto-kv,repetitions[0].diagnostics.per_rank[2].per_layer_mean_unique_coverage[40],0.430517578125
03-partial-auto-kv,repetitions[0].diagnostics.per_rank[2].per_layer_mean_unique_coverage[41],0.4270263671875
03-partial-auto-kv,repetitions[0].diagnostics.per_rank[2].per_layer_mean_unique_coverage[42],0.42021484375
03-partial-auto-kv,repetitions[0].diagnostics.per_rank[2].per_layer_mean_unique_coverage[43],0.3981201171875
03-partial-auto-kv,repetitions[0].diagnostics.per_rank[2].per_layer_mean_unique_coverage[44],0.4028076171875
03-partial-auto-kv,repetitions[0].diagnostics.per_rank[2].per_layer_mean_unique_coverage[45],0.3939697265625
03-partial-auto-kv,repetitions[0].diagnostics.per_rank[2].per_layer_mean_unique_coverage[46],0.3866455078125
03-partial-auto-kv,repetitions[0].diagnostics.per_rank[2].per_layer_mean_unique_coverage[47],0.420849609375
03-partial-auto-kv,repetitions[0].diagnostics.per_rank[2].gauge_snapshot.max_unique_per_forward,509
03-partial-auto-kv,repetitions[0].diagnostics.per_rank[2].gauge_snapshot.mean_unique_coverage,0.37642325935782966
03-partial-auto-kv,repetitions[0].diagnostics.per_rank[2].gauge_snapshot.per_layer_max_unique_per_forward[0],500
03-partial-auto-kv,repetitions[0].diagnostics.per_rank[2].gauge_snapshot.per_layer_max_unique_per_forward[1],437
03-partial-auto-kv,repetitions[0].diagnostics.per_rank[2].gauge_snapshot.per_layer_max_unique_per_forward[2],509
03-partial-auto-kv,repetitions[0].diagnostics.per_rank[2].gauge_snapshot.per_layer_max_unique_per_forward[3],432
03-partial-auto-kv,repetitions[0].diagnostics.per_rank[2].gauge_snapshot.per_layer_max_unique_per_forward[4],435
03-partial-auto-kv,repetitions[0].diagnostics.per_rank[2].gauge_snapshot.per_layer_max_unique_per_forward[5],467
03-partial-auto-kv,repetitions[0].diagnostics.per_rank[2].gauge_snapshot.per_layer_max_unique_per_forward[6],500
03-partial-auto-kv,repetitions[0].diagnostics.per_rank[2].gauge_snapshot.per_layer_max_unique_per_forward[7],494
03-partial-auto-kv,repetitions[0].diagnostics.per_rank[2].gauge_snapshot.per_layer_max_unique_per_forward[8],473
03-partial-auto-kv,repetitions[0].diagnostics.per_rank[2].gauge_snapshot.per_layer_max_unique_per_forward[9],418
03-partial-auto-kv,repetitions[0].diagnostics.per_rank[2].gauge_snapshot.per_layer_max_unique_per_forward[10],420
03-partial-auto-kv,repetitions[0].diagnostics.per_rank[2].gauge_snapshot.per_layer_max_unique_per_forward[11],441
03-partial-auto-kv,repetitions[0].diagnostics.per_rank[2].gauge_snapshot.per_layer_max_unique_per_forward[12],410
03-partial-auto-kv,repetitions[0].diagnostics.per_rank[2].gauge_snapshot.per_layer_max_unique_per_forward[13],409
03-partial-auto-kv,repetitions[0].diagnostics.per_rank[2].gauge_snapshot.per_layer_max_unique_per_forward[14],448
03-partial-auto-kv,repetitions[0].diagnostics.per_rank[2].gauge_snapshot.per_layer_max_unique_per_forward[15],477
03-partial-auto-kv,repetitions[0].diagnostics.per_rank[2].gauge_snapshot.per_layer_max_unique_per_forward[16],445
03-partial-auto-kv,repetitions[0].diagnostics.per_rank[2].gauge_snapshot.per_layer_max_unique_per_forward[17],473
03-partial-auto-kv,repetitions[0].diagnostics.per_rank[2].gauge_snapshot.per_layer_max_unique_per_forward[18],500
03-partial-auto-kv,repetitions[0].diagnostics.per_rank[2].gauge_snapshot.per_layer_max_unique_per_forward[19],497
03-partial-auto-kv,repetitions[0].diagnostics.per_rank[2].gauge_snapshot.per_layer_max_unique_per_forward[20],462
03-partial-auto-kv,repetitions[0].diagnostics.per_rank[2].gauge_snapshot.per_layer_max_unique_per_forward[21],422
03-partial-auto-kv,repetitions[0].diagnostics.per_rank[2].gauge_snapshot.per_layer_max_unique_per_forward[22],428
03-partial-auto-kv,repetitions[0].diagnostics.per_rank[2].gauge_snapshot.per_layer_max_unique_per_forward[23],448
03-partial-auto-kv,repetitions[0].diagnostics.per_rank[2].gauge_snapshot.per_layer_max_unique_per_forward[24],409
03-partial-auto-kv,repetitions[0].diagnostics.per_rank[2].gauge_snapshot.per_layer_max_unique_per_forward[25],425
03-partial-auto-kv,repetitions[0].diagnostics.per_rank[2].gauge_snapshot.per_layer_max_unique_per_forward[26],459
03-partial-auto-kv,repetitions[0].diagnostics.per_rank[2].gauge_snapshot.per_layer_max_unique_per_forward[27],485
03-partial-auto-kv,repetitions[0].diagnostics.per_rank[2].gauge_snapshot.per_layer_max_unique_per_forward[28],460
03-partial-auto-kv,repetitions[0].diagnostics.per_rank[2].gauge_snapshot.per_layer_max_unique_per_forward[29],486
03-partial-auto-kv,repetitions[0].diagnostics.per_rank[2].gauge_snapshot.per_layer_max_unique_per_forward[30],499
03-partial-auto-kv,repetitions[0].diagnostics.per_rank[2].gauge_snapshot.per_layer_max_unique_per_forward[31],502
03-partial-auto-kv,repetitions[0].diagnostics.per_rank[2].gauge_snapshot.per_layer_max_unique_per_forward[32],475
03-partial-auto-kv,repetitions[0].diagnostics.per_rank[2].gauge_snapshot.per_layer_max_unique_per_forward[33],450
03-partial-auto-kv,repetitions[0].diagnostics.per_rank[2].gauge_snapshot.per_layer_max_unique_per_forward[34],444
03-partial-auto-kv,repetitions[0].diagnostics.per_rank[2].gauge_snapshot.per_layer_max_unique_per_forward[35],461
03-partial-auto-kv,repetitions[0].diagnostics.per_rank[2].gauge_snapshot.per_layer_max_unique_per_forward[36],434
03-partial-auto-kv,repetitions[0].diagnostics.per_rank[2].gauge_snapshot.per_layer_max_unique_per_forward[37],443
03-partial-auto-kv,repetitions[0].diagnostics.per_rank[2].gauge_snapshot.per_layer_max_unique_per_forward[38],459
03-partial-auto-kv,repetitions[0].diagnostics.per_rank[2].gauge_snapshot.per_layer_max_unique_per_forward[39],474
03-partial-auto-kv,repetitions[0].diagnostics.per_rank[2].gauge_snapshot.per_layer_max_unique_per_forward[40],474
03-partial-auto-kv,repetitions[0].diagnostics.per_rank[2].gauge_snapshot.per_layer_max_unique_per_forward[41],449
03-partial-auto-kv,repetitions[0].diagnostics.per_rank[2].gauge_snapshot.per_layer_max_unique_per_forward[42],448
03-partial-auto-kv,repetitions[0].diagnostics.per_rank[2].gauge_snapshot.per_layer_max_unique_per_forward[43],429
03-partial-auto-kv,repetitions[0].diagnostics.per_rank[2].gauge_snapshot.per_layer_max_unique_per_forward[44],432
03-partial-auto-kv,repetitions[0].diagnostics.per_rank[2].gauge_snapshot.per_layer_max_unique_per_forward[45],426
03-partial-auto-kv,repetitions[0].diagnostics.per_rank[2].gauge_snapshot.per_layer_max_unique_per_forward[46],415
03-partial-auto-kv,repetitions[0].diagnostics.per_rank[2].gauge_snapshot.per_layer_max_unique_per_forward[47],442
03-partial-auto-kv,repetitions[0].diagnostics.per_rank[2].policy_snapshot.resident_experts,12288
03-partial-auto-kv,repetitions[0].diagnostics.per_rank[2].policy_snapshot.cache_slots,256
03-partial-auto-kv,repetitions[0].diagnostics.per_rank[2].policy_snapshot.cache_entries,256
03-partial-auto-kv,repetitions[0].diagnostics.per_rank[2].policy_snapshot.cache_hit_ratio,0.04587109789497083
03-partial-auto-kv,repetitions[0].diagnostics.per_rank[2].kernel_config_records.capacity,64
03-partial-auto-kv,repetitions[0].diagnostics.per_rank[2].kernel_config_records.unrecorded_selections,0
03-partial-auto-kv,repetitions[0].diagnostics.per_rank[2].kernel_config_records.records[0].chunk_tokens,8192
03-partial-auto-kv,repetitions[0].diagnostics.per_rank[2].kernel_config_records.records[0].top_k,10
03-partial-auto-kv,repetitions[0].diagnostics.per_rank[2].kernel_config_records.records[0].selections,816
03-partial-auto-kv,repetitions[0].diagnostics.per_rank[2].kernel_config_records.records[0].w13_shape[0],512
03-partial-auto-kv,repetitions[0].diagnostics.per_rank[2].kernel_config_records.records[0].w13_shape[1],256
03-partial-auto-kv,repetitions[0].diagnostics.per_rank[2].kernel_config_records.records[0].w13_shape[2],2048
03-partial-auto-kv,repetitions[0].diagnostics.per_rank[2].kernel_config_records.records[0].w2_shape[0],512
03-partial-auto-kv,repetitions[0].diagnostics.per_rank[2].kernel_config_records.records[0].w2_shape[1],2048
03-partial-auto-kv,repetitions[0].diagnostics.per_rank[2].kernel_config_records.records[0].w2_shape[2],128
03-partial-auto-kv,repetitions[0].diagnostics.per_rank[2].kernel_config_records.records[0].config.BLOCK_SIZE_K,64
03-partial-auto-kv,repetitions[0].diagnostics.per_rank[2].kernel_config_records.records[0].config.BLOCK_SIZE_M,128
03-partial-auto-kv,repetitions[0].diagnostics.per_rank[2].kernel_config_records.records[0].config.BLOCK_SIZE_N,128
03-partial-auto-kv,repetitions[0].diagnostics.per_rank[2].kernel_config_records.records[0].config.GROUP_SIZE_M,64
03-partial-auto-kv,repetitions[0].diagnostics.per_rank[2].kernel_config_records.records[0].config.num_stages,3
03-partial-auto-kv,repetitions[0].diagnostics.per_rank[2].kernel_config_records.records[0].config.num_warps,8
03-partial-auto-kv,repetitions[0].diagnostics.per_rank[2].kernel_config_records.records[1].chunk_tokens,32
03-partial-auto-kv,repetitions[0].diagnostics.per_rank[2].kernel_config_records.records[1].top_k,10
03-partial-auto-kv,repetitions[0].diagnostics.per_rank[2].kernel_config_records.records[1].selections,2304
03-partial-auto-kv,repetitions[0].diagnostics.per_rank[2].kernel_config_records.records[1].w13_shape[0],512
03-partial-auto-kv,repetitions[0].diagnostics.per_rank[2].kernel_config_records.records[1].w13_shape[1],256
03-partial-auto-kv,repetitions[0].diagnostics.per_rank[2].kernel_config_records.records[1].w13_shape[2],2048
03-partial-auto-kv,repetitions[0].diagnostics.per_rank[2].kernel_config_records.records[1].w2_shape[0],512
03-partial-auto-kv,repetitions[0].diagnostics.per_rank[2].kernel_config_records.records[1].w2_shape[1],2048
03-partial-auto-kv,repetitions[0].diagnostics.per_rank[2].kernel_config_records.records[1].w2_shape[2],128
03-partial-auto-kv,repetitions[0].diagnostics.per_rank[2].kernel_config_records.records[1].config.BLOCK_SIZE_K,64
03-partial-auto-kv,repetitions[0].diagnostics.per_rank[2].kernel_config_records.records[1].config.BLOCK_SIZE_M,16
03-partial-auto-kv,repetitions[0].diagnostics.per_rank[2].kernel_config_records.records[1].config.BLOCK_SIZE_N,128
03-partial-auto-kv,repetitions[0].diagnostics.per_rank[2].kernel_config_records.records[1].config.GROUP_SIZE_M,1
03-partial-auto-kv,repetitions[0].diagnostics.per_rank[2].kernel_config_records.records[1].config.num_stages,3
03-partial-auto-kv,repetitions[0].diagnostics.per_rank[2].kernel_config_records.records[1].config.num_warps,8
03-partial-auto-kv,repetitions[0].diagnostics.per_rank[2].kernel_config_records.records[2].chunk_tokens,4096
03-partial-auto-kv,repetitions[0].diagnostics.per_rank[2].kernel_config_records.records[2].top_k,10
03-partial-auto-kv,repetitions[0].diagnostics.per_rank[2].kernel_config_records.records[2].selections,96
03-partial-auto-kv,repetitions[0].diagnostics.per_rank[2].kernel_config_records.records[2].w13_shape[0],512
03-partial-auto-kv,repetitions[0].diagnostics.per_rank[2].kernel_config_records.records[2].w13_shape[1],256
03-partial-auto-kv,repetitions[0].diagnostics.per_rank[2].kernel_config_records.records[2].w13_shape[2],2048
03-partial-auto-kv,repetitions[0].diagnostics.per_rank[2].kernel_config_records.records[2].w2_shape[0],512
03-partial-auto-kv,repetitions[0].diagnostics.per_rank[2].kernel_config_records.records[2].w2_shape[1],2048
03-partial-auto-kv,repetitions[0].diagnostics.per_rank[2].kernel_config_records.records[2].w2_shape[2],128
03-partial-auto-kv,repetitions[0].diagnostics.per_rank[2].kernel_config_records.records[2].config.BLOCK_SIZE_K,64
03-partial-auto-kv,repetitions[0].diagnostics.per_rank[2].kernel_config_records.records[2].config.BLOCK_SIZE_M,128
03-partial-auto-kv,repetitions[0].diagnostics.per_rank[2].kernel_config_records.records[2].config.BLOCK_SIZE_N,128
03-partial-auto-kv,repetitions[0].diagnostics.per_rank[2].kernel_config_records.records[2].config.GROUP_SIZE_M,64
03-partial-auto-kv,repetitions[0].diagnostics.per_rank[2].kernel_config_records.records[2].config.num_stages,3
03-partial-auto-kv,repetitions[0].diagnostics.per_rank[2].kernel_config_records.records[2].config.num_warps,8
03-partial-auto-kv,repetitions[0].diagnostics.per_rank[2].kernel_config_records.records[3].chunk_tokens,1
03-partial-auto-kv,repetitions[0].diagnostics.per_rank[2].kernel_config_records.records[3].top_k,10
03-partial-auto-kv,repetitions[0].diagnostics.per_rank[2].kernel_config_records.records[3].selections,336
03-partial-auto-kv,repetitions[0].diagnostics.per_rank[2].kernel_config_records.records[3].w13_shape[0],512
03-partial-auto-kv,repetitions[0].diagnostics.per_rank[2].kernel_config_records.records[3].w13_shape[1],256
03-partial-auto-kv,repetitions[0].diagnostics.per_rank[2].kernel_config_records.records[3].w13_shape[2],2048
03-partial-auto-kv,repetitions[0].diagnostics.per_rank[2].kernel_config_records.records[3].w2_shape[0],512
03-partial-auto-kv,repetitions[0].diagnostics.per_rank[2].kernel_config_records.records[3].w2_shape[1],2048
03-partial-auto-kv,repetitions[0].diagnostics.per_rank[2].kernel_config_records.records[3].w2_shape[2],128
03-partial-auto-kv,repetitions[0].diagnostics.per_rank[2].kernel_config_records.records[3].config.BLOCK_SIZE_K,64
03-partial-auto-kv,repetitions[0].diagnostics.per_rank[2].kernel_config_records.records[3].config.BLOCK_SIZE_M,16
03-partial-auto-kv,repetitions[0].diagnostics.per_rank[2].kernel_config_records.records[3].config.BLOCK_SIZE_N,32
03-partial-auto-kv,repetitions[0].diagnostics.per_rank[2].kernel_config_records.records[3].config.GROUP_SIZE_M,1
03-partial-auto-kv,repetitions[0].diagnostics.per_rank[2].kernel_config_records.records[3].config.num_stages,4
03-partial-auto-kv,repetitions[0].diagnostics.per_rank[2].kernel_config_records.records[3].config.num_warps,4
03-partial-auto-kv,repetitions[0].diagnostics.per_rank[2].kernel_config_records.records[4].chunk_tokens,4337
03-partial-auto-kv,repetitions[0].diagnostics.per_rank[2].kernel_config_records.records[4].top_k,10
03-partial-auto-kv,repetitions[0].diagnostics.per_rank[2].kernel_config_records.records[4].selections,48
03-partial-auto-kv,repetitions[0].diagnostics.per_rank[2].kernel_config_records.records[4].w13_shape[0],512
03-partial-auto-kv,repetitions[0].diagnostics.per_rank[2].kernel_config_records.records[4].w13_shape[1],256
03-partial-auto-kv,repetitions[0].diagnostics.per_rank[2].kernel_config_records.records[4].w13_shape[2],2048
03-partial-auto-kv,repetitions[0].diagnostics.per_rank[2].kernel_config_records.records[4].w2_shape[0],512
03-partial-auto-kv,repetitions[0].diagnostics.per_rank[2].kernel_config_records.records[4].w2_shape[1],2048
03-partial-auto-kv,repetitions[0].diagnostics.per_rank[2].kernel_config_records.records[4].w2_shape[2],128
03-partial-auto-kv,repetitions[0].diagnostics.per_rank[2].kernel_config_records.records[4].config.BLOCK_SIZE_K,64
03-partial-auto-kv,repetitions[0].diagnostics.per_rank[2].kernel_config_records.records[4].config.BLOCK_SIZE_M,128
03-partial-auto-kv,repetitions[0].diagnostics.per_rank[2].kernel_config_records.records[4].config.BLOCK_SIZE_N,128
03-partial-auto-kv,repetitions[0].diagnostics.per_rank[2].kernel_config_records.records[4].config.GROUP_SIZE_M,64
03-partial-auto-kv,repetitions[0].diagnostics.per_rank[2].kernel_config_records.records[4].config.num_stages,3
03-partial-auto-kv,repetitions[0].diagnostics.per_rank[2].kernel_config_records.records[4].config.num_warps,8
03-partial-auto-kv,repetitions[0].diagnostics.per_rank[2].kernel_config_records.records[5].chunk_tokens,31
03-partial-auto-kv,repetitions[0].diagnostics.per_rank[2].kernel_config_records.records[5].top_k,10
03-partial-auto-kv,repetitions[0].diagnostics.per_rank[2].kernel_config_records.records[5].selections,48
03-partial-auto-kv,repetitions[0].diagnostics.per_rank[2].kernel_config_records.records[5].w13_shape[0],512
03-partial-auto-kv,repetitions[0].diagnostics.per_rank[2].kernel_config_records.records[5].w13_shape[1],256
03-partial-auto-kv,repetitions[0].diagnostics.per_rank[2].kernel_config_records.records[5].w13_shape[2],2048
03-partial-auto-kv,repetitions[0].diagnostics.per_rank[2].kernel_config_records.records[5].w2_shape[0],512
03-partial-auto-kv,repetitions[0].diagnostics.per_rank[2].kernel_config_records.records[5].w2_shape[1],2048
03-partial-auto-kv,repetitions[0].diagnostics.per_rank[2].kernel_config_records.records[5].w2_shape[2],128
03-partial-auto-kv,repetitions[0].diagnostics.per_rank[2].kernel_config_records.records[5].config.BLOCK_SIZE_K,64
03-partial-auto-kv,repetitions[0].diagnostics.per_rank[2].kernel_config_records.records[5].config.BLOCK_SIZE_M,16
03-partial-auto-kv,repetitions[0].diagnostics.per_rank[2].kernel_config_records.records[5].config.BLOCK_SIZE_N,128
03-partial-auto-kv,repetitions[0].diagnostics.per_rank[2].kernel_config_records.records[5].config.GROUP_SIZE_M,1
03-partial-auto-kv,repetitions[0].diagnostics.per_rank[2].kernel_config_records.records[5].config.num_stages,3
03-partial-auto-kv,repetitions[0].diagnostics.per_rank[2].kernel_config_records.records[5].config.num_warps,8
03-partial-auto-kv,repetitions[0].diagnostics.per_rank[2].kernel_config_records.records[6].chunk_tokens,30
03-partial-auto-kv,repetitions[0].diagnostics.per_rank[2].kernel_config_records.records[6].top_k,10
03-partial-auto-kv,repetitions[0].diagnostics.per_rank[2].kernel_config_records.records[6].selections,48
03-partial-auto-kv,repetitions[0].diagnostics.per_rank[2].kernel_config_records.records[6].w13_shape[0],512
03-partial-auto-kv,repetitions[0].diagnostics.per_rank[2].kernel_config_records.records[6].w13_shape[1],256
03-partial-auto-kv,repetitions[0].diagnostics.per_rank[2].kernel_config_records.records[6].w13_shape[2],2048
03-partial-auto-kv,repetitions[0].diagnostics.per_rank[2].kernel_config_records.records[6].w2_shape[0],512
03-partial-auto-kv,repetitions[0].diagnostics.per_rank[2].kernel_config_records.records[6].w2_shape[1],2048
03-partial-auto-kv,repetitions[0].diagnostics.per_rank[2].kernel_config_records.records[6].w2_shape[2],128
03-partial-auto-kv,repetitions[0].diagnostics.per_rank[2].kernel_config_records.records[6].config.BLOCK_SIZE_K,64
03-partial-auto-kv,repetitions[0].diagnostics.per_rank[2].kernel_config_records.records[6].config.BLOCK_SIZE_M,16
03-partial-auto-kv,repetitions[0].diagnostics.per_rank[2].kernel_config_records.records[6].config.BLOCK_SIZE_N,128
03-partial-auto-kv,repetitions[0].diagnostics.per_rank[2].kernel_config_records.records[6].config.GROUP_SIZE_M,1
03-partial-auto-kv,repetitions[0].diagnostics.per_rank[2].kernel_config_records.records[6].config.num_stages,3
03-partial-auto-kv,repetitions[0].diagnostics.per_rank[2].kernel_config_records.records[6].config.num_warps,8
03-partial-auto-kv,repetitions[0].diagnostics.per_rank[2].kernel_config_records.records[7].chunk_tokens,28
03-partial-auto-kv,repetitions[0].diagnostics.per_rank[2].kernel_config_records.records[7].top_k,10
03-partial-auto-kv,repetitions[0].diagnostics.per_rank[2].kernel_config_records.records[7].selections,48
03-partial-auto-kv,repetitions[0].diagnostics.per_rank[2].kernel_config_records.records[7].w13_shape[0],512
03-partial-auto-kv,repetitions[0].diagnostics.per_rank[2].kernel_config_records.records[7].w13_shape[1],256
03-partial-auto-kv,repetitions[0].diagnostics.per_rank[2].kernel_config_records.records[7].w13_shape[2],2048
03-partial-auto-kv,repetitions[0].diagnostics.per_rank[2].kernel_config_records.records[7].w2_shape[0],512
03-partial-auto-kv,repetitions[0].diagnostics.per_rank[2].kernel_config_records.records[7].w2_shape[1],2048
03-partial-auto-kv,repetitions[0].diagnostics.per_rank[2].kernel_config_records.records[7].w2_shape[2],128
03-partial-auto-kv,repetitions[0].diagnostics.per_rank[2].kernel_config_records.records[7].config.BLOCK_SIZE_K,64
03-partial-auto-kv,repetitions[0].diagnostics.per_rank[2].kernel_config_records.records[7].config.BLOCK_SIZE_M,32
03-partial-auto-kv,repetitions[0].diagnostics.per_rank[2].kernel_config_records.records[7].config.BLOCK_SIZE_N,128
03-partial-auto-kv,repetitions[0].diagnostics.per_rank[2].kernel_config_records.records[7].config.GROUP_SIZE_M,1
03-partial-auto-kv,repetitions[0].diagnostics.per_rank[2].kernel_config_records.records[7].config.num_stages,3
03-partial-auto-kv,repetitions[0].diagnostics.per_rank[2].kernel_config_records.records[7].config.num_warps,4
03-partial-auto-kv,repetitions[0].diagnostics.per_rank[2].kernel_config_records.records[8].chunk_tokens,26
03-partial-auto-kv,repetitions[0].diagnostics.per_rank[2].kernel_config_records.records[8].top_k,10
03-partial-auto-kv,repetitions[0].diagnostics.per_rank[2].kernel_config_records.records[8].selections,48
03-partial-auto-kv,repetitions[0].diagnostics.per_rank[2].kernel_config_records.records[8].w13_shape[0],512
03-partial-auto-kv,repetitions[0].diagnostics.per_rank[2].kernel_config_records.records[8].w13_shape[1],256
03-partial-auto-kv,repetitions[0].diagnostics.per_rank[2].kernel_config_records.records[8].w13_shape[2],2048
03-partial-auto-kv,repetitions[0].diagnostics.per_rank[2].kernel_config_records.records[8].w2_shape[0],512
03-partial-auto-kv,repetitions[0].diagnostics.per_rank[2].kernel_config_records.records[8].w2_shape[1],2048
03-partial-auto-kv,repetitions[0].diagnostics.per_rank[2].kernel_config_records.records[8].w2_shape[2],128
03-partial-auto-kv,repetitions[0].diagnostics.per_rank[2].kernel_config_records.records[8].config.BLOCK_SIZE_K,64
03-partial-auto-kv,repetitions[0].diagnostics.per_rank[2].kernel_config_records.records[8].config.BLOCK_SIZE_M,32
03-partial-auto-kv,repetitions[0].diagnostics.per_rank[2].kernel_config_records.records[8].config.BLOCK_SIZE_N,128
03-partial-auto-kv,repetitions[0].diagnostics.per_rank[2].kernel_config_records.records[8].config.GROUP_SIZE_M,1
03-partial-auto-kv,repetitions[0].diagnostics.per_rank[2].kernel_config_records.records[8].config.num_stages,3
03-partial-auto-kv,repetitions[0].diagnostics.per_rank[2].kernel_config_records.records[8].config.num_warps,4
03-partial-auto-kv,repetitions[0].diagnostics.per_rank[2].kernel_config_records.records[9].chunk_tokens,24
03-partial-auto-kv,repetitions[0].diagnostics.per_rank[2].kernel_config_records.records[9].top_k,10
03-partial-auto-kv,repetitions[0].diagnostics.per_rank[2].kernel_config_records.records[9].selections,48
03-partial-auto-kv,repetitions[0].diagnostics.per_rank[2].kernel_config_records.records[9].w13_shape[0],512
03-partial-auto-kv,repetitions[0].diagnostics.per_rank[2].kernel_config_records.records[9].w13_shape[1],256
03-partial-auto-kv,repetitions[0].diagnostics.per_rank[2].kernel_config_records.records[9].w13_shape[2],2048
03-partial-auto-kv,repetitions[0].diagnostics.per_rank[2].kernel_config_records.records[9].w2_shape[0],512
03-partial-auto-kv,repetitions[0].diagnostics.per_rank[2].kernel_config_records.records[9].w2_shape[1],2048
03-partial-auto-kv,repetitions[0].diagnostics.per_rank[2].kernel_config_records.records[9].w2_shape[2],128
03-partial-auto-kv,repetitions[0].diagnostics.per_rank[2].kernel_config_records.records[9].config.BLOCK_SIZE_K,64
03-partial-auto-kv,repetitions[0].diagnostics.per_rank[2].kernel_config_records.records[9].config.BLOCK_SIZE_M,32
03-partial-auto-kv,repetitions[0].diagnostics.per_rank[2].kernel_config_records.records[9].config.BLOCK_SIZE_N,128
03-partial-auto-kv,repetitions[0].diagnostics.per_rank[2].kernel_config_records.records[9].config.GROUP_SIZE_M,1
03-partial-auto-kv,repetitions[0].diagnostics.per_rank[2].kernel_config_records.records[9].config.num_stages,3
03-partial-auto-kv,repetitions[0].diagnostics.per_rank[2].kernel_config_records.records[9].config.num_warps,4
03-partial-auto-kv,repetitions[0].diagnostics.per_rank[2].kernel_config_records.records[10].chunk_tokens,22
03-partial-auto-kv,repetitions[0].diagnostics.per_rank[2].kernel_config_records.records[10].top_k,10
03-partial-auto-kv,repetitions[0].diagnostics.per_rank[2].kernel_config_records.records[10].selections,48
03-partial-auto-kv,repetitions[0].diagnostics.per_rank[2].kernel_config_records.records[10].w13_shape[0],512
03-partial-auto-kv,repetitions[0].diagnostics.per_rank[2].kernel_config_records.records[10].w13_shape[1],256
03-partial-auto-kv,repetitions[0].diagnostics.per_rank[2].kernel_config_records.records[10].w13_shape[2],2048
03-partial-auto-kv,repetitions[0].diagnostics.per_rank[2].kernel_config_records.records[10].w2_shape[0],512
03-partial-auto-kv,repetitions[0].diagnostics.per_rank[2].kernel_config_records.records[10].w2_shape[1],2048
03-partial-auto-kv,repetitions[0].diagnostics.per_rank[2].kernel_config_records.records[10].w2_shape[2],128
03-partial-auto-kv,repetitions[0].diagnostics.per_rank[2].kernel_config_records.records[10].config.BLOCK_SIZE_K,64
03-partial-auto-kv,repetitions[0].diagnostics.per_rank[2].kernel_config_records.records[10].config.BLOCK_SIZE_M,32
03-partial-auto-kv,repetitions[0].diagnostics.per_rank[2].kernel_config_records.records[10].config.BLOCK_SIZE_N,128
03-partial-auto-kv,repetitions[0].diagnostics.per_rank[2].kernel_config_records.records[10].config.GROUP_SIZE_M,1
03-partial-auto-kv,repetitions[0].diagnostics.per_rank[2].kernel_config_records.records[10].config.num_stages,3
03-partial-auto-kv,repetitions[0].diagnostics.per_rank[2].kernel_config_records.records[10].config.num_warps,4
03-partial-auto-kv,repetitions[0].diagnostics.per_rank[2].kernel_config_records.records[11].chunk_tokens,20
03-partial-auto-kv,repetitions[0].diagnostics.per_rank[2].kernel_config_records.records[11].top_k,10
03-partial-auto-kv,repetitions[0].diagnostics.per_rank[2].kernel_config_records.records[11].selections,48
03-partial-auto-kv,repetitions[0].diagnostics.per_rank[2].kernel_config_records.records[11].w13_shape[0],512
03-partial-auto-kv,repetitions[0].diagnostics.per_rank[2].kernel_config_records.records[11].w13_shape[1],256
03-partial-auto-kv,repetitions[0].diagnostics.per_rank[2].kernel_config_records.records[11].w13_shape[2],2048
03-partial-auto-kv,repetitions[0].diagnostics.per_rank[2].kernel_config_records.records[11].w2_shape[0],512
03-partial-auto-kv,repetitions[0].diagnostics.per_rank[2].kernel_config_records.records[11].w2_shape[1],2048
03-partial-auto-kv,repetitions[0].diagnostics.per_rank[2].kernel_config_records.records[11].w2_shape[2],128
03-partial-auto-kv,repetitions[0].diagnostics.per_rank[2].kernel_config_records.records[11].config.BLOCK_SIZE_K,64
03-partial-auto-kv,repetitions[0].diagnostics.per_rank[2].kernel_config_records.records[11].config.BLOCK_SIZE_M,16
03-partial-auto-kv,repetitions[0].diagnostics.per_rank[2].kernel_config_records.records[11].config.BLOCK_SIZE_N,128
03-partial-auto-kv,repetitions[0].diagnostics.per_rank[2].kernel_config_records.records[11].config.GROUP_SIZE_M,1
03-partial-auto-kv,repetitions[0].diagnostics.per_rank[2].kernel_config_records.records[11].config.num_stages,3
03-partial-auto-kv,repetitions[0].diagnostics.per_rank[2].kernel_config_records.records[11].config.num_warps,4
03-partial-auto-kv,repetitions[0].diagnostics.per_rank[2].kernel_config_records.records[12].chunk_tokens,18
03-partial-auto-kv,repetitions[0].diagnostics.per_rank[2].kernel_config_records.records[12].top_k,10
03-partial-auto-kv,repetitions[0].diagnostics.per_rank[2].kernel_config_records.records[12].selections,48
03-partial-auto-kv,repetitions[0].diagnostics.per_rank[2].kernel_config_records.records[12].w13_shape[0],512
03-partial-auto-kv,repetitions[0].diagnostics.per_rank[2].kernel_config_records.records[12].w13_shape[1],256
03-partial-auto-kv,repetitions[0].diagnostics.per_rank[2].kernel_config_records.records[12].w13_shape[2],2048
03-partial-auto-kv,repetitions[0].diagnostics.per_rank[2].kernel_config_records.records[12].w2_shape[0],512
03-partial-auto-kv,repetitions[0].diagnostics.per_rank[2].kernel_config_records.records[12].w2_shape[1],2048
03-partial-auto-kv,repetitions[0].diagnostics.per_rank[2].kernel_config_records.records[12].w2_shape[2],128
03-partial-auto-kv,repetitions[0].diagnostics.per_rank[2].kernel_config_records.records[12].config.BLOCK_SIZE_K,64
03-partial-auto-kv,repetitions[0].diagnostics.per_rank[2].kernel_config_records.records[12].config.BLOCK_SIZE_M,16
03-partial-auto-kv,repetitions[0].diagnostics.per_rank[2].kernel_config_records.records[12].config.BLOCK_SIZE_N,128
03-partial-auto-kv,repetitions[0].diagnostics.per_rank[2].kernel_config_records.records[12].config.GROUP_SIZE_M,1
03-partial-auto-kv,repetitions[0].diagnostics.per_rank[2].kernel_config_records.records[12].config.num_stages,3
03-partial-auto-kv,repetitions[0].diagnostics.per_rank[2].kernel_config_records.records[12].config.num_warps,4
03-partial-auto-kv,repetitions[0].diagnostics.per_rank[2].kernel_config_records.records[13].chunk_tokens,16
03-partial-auto-kv,repetitions[0].diagnostics.per_rank[2].kernel_config_records.records[13].top_k,10
03-partial-auto-kv,repetitions[0].diagnostics.per_rank[2].kernel_config_records.records[13].selections,48
03-partial-auto-kv,repetitions[0].diagnostics.per_rank[2].kernel_config_records.records[13].w13_shape[0],512
03-partial-auto-kv,repetitions[0].diagnostics.per_rank[2].kernel_config_records.records[13].w13_shape[1],256
03-partial-auto-kv,repetitions[0].diagnostics.per_rank[2].kernel_config_records.records[13].w13_shape[2],2048
03-partial-auto-kv,repetitions[0].diagnostics.per_rank[2].kernel_config_records.records[13].w2_shape[0],512
03-partial-auto-kv,repetitions[0].diagnostics.per_rank[2].kernel_config_records.records[13].w2_shape[1],2048
03-partial-auto-kv,repetitions[0].diagnostics.per_rank[2].kernel_config_records.records[13].w2_shape[2],128
03-partial-auto-kv,repetitions[0].diagnostics.per_rank[2].kernel_config_records.records[13].config.BLOCK_SIZE_K,64
03-partial-auto-kv,repetitions[0].diagnostics.per_rank[2].kernel_config_records.records[13].config.BLOCK_SIZE_M,16
03-partial-auto-kv,repetitions[0].diagnostics.per_rank[2].kernel_config_records.records[13].config.BLOCK_SIZE_N,128
03-partial-auto-kv,repetitions[0].diagnostics.per_rank[2].kernel_config_records.records[13].config.GROUP_SIZE_M,1
03-partial-auto-kv,repetitions[0].diagnostics.per_rank[2].kernel_config_records.records[13].config.num_stages,3
03-partial-auto-kv,repetitions[0].diagnostics.per_rank[2].kernel_config_records.records[13].config.num_warps,4
03-partial-auto-kv,repetitions[0].diagnostics.per_rank[2].kernel_config_records.records[14].chunk_tokens,14
03-partial-auto-kv,repetitions[0].diagnostics.per_rank[2].kernel_config_records.records[14].top_k,10
03-partial-auto-kv,repetitions[0].diagnostics.per_rank[2].kernel_config_records.records[14].selections,48
03-partial-auto-kv,repetitions[0].diagnostics.per_rank[2].kernel_config_records.records[14].w13_shape[0],512
03-partial-auto-kv,repetitions[0].diagnostics.per_rank[2].kernel_config_records.records[14].w13_shape[1],256
03-partial-auto-kv,repetitions[0].diagnostics.per_rank[2].kernel_config_records.records[14].w13_shape[2],2048
03-partial-auto-kv,repetitions[0].diagnostics.per_rank[2].kernel_config_records.records[14].w2_shape[0],512
03-partial-auto-kv,repetitions[0].diagnostics.per_rank[2].kernel_config_records.records[14].w2_shape[1],2048
03-partial-auto-kv,repetitions[0].diagnostics.per_rank[2].kernel_config_records.records[14].w2_shape[2],128
03-partial-auto-kv,repetitions[0].diagnostics.per_rank[2].kernel_config_records.records[14].config.BLOCK_SIZE_K,64
03-partial-auto-kv,repetitions[0].diagnostics.per_rank[2].kernel_config_records.records[14].config.BLOCK_SIZE_M,16
03-partial-auto-kv,repetitions[0].diagnostics.per_rank[2].kernel_config_records.records[14].config.BLOCK_SIZE_N,128
03-partial-auto-kv,repetitions[0].diagnostics.per_rank[2].kernel_config_records.records[14].config.GROUP_SIZE_M,1
03-partial-auto-kv,repetitions[0].diagnostics.per_rank[2].kernel_config_records.records[14].config.num_stages,3
03-partial-auto-kv,repetitions[0].diagnostics.per_rank[2].kernel_config_records.records[14].config.num_warps,4
03-partial-auto-kv,repetitions[0].diagnostics.per_rank[2].kernel_config_records.records[15].chunk_tokens,12
03-partial-auto-kv,repetitions[0].diagnostics.per_rank[2].kernel_config_records.records[15].top_k,10
03-partial-auto-kv,repetitions[0].diagnostics.per_rank[2].kernel_config_records.records[15].selections,48
03-partial-auto-kv,repetitions[0].diagnostics.per_rank[2].kernel_config_records.records[15].w13_shape[0],512
03-partial-auto-kv,repetitions[0].diagnostics.per_rank[2].kernel_config_records.records[15].w13_shape[1],256
03-partial-auto-kv,repetitions[0].diagnostics.per_rank[2].kernel_config_records.records[15].w13_shape[2],2048
03-partial-auto-kv,repetitions[0].diagnostics.per_rank[2].kernel_config_records.records[15].w2_shape[0],512
03-partial-auto-kv,repetitions[0].diagnostics.per_rank[2].kernel_config_records.records[15].w2_shape[1],2048
03-partial-auto-kv,repetitions[0].diagnostics.per_rank[2].kernel_config_records.records[15].w2_shape[2],128
03-partial-auto-kv,repetitions[0].diagnostics.per_rank[2].kernel_config_records.records[15].config.BLOCK_SIZE_K,64
03-partial-auto-kv,repetitions[0].diagnostics.per_rank[2].kernel_config_records.records[15].config.BLOCK_SIZE_M,16
03-partial-auto-kv,repetitions[0].diagnostics.per_rank[2].kernel_config_records.records[15].config.BLOCK_SIZE_N,128
03-partial-auto-kv,repetitions[0].diagnostics.per_rank[2].kernel_config_records.records[15].config.GROUP_SIZE_M,1
03-partial-auto-kv,repetitions[0].diagnostics.per_rank[2].kernel_config_records.records[15].config.num_stages,3
03-partial-auto-kv,repetitions[0].diagnostics.per_rank[2].kernel_config_records.records[15].config.num_warps,4
03-partial-auto-kv,repetitions[0].diagnostics.per_rank[2].kernel_config_records.records[16].chunk_tokens,10
03-partial-auto-kv,repetitions[0].diagnostics.per_rank[2].kernel_config_records.records[16].top_k,10
03-partial-auto-kv,repetitions[0].diagnostics.per_rank[2].kernel_config_records.records[16].selections,48
03-partial-auto-kv,repetitions[0].diagnostics.per_rank[2].kernel_config_records.records[16].w13_shape[0],512
03-partial-auto-kv,repetitions[0].diagnostics.per_rank[2].kernel_config_records.records[16].w13_shape[1],256
03-partial-auto-kv,repetitions[0].diagnostics.per_rank[2].kernel_config_records.records[16].w13_shape[2],2048
03-partial-auto-kv,repetitions[0].diagnostics.per_rank[2].kernel_config_records.records[16].w2_shape[0],512
03-partial-auto-kv,repetitions[0].diagnostics.per_rank[2].kernel_config_records.records[16].w2_shape[1],2048
03-partial-auto-kv,repetitions[0].diagnostics.per_rank[2].kernel_config_records.records[16].w2_shape[2],128
03-partial-auto-kv,repetitions[0].diagnostics.per_rank[2].kernel_config_records.records[16].config.BLOCK_SIZE_K,64
03-partial-auto-kv,repetitions[0].diagnostics.per_rank[2].kernel_config_records.records[16].config.BLOCK_SIZE_M,16
03-partial-auto-kv,repetitions[0].diagnostics.per_rank[2].kernel_config_records.records[16].config.BLOCK_SIZE_N,128
03-partial-auto-kv,repetitions[0].diagnostics.per_rank[2].kernel_config_records.records[16].config.GROUP_SIZE_M,1
03-partial-auto-kv,repetitions[0].diagnostics.per_rank[2].kernel_config_records.records[16].config.num_stages,3
03-partial-auto-kv,repetitions[0].diagnostics.per_rank[2].kernel_config_records.records[16].config.num_warps,4
03-partial-auto-kv,repetitions[0].diagnostics.per_rank[2].kernel_config_records.records[17].chunk_tokens,8
03-partial-auto-kv,repetitions[0].diagnostics.per_rank[2].kernel_config_records.records[17].top_k,10
03-partial-auto-kv,repetitions[0].diagnostics.per_rank[2].kernel_config_records.records[17].selections,48
03-partial-auto-kv,repetitions[0].diagnostics.per_rank[2].kernel_config_records.records[17].w13_shape[0],512
03-partial-auto-kv,repetitions[0].diagnostics.per_rank[2].kernel_config_records.records[17].w13_shape[1],256
03-partial-auto-kv,repetitions[0].diagnostics.per_rank[2].kernel_config_records.records[17].w13_shape[2],2048
03-partial-auto-kv,repetitions[0].diagnostics.per_rank[2].kernel_config_records.records[17].w2_shape[0],512
03-partial-auto-kv,repetitions[0].diagnostics.per_rank[2].kernel_config_records.records[17].w2_shape[1],2048
03-partial-auto-kv,repetitions[0].diagnostics.per_rank[2].kernel_config_records.records[17].w2_shape[2],128
03-partial-auto-kv,repetitions[0].diagnostics.per_rank[2].kernel_config_records.records[17].config.BLOCK_SIZE_K,64
03-partial-auto-kv,repetitions[0].diagnostics.per_rank[2].kernel_config_records.records[17].config.BLOCK_SIZE_M,16
03-partial-auto-kv,repetitions[0].diagnostics.per_rank[2].kernel_config_records.records[17].config.BLOCK_SIZE_N,128
03-partial-auto-kv,repetitions[0].diagnostics.per_rank[2].kernel_config_records.records[17].config.GROUP_SIZE_M,1
03-partial-auto-kv,repetitions[0].diagnostics.per_rank[2].kernel_config_records.records[17].config.num_stages,3
03-partial-auto-kv,repetitions[0].diagnostics.per_rank[2].kernel_config_records.records[17].config.num_warps,4
03-partial-auto-kv,repetitions[0].diagnostics.per_rank[2].kernel_config_records.records[18].chunk_tokens,6
03-partial-auto-kv,repetitions[0].diagnostics.per_rank[2].kernel_config_records.records[18].top_k,10
03-partial-auto-kv,repetitions[0].diagnostics.per_rank[2].kernel_config_records.records[18].selections,48
03-partial-auto-kv,repetitions[0].diagnostics.per_rank[2].kernel_config_records.records[18].w13_shape[0],512
03-partial-auto-kv,repetitions[0].diagnostics.per_rank[2].kernel_config_records.records[18].w13_shape[1],256
03-partial-auto-kv,repetitions[0].diagnostics.per_rank[2].kernel_config_records.records[18].w13_shape[2],2048
03-partial-auto-kv,repetitions[0].diagnostics.per_rank[2].kernel_config_records.records[18].w2_shape[0],512
03-partial-auto-kv,repetitions[0].diagnostics.per_rank[2].kernel_config_records.records[18].w2_shape[1],2048
03-partial-auto-kv,repetitions[0].diagnostics.per_rank[2].kernel_config_records.records[18].w2_shape[2],128
03-partial-auto-kv,repetitions[0].diagnostics.per_rank[2].kernel_config_records.records[18].config.BLOCK_SIZE_K,64
03-partial-auto-kv,repetitions[0].diagnostics.per_rank[2].kernel_config_records.records[18].config.BLOCK_SIZE_M,16
03-partial-auto-kv,repetitions[0].diagnostics.per_rank[2].kernel_config_records.records[18].config.BLOCK_SIZE_N,128
03-partial-auto-kv,repetitions[0].diagnostics.per_rank[2].kernel_config_records.records[18].config.GROUP_SIZE_M,1
03-partial-auto-kv,repetitions[0].diagnostics.per_rank[2].kernel_config_records.records[18].config.num_stages,4
03-partial-auto-kv,repetitions[0].diagnostics.per_rank[2].kernel_config_records.records[18].config.num_warps,4
03-partial-auto-kv,repetitions[0].diagnostics.per_rank[2].kernel_config_records.records[19].chunk_tokens,4
03-partial-auto-kv,repetitions[0].diagnostics.per_rank[2].kernel_config_records.records[19].top_k,10
03-partial-auto-kv,repetitions[0].diagnostics.per_rank[2].kernel_config_records.records[19].selections,48
03-partial-auto-kv,repetitions[0].diagnostics.per_rank[2].kernel_config_records.records[19].w13_shape[0],512
03-partial-auto-kv,repetitions[0].diagnostics.per_rank[2].kernel_config_records.records[19].w13_shape[1],256
03-partial-auto-kv,repetitions[0].diagnostics.per_rank[2].kernel_config_records.records[19].w13_shape[2],2048
03-partial-auto-kv,repetitions[0].diagnostics.per_rank[2].kernel_config_records.records[19].w2_shape[0],512
03-partial-auto-kv,repetitions[0].diagnostics.per_rank[2].kernel_config_records.records[19].w2_shape[1],2048
03-partial-auto-kv,repetitions[0].diagnostics.per_rank[2].kernel_config_records.records[19].w2_shape[2],128
03-partial-auto-kv,repetitions[0].diagnostics.per_rank[2].kernel_config_records.records[19].config.BLOCK_SIZE_K,64
03-partial-auto-kv,repetitions[0].diagnostics.per_rank[2].kernel_config_records.records[19].config.BLOCK_SIZE_M,16
03-partial-auto-kv,repetitions[0].diagnostics.per_rank[2].kernel_config_records.records[19].config.BLOCK_SIZE_N,128
03-partial-auto-kv,repetitions[0].diagnostics.per_rank[2].kernel_config_records.records[19].config.GROUP_SIZE_M,1
03-partial-auto-kv,repetitions[0].diagnostics.per_rank[2].kernel_config_records.records[19].config.num_stages,4
03-partial-auto-kv,repetitions[0].diagnostics.per_rank[2].kernel_config_records.records[19].config.num_warps,4
03-partial-auto-kv,repetitions[0].diagnostics.per_rank[2].kernel_config_records.records[20].chunk_tokens,2
03-partial-auto-kv,repetitions[0].diagnostics.per_rank[2].kernel_config_records.records[20].top_k,10
03-partial-auto-kv,repetitions[0].diagnostics.per_rank[2].kernel_config_records.records[20].selections,48
03-partial-auto-kv,repetitions[0].diagnostics.per_rank[2].kernel_config_records.records[20].w13_shape[0],512
03-partial-auto-kv,repetitions[0].diagnostics.per_rank[2].kernel_config_records.records[20].w13_shape[1],256
03-partial-auto-kv,repetitions[0].diagnostics.per_rank[2].kernel_config_records.records[20].w13_shape[2],2048
03-partial-auto-kv,repetitions[0].diagnostics.per_rank[2].kernel_config_records.records[20].w2_shape[0],512
03-partial-auto-kv,repetitions[0].diagnostics.per_rank[2].kernel_config_records.records[20].w2_shape[1],2048
03-partial-auto-kv,repetitions[0].diagnostics.per_rank[2].kernel_config_records.records[20].w2_shape[2],128
03-partial-auto-kv,repetitions[0].diagnostics.per_rank[2].kernel_config_records.records[20].config.BLOCK_SIZE_K,64
03-partial-auto-kv,repetitions[0].diagnostics.per_rank[2].kernel_config_records.records[20].config.BLOCK_SIZE_M,32
03-partial-auto-kv,repetitions[0].diagnostics.per_rank[2].kernel_config_records.records[20].config.BLOCK_SIZE_N,64
03-partial-auto-kv,repetitions[0].diagnostics.per_rank[2].kernel_config_records.records[20].config.GROUP_SIZE_M,1
03-partial-auto-kv,repetitions[0].diagnostics.per_rank[2].kernel_config_records.records[20].config.num_stages,4
03-partial-auto-kv,repetitions[0].diagnostics.per_rank[2].kernel_config_records.records[20].config.num_warps,8
03-partial-auto-kv,repetitions[0].diagnostics.per_rank[3].h2d_bytes,343040065536
03-partial-auto-kv,repetitions[0].diagnostics.per_rank[3].copy_launches,7656
03-partial-auto-kv,repetitions[0].diagnostics.per_rank[3].startup_resident_h2d_bytes,0
03-partial-auto-kv,repetitions[0].diagnostics.per_rank[3].promotion_d2d_bytes,416808960
03-partial-auto-kv,repetitions[0].diagnostics.per_rank[3].metadata_h2d_bytes,7866440
03-partial-auto-kv,repetitions[0].diagnostics.per_rank[3].unique_demands,815963
03-partial-auto-kv,repetitions[0].diagnostics.per_rank[3].resident_hits,587209
03-partial-auto-kv,repetitions[0].diagnostics.per_rank[3].timing.route_d2h_s,7.588375614956021
03-partial-auto-kv,repetitions[0].diagnostics.per_rank[3].timing.policy_cpu_s,1.445556317921728
03-partial-auto-kv,repetitions[0].diagnostics.per_rank[3].timing.host_reuse_wait_s,0.025636155623942614
03-partial-auto-kv,repetitions[0].diagnostics.per_rank[3].timing.host_gather_s,83.47532714251429
03-partial-auto-kv,repetitions[0].diagnostics.per_rank[3].timing.h2d_enqueue_s,0.39012086344882846
03-partial-auto-kv,repetitions[0].diagnostics.per_rank[3].timing.compute_enqueue_s,2.5011281175538898
03-partial-auto-kv,repetitions[0].diagnostics.per_rank[3].timing.cuda_sample_count,124
03-partial-auto-kv,repetitions[0].diagnostics.per_rank[3].timing.load_cuda_s,0.2136820497196167
03-partial-auto-kv,repetitions[0].diagnostics.per_rank[3].timing.compute_cuda_s,0.03726412799209358
03-partial-auto-kv,repetitions[0].diagnostics.per_rank[3].timing.promotion_cuda_s,0.0006402880067471417
03-partial-auto-kv,repetitions[0].diagnostics.per_rank[3].policy.observations,3840
03-partial-auto-kv,repetitions[0].diagnostics.per_rank[3].policy.unique_demands,815963
03-partial-auto-kv,repetitions[0].diagnostics.per_rank[3].policy.completed_forwards,80
03-partial-auto-kv,repetitions[0].diagnostics.per_rank[3].policy.decay_events,1
03-partial-auto-kv,repetitions[0].diagnostics.per_rank[3].policy.cache_hits,10655
03-partial-auto-kv,repetitions[0].diagnostics.per_rank[3].policy.cache_misses,218099
03-partial-auto-kv,repetitions[0].diagnostics.per_rank[3].policy.admissions,265
03-partial-auto-kv,repetitions[0].diagnostics.per_rank[3].policy.evictions,265
03-partial-auto-kv,repetitions[0].diagnostics.per_rank[3].policy.cache_bypasses,217834
03-partial-auto-kv,repetitions[0].diagnostics.per_rank[3].policy.reconfigurations,0
03-partial-auto-kv,repetitions[0].diagnostics.per_rank[3].policy.cache_hit_ratio,0.046578420486636296
03-partial-auto-kv,repetitions[0].diagnostics.per_rank[3].rank,3
03-partial-auto-kv,repetitions[0].diagnostics.per_rank[3].forward_counts[0],80
03-partial-auto-kv,repetitions[0].diagnostics.per_rank[3].forward_counts[1],80
03-partial-auto-kv,repetitions[0].diagnostics.per_rank[3].forward_counts[2],80
03-partial-auto-kv,repetitions[0].diagnostics.per_rank[3].forward_counts[3],80
03-partial-auto-kv,repetitions[0].diagnostics.per_rank[3].forward_counts[4],80
03-partial-auto-kv,repetitions[0].diagnostics.per_rank[3].forward_counts[5],80
03-partial-auto-kv,repetitions[0].diagnostics.per_rank[3].forward_counts[6],80
03-partial-auto-kv,repetitions[0].diagnostics.per_rank[3].forward_counts[7],80
03-partial-auto-kv,repetitions[0].diagnostics.per_rank[3].forward_counts[8],80
03-partial-auto-kv,repetitions[0].diagnostics.per_rank[3].forward_counts[9],80
03-partial-auto-kv,repetitions[0].diagnostics.per_rank[3].forward_counts[10],80
03-partial-auto-kv,repetitions[0].diagnostics.per_rank[3].forward_counts[11],80
03-partial-auto-kv,repetitions[0].diagnostics.per_rank[3].forward_counts[12],80
03-partial-auto-kv,repetitions[0].diagnostics.per_rank[3].forward_counts[13],80
03-partial-auto-kv,repetitions[0].diagnostics.per_rank[3].forward_counts[14],80
03-partial-auto-kv,repetitions[0].diagnostics.per_rank[3].forward_counts[15],80
03-partial-auto-kv,repetitions[0].diagnostics.per_rank[3].forward_counts[16],80
03-partial-auto-kv,repetitions[0].diagnostics.per_rank[3].forward_counts[17],80
03-partial-auto-kv,repetitions[0].diagnostics.per_rank[3].forward_counts[18],80
03-partial-auto-kv,repetitions[0].diagnostics.per_rank[3].forward_counts[19],80
03-partial-auto-kv,repetitions[0].diagnostics.per_rank[3].forward_counts[20],80
03-partial-auto-kv,repetitions[0].diagnostics.per_rank[3].forward_counts[21],80
03-partial-auto-kv,repetitions[0].diagnostics.per_rank[3].forward_counts[22],80
03-partial-auto-kv,repetitions[0].diagnostics.per_rank[3].forward_counts[23],80
03-partial-auto-kv,repetitions[0].diagnostics.per_rank[3].forward_counts[24],80
03-partial-auto-kv,repetitions[0].diagnostics.per_rank[3].forward_counts[25],80
03-partial-auto-kv,repetitions[0].diagnostics.per_rank[3].forward_counts[26],80
03-partial-auto-kv,repetitions[0].diagnostics.per_rank[3].forward_counts[27],80
03-partial-auto-kv,repetitions[0].diagnostics.per_rank[3].forward_counts[28],80
03-partial-auto-kv,repetitions[0].diagnostics.per_rank[3].forward_counts[29],80
03-partial-auto-kv,repetitions[0].diagnostics.per_rank[3].forward_counts[30],80
03-partial-auto-kv,repetitions[0].diagnostics.per_rank[3].forward_counts[31],80
03-partial-auto-kv,repetitions[0].diagnostics.per_rank[3].forward_counts[32],80
03-partial-auto-kv,repetitions[0].diagnostics.per_rank[3].forward_counts[33],80
03-partial-auto-kv,repetitions[0].diagnostics.per_rank[3].forward_counts[34],80
03-partial-auto-kv,repetitions[0].diagnostics.per_rank[3].forward_counts[35],80
03-partial-auto-kv,repetitions[0].diagnostics.per_rank[3].forward_counts[36],80
03-partial-auto-kv,repetitions[0].diagnostics.per_rank[3].forward_counts[37],80
03-partial-auto-kv,repetitions[0].diagnostics.per_rank[3].forward_counts[38],80
03-partial-auto-kv,repetitions[0].diagnostics.per_rank[3].forward_counts[39],80
03-partial-auto-kv,repetitions[0].diagnostics.per_rank[3].forward_counts[40],80
03-partial-auto-kv,repetitions[0].diagnostics.per_rank[3].forward_counts[41],80
03-partial-auto-kv,repetitions[0].diagnostics.per_rank[3].forward_counts[42],80
03-partial-auto-kv,repetitions[0].diagnostics.per_rank[3].forward_counts[43],80
03-partial-auto-kv,repetitions[0].diagnostics.per_rank[3].forward_counts[44],80
03-partial-auto-kv,repetitions[0].diagnostics.per_rank[3].forward_counts[45],80
03-partial-auto-kv,repetitions[0].diagnostics.per_rank[3].forward_counts[46],80
03-partial-auto-kv,repetitions[0].diagnostics.per_rank[3].forward_counts[47],80
03-partial-auto-kv,repetitions[0].diagnostics.per_rank[3].per_layer_unique_demands[0],20395
03-partial-auto-kv,repetitions[0].diagnostics.per_rank[3].per_layer_unique_demands[1],16372
03-partial-auto-kv,repetitions[0].diagnostics.per_rank[3].per_layer_unique_demands[2],20910
03-partial-auto-kv,repetitions[0].diagnostics.per_rank[3].per_layer_unique_demands[3],15138
03-partial-auto-kv,repetitions[0].diagnostics.per_rank[3].per_layer_unique_demands[4],16450
03-partial-auto-kv,repetitions[0].diagnostics.per_rank[3].per_layer_unique_demands[5],18027
03-partial-auto-kv,repetitions[0].diagnostics.per_rank[3].per_layer_unique_demands[6],19770
03-partial-auto-kv,repetitions[0].diagnostics.per_rank[3].per_layer_unique_demands[7],19538
03-partial-auto-kv,repetitions[0].diagnostics.per_rank[3].per_layer_unique_demands[8],16820
03-partial-auto-kv,repetitions[0].diagnostics.per_rank[3].per_layer_unique_demands[9],15156
03-partial-auto-kv,repetitions[0].diagnostics.per_rank[3].per_layer_unique_demands[10],15042
03-partial-auto-kv,repetitions[0].diagnostics.per_rank[3].per_layer_unique_demands[11],16337
03-partial-auto-kv,repetitions[0].diagnostics.per_rank[3].per_layer_unique_demands[12],13924
03-partial-auto-kv,repetitions[0].diagnostics.per_rank[3].per_layer_unique_demands[13],14890
03-partial-auto-kv,repetitions[0].diagnostics.per_rank[3].per_layer_unique_demands[14],16567
03-partial-auto-kv,repetitions[0].diagnostics.per_rank[3].per_layer_unique_demands[15],17899
03-partial-auto-kv,repetitions[0].diagnostics.per_rank[3].per_layer_unique_demands[16],16215
03-partial-auto-kv,repetitions[0].diagnostics.per_rank[3].per_layer_unique_demands[17],17971
03-partial-auto-kv,repetitions[0].diagnostics.per_rank[3].per_layer_unique_demands[18],19465
03-partial-auto-kv,repetitions[0].diagnostics.per_rank[3].per_layer_unique_demands[19],19600
03-partial-auto-kv,repetitions[0].diagnostics.per_rank[3].per_layer_unique_demands[20],16581
03-partial-auto-kv,repetitions[0].diagnostics.per_rank[3].per_layer_unique_demands[21],14946
03-partial-auto-kv,repetitions[0].diagnostics.per_rank[3].per_layer_unique_demands[22],14997
03-partial-auto-kv,repetitions[0].diagnostics.per_rank[3].per_layer_unique_demands[23],16335
03-partial-auto-kv,repetitions[0].diagnostics.per_rank[3].per_layer_unique_demands[24],14406
03-partial-auto-kv,repetitions[0].diagnostics.per_rank[3].per_layer_unique_demands[25],15117
03-partial-auto-kv,repetitions[0].diagnostics.per_rank[3].per_layer_unique_demands[26],16717
03-partial-auto-kv,repetitions[0].diagnostics.per_rank[3].per_layer_unique_demands[27],18278
03-partial-auto-kv,repetitions[0].diagnostics.per_rank[3].per_layer_unique_demands[28],16760
03-partial-auto-kv,repetitions[0].diagnostics.per_rank[3].per_layer_unique_demands[29],18406
03-partial-auto-kv,repetitions[0].diagnostics.per_rank[3].per_layer_unique_demands[30],19738
03-partial-auto-kv,repetitions[0].diagnostics.per_rank[3].per_layer_unique_demands[31],19862
03-partial-auto-kv,repetitions[0].diagnostics.per_rank[3].per_layer_unique_demands[32],17528
03-partial-auto-kv,repetitions[0].diagnostics.per_rank[3].per_layer_unique_demands[33],16306
03-partial-auto-kv,repetitions[0].diagnostics.per_rank[3].per_layer_unique_demands[34],15922
03-partial-auto-kv,repetitions[0].diagnostics.per_rank[3].per_layer_unique_demands[35],17128
03-partial-auto-kv,repetitions[0].diagnostics.per_rank[3].per_layer_unique_demands[36],15269
03-partial-auto-kv,repetitions[0].diagnostics.per_rank[3].per_layer_unique_demands[37],15697
03-partial-auto-kv,repetitions[0].diagnostics.per_rank[3].per_layer_unique_demands[38],17002
03-partial-auto-kv,repetitions[0].diagnostics.per_rank[3].per_layer_unique_demands[39],18127
03-partial-auto-kv,repetitions[0].diagnostics.per_rank[3].per_layer_unique_demands[40],17634
03-partial-auto-kv,repetitions[0].diagnostics.per_rank[3].per_layer_unique_demands[41],17491
03-partial-auto-kv,repetitions[0].diagnostics.per_rank[3].per_layer_unique_demands[42],17212
03-partial-auto-kv,repetitions[0].diagnostics.per_rank[3].per_layer_unique_demands[43],16307
03-partial-auto-kv,repetitions[0].diagnostics.per_rank[3].per_layer_unique_demands[44],16499
03-partial-auto-kv,repetitions[0].diagnostics.per_rank[3].per_layer_unique_demands[45],16137
03-partial-auto-kv,repetitions[0].diagnostics.per_rank[3].per_layer_unique_demands[46],15837
03-partial-auto-kv,repetitions[0].diagnostics.per_rank[3].per_layer_unique_demands[47],17238
03-partial-auto-kv,repetitions[0].diagnostics.per_rank[3].per_layer_mean_unique_coverage[0],0.4979248046875
03-partial-auto-kv,repetitions[0].diagnostics.per_rank[3].per_layer_mean_unique_coverage[1],0.39970703125
03-partial-auto-kv,repetitions[0].diagnostics.per_rank[3].per_layer_mean_unique_coverage[2],0.510498046875
03-partial-auto-kv,repetitions[0].diagnostics.per_rank[3].per_layer_mean_unique_coverage[3],0.369580078125
03-partial-auto-kv,repetitions[0].diagnostics.per_rank[3].per_layer_mean_unique_coverage[4],0.401611328125
03-partial-auto-kv,repetitions[0].diagnostics.per_rank[3].per_layer_mean_unique_coverage[5],0.4401123046875
03-partial-auto-kv,repetitions[0].diagnostics.per_rank[3].per_layer_mean_unique_coverage[6],0.482666015625
03-partial-auto-kv,repetitions[0].diagnostics.per_rank[3].per_layer_mean_unique_coverage[7],0.477001953125
03-partial-auto-kv,repetitions[0].diagnostics.per_rank[3].per_layer_mean_unique_coverage[8],0.41064453125
03-partial-auto-kv,repetitions[0].diagnostics.per_rank[3].per_layer_mean_unique_coverage[9],0.37001953125
03-partial-auto-kv,repetitions[0].diagnostics.per_rank[3].per_layer_mean_unique_coverage[10],0.367236328125
03-partial-auto-kv,repetitions[0].diagnostics.per_rank[3].per_layer_mean_unique_coverage[11],0.3988525390625
03-partial-auto-kv,repetitions[0].diagnostics.per_rank[3].per_layer_mean_unique_coverage[12],0.33994140625
03-partial-auto-kv,repetitions[0].diagnostics.per_rank[3].per_layer_mean_unique_coverage[13],0.363525390625
03-partial-auto-kv,repetitions[0].diagnostics.per_rank[3].per_layer_mean_unique_coverage[14],0.4044677734375
03-partial-auto-kv,repetitions[0].diagnostics.per_rank[3].per_layer_mean_unique_coverage[15],0.4369873046875
03-partial-auto-kv,repetitions[0].diagnostics.per_rank[3].per_layer_mean_unique_coverage[16],0.3958740234375
03-partial-auto-kv,repetitions[0].diagnostics.per_rank[3].per_layer_mean_unique_coverage[17],0.4387451171875
03-partial-auto-kv,repetitions[0].diagnostics.per_rank[3].per_layer_mean_unique_coverage[18],0.4752197265625
03-partial-auto-kv,repetitions[0].diagnostics.per_rank[3].per_layer_mean_unique_coverage[19],0.478515625
03-partial-auto-kv,repetitions[0].diagnostics.per_rank[3].per_layer_mean_unique_coverage[20],0.4048095703125
03-partial-auto-kv,repetitions[0].diagnostics.per_rank[3].per_layer_mean_unique_coverage[21],0.364892578125
03-partial-auto-kv,repetitions[0].diagnostics.per_rank[3].per_layer_mean_unique_coverage[22],0.3661376953125
03-partial-auto-kv,repetitions[0].diagnostics.per_rank[3].per_layer_mean_unique_coverage[23],0.3988037109375
03-partial-auto-kv,repetitions[0].diagnostics.per_rank[3].per_layer_mean_unique_coverage[24],0.351708984375
03-partial-auto-kv,repetitions[0].diagnostics.per_rank[3].per_layer_mean_unique_coverage[25],0.3690673828125
03-partial-auto-kv,repetitions[0].diagnostics.per_rank[3].per_layer_mean_unique_coverage[26],0.4081298828125
03-partial-auto-kv,repetitions[0].diagnostics.per_rank[3].per_layer_mean_unique_coverage[27],0.446240234375
03-partial-auto-kv,repetitions[0].diagnostics.per_rank[3].per_layer_mean_unique_coverage[28],0.4091796875
03-partial-auto-kv,repetitions[0].diagnostics.per_rank[3].per_layer_mean_unique_coverage[29],0.449365234375
03-partial-auto-kv,repetitions[0].diagnostics.per_rank[3].per_layer_mean_unique_coverage[30],0.481884765625
03-partial-auto-kv,repetitions[0].diagnostics.per_rank[3].per_layer_mean_unique_coverage[31],0.484912109375
03-partial-auto-kv,repetitions[0].diagnostics.per_rank[3].per_layer_mean_unique_coverage[32],0.4279296875
03-partial-auto-kv,repetitions[0].diagnostics.per_rank[3].per_layer_mean_unique_coverage[33],0.398095703125
03-partial-auto-kv,repetitions[0].diagnostics.per_rank[3].per_layer_mean_unique_coverage[34],0.388720703125
03-partial-auto-kv,repetitions[0].diagnostics.per_rank[3].per_layer_mean_unique_coverage[35],0.4181640625
03-partial-auto-kv,repetitions[0].diagnostics.per_rank[3].per_layer_mean_unique_coverage[36],0.3727783203125
03-partial-auto-kv,repetitions[0].diagnostics.per_rank[3].per_layer_mean_unique_coverage[37],0.3832275390625
03-partial-auto-kv,repetitions[0].diagnostics.per_rank[3].per_layer_mean_unique_coverage[38],0.415087890625
03-partial-auto-kv,repetitions[0].diagnostics.per_rank[3].per_layer_mean_unique_coverage[39],0.4425537109375
03-partial-auto-kv,repetitions[0].diagnostics.per_rank[3].per_layer_mean_unique_coverage[40],0.430517578125
03-partial-auto-kv,repetitions[0].diagnostics.per_rank[3].per_layer_mean_unique_coverage[41],0.4270263671875
03-partial-auto-kv,repetitions[0].diagnostics.per_rank[3].per_layer_mean_unique_coverage[42],0.42021484375
03-partial-auto-kv,repetitions[0].diagnostics.per_rank[3].per_layer_mean_unique_coverage[43],0.3981201171875
03-partial-auto-kv,repetitions[0].diagnostics.per_rank[3].per_layer_mean_unique_coverage[44],0.4028076171875
03-partial-auto-kv,repetitions[0].diagnostics.per_rank[3].per_layer_mean_unique_coverage[45],0.3939697265625
03-partial-auto-kv,repetitions[0].diagnostics.per_rank[3].per_layer_mean_unique_coverage[46],0.3866455078125
03-partial-auto-kv,repetitions[0].diagnostics.per_rank[3].per_layer_mean_unique_coverage[47],0.420849609375
03-partial-auto-kv,repetitions[0].diagnostics.per_rank[3].gauge_snapshot.max_unique_per_forward,509
03-partial-auto-kv,repetitions[0].diagnostics.per_rank[3].gauge_snapshot.mean_unique_coverage,0.37642325935782966
03-partial-auto-kv,repetitions[0].diagnostics.per_rank[3].gauge_snapshot.per_layer_max_unique_per_forward[0],500
03-partial-auto-kv,repetitions[0].diagnostics.per_rank[3].gauge_snapshot.per_layer_max_unique_per_forward[1],437
03-partial-auto-kv,repetitions[0].diagnostics.per_rank[3].gauge_snapshot.per_layer_max_unique_per_forward[2],509
03-partial-auto-kv,repetitions[0].diagnostics.per_rank[3].gauge_snapshot.per_layer_max_unique_per_forward[3],432
03-partial-auto-kv,repetitions[0].diagnostics.per_rank[3].gauge_snapshot.per_layer_max_unique_per_forward[4],435
03-partial-auto-kv,repetitions[0].diagnostics.per_rank[3].gauge_snapshot.per_layer_max_unique_per_forward[5],467
03-partial-auto-kv,repetitions[0].diagnostics.per_rank[3].gauge_snapshot.per_layer_max_unique_per_forward[6],500
03-partial-auto-kv,repetitions[0].diagnostics.per_rank[3].gauge_snapshot.per_layer_max_unique_per_forward[7],494
03-partial-auto-kv,repetitions[0].diagnostics.per_rank[3].gauge_snapshot.per_layer_max_unique_per_forward[8],473
03-partial-auto-kv,repetitions[0].diagnostics.per_rank[3].gauge_snapshot.per_layer_max_unique_per_forward[9],418
03-partial-auto-kv,repetitions[0].diagnostics.per_rank[3].gauge_snapshot.per_layer_max_unique_per_forward[10],420
03-partial-auto-kv,repetitions[0].diagnostics.per_rank[3].gauge_snapshot.per_layer_max_unique_per_forward[11],441
03-partial-auto-kv,repetitions[0].diagnostics.per_rank[3].gauge_snapshot.per_layer_max_unique_per_forward[12],410
03-partial-auto-kv,repetitions[0].diagnostics.per_rank[3].gauge_snapshot.per_layer_max_unique_per_forward[13],409
03-partial-auto-kv,repetitions[0].diagnostics.per_rank[3].gauge_snapshot.per_layer_max_unique_per_forward[14],448
03-partial-auto-kv,repetitions[0].diagnostics.per_rank[3].gauge_snapshot.per_layer_max_unique_per_forward[15],477
03-partial-auto-kv,repetitions[0].diagnostics.per_rank[3].gauge_snapshot.per_layer_max_unique_per_forward[16],445
03-partial-auto-kv,repetitions[0].diagnostics.per_rank[3].gauge_snapshot.per_layer_max_unique_per_forward[17],473
03-partial-auto-kv,repetitions[0].diagnostics.per_rank[3].gauge_snapshot.per_layer_max_unique_per_forward[18],500
03-partial-auto-kv,repetitions[0].diagnostics.per_rank[3].gauge_snapshot.per_layer_max_unique_per_forward[19],497
03-partial-auto-kv,repetitions[0].diagnostics.per_rank[3].gauge_snapshot.per_layer_max_unique_per_forward[20],462
03-partial-auto-kv,repetitions[0].diagnostics.per_rank[3].gauge_snapshot.per_layer_max_unique_per_forward[21],422
03-partial-auto-kv,repetitions[0].diagnostics.per_rank[3].gauge_snapshot.per_layer_max_unique_per_forward[22],428
03-partial-auto-kv,repetitions[0].diagnostics.per_rank[3].gauge_snapshot.per_layer_max_unique_per_forward[23],448
03-partial-auto-kv,repetitions[0].diagnostics.per_rank[3].gauge_snapshot.per_layer_max_unique_per_forward[24],409
03-partial-auto-kv,repetitions[0].diagnostics.per_rank[3].gauge_snapshot.per_layer_max_unique_per_forward[25],425
03-partial-auto-kv,repetitions[0].diagnostics.per_rank[3].gauge_snapshot.per_layer_max_unique_per_forward[26],459
03-partial-auto-kv,repetitions[0].diagnostics.per_rank[3].gauge_snapshot.per_layer_max_unique_per_forward[27],485
03-partial-auto-kv,repetitions[0].diagnostics.per_rank[3].gauge_snapshot.per_layer_max_unique_per_forward[28],460
03-partial-auto-kv,repetitions[0].diagnostics.per_rank[3].gauge_snapshot.per_layer_max_unique_per_forward[29],486
03-partial-auto-kv,repetitions[0].diagnostics.per_rank[3].gauge_snapshot.per_layer_max_unique_per_forward[30],499
03-partial-auto-kv,repetitions[0].diagnostics.per_rank[3].gauge_snapshot.per_layer_max_unique_per_forward[31],502
03-partial-auto-kv,repetitions[0].diagnostics.per_rank[3].gauge_snapshot.per_layer_max_unique_per_forward[32],475
03-partial-auto-kv,repetitions[0].diagnostics.per_rank[3].gauge_snapshot.per_layer_max_unique_per_forward[33],450
03-partial-auto-kv,repetitions[0].diagnostics.per_rank[3].gauge_snapshot.per_layer_max_unique_per_forward[34],444
03-partial-auto-kv,repetitions[0].diagnostics.per_rank[3].gauge_snapshot.per_layer_max_unique_per_forward[35],461
03-partial-auto-kv,repetitions[0].diagnostics.per_rank[3].gauge_snapshot.per_layer_max_unique_per_forward[36],434
03-partial-auto-kv,repetitions[0].diagnostics.per_rank[3].gauge_snapshot.per_layer_max_unique_per_forward[37],443
03-partial-auto-kv,repetitions[0].diagnostics.per_rank[3].gauge_snapshot.per_layer_max_unique_per_forward[38],459
03-partial-auto-kv,repetitions[0].diagnostics.per_rank[3].gauge_snapshot.per_layer_max_unique_per_forward[39],474
03-partial-auto-kv,repetitions[0].diagnostics.per_rank[3].gauge_snapshot.per_layer_max_unique_per_forward[40],474
03-partial-auto-kv,repetitions[0].diagnostics.per_rank[3].gauge_snapshot.per_layer_max_unique_per_forward[41],449
03-partial-auto-kv,repetitions[0].diagnostics.per_rank[3].gauge_snapshot.per_layer_max_unique_per_forward[42],448
03-partial-auto-kv,repetitions[0].diagnostics.per_rank[3].gauge_snapshot.per_layer_max_unique_per_forward[43],429
03-partial-auto-kv,repetitions[0].diagnostics.per_rank[3].gauge_snapshot.per_layer_max_unique_per_forward[44],432
03-partial-auto-kv,repetitions[0].diagnostics.per_rank[3].gauge_snapshot.per_layer_max_unique_per_forward[45],426
03-partial-auto-kv,repetitions[0].diagnostics.per_rank[3].gauge_snapshot.per_layer_max_unique_per_forward[46],415
03-partial-auto-kv,repetitions[0].diagnostics.per_rank[3].gauge_snapshot.per_layer_max_unique_per_forward[47],442
03-partial-auto-kv,repetitions[0].diagnostics.per_rank[3].policy_snapshot.resident_experts,12288
03-partial-auto-kv,repetitions[0].diagnostics.per_rank[3].policy_snapshot.cache_slots,256
03-partial-auto-kv,repetitions[0].diagnostics.per_rank[3].policy_snapshot.cache_entries,256
03-partial-auto-kv,repetitions[0].diagnostics.per_rank[3].policy_snapshot.cache_hit_ratio,0.04587109789497083
03-partial-auto-kv,repetitions[0].diagnostics.per_rank[3].kernel_config_records.capacity,64
03-partial-auto-kv,repetitions[0].diagnostics.per_rank[3].kernel_config_records.unrecorded_selections,0
03-partial-auto-kv,repetitions[0].diagnostics.per_rank[3].kernel_config_records.records[0].chunk_tokens,8192
03-partial-auto-kv,repetitions[0].diagnostics.per_rank[3].kernel_config_records.records[0].top_k,10
03-partial-auto-kv,repetitions[0].diagnostics.per_rank[3].kernel_config_records.records[0].selections,816
03-partial-auto-kv,repetitions[0].diagnostics.per_rank[3].kernel_config_records.records[0].w13_shape[0],512
03-partial-auto-kv,repetitions[0].diagnostics.per_rank[3].kernel_config_records.records[0].w13_shape[1],256
03-partial-auto-kv,repetitions[0].diagnostics.per_rank[3].kernel_config_records.records[0].w13_shape[2],2048
03-partial-auto-kv,repetitions[0].diagnostics.per_rank[3].kernel_config_records.records[0].w2_shape[0],512
03-partial-auto-kv,repetitions[0].diagnostics.per_rank[3].kernel_config_records.records[0].w2_shape[1],2048
03-partial-auto-kv,repetitions[0].diagnostics.per_rank[3].kernel_config_records.records[0].w2_shape[2],128
03-partial-auto-kv,repetitions[0].diagnostics.per_rank[3].kernel_config_records.records[0].config.BLOCK_SIZE_K,64
03-partial-auto-kv,repetitions[0].diagnostics.per_rank[3].kernel_config_records.records[0].config.BLOCK_SIZE_M,128
03-partial-auto-kv,repetitions[0].diagnostics.per_rank[3].kernel_config_records.records[0].config.BLOCK_SIZE_N,128
03-partial-auto-kv,repetitions[0].diagnostics.per_rank[3].kernel_config_records.records[0].config.GROUP_SIZE_M,64
03-partial-auto-kv,repetitions[0].diagnostics.per_rank[3].kernel_config_records.records[0].config.num_stages,3
03-partial-auto-kv,repetitions[0].diagnostics.per_rank[3].kernel_config_records.records[0].config.num_warps,8
03-partial-auto-kv,repetitions[0].diagnostics.per_rank[3].kernel_config_records.records[1].chunk_tokens,32
03-partial-auto-kv,repetitions[0].diagnostics.per_rank[3].kernel_config_records.records[1].top_k,10
03-partial-auto-kv,repetitions[0].diagnostics.per_rank[3].kernel_config_records.records[1].selections,2304
03-partial-auto-kv,repetitions[0].diagnostics.per_rank[3].kernel_config_records.records[1].w13_shape[0],512
03-partial-auto-kv,repetitions[0].diagnostics.per_rank[3].kernel_config_records.records[1].w13_shape[1],256
03-partial-auto-kv,repetitions[0].diagnostics.per_rank[3].kernel_config_records.records[1].w13_shape[2],2048
03-partial-auto-kv,repetitions[0].diagnostics.per_rank[3].kernel_config_records.records[1].w2_shape[0],512
03-partial-auto-kv,repetitions[0].diagnostics.per_rank[3].kernel_config_records.records[1].w2_shape[1],2048
03-partial-auto-kv,repetitions[0].diagnostics.per_rank[3].kernel_config_records.records[1].w2_shape[2],128
03-partial-auto-kv,repetitions[0].diagnostics.per_rank[3].kernel_config_records.records[1].config.BLOCK_SIZE_K,64
03-partial-auto-kv,repetitions[0].diagnostics.per_rank[3].kernel_config_records.records[1].config.BLOCK_SIZE_M,16
03-partial-auto-kv,repetitions[0].diagnostics.per_rank[3].kernel_config_records.records[1].config.BLOCK_SIZE_N,128
03-partial-auto-kv,repetitions[0].diagnostics.per_rank[3].kernel_config_records.records[1].config.GROUP_SIZE_M,1
03-partial-auto-kv,repetitions[0].diagnostics.per_rank[3].kernel_config_records.records[1].config.num_stages,3
03-partial-auto-kv,repetitions[0].diagnostics.per_rank[3].kernel_config_records.records[1].config.num_warps,8
03-partial-auto-kv,repetitions[0].diagnostics.per_rank[3].kernel_config_records.records[2].chunk_tokens,4096
03-partial-auto-kv,repetitions[0].diagnostics.per_rank[3].kernel_config_records.records[2].top_k,10
03-partial-auto-kv,repetitions[0].diagnostics.per_rank[3].kernel_config_records.records[2].selections,96
03-partial-auto-kv,repetitions[0].diagnostics.per_rank[3].kernel_config_records.records[2].w13_shape[0],512
03-partial-auto-kv,repetitions[0].diagnostics.per_rank[3].kernel_config_records.records[2].w13_shape[1],256
03-partial-auto-kv,repetitions[0].diagnostics.per_rank[3].kernel_config_records.records[2].w13_shape[2],2048
03-partial-auto-kv,repetitions[0].diagnostics.per_rank[3].kernel_config_records.records[2].w2_shape[0],512
03-partial-auto-kv,repetitions[0].diagnostics.per_rank[3].kernel_config_records.records[2].w2_shape[1],2048
03-partial-auto-kv,repetitions[0].diagnostics.per_rank[3].kernel_config_records.records[2].w2_shape[2],128
03-partial-auto-kv,repetitions[0].diagnostics.per_rank[3].kernel_config_records.records[2].config.BLOCK_SIZE_K,64
03-partial-auto-kv,repetitions[0].diagnostics.per_rank[3].kernel_config_records.records[2].config.BLOCK_SIZE_M,128
03-partial-auto-kv,repetitions[0].diagnostics.per_rank[3].kernel_config_records.records[2].config.BLOCK_SIZE_N,128
03-partial-auto-kv,repetitions[0].diagnostics.per_rank[3].kernel_config_records.records[2].config.GROUP_SIZE_M,64
03-partial-auto-kv,repetitions[0].diagnostics.per_rank[3].kernel_config_records.records[2].config.num_stages,3
03-partial-auto-kv,repetitions[0].diagnostics.per_rank[3].kernel_config_records.records[2].config.num_warps,8
03-partial-auto-kv,repetitions[0].diagnostics.per_rank[3].kernel_config_records.records[3].chunk_tokens,1
03-partial-auto-kv,repetitions[0].diagnostics.per_rank[3].kernel_config_records.records[3].top_k,10
03-partial-auto-kv,repetitions[0].diagnostics.per_rank[3].kernel_config_records.records[3].selections,336
03-partial-auto-kv,repetitions[0].diagnostics.per_rank[3].kernel_config_records.records[3].w13_shape[0],512
03-partial-auto-kv,repetitions[0].diagnostics.per_rank[3].kernel_config_records.records[3].w13_shape[1],256
03-partial-auto-kv,repetitions[0].diagnostics.per_rank[3].kernel_config_records.records[3].w13_shape[2],2048
03-partial-auto-kv,repetitions[0].diagnostics.per_rank[3].kernel_config_records.records[3].w2_shape[0],512
03-partial-auto-kv,repetitions[0].diagnostics.per_rank[3].kernel_config_records.records[3].w2_shape[1],2048
03-partial-auto-kv,repetitions[0].diagnostics.per_rank[3].kernel_config_records.records[3].w2_shape[2],128
03-partial-auto-kv,repetitions[0].diagnostics.per_rank[3].kernel_config_records.records[3].config.BLOCK_SIZE_K,64
03-partial-auto-kv,repetitions[0].diagnostics.per_rank[3].kernel_config_records.records[3].config.BLOCK_SIZE_M,16
03-partial-auto-kv,repetitions[0].diagnostics.per_rank[3].kernel_config_records.records[3].config.BLOCK_SIZE_N,32
03-partial-auto-kv,repetitions[0].diagnostics.per_rank[3].kernel_config_records.records[3].config.GROUP_SIZE_M,1
03-partial-auto-kv,repetitions[0].diagnostics.per_rank[3].kernel_config_records.records[3].config.num_stages,4
03-partial-auto-kv,repetitions[0].diagnostics.per_rank[3].kernel_config_records.records[3].config.num_warps,4
03-partial-auto-kv,repetitions[0].diagnostics.per_rank[3].kernel_config_records.records[4].chunk_tokens,4337
03-partial-auto-kv,repetitions[0].diagnostics.per_rank[3].kernel_config_records.records[4].top_k,10
03-partial-auto-kv,repetitions[0].diagnostics.per_rank[3].kernel_config_records.records[4].selections,48
03-partial-auto-kv,repetitions[0].diagnostics.per_rank[3].kernel_config_records.records[4].w13_shape[0],512
03-partial-auto-kv,repetitions[0].diagnostics.per_rank[3].kernel_config_records.records[4].w13_shape[1],256
03-partial-auto-kv,repetitions[0].diagnostics.per_rank[3].kernel_config_records.records[4].w13_shape[2],2048
03-partial-auto-kv,repetitions[0].diagnostics.per_rank[3].kernel_config_records.records[4].w2_shape[0],512
03-partial-auto-kv,repetitions[0].diagnostics.per_rank[3].kernel_config_records.records[4].w2_shape[1],2048
03-partial-auto-kv,repetitions[0].diagnostics.per_rank[3].kernel_config_records.records[4].w2_shape[2],128
03-partial-auto-kv,repetitions[0].diagnostics.per_rank[3].kernel_config_records.records[4].config.BLOCK_SIZE_K,64
03-partial-auto-kv,repetitions[0].diagnostics.per_rank[3].kernel_config_records.records[4].config.BLOCK_SIZE_M,128
03-partial-auto-kv,repetitions[0].diagnostics.per_rank[3].kernel_config_records.records[4].config.BLOCK_SIZE_N,128
03-partial-auto-kv,repetitions[0].diagnostics.per_rank[3].kernel_config_records.records[4].config.GROUP_SIZE_M,64
03-partial-auto-kv,repetitions[0].diagnostics.per_rank[3].kernel_config_records.records[4].config.num_stages,3
03-partial-auto-kv,repetitions[0].diagnostics.per_rank[3].kernel_config_records.records[4].config.num_warps,8
03-partial-auto-kv,repetitions[0].diagnostics.per_rank[3].kernel_config_records.records[5].chunk_tokens,31
03-partial-auto-kv,repetitions[0].diagnostics.per_rank[3].kernel_config_records.records[5].top_k,10
03-partial-auto-kv,repetitions[0].diagnostics.per_rank[3].kernel_config_records.records[5].selections,48
03-partial-auto-kv,repetitions[0].diagnostics.per_rank[3].kernel_config_records.records[5].w13_shape[0],512
03-partial-auto-kv,repetitions[0].diagnostics.per_rank[3].kernel_config_records.records[5].w13_shape[1],256
03-partial-auto-kv,repetitions[0].diagnostics.per_rank[3].kernel_config_records.records[5].w13_shape[2],2048
03-partial-auto-kv,repetitions[0].diagnostics.per_rank[3].kernel_config_records.records[5].w2_shape[0],512
03-partial-auto-kv,repetitions[0].diagnostics.per_rank[3].kernel_config_records.records[5].w2_shape[1],2048
03-partial-auto-kv,repetitions[0].diagnostics.per_rank[3].kernel_config_records.records[5].w2_shape[2],128
03-partial-auto-kv,repetitions[0].diagnostics.per_rank[3].kernel_config_records.records[5].config.BLOCK_SIZE_K,64
03-partial-auto-kv,repetitions[0].diagnostics.per_rank[3].kernel_config_records.records[5].config.BLOCK_SIZE_M,16
03-partial-auto-kv,repetitions[0].diagnostics.per_rank[3].kernel_config_records.records[5].config.BLOCK_SIZE_N,128
03-partial-auto-kv,repetitions[0].diagnostics.per_rank[3].kernel_config_records.records[5].config.GROUP_SIZE_M,1
03-partial-auto-kv,repetitions[0].diagnostics.per_rank[3].kernel_config_records.records[5].config.num_stages,3
03-partial-auto-kv,repetitions[0].diagnostics.per_rank[3].kernel_config_records.records[5].config.num_warps,8
03-partial-auto-kv,repetitions[0].diagnostics.per_rank[3].kernel_config_records.records[6].chunk_tokens,30
03-partial-auto-kv,repetitions[0].diagnostics.per_rank[3].kernel_config_records.records[6].top_k,10
03-partial-auto-kv,repetitions[0].diagnostics.per_rank[3].kernel_config_records.records[6].selections,48
03-partial-auto-kv,repetitions[0].diagnostics.per_rank[3].kernel_config_records.records[6].w13_shape[0],512
03-partial-auto-kv,repetitions[0].diagnostics.per_rank[3].kernel_config_records.records[6].w13_shape[1],256
03-partial-auto-kv,repetitions[0].diagnostics.per_rank[3].kernel_config_records.records[6].w13_shape[2],2048
03-partial-auto-kv,repetitions[0].diagnostics.per_rank[3].kernel_config_records.records[6].w2_shape[0],512
03-partial-auto-kv,repetitions[0].diagnostics.per_rank[3].kernel_config_records.records[6].w2_shape[1],2048
03-partial-auto-kv,repetitions[0].diagnostics.per_rank[3].kernel_config_records.records[6].w2_shape[2],128
03-partial-auto-kv,repetitions[0].diagnostics.per_rank[3].kernel_config_records.records[6].config.BLOCK_SIZE_K,64
03-partial-auto-kv,repetitions[0].diagnostics.per_rank[3].kernel_config_records.records[6].config.BLOCK_SIZE_M,16
03-partial-auto-kv,repetitions[0].diagnostics.per_rank[3].kernel_config_records.records[6].config.BLOCK_SIZE_N,128
03-partial-auto-kv,repetitions[0].diagnostics.per_rank[3].kernel_config_records.records[6].config.GROUP_SIZE_M,1
03-partial-auto-kv,repetitions[0].diagnostics.per_rank[3].kernel_config_records.records[6].config.num_stages,3
03-partial-auto-kv,repetitions[0].diagnostics.per_rank[3].kernel_config_records.records[6].config.num_warps,8
03-partial-auto-kv,repetitions[0].diagnostics.per_rank[3].kernel_config_records.records[7].chunk_tokens,28
03-partial-auto-kv,repetitions[0].diagnostics.per_rank[3].kernel_config_records.records[7].top_k,10
03-partial-auto-kv,repetitions[0].diagnostics.per_rank[3].kernel_config_records.records[7].selections,48
03-partial-auto-kv,repetitions[0].diagnostics.per_rank[3].kernel_config_records.records[7].w13_shape[0],512
03-partial-auto-kv,repetitions[0].diagnostics.per_rank[3].kernel_config_records.records[7].w13_shape[1],256
03-partial-auto-kv,repetitions[0].diagnostics.per_rank[3].kernel_config_records.records[7].w13_shape[2],2048
03-partial-auto-kv,repetitions[0].diagnostics.per_rank[3].kernel_config_records.records[7].w2_shape[0],512
03-partial-auto-kv,repetitions[0].diagnostics.per_rank[3].kernel_config_records.records[7].w2_shape[1],2048
03-partial-auto-kv,repetitions[0].diagnostics.per_rank[3].kernel_config_records.records[7].w2_shape[2],128
03-partial-auto-kv,repetitions[0].diagnostics.per_rank[3].kernel_config_records.records[7].config.BLOCK_SIZE_K,64
03-partial-auto-kv,repetitions[0].diagnostics.per_rank[3].kernel_config_records.records[7].config.BLOCK_SIZE_M,32
03-partial-auto-kv,repetitions[0].diagnostics.per_rank[3].kernel_config_records.records[7].config.BLOCK_SIZE_N,128
03-partial-auto-kv,repetitions[0].diagnostics.per_rank[3].kernel_config_records.records[7].config.GROUP_SIZE_M,1
03-partial-auto-kv,repetitions[0].diagnostics.per_rank[3].kernel_config_records.records[7].config.num_stages,3
03-partial-auto-kv,repetitions[0].diagnostics.per_rank[3].kernel_config_records.records[7].config.num_warps,4
03-partial-auto-kv,repetitions[0].diagnostics.per_rank[3].kernel_config_records.records[8].chunk_tokens,26
03-partial-auto-kv,repetitions[0].diagnostics.per_rank[3].kernel_config_records.records[8].top_k,10
03-partial-auto-kv,repetitions[0].diagnostics.per_rank[3].kernel_config_records.records[8].selections,48
03-partial-auto-kv,repetitions[0].diagnostics.per_rank[3].kernel_config_records.records[8].w13_shape[0],512
03-partial-auto-kv,repetitions[0].diagnostics.per_rank[3].kernel_config_records.records[8].w13_shape[1],256
03-partial-auto-kv,repetitions[0].diagnostics.per_rank[3].kernel_config_records.records[8].w13_shape[2],2048
03-partial-auto-kv,repetitions[0].diagnostics.per_rank[3].kernel_config_records.records[8].w2_shape[0],512
03-partial-auto-kv,repetitions[0].diagnostics.per_rank[3].kernel_config_records.records[8].w2_shape[1],2048
03-partial-auto-kv,repetitions[0].diagnostics.per_rank[3].kernel_config_records.records[8].w2_shape[2],128
03-partial-auto-kv,repetitions[0].diagnostics.per_rank[3].kernel_config_records.records[8].config.BLOCK_SIZE_K,64
03-partial-auto-kv,repetitions[0].diagnostics.per_rank[3].kernel_config_records.records[8].config.BLOCK_SIZE_M,32
03-partial-auto-kv,repetitions[0].diagnostics.per_rank[3].kernel_config_records.records[8].config.BLOCK_SIZE_N,128
03-partial-auto-kv,repetitions[0].diagnostics.per_rank[3].kernel_config_records.records[8].config.GROUP_SIZE_M,1
03-partial-auto-kv,repetitions[0].diagnostics.per_rank[3].kernel_config_records.records[8].config.num_stages,3
03-partial-auto-kv,repetitions[0].diagnostics.per_rank[3].kernel_config_records.records[8].config.num_warps,4
03-partial-auto-kv,repetitions[0].diagnostics.per_rank[3].kernel_config_records.records[9].chunk_tokens,24
03-partial-auto-kv,repetitions[0].diagnostics.per_rank[3].kernel_config_records.records[9].top_k,10
03-partial-auto-kv,repetitions[0].diagnostics.per_rank[3].kernel_config_records.records[9].selections,48
03-partial-auto-kv,repetitions[0].diagnostics.per_rank[3].kernel_config_records.records[9].w13_shape[0],512
03-partial-auto-kv,repetitions[0].diagnostics.per_rank[3].kernel_config_records.records[9].w13_shape[1],256
03-partial-auto-kv,repetitions[0].diagnostics.per_rank[3].kernel_config_records.records[9].w13_shape[2],2048
03-partial-auto-kv,repetitions[0].diagnostics.per_rank[3].kernel_config_records.records[9].w2_shape[0],512
03-partial-auto-kv,repetitions[0].diagnostics.per_rank[3].kernel_config_records.records[9].w2_shape[1],2048
03-partial-auto-kv,repetitions[0].diagnostics.per_rank[3].kernel_config_records.records[9].w2_shape[2],128
03-partial-auto-kv,repetitions[0].diagnostics.per_rank[3].kernel_config_records.records[9].config.BLOCK_SIZE_K,64
03-partial-auto-kv,repetitions[0].diagnostics.per_rank[3].kernel_config_records.records[9].config.BLOCK_SIZE_M,32
03-partial-auto-kv,repetitions[0].diagnostics.per_rank[3].kernel_config_records.records[9].config.BLOCK_SIZE_N,128
03-partial-auto-kv,repetitions[0].diagnostics.per_rank[3].kernel_config_records.records[9].config.GROUP_SIZE_M,1
03-partial-auto-kv,repetitions[0].diagnostics.per_rank[3].kernel_config_records.records[9].config.num_stages,3
03-partial-auto-kv,repetitions[0].diagnostics.per_rank[3].kernel_config_records.records[9].config.num_warps,4
03-partial-auto-kv,repetitions[0].diagnostics.per_rank[3].kernel_config_records.records[10].chunk_tokens,22
03-partial-auto-kv,repetitions[0].diagnostics.per_rank[3].kernel_config_records.records[10].top_k,10
03-partial-auto-kv,repetitions[0].diagnostics.per_rank[3].kernel_config_records.records[10].selections,48
03-partial-auto-kv,repetitions[0].diagnostics.per_rank[3].kernel_config_records.records[10].w13_shape[0],512
03-partial-auto-kv,repetitions[0].diagnostics.per_rank[3].kernel_config_records.records[10].w13_shape[1],256
03-partial-auto-kv,repetitions[0].diagnostics.per_rank[3].kernel_config_records.records[10].w13_shape[2],2048
03-partial-auto-kv,repetitions[0].diagnostics.per_rank[3].kernel_config_records.records[10].w2_shape[0],512
03-partial-auto-kv,repetitions[0].diagnostics.per_rank[3].kernel_config_records.records[10].w2_shape[1],2048
03-partial-auto-kv,repetitions[0].diagnostics.per_rank[3].kernel_config_records.records[10].w2_shape[2],128
03-partial-auto-kv,repetitions[0].diagnostics.per_rank[3].kernel_config_records.records[10].config.BLOCK_SIZE_K,64
03-partial-auto-kv,repetitions[0].diagnostics.per_rank[3].kernel_config_records.records[10].config.BLOCK_SIZE_M,32
03-partial-auto-kv,repetitions[0].diagnostics.per_rank[3].kernel_config_records.records[10].config.BLOCK_SIZE_N,128
03-partial-auto-kv,repetitions[0].diagnostics.per_rank[3].kernel_config_records.records[10].config.GROUP_SIZE_M,1
03-partial-auto-kv,repetitions[0].diagnostics.per_rank[3].kernel_config_records.records[10].config.num_stages,3
03-partial-auto-kv,repetitions[0].diagnostics.per_rank[3].kernel_config_records.records[10].config.num_warps,4
03-partial-auto-kv,repetitions[0].diagnostics.per_rank[3].kernel_config_records.records[11].chunk_tokens,20
03-partial-auto-kv,repetitions[0].diagnostics.per_rank[3].kernel_config_records.records[11].top_k,10
03-partial-auto-kv,repetitions[0].diagnostics.per_rank[3].kernel_config_records.records[11].selections,48
03-partial-auto-kv,repetitions[0].diagnostics.per_rank[3].kernel_config_records.records[11].w13_shape[0],512
03-partial-auto-kv,repetitions[0].diagnostics.per_rank[3].kernel_config_records.records[11].w13_shape[1],256
03-partial-auto-kv,repetitions[0].diagnostics.per_rank[3].kernel_config_records.records[11].w13_shape[2],2048
03-partial-auto-kv,repetitions[0].diagnostics.per_rank[3].kernel_config_records.records[11].w2_shape[0],512
03-partial-auto-kv,repetitions[0].diagnostics.per_rank[3].kernel_config_records.records[11].w2_shape[1],2048
03-partial-auto-kv,repetitions[0].diagnostics.per_rank[3].kernel_config_records.records[11].w2_shape[2],128
03-partial-auto-kv,repetitions[0].diagnostics.per_rank[3].kernel_config_records.records[11].config.BLOCK_SIZE_K,64
03-partial-auto-kv,repetitions[0].diagnostics.per_rank[3].kernel_config_records.records[11].config.BLOCK_SIZE_M,16
03-partial-auto-kv,repetitions[0].diagnostics.per_rank[3].kernel_config_records.records[11].config.BLOCK_SIZE_N,128
03-partial-auto-kv,repetitions[0].diagnostics.per_rank[3].kernel_config_records.records[11].config.GROUP_SIZE_M,1
03-partial-auto-kv,repetitions[0].diagnostics.per_rank[3].kernel_config_records.records[11].config.num_stages,3
03-partial-auto-kv,repetitions[0].diagnostics.per_rank[3].kernel_config_records.records[11].config.num_warps,4
03-partial-auto-kv,repetitions[0].diagnostics.per_rank[3].kernel_config_records.records[12].chunk_tokens,18
03-partial-auto-kv,repetitions[0].diagnostics.per_rank[3].kernel_config_records.records[12].top_k,10
03-partial-auto-kv,repetitions[0].diagnostics.per_rank[3].kernel_config_records.records[12].selections,48
03-partial-auto-kv,repetitions[0].diagnostics.per_rank[3].kernel_config_records.records[12].w13_shape[0],512
03-partial-auto-kv,repetitions[0].diagnostics.per_rank[3].kernel_config_records.records[12].w13_shape[1],256
03-partial-auto-kv,repetitions[0].diagnostics.per_rank[3].kernel_config_records.records[12].w13_shape[2],2048
03-partial-auto-kv,repetitions[0].diagnostics.per_rank[3].kernel_config_records.records[12].w2_shape[0],512
03-partial-auto-kv,repetitions[0].diagnostics.per_rank[3].kernel_config_records.records[12].w2_shape[1],2048
03-partial-auto-kv,repetitions[0].diagnostics.per_rank[3].kernel_config_records.records[12].w2_shape[2],128
03-partial-auto-kv,repetitions[0].diagnostics.per_rank[3].kernel_config_records.records[12].config.BLOCK_SIZE_K,64
03-partial-auto-kv,repetitions[0].diagnostics.per_rank[3].kernel_config_records.records[12].config.BLOCK_SIZE_M,16
03-partial-auto-kv,repetitions[0].diagnostics.per_rank[3].kernel_config_records.records[12].config.BLOCK_SIZE_N,128
03-partial-auto-kv,repetitions[0].diagnostics.per_rank[3].kernel_config_records.records[12].config.GROUP_SIZE_M,1
03-partial-auto-kv,repetitions[0].diagnostics.per_rank[3].kernel_config_records.records[12].config.num_stages,3
03-partial-auto-kv,repetitions[0].diagnostics.per_rank[3].kernel_config_records.records[12].config.num_warps,4
03-partial-auto-kv,repetitions[0].diagnostics.per_rank[3].kernel_config_records.records[13].chunk_tokens,16
03-partial-auto-kv,repetitions[0].diagnostics.per_rank[3].kernel_config_records.records[13].top_k,10
03-partial-auto-kv,repetitions[0].diagnostics.per_rank[3].kernel_config_records.records[13].selections,48
03-partial-auto-kv,repetitions[0].diagnostics.per_rank[3].kernel_config_records.records[13].w13_shape[0],512
03-partial-auto-kv,repetitions[0].diagnostics.per_rank[3].kernel_config_records.records[13].w13_shape[1],256
03-partial-auto-kv,repetitions[0].diagnostics.per_rank[3].kernel_config_records.records[13].w13_shape[2],2048
03-partial-auto-kv,repetitions[0].diagnostics.per_rank[3].kernel_config_records.records[13].w2_shape[0],512
03-partial-auto-kv,repetitions[0].diagnostics.per_rank[3].kernel_config_records.records[13].w2_shape[1],2048
03-partial-auto-kv,repetitions[0].diagnostics.per_rank[3].kernel_config_records.records[13].w2_shape[2],128
03-partial-auto-kv,repetitions[0].diagnostics.per_rank[3].kernel_config_records.records[13].config.BLOCK_SIZE_K,64
03-partial-auto-kv,repetitions[0].diagnostics.per_rank[3].kernel_config_records.records[13].config.BLOCK_SIZE_M,16
03-partial-auto-kv,repetitions[0].diagnostics.per_rank[3].kernel_config_records.records[13].config.BLOCK_SIZE_N,128
03-partial-auto-kv,repetitions[0].diagnostics.per_rank[3].kernel_config_records.records[13].config.GROUP_SIZE_M,1
03-partial-auto-kv,repetitions[0].diagnostics.per_rank[3].kernel_config_records.records[13].config.num_stages,3
03-partial-auto-kv,repetitions[0].diagnostics.per_rank[3].kernel_config_records.records[13].config.num_warps,4
03-partial-auto-kv,repetitions[0].diagnostics.per_rank[3].kernel_config_records.records[14].chunk_tokens,14
03-partial-auto-kv,repetitions[0].diagnostics.per_rank[3].kernel_config_records.records[14].top_k,10
03-partial-auto-kv,repetitions[0].diagnostics.per_rank[3].kernel_config_records.records[14].selections,48
03-partial-auto-kv,repetitions[0].diagnostics.per_rank[3].kernel_config_records.records[14].w13_shape[0],512
03-partial-auto-kv,repetitions[0].diagnostics.per_rank[3].kernel_config_records.records[14].w13_shape[1],256
03-partial-auto-kv,repetitions[0].diagnostics.per_rank[3].kernel_config_records.records[14].w13_shape[2],2048
03-partial-auto-kv,repetitions[0].diagnostics.per_rank[3].kernel_config_records.records[14].w2_shape[0],512
03-partial-auto-kv,repetitions[0].diagnostics.per_rank[3].kernel_config_records.records[14].w2_shape[1],2048
03-partial-auto-kv,repetitions[0].diagnostics.per_rank[3].kernel_config_records.records[14].w2_shape[2],128
03-partial-auto-kv,repetitions[0].diagnostics.per_rank[3].kernel_config_records.records[14].config.BLOCK_SIZE_K,64
03-partial-auto-kv,repetitions[0].diagnostics.per_rank[3].kernel_config_records.records[14].config.BLOCK_SIZE_M,16
03-partial-auto-kv,repetitions[0].diagnostics.per_rank[3].kernel_config_records.records[14].config.BLOCK_SIZE_N,128
03-partial-auto-kv,repetitions[0].diagnostics.per_rank[3].kernel_config_records.records[14].config.GROUP_SIZE_M,1
03-partial-auto-kv,repetitions[0].diagnostics.per_rank[3].kernel_config_records.records[14].config.num_stages,3
03-partial-auto-kv,repetitions[0].diagnostics.per_rank[3].kernel_config_records.records[14].config.num_warps,4
03-partial-auto-kv,repetitions[0].diagnostics.per_rank[3].kernel_config_records.records[15].chunk_tokens,12
03-partial-auto-kv,repetitions[0].diagnostics.per_rank[3].kernel_config_records.records[15].top_k,10
03-partial-auto-kv,repetitions[0].diagnostics.per_rank[3].kernel_config_records.records[15].selections,48
03-partial-auto-kv,repetitions[0].diagnostics.per_rank[3].kernel_config_records.records[15].w13_shape[0],512
03-partial-auto-kv,repetitions[0].diagnostics.per_rank[3].kernel_config_records.records[15].w13_shape[1],256
03-partial-auto-kv,repetitions[0].diagnostics.per_rank[3].kernel_config_records.records[15].w13_shape[2],2048
03-partial-auto-kv,repetitions[0].diagnostics.per_rank[3].kernel_config_records.records[15].w2_shape[0],512
03-partial-auto-kv,repetitions[0].diagnostics.per_rank[3].kernel_config_records.records[15].w2_shape[1],2048
03-partial-auto-kv,repetitions[0].diagnostics.per_rank[3].kernel_config_records.records[15].w2_shape[2],128
03-partial-auto-kv,repetitions[0].diagnostics.per_rank[3].kernel_config_records.records[15].config.BLOCK_SIZE_K,64
03-partial-auto-kv,repetitions[0].diagnostics.per_rank[3].kernel_config_records.records[15].config.BLOCK_SIZE_M,16
03-partial-auto-kv,repetitions[0].diagnostics.per_rank[3].kernel_config_records.records[15].config.BLOCK_SIZE_N,128
03-partial-auto-kv,repetitions[0].diagnostics.per_rank[3].kernel_config_records.records[15].config.GROUP_SIZE_M,1
03-partial-auto-kv,repetitions[0].diagnostics.per_rank[3].kernel_config_records.records[15].config.num_stages,3
03-partial-auto-kv,repetitions[0].diagnostics.per_rank[3].kernel_config_records.records[15].config.num_warps,4
03-partial-auto-kv,repetitions[0].diagnostics.per_rank[3].kernel_config_records.records[16].chunk_tokens,10
03-partial-auto-kv,repetitions[0].diagnostics.per_rank[3].kernel_config_records.records[16].top_k,10
03-partial-auto-kv,repetitions[0].diagnostics.per_rank[3].kernel_config_records.records[16].selections,48
03-partial-auto-kv,repetitions[0].diagnostics.per_rank[3].kernel_config_records.records[16].w13_shape[0],512
03-partial-auto-kv,repetitions[0].diagnostics.per_rank[3].kernel_config_records.records[16].w13_shape[1],256
03-partial-auto-kv,repetitions[0].diagnostics.per_rank[3].kernel_config_records.records[16].w13_shape[2],2048
03-partial-auto-kv,repetitions[0].diagnostics.per_rank[3].kernel_config_records.records[16].w2_shape[0],512
03-partial-auto-kv,repetitions[0].diagnostics.per_rank[3].kernel_config_records.records[16].w2_shape[1],2048
03-partial-auto-kv,repetitions[0].diagnostics.per_rank[3].kernel_config_records.records[16].w2_shape[2],128
03-partial-auto-kv,repetitions[0].diagnostics.per_rank[3].kernel_config_records.records[16].config.BLOCK_SIZE_K,64
03-partial-auto-kv,repetitions[0].diagnostics.per_rank[3].kernel_config_records.records[16].config.BLOCK_SIZE_M,16
03-partial-auto-kv,repetitions[0].diagnostics.per_rank[3].kernel_config_records.records[16].config.BLOCK_SIZE_N,128
03-partial-auto-kv,repetitions[0].diagnostics.per_rank[3].kernel_config_records.records[16].config.GROUP_SIZE_M,1
03-partial-auto-kv,repetitions[0].diagnostics.per_rank[3].kernel_config_records.records[16].config.num_stages,3
03-partial-auto-kv,repetitions[0].diagnostics.per_rank[3].kernel_config_records.records[16].config.num_warps,4
03-partial-auto-kv,repetitions[0].diagnostics.per_rank[3].kernel_config_records.records[17].chunk_tokens,8
03-partial-auto-kv,repetitions[0].diagnostics.per_rank[3].kernel_config_records.records[17].top_k,10
03-partial-auto-kv,repetitions[0].diagnostics.per_rank[3].kernel_config_records.records[17].selections,48
03-partial-auto-kv,repetitions[0].diagnostics.per_rank[3].kernel_config_records.records[17].w13_shape[0],512
03-partial-auto-kv,repetitions[0].diagnostics.per_rank[3].kernel_config_records.records[17].w13_shape[1],256
03-partial-auto-kv,repetitions[0].diagnostics.per_rank[3].kernel_config_records.records[17].w13_shape[2],2048
03-partial-auto-kv,repetitions[0].diagnostics.per_rank[3].kernel_config_records.records[17].w2_shape[0],512
03-partial-auto-kv,repetitions[0].diagnostics.per_rank[3].kernel_config_records.records[17].w2_shape[1],2048
03-partial-auto-kv,repetitions[0].diagnostics.per_rank[3].kernel_config_records.records[17].w2_shape[2],128
03-partial-auto-kv,repetitions[0].diagnostics.per_rank[3].kernel_config_records.records[17].config.BLOCK_SIZE_K,64
03-partial-auto-kv,repetitions[0].diagnostics.per_rank[3].kernel_config_records.records[17].config.BLOCK_SIZE_M,16
03-partial-auto-kv,repetitions[0].diagnostics.per_rank[3].kernel_config_records.records[17].config.BLOCK_SIZE_N,128
03-partial-auto-kv,repetitions[0].diagnostics.per_rank[3].kernel_config_records.records[17].config.GROUP_SIZE_M,1
03-partial-auto-kv,repetitions[0].diagnostics.per_rank[3].kernel_config_records.records[17].config.num_stages,3
03-partial-auto-kv,repetitions[0].diagnostics.per_rank[3].kernel_config_records.records[17].config.num_warps,4
03-partial-auto-kv,repetitions[0].diagnostics.per_rank[3].kernel_config_records.records[18].chunk_tokens,6
03-partial-auto-kv,repetitions[0].diagnostics.per_rank[3].kernel_config_records.records[18].top_k,10
03-partial-auto-kv,repetitions[0].diagnostics.per_rank[3].kernel_config_records.records[18].selections,48
03-partial-auto-kv,repetitions[0].diagnostics.per_rank[3].kernel_config_records.records[18].w13_shape[0],512
03-partial-auto-kv,repetitions[0].diagnostics.per_rank[3].kernel_config_records.records[18].w13_shape[1],256
03-partial-auto-kv,repetitions[0].diagnostics.per_rank[3].kernel_config_records.records[18].w13_shape[2],2048
03-partial-auto-kv,repetitions[0].diagnostics.per_rank[3].kernel_config_records.records[18].w2_shape[0],512
03-partial-auto-kv,repetitions[0].diagnostics.per_rank[3].kernel_config_records.records[18].w2_shape[1],2048
03-partial-auto-kv,repetitions[0].diagnostics.per_rank[3].kernel_config_records.records[18].w2_shape[2],128
03-partial-auto-kv,repetitions[0].diagnostics.per_rank[3].kernel_config_records.records[18].config.BLOCK_SIZE_K,64
03-partial-auto-kv,repetitions[0].diagnostics.per_rank[3].kernel_config_records.records[18].config.BLOCK_SIZE_M,16
03-partial-auto-kv,repetitions[0].diagnostics.per_rank[3].kernel_config_records.records[18].config.BLOCK_SIZE_N,128
03-partial-auto-kv,repetitions[0].diagnostics.per_rank[3].kernel_config_records.records[18].config.GROUP_SIZE_M,1
03-partial-auto-kv,repetitions[0].diagnostics.per_rank[3].kernel_config_records.records[18].config.num_stages,4
03-partial-auto-kv,repetitions[0].diagnostics.per_rank[3].kernel_config_records.records[18].config.num_warps,4
03-partial-auto-kv,repetitions[0].diagnostics.per_rank[3].kernel_config_records.records[19].chunk_tokens,4
03-partial-auto-kv,repetitions[0].diagnostics.per_rank[3].kernel_config_records.records[19].top_k,10
03-partial-auto-kv,repetitions[0].diagnostics.per_rank[3].kernel_config_records.records[19].selections,48
03-partial-auto-kv,repetitions[0].diagnostics.per_rank[3].kernel_config_records.records[19].w13_shape[0],512
03-partial-auto-kv,repetitions[0].diagnostics.per_rank[3].kernel_config_records.records[19].w13_shape[1],256
03-partial-auto-kv,repetitions[0].diagnostics.per_rank[3].kernel_config_records.records[19].w13_shape[2],2048
03-partial-auto-kv,repetitions[0].diagnostics.per_rank[3].kernel_config_records.records[19].w2_shape[0],512
03-partial-auto-kv,repetitions[0].diagnostics.per_rank[3].kernel_config_records.records[19].w2_shape[1],2048
03-partial-auto-kv,repetitions[0].diagnostics.per_rank[3].kernel_config_records.records[19].w2_shape[2],128
03-partial-auto-kv,repetitions[0].diagnostics.per_rank[3].kernel_config_records.records[19].config.BLOCK_SIZE_K,64
03-partial-auto-kv,repetitions[0].diagnostics.per_rank[3].kernel_config_records.records[19].config.BLOCK_SIZE_M,16
03-partial-auto-kv,repetitions[0].diagnostics.per_rank[3].kernel_config_records.records[19].config.BLOCK_SIZE_N,128
03-partial-auto-kv,repetitions[0].diagnostics.per_rank[3].kernel_config_records.records[19].config.GROUP_SIZE_M,1
03-partial-auto-kv,repetitions[0].diagnostics.per_rank[3].kernel_config_records.records[19].config.num_stages,4
03-partial-auto-kv,repetitions[0].diagnostics.per_rank[3].kernel_config_records.records[19].config.num_warps,4
03-partial-auto-kv,repetitions[0].diagnostics.per_rank[3].kernel_config_records.records[20].chunk_tokens,2
03-partial-auto-kv,repetitions[0].diagnostics.per_rank[3].kernel_config_records.records[20].top_k,10
03-partial-auto-kv,repetitions[0].diagnostics.per_rank[3].kernel_config_records.records[20].selections,48
03-partial-auto-kv,repetitions[0].diagnostics.per_rank[3].kernel_config_records.records[20].w13_shape[0],512
03-partial-auto-kv,repetitions[0].diagnostics.per_rank[3].kernel_config_records.records[20].w13_shape[1],256
03-partial-auto-kv,repetitions[0].diagnostics.per_rank[3].kernel_config_records.records[20].w13_shape[2],2048
03-partial-auto-kv,repetitions[0].diagnostics.per_rank[3].kernel_config_records.records[20].w2_shape[0],512
03-partial-auto-kv,repetitions[0].diagnostics.per_rank[3].kernel_config_records.records[20].w2_shape[1],2048
03-partial-auto-kv,repetitions[0].diagnostics.per_rank[3].kernel_config_records.records[20].w2_shape[2],128
03-partial-auto-kv,repetitions[0].diagnostics.per_rank[3].kernel_config_records.records[20].config.BLOCK_SIZE_K,64
03-partial-auto-kv,repetitions[0].diagnostics.per_rank[3].kernel_config_records.records[20].config.BLOCK_SIZE_M,32
03-partial-auto-kv,repetitions[0].diagnostics.per_rank[3].kernel_config_records.records[20].config.BLOCK_SIZE_N,64
03-partial-auto-kv,repetitions[0].diagnostics.per_rank[3].kernel_config_records.records[20].config.GROUP_SIZE_M,1
03-partial-auto-kv,repetitions[0].diagnostics.per_rank[3].kernel_config_records.records[20].config.num_stages,4
03-partial-auto-kv,repetitions[0].diagnostics.per_rank[3].kernel_config_records.records[20].config.num_warps,8
03-partial-auto-kv,repetitions[0].memory[0].rank,0
03-partial-auto-kv,repetitions[0].memory[0].total_gpu_bytes,85017493504
03-partial-auto-kv,repetitions[0].memory[0].free_gpu_bytes,30274551808
03-partial-auto-kv,repetitions[0].memory[0].torch_allocated_bytes,48985914880
03-partial-auto-kv,repetitions[0].memory[0].torch_reserved_bytes,49683628032
03-partial-auto-kv,repetitions[0].memory[0].torch_peak_allocated_bytes,49586968576
03-partial-auto-kv,repetitions[0].memory[0].torch_peak_reserved_bytes,49683628032
03-partial-auto-kv,repetitions[0].memory[0].kv_cache_allocated_bytes,27066236928
03-partial-auto-kv,repetitions[0].memory[0].num_gpu_blocks,8098
03-partial-auto-kv,repetitions[0].memory[0].kv_cache_declared_bytes,27066236928
03-partial-auto-kv,repetitions[0].memory[0].kv_cache_accounting_consistent,True
03-partial-auto-kv,repetitions[0].memory[1].rank,1
03-partial-auto-kv,repetitions[0].memory[1].total_gpu_bytes,85017493504
03-partial-auto-kv,repetitions[0].memory[1].free_gpu_bytes,30274551808
03-partial-auto-kv,repetitions[0].memory[1].torch_allocated_bytes,48985914880
03-partial-auto-kv,repetitions[0].memory[1].torch_reserved_bytes,49683628032
03-partial-auto-kv,repetitions[0].memory[1].torch_peak_allocated_bytes,49586968576
03-partial-auto-kv,repetitions[0].memory[1].torch_peak_reserved_bytes,49683628032
03-partial-auto-kv,repetitions[0].memory[1].kv_cache_allocated_bytes,27066236928
03-partial-auto-kv,repetitions[0].memory[1].num_gpu_blocks,8098
03-partial-auto-kv,repetitions[0].memory[1].kv_cache_declared_bytes,27066236928
03-partial-auto-kv,repetitions[0].memory[1].kv_cache_accounting_consistent,True
03-partial-auto-kv,repetitions[0].memory[2].rank,2
03-partial-auto-kv,repetitions[0].memory[2].total_gpu_bytes,85017493504
03-partial-auto-kv,repetitions[0].memory[2].free_gpu_bytes,30274551808
03-partial-auto-kv,repetitions[0].memory[2].torch_allocated_bytes,48985914880
03-partial-auto-kv,repetitions[0].memory[2].torch_reserved_bytes,49683628032
03-partial-auto-kv,repetitions[0].memory[2].torch_peak_allocated_bytes,49586968576
03-partial-auto-kv,repetitions[0].memory[2].torch_peak_reserved_bytes,49683628032
03-partial-auto-kv,repetitions[0].memory[2].kv_cache_allocated_bytes,27066236928
03-partial-auto-kv,repetitions[0].memory[2].num_gpu_blocks,8098
03-partial-auto-kv,repetitions[0].memory[2].kv_cache_declared_bytes,27066236928
03-partial-auto-kv,repetitions[0].memory[2].kv_cache_accounting_consistent,True
03-partial-auto-kv,repetitions[0].memory[3].rank,3
03-partial-auto-kv,repetitions[0].memory[3].total_gpu_bytes,85017493504
03-partial-auto-kv,repetitions[0].memory[3].free_gpu_bytes,30274551808
03-partial-auto-kv,repetitions[0].memory[3].torch_allocated_bytes,48985914880
03-partial-auto-kv,repetitions[0].memory[3].torch_reserved_bytes,49683628032
03-partial-auto-kv,repetitions[0].memory[3].torch_peak_allocated_bytes,49586968576
03-partial-auto-kv,repetitions[0].memory[3].torch_peak_reserved_bytes,49683628032
03-partial-auto-kv,repetitions[0].memory[3].kv_cache_allocated_bytes,27066236928
03-partial-auto-kv,repetitions[0].memory[3].num_gpu_blocks,8098
03-partial-auto-kv,repetitions[0].memory[3].kv_cache_declared_bytes,27066236928
03-partial-auto-kv,repetitions[0].memory[3].kv_cache_accounting_consistent,True
03-partial-auto-kv,repetitions[0].memory_peak_scope,measured-generate-after-synchronized-reset
03-partial-auto-kv,storage_backend,expert-cache
03-partial-auto-kv,expert_cache_stats[0].schema_version,1
03-partial-auto-kv,expert_cache_stats[0].rank,0
03-partial-auto-kv,expert_cache_stats[0].tensor_parallel_size,4
03-partial-auto-kv,expert_cache_stats[0].total_layers,48
03-partial-auto-kv,expert_cache_stats[0].num_experts,512
03-partial-auto-kv,expert_cache_stats[0].physical_slots,13056
03-partial-auto-kv,expert_cache_stats[0].resident_slots,12288
03-partial-auto-kv,expert_cache_stats[0].cache_slots,256
03-partial-auto-kv,expert_cache_stats[0].ingress_slots,512
03-partial-auto-kv,expert_cache_stats[0].expert_bytes,1572864
03-partial-auto-kv,expert_cache_stats[0].host_source_bytes,38654705664
03-partial-auto-kv,expert_cache_stats[0].pinned_gather_bytes,805306368
03-partial-auto-kv,expert_cache_stats[0].gpu_pool_bytes,20535312384
03-partial-auto-kv,expert_cache_stats[0].gpu_resident_bytes,19327352832
03-partial-auto-kv,expert_cache_stats[0].gpu_cache_bytes,402653184
03-partial-auto-kv,expert_cache_stats[0].gpu_ingress_bytes,805306368
03-partial-auto-kv,expert_cache_stats[0].gpu_metadata_bytes,6144
03-partial-auto-kv,expert_cache_stats[0].pinned_metadata_bytes,6144
03-partial-auto-kv,expert_cache_stats[0].net_freed_bytes,18119387136
03-partial-auto-kv,expert_cache_stats[0].weights_verified,0
03-partial-auto-kv,expert_cache_stats[0].cuda_timing_capacity,128
03-partial-auto-kv,expert_cache_stats[0].h2d_bytes,357813977088
03-partial-auto-kv,expert_cache_stats[0].copy_launches,8308
03-partial-auto-kv,expert_cache_stats[0].startup_resident_h2d_bytes,19327352832
03-partial-auto-kv,expert_cache_stats[0].promotion_d2d_bytes,1675100160
03-partial-auto-kv,expert_cache_stats[0].metadata_h2d_bytes,8954184
03-partial-auto-kv,expert_cache_stats[0].unique_demands,841839
03-partial-auto-kv,expert_cache_stats[0].resident_hits,603410
03-partial-auto-kv,expert_cache_stats[0].max_unique_per_forward,509
03-partial-auto-kv,expert_cache_stats[0].mean_unique_coverage,0.37642325935782966
03-partial-auto-kv,expert_cache_stats[0].resident_ratio,0.5
03-partial-auto-kv,expert_cache_stats[0].policy.observations,4368
03-partial-auto-kv,expert_cache_stats[0].policy.unique_demands,841839
03-partial-auto-kv,expert_cache_stats[0].policy.completed_forwards,91
03-partial-auto-kv,expert_cache_stats[0].policy.decay_events,1
03-partial-auto-kv,expert_cache_stats[0].policy.cache_hits,10937
03-partial-auto-kv,expert_cache_stats[0].policy.cache_misses,227492
03-partial-auto-kv,expert_cache_stats[0].policy.admissions,1065
03-partial-auto-kv,expert_cache_stats[0].policy.evictions,809
03-partial-auto-kv,expert_cache_stats[0].policy.cache_bypasses,226427
03-partial-auto-kv,expert_cache_stats[0].policy.reconfigurations,0
03-partial-auto-kv,expert_cache_stats[0].policy.resident_experts,12288
03-partial-auto-kv,expert_cache_stats[0].policy.cache_slots,256
03-partial-auto-kv,expert_cache_stats[0].policy.cache_entries,256
03-partial-auto-kv,expert_cache_stats[0].policy.cache_hit_ratio,0.04587109789497083
03-partial-auto-kv,expert_cache_stats[0].timing.route_d2h_s,8.566066913306713
03-partial-auto-kv,expert_cache_stats[0].timing.policy_cpu_s,1.558783849235624
03-partial-auto-kv,expert_cache_stats[0].timing.host_reuse_wait_s,0.02542046131566167
03-partial-auto-kv,expert_cache_stats[0].timing.host_gather_s,80.1332723768428
03-partial-auto-kv,expert_cache_stats[0].timing.h2d_enqueue_s,0.38467802107334137
03-partial-auto-kv,expert_cache_stats[0].timing.compute_enqueue_s,2.569735643453896
03-partial-auto-kv,expert_cache_stats[0].timing.cuda_sample_count,124
03-partial-auto-kv,expert_cache_stats[0].timing.load_cuda_s,0.20754265635088082
03-partial-auto-kv,expert_cache_stats[0].timing.compute_cuda_s,0.03787894401699306
03-partial-auto-kv,expert_cache_stats[0].timing.promotion_cuda_s,0.0006469439940992742
03-partial-auto-kv,expert_cache_stats[0].forward_counts[0],91
03-partial-auto-kv,expert_cache_stats[0].forward_counts[1],91
03-partial-auto-kv,expert_cache_stats[0].forward_counts[2],91
03-partial-auto-kv,expert_cache_stats[0].forward_counts[3],91
03-partial-auto-kv,expert_cache_stats[0].forward_counts[4],91
03-partial-auto-kv,expert_cache_stats[0].forward_counts[5],91
03-partial-auto-kv,expert_cache_stats[0].forward_counts[6],91
03-partial-auto-kv,expert_cache_stats[0].forward_counts[7],91
03-partial-auto-kv,expert_cache_stats[0].forward_counts[8],91
03-partial-auto-kv,expert_cache_stats[0].forward_counts[9],91
03-partial-auto-kv,expert_cache_stats[0].forward_counts[10],91
03-partial-auto-kv,expert_cache_stats[0].forward_counts[11],91
03-partial-auto-kv,expert_cache_stats[0].forward_counts[12],91
03-partial-auto-kv,expert_cache_stats[0].forward_counts[13],91
03-partial-auto-kv,expert_cache_stats[0].forward_counts[14],91
03-partial-auto-kv,expert_cache_stats[0].forward_counts[15],91
03-partial-auto-kv,expert_cache_stats[0].forward_counts[16],91
03-partial-auto-kv,expert_cache_stats[0].forward_counts[17],91
03-partial-auto-kv,expert_cache_stats[0].forward_counts[18],91
03-partial-auto-kv,expert_cache_stats[0].forward_counts[19],91
03-partial-auto-kv,expert_cache_stats[0].forward_counts[20],91
03-partial-auto-kv,expert_cache_stats[0].forward_counts[21],91
03-partial-auto-kv,expert_cache_stats[0].forward_counts[22],91
03-partial-auto-kv,expert_cache_stats[0].forward_counts[23],91
03-partial-auto-kv,expert_cache_stats[0].forward_counts[24],91
03-partial-auto-kv,expert_cache_stats[0].forward_counts[25],91
03-partial-auto-kv,expert_cache_stats[0].forward_counts[26],91
03-partial-auto-kv,expert_cache_stats[0].forward_counts[27],91
03-partial-auto-kv,expert_cache_stats[0].forward_counts[28],91
03-partial-auto-kv,expert_cache_stats[0].forward_counts[29],91
03-partial-auto-kv,expert_cache_stats[0].forward_counts[30],91
03-partial-auto-kv,expert_cache_stats[0].forward_counts[31],91
03-partial-auto-kv,expert_cache_stats[0].forward_counts[32],91
03-partial-auto-kv,expert_cache_stats[0].forward_counts[33],91
03-partial-auto-kv,expert_cache_stats[0].forward_counts[34],91
03-partial-auto-kv,expert_cache_stats[0].forward_counts[35],91
03-partial-auto-kv,expert_cache_stats[0].forward_counts[36],91
03-partial-auto-kv,expert_cache_stats[0].forward_counts[37],91
03-partial-auto-kv,expert_cache_stats[0].forward_counts[38],91
03-partial-auto-kv,expert_cache_stats[0].forward_counts[39],91
03-partial-auto-kv,expert_cache_stats[0].forward_counts[40],91
03-partial-auto-kv,expert_cache_stats[0].forward_counts[41],91
03-partial-auto-kv,expert_cache_stats[0].forward_counts[42],91
03-partial-auto-kv,expert_cache_stats[0].forward_counts[43],91
03-partial-auto-kv,expert_cache_stats[0].forward_counts[44],91
03-partial-auto-kv,expert_cache_stats[0].forward_counts[45],91
03-partial-auto-kv,expert_cache_stats[0].forward_counts[46],91
03-partial-auto-kv,expert_cache_stats[0].forward_counts[47],91
03-partial-auto-kv,expert_cache_stats[0].per_layer_unique_demands[0],20991
03-partial-auto-kv,expert_cache_stats[0].per_layer_unique_demands[1],16907
03-partial-auto-kv,expert_cache_stats[0].per_layer_unique_demands[2],21516
03-partial-auto-kv,expert_cache_stats[0].per_layer_unique_demands[3],15645
03-partial-auto-kv,expert_cache_stats[0].per_layer_unique_demands[4],16966
03-partial-auto-kv,expert_cache_stats[0].per_layer_unique_demands[5],18575
03-partial-auto-kv,expert_cache_stats[0].per_layer_unique_demands[6],20358
03-partial-auto-kv,expert_cache_stats[0].per_layer_unique_demands[7],20116
03-partial-auto-kv,expert_cache_stats[0].per_layer_unique_demands[8],17356
03-partial-auto-kv,expert_cache_stats[0].per_layer_unique_demands[9],15640
03-partial-auto-kv,expert_cache_stats[0].per_layer_unique_demands[10],15524
03-partial-auto-kv,expert_cache_stats[0].per_layer_unique_demands[11],16843
03-partial-auto-kv,expert_cache_stats[0].per_layer_unique_demands[12],14395
03-partial-auto-kv,expert_cache_stats[0].per_layer_unique_demands[13],15365
03-partial-auto-kv,expert_cache_stats[0].per_layer_unique_demands[14],17101
03-partial-auto-kv,expert_cache_stats[0].per_layer_unique_demands[15],18463
03-partial-auto-kv,expert_cache_stats[0].per_layer_unique_demands[16],16731
03-partial-auto-kv,expert_cache_stats[0].per_layer_unique_demands[17],18529
03-partial-auto-kv,expert_cache_stats[0].per_layer_unique_demands[18],20060
03-partial-auto-kv,expert_cache_stats[0].per_layer_unique_demands[19],20185
03-partial-auto-kv,expert_cache_stats[0].per_layer_unique_demands[20],17125
03-partial-auto-kv,expert_cache_stats[0].per_layer_unique_demands[21],15436
03-partial-auto-kv,expert_cache_stats[0].per_layer_unique_demands[22],15504
03-partial-auto-kv,expert_cache_stats[0].per_layer_unique_demands[23],16860
03-partial-auto-kv,expert_cache_stats[0].per_layer_unique_demands[24],14906
03-partial-auto-kv,expert_cache_stats[0].per_layer_unique_demands[25],15634
03-partial-auto-kv,expert_cache_stats[0].per_layer_unique_demands[26],17267
03-partial-auto-kv,expert_cache_stats[0].per_layer_unique_demands[27],18857
03-partial-auto-kv,expert_cache_stats[0].per_layer_unique_demands[28],17305
03-partial-auto-kv,expert_cache_stats[0].per_layer_unique_demands[29],18973
03-partial-auto-kv,expert_cache_stats[0].per_layer_unique_demands[30],20332
03-partial-auto-kv,expert_cache_stats[0].per_layer_unique_demands[31],20447
03-partial-auto-kv,expert_cache_stats[0].per_layer_unique_demands[32],18090
03-partial-auto-kv,expert_cache_stats[0].per_layer_unique_demands[33],16834
03-partial-auto-kv,expert_cache_stats[0].per_layer_unique_demands[34],16458
03-partial-auto-kv,expert_cache_stats[0].per_layer_unique_demands[35],17672
03-partial-auto-kv,expert_cache_stats[0].per_layer_unique_demands[36],15803
03-partial-auto-kv,expert_cache_stats[0].per_layer_unique_demands[37],16219
03-partial-auto-kv,expert_cache_stats[0].per_layer_unique_demands[38],17560
03-partial-auto-kv,expert_cache_stats[0].per_layer_unique_demands[39],18688
03-partial-auto-kv,expert_cache_stats[0].per_layer_unique_demands[40],18191
03-partial-auto-kv,expert_cache_stats[0].per_layer_unique_demands[41],18042
03-partial-auto-kv,expert_cache_stats[0].per_layer_unique_demands[42],17750
03-partial-auto-kv,expert_cache_stats[0].per_layer_unique_demands[43],16828
03-partial-auto-kv,expert_cache_stats[0].per_layer_unique_demands[44],17020
03-partial-auto-kv,expert_cache_stats[0].per_layer_unique_demands[45],16652
03-partial-auto-kv,expert_cache_stats[0].per_layer_unique_demands[46],16344
03-partial-auto-kv,expert_cache_stats[0].per_layer_unique_demands[47],17776
03-partial-auto-kv,expert_cache_stats[0].per_layer_max_unique_per_forward[0],500
03-partial-auto-kv,expert_cache_stats[0].per_layer_max_unique_per_forward[1],437
03-partial-auto-kv,expert_cache_stats[0].per_layer_max_unique_per_forward[2],509
03-partial-auto-kv,expert_cache_stats[0].per_layer_max_unique_per_forward[3],432
03-partial-auto-kv,expert_cache_stats[0].per_layer_max_unique_per_forward[4],435
03-partial-auto-kv,expert_cache_stats[0].per_layer_max_unique_per_forward[5],467
03-partial-auto-kv,expert_cache_stats[0].per_layer_max_unique_per_forward[6],500
03-partial-auto-kv,expert_cache_stats[0].per_layer_max_unique_per_forward[7],494
03-partial-auto-kv,expert_cache_stats[0].per_layer_max_unique_per_forward[8],473
03-partial-auto-kv,expert_cache_stats[0].per_layer_max_unique_per_forward[9],418
03-partial-auto-kv,expert_cache_stats[0].per_layer_max_unique_per_forward[10],420
03-partial-auto-kv,expert_cache_stats[0].per_layer_max_unique_per_forward[11],441
03-partial-auto-kv,expert_cache_stats[0].per_layer_max_unique_per_forward[12],410
03-partial-auto-kv,expert_cache_stats[0].per_layer_max_unique_per_forward[13],409
03-partial-auto-kv,expert_cache_stats[0].per_layer_max_unique_per_forward[14],448
03-partial-auto-kv,expert_cache_stats[0].per_layer_max_unique_per_forward[15],477
03-partial-auto-kv,expert_cache_stats[0].per_layer_max_unique_per_forward[16],445
03-partial-auto-kv,expert_cache_stats[0].per_layer_max_unique_per_forward[17],473
03-partial-auto-kv,expert_cache_stats[0].per_layer_max_unique_per_forward[18],500
03-partial-auto-kv,expert_cache_stats[0].per_layer_max_unique_per_forward[19],497
03-partial-auto-kv,expert_cache_stats[0].per_layer_max_unique_per_forward[20],462
03-partial-auto-kv,expert_cache_stats[0].per_layer_max_unique_per_forward[21],422
03-partial-auto-kv,expert_cache_stats[0].per_layer_max_unique_per_forward[22],428
03-partial-auto-kv,expert_cache_stats[0].per_layer_max_unique_per_forward[23],448
03-partial-auto-kv,expert_cache_stats[0].per_layer_max_unique_per_forward[24],409
03-partial-auto-kv,expert_cache_stats[0].per_layer_max_unique_per_forward[25],425
03-partial-auto-kv,expert_cache_stats[0].per_layer_max_unique_per_forward[26],459
03-partial-auto-kv,expert_cache_stats[0].per_layer_max_unique_per_forward[27],485
03-partial-auto-kv,expert_cache_stats[0].per_layer_max_unique_per_forward[28],460
03-partial-auto-kv,expert_cache_stats[0].per_layer_max_unique_per_forward[29],486
03-partial-auto-kv,expert_cache_stats[0].per_layer_max_unique_per_forward[30],499
03-partial-auto-kv,expert_cache_stats[0].per_layer_max_unique_per_forward[31],502
03-partial-auto-kv,expert_cache_stats[0].per_layer_max_unique_per_forward[32],475
03-partial-auto-kv,expert_cache_stats[0].per_layer_max_unique_per_forward[33],450
03-partial-auto-kv,expert_cache_stats[0].per_layer_max_unique_per_forward[34],444
03-partial-auto-kv,expert_cache_stats[0].per_layer_max_unique_per_forward[35],461
03-partial-auto-kv,expert_cache_stats[0].per_layer_max_unique_per_forward[36],434
03-partial-auto-kv,expert_cache_stats[0].per_layer_max_unique_per_forward[37],443
03-partial-auto-kv,expert_cache_stats[0].per_layer_max_unique_per_forward[38],459
03-partial-auto-kv,expert_cache_stats[0].per_layer_max_unique_per_forward[39],474
03-partial-auto-kv,expert_cache_stats[0].per_layer_max_unique_per_forward[40],474
03-partial-auto-kv,expert_cache_stats[0].per_layer_max_unique_per_forward[41],449
03-partial-auto-kv,expert_cache_stats[0].per_layer_max_unique_per_forward[42],448
03-partial-auto-kv,expert_cache_stats[0].per_layer_max_unique_per_forward[43],429
03-partial-auto-kv,expert_cache_stats[0].per_layer_max_unique_per_forward[44],432
03-partial-auto-kv,expert_cache_stats[0].per_layer_max_unique_per_forward[45],426
03-partial-auto-kv,expert_cache_stats[0].per_layer_max_unique_per_forward[46],415
03-partial-auto-kv,expert_cache_stats[0].per_layer_max_unique_per_forward[47],442
03-partial-auto-kv,expert_cache_stats[0].identity.geometry.total_layers,48
03-partial-auto-kv,expert_cache_stats[0].identity.geometry.num_experts,512
03-partial-auto-kv,expert_cache_stats[0].identity.geometry.hidden_size,2048
03-partial-auto-kv,expert_cache_stats[0].identity.geometry.intermediate_size,128
03-partial-auto-kv,expert_cache_stats[0].identity.tensor_parallel_size,4
03-partial-auto-kv,expert_cache_stats[0].identity.model_config_sha256,2d483c7cabad7c8704478ed4038fa7e7b2eff840bc00a118eccbe38e2b488303
03-partial-auto-kv,expert_cache_stats[0].identity.model_identity_sha256,24f6a89ba0e0435caffbb3d056425fb1fe980fca09d5a8749dfb231bd24880d8
03-partial-auto-kv,expert_cache_stats[0].profile_sha256,e102f6959c1e9a64d67294b1800b9f093fb41907a0ca4aa42aa030b7c2dad3fb
03-partial-auto-kv,expert_cache_stats[0].cache_policy,decayed-lfu
03-partial-auto-kv,expert_cache_stats[0].failed,False
03-partial-auto-kv,expert_cache_stats[0].weight_verification_scope,CUDA parity tests required; no runtime weight D2H verification
03-partial-auto-kv,expert_cache_stats[0].temporary_memory_scope,native fused kernel workspace/output and CPU route IDs scale with scheduled tokens; no weight-sized GPU gather temporary
03-partial-auto-kv,expert_cache_stats[0].memory_accounting_scope,"tensor payload bytes; excludes allocator rounding, CUDA event driver memory and Python policy metadata; native/chunk output workspace must be included in vLLM measured profiling peak"
03-partial-auto-kv,expert_cache_stats[0].kernel_config_scope,native logical E geometry per actual native chunk size
03-partial-auto-kv,expert_cache_stats[0].transfer_schedule,demand-critical H2D on compute stream; no speculative prefetch
03-partial-auto-kv,expert_cache_stats[0].kernel_config_records.capacity,64
03-partial-auto-kv,expert_cache_stats[0].kernel_config_records.unrecorded_selections,0
03-partial-auto-kv,expert_cache_stats[0].kernel_config_records.records[0].chunk_tokens,8192
03-partial-auto-kv,expert_cache_stats[0].kernel_config_records.records[0].top_k,10
03-partial-auto-kv,expert_cache_stats[0].kernel_config_records.records[0].selections,816
03-partial-auto-kv,expert_cache_stats[0].kernel_config_records.records[0].w13_shape[0],512
03-partial-auto-kv,expert_cache_stats[0].kernel_config_records.records[0].w13_shape[1],256
03-partial-auto-kv,expert_cache_stats[0].kernel_config_records.records[0].w13_shape[2],2048
03-partial-auto-kv,expert_cache_stats[0].kernel_config_records.records[0].w2_shape[0],512
03-partial-auto-kv,expert_cache_stats[0].kernel_config_records.records[0].w2_shape[1],2048
03-partial-auto-kv,expert_cache_stats[0].kernel_config_records.records[0].w2_shape[2],128
03-partial-auto-kv,expert_cache_stats[0].kernel_config_records.records[0].config.BLOCK_SIZE_K,64
03-partial-auto-kv,expert_cache_stats[0].kernel_config_records.records[0].config.BLOCK_SIZE_M,128
03-partial-auto-kv,expert_cache_stats[0].kernel_config_records.records[0].config.BLOCK_SIZE_N,128
03-partial-auto-kv,expert_cache_stats[0].kernel_config_records.records[0].config.GROUP_SIZE_M,64
03-partial-auto-kv,expert_cache_stats[0].kernel_config_records.records[0].config.num_stages,3
03-partial-auto-kv,expert_cache_stats[0].kernel_config_records.records[0].config.num_warps,8
03-partial-auto-kv,expert_cache_stats[0].kernel_config_records.records[1].chunk_tokens,32
03-partial-auto-kv,expert_cache_stats[0].kernel_config_records.records[1].top_k,10
03-partial-auto-kv,expert_cache_stats[0].kernel_config_records.records[1].selections,2304
03-partial-auto-kv,expert_cache_stats[0].kernel_config_records.records[1].w13_shape[0],512
03-partial-auto-kv,expert_cache_stats[0].kernel_config_records.records[1].w13_shape[1],256
03-partial-auto-kv,expert_cache_stats[0].kernel_config_records.records[1].w13_shape[2],2048
03-partial-auto-kv,expert_cache_stats[0].kernel_config_records.records[1].w2_shape[0],512
03-partial-auto-kv,expert_cache_stats[0].kernel_config_records.records[1].w2_shape[1],2048
03-partial-auto-kv,expert_cache_stats[0].kernel_config_records.records[1].w2_shape[2],128
03-partial-auto-kv,expert_cache_stats[0].kernel_config_records.records[1].config.BLOCK_SIZE_K,64
03-partial-auto-kv,expert_cache_stats[0].kernel_config_records.records[1].config.BLOCK_SIZE_M,16
03-partial-auto-kv,expert_cache_stats[0].kernel_config_records.records[1].config.BLOCK_SIZE_N,128
03-partial-auto-kv,expert_cache_stats[0].kernel_config_records.records[1].config.GROUP_SIZE_M,1
03-partial-auto-kv,expert_cache_stats[0].kernel_config_records.records[1].config.num_stages,3
03-partial-auto-kv,expert_cache_stats[0].kernel_config_records.records[1].config.num_warps,8
03-partial-auto-kv,expert_cache_stats[0].kernel_config_records.records[2].chunk_tokens,4096
03-partial-auto-kv,expert_cache_stats[0].kernel_config_records.records[2].top_k,10
03-partial-auto-kv,expert_cache_stats[0].kernel_config_records.records[2].selections,96
03-partial-auto-kv,expert_cache_stats[0].kernel_config_records.records[2].w13_shape[0],512
03-partial-auto-kv,expert_cache_stats[0].kernel_config_records.records[2].w13_shape[1],256
03-partial-auto-kv,expert_cache_stats[0].kernel_config_records.records[2].w13_shape[2],2048
03-partial-auto-kv,expert_cache_stats[0].kernel_config_records.records[2].w2_shape[0],512
03-partial-auto-kv,expert_cache_stats[0].kernel_config_records.records[2].w2_shape[1],2048
03-partial-auto-kv,expert_cache_stats[0].kernel_config_records.records[2].w2_shape[2],128
03-partial-auto-kv,expert_cache_stats[0].kernel_config_records.records[2].config.BLOCK_SIZE_K,64
03-partial-auto-kv,expert_cache_stats[0].kernel_config_records.records[2].config.BLOCK_SIZE_M,128
03-partial-auto-kv,expert_cache_stats[0].kernel_config_records.records[2].config.BLOCK_SIZE_N,128
03-partial-auto-kv,expert_cache_stats[0].kernel_config_records.records[2].config.GROUP_SIZE_M,64
03-partial-auto-kv,expert_cache_stats[0].kernel_config_records.records[2].config.num_stages,3
03-partial-auto-kv,expert_cache_stats[0].kernel_config_records.records[2].config.num_warps,8
03-partial-auto-kv,expert_cache_stats[0].kernel_config_records.records[3].chunk_tokens,1
03-partial-auto-kv,expert_cache_stats[0].kernel_config_records.records[3].top_k,10
03-partial-auto-kv,expert_cache_stats[0].kernel_config_records.records[3].selections,336
03-partial-auto-kv,expert_cache_stats[0].kernel_config_records.records[3].w13_shape[0],512
03-partial-auto-kv,expert_cache_stats[0].kernel_config_records.records[3].w13_shape[1],256
03-partial-auto-kv,expert_cache_stats[0].kernel_config_records.records[3].w13_shape[2],2048
03-partial-auto-kv,expert_cache_stats[0].kernel_config_records.records[3].w2_shape[0],512
03-partial-auto-kv,expert_cache_stats[0].kernel_config_records.records[3].w2_shape[1],2048
03-partial-auto-kv,expert_cache_stats[0].kernel_config_records.records[3].w2_shape[2],128
03-partial-auto-kv,expert_cache_stats[0].kernel_config_records.records[3].config.BLOCK_SIZE_K,64
03-partial-auto-kv,expert_cache_stats[0].kernel_config_records.records[3].config.BLOCK_SIZE_M,16
03-partial-auto-kv,expert_cache_stats[0].kernel_config_records.records[3].config.BLOCK_SIZE_N,32
03-partial-auto-kv,expert_cache_stats[0].kernel_config_records.records[3].config.GROUP_SIZE_M,1
03-partial-auto-kv,expert_cache_stats[0].kernel_config_records.records[3].config.num_stages,4
03-partial-auto-kv,expert_cache_stats[0].kernel_config_records.records[3].config.num_warps,4
03-partial-auto-kv,expert_cache_stats[0].kernel_config_records.records[4].chunk_tokens,4337
03-partial-auto-kv,expert_cache_stats[0].kernel_config_records.records[4].top_k,10
03-partial-auto-kv,expert_cache_stats[0].kernel_config_records.records[4].selections,48
03-partial-auto-kv,expert_cache_stats[0].kernel_config_records.records[4].w13_shape[0],512
03-partial-auto-kv,expert_cache_stats[0].kernel_config_records.records[4].w13_shape[1],256
03-partial-auto-kv,expert_cache_stats[0].kernel_config_records.records[4].w13_shape[2],2048
03-partial-auto-kv,expert_cache_stats[0].kernel_config_records.records[4].w2_shape[0],512
03-partial-auto-kv,expert_cache_stats[0].kernel_config_records.records[4].w2_shape[1],2048
03-partial-auto-kv,expert_cache_stats[0].kernel_config_records.records[4].w2_shape[2],128
03-partial-auto-kv,expert_cache_stats[0].kernel_config_records.records[4].config.BLOCK_SIZE_K,64
03-partial-auto-kv,expert_cache_stats[0].kernel_config_records.records[4].config.BLOCK_SIZE_M,128
03-partial-auto-kv,expert_cache_stats[0].kernel_config_records.records[4].config.BLOCK_SIZE_N,128
03-partial-auto-kv,expert_cache_stats[0].kernel_config_records.records[4].config.GROUP_SIZE_M,64
03-partial-auto-kv,expert_cache_stats[0].kernel_config_records.records[4].config.num_stages,3
03-partial-auto-kv,expert_cache_stats[0].kernel_config_records.records[4].config.num_warps,8
03-partial-auto-kv,expert_cache_stats[0].kernel_config_records.records[5].chunk_tokens,31
03-partial-auto-kv,expert_cache_stats[0].kernel_config_records.records[5].top_k,10
03-partial-auto-kv,expert_cache_stats[0].kernel_config_records.records[5].selections,48
03-partial-auto-kv,expert_cache_stats[0].kernel_config_records.records[5].w13_shape[0],512
03-partial-auto-kv,expert_cache_stats[0].kernel_config_records.records[5].w13_shape[1],256
03-partial-auto-kv,expert_cache_stats[0].kernel_config_records.records[5].w13_shape[2],2048
03-partial-auto-kv,expert_cache_stats[0].kernel_config_records.records[5].w2_shape[0],512
03-partial-auto-kv,expert_cache_stats[0].kernel_config_records.records[5].w2_shape[1],2048
03-partial-auto-kv,expert_cache_stats[0].kernel_config_records.records[5].w2_shape[2],128
03-partial-auto-kv,expert_cache_stats[0].kernel_config_records.records[5].config.BLOCK_SIZE_K,64
03-partial-auto-kv,expert_cache_stats[0].kernel_config_records.records[5].config.BLOCK_SIZE_M,16
03-partial-auto-kv,expert_cache_stats[0].kernel_config_records.records[5].config.BLOCK_SIZE_N,128
03-partial-auto-kv,expert_cache_stats[0].kernel_config_records.records[5].config.GROUP_SIZE_M,1
03-partial-auto-kv,expert_cache_stats[0].kernel_config_records.records[5].config.num_stages,3
03-partial-auto-kv,expert_cache_stats[0].kernel_config_records.records[5].config.num_warps,8
03-partial-auto-kv,expert_cache_stats[0].kernel_config_records.records[6].chunk_tokens,30
03-partial-auto-kv,expert_cache_stats[0].kernel_config_records.records[6].top_k,10
03-partial-auto-kv,expert_cache_stats[0].kernel_config_records.records[6].selections,48
03-partial-auto-kv,expert_cache_stats[0].kernel_config_records.records[6].w13_shape[0],512
03-partial-auto-kv,expert_cache_stats[0].kernel_config_records.records[6].w13_shape[1],256
03-partial-auto-kv,expert_cache_stats[0].kernel_config_records.records[6].w13_shape[2],2048
03-partial-auto-kv,expert_cache_stats[0].kernel_config_records.records[6].w2_shape[0],512
03-partial-auto-kv,expert_cache_stats[0].kernel_config_records.records[6].w2_shape[1],2048
03-partial-auto-kv,expert_cache_stats[0].kernel_config_records.records[6].w2_shape[2],128
03-partial-auto-kv,expert_cache_stats[0].kernel_config_records.records[6].config.BLOCK_SIZE_K,64
03-partial-auto-kv,expert_cache_stats[0].kernel_config_records.records[6].config.BLOCK_SIZE_M,16
03-partial-auto-kv,expert_cache_stats[0].kernel_config_records.records[6].config.BLOCK_SIZE_N,128
03-partial-auto-kv,expert_cache_stats[0].kernel_config_records.records[6].config.GROUP_SIZE_M,1
03-partial-auto-kv,expert_cache_stats[0].kernel_config_records.records[6].config.num_stages,3
03-partial-auto-kv,expert_cache_stats[0].kernel_config_records.records[6].config.num_warps,8
03-partial-auto-kv,expert_cache_stats[0].kernel_config_records.records[7].chunk_tokens,28
03-partial-auto-kv,expert_cache_stats[0].kernel_config_records.records[7].top_k,10
03-partial-auto-kv,expert_cache_stats[0].kernel_config_records.records[7].selections,48
03-partial-auto-kv,expert_cache_stats[0].kernel_config_records.records[7].w13_shape[0],512
03-partial-auto-kv,expert_cache_stats[0].kernel_config_records.records[7].w13_shape[1],256
03-partial-auto-kv,expert_cache_stats[0].kernel_config_records.records[7].w13_shape[2],2048
03-partial-auto-kv,expert_cache_stats[0].kernel_config_records.records[7].w2_shape[0],512
03-partial-auto-kv,expert_cache_stats[0].kernel_config_records.records[7].w2_shape[1],2048
03-partial-auto-kv,expert_cache_stats[0].kernel_config_records.records[7].w2_shape[2],128
03-partial-auto-kv,expert_cache_stats[0].kernel_config_records.records[7].config.BLOCK_SIZE_K,64
03-partial-auto-kv,expert_cache_stats[0].kernel_config_records.records[7].config.BLOCK_SIZE_M,32
03-partial-auto-kv,expert_cache_stats[0].kernel_config_records.records[7].config.BLOCK_SIZE_N,128
03-partial-auto-kv,expert_cache_stats[0].kernel_config_records.records[7].config.GROUP_SIZE_M,1
03-partial-auto-kv,expert_cache_stats[0].kernel_config_records.records[7].config.num_stages,3
03-partial-auto-kv,expert_cache_stats[0].kernel_config_records.records[7].config.num_warps,4
03-partial-auto-kv,expert_cache_stats[0].kernel_config_records.records[8].chunk_tokens,26
03-partial-auto-kv,expert_cache_stats[0].kernel_config_records.records[8].top_k,10
03-partial-auto-kv,expert_cache_stats[0].kernel_config_records.records[8].selections,48
03-partial-auto-kv,expert_cache_stats[0].kernel_config_records.records[8].w13_shape[0],512
03-partial-auto-kv,expert_cache_stats[0].kernel_config_records.records[8].w13_shape[1],256
03-partial-auto-kv,expert_cache_stats[0].kernel_config_records.records[8].w13_shape[2],2048
03-partial-auto-kv,expert_cache_stats[0].kernel_config_records.records[8].w2_shape[0],512
03-partial-auto-kv,expert_cache_stats[0].kernel_config_records.records[8].w2_shape[1],2048
03-partial-auto-kv,expert_cache_stats[0].kernel_config_records.records[8].w2_shape[2],128
03-partial-auto-kv,expert_cache_stats[0].kernel_config_records.records[8].config.BLOCK_SIZE_K,64
03-partial-auto-kv,expert_cache_stats[0].kernel_config_records.records[8].config.BLOCK_SIZE_M,32
03-partial-auto-kv,expert_cache_stats[0].kernel_config_records.records[8].config.BLOCK_SIZE_N,128
03-partial-auto-kv,expert_cache_stats[0].kernel_config_records.records[8].config.GROUP_SIZE_M,1
03-partial-auto-kv,expert_cache_stats[0].kernel_config_records.records[8].config.num_stages,3
03-partial-auto-kv,expert_cache_stats[0].kernel_config_records.records[8].config.num_warps,4
03-partial-auto-kv,expert_cache_stats[0].kernel_config_records.records[9].chunk_tokens,24
03-partial-auto-kv,expert_cache_stats[0].kernel_config_records.records[9].top_k,10
03-partial-auto-kv,expert_cache_stats[0].kernel_config_records.records[9].selections,48
03-partial-auto-kv,expert_cache_stats[0].kernel_config_records.records[9].w13_shape[0],512
03-partial-auto-kv,expert_cache_stats[0].kernel_config_records.records[9].w13_shape[1],256
03-partial-auto-kv,expert_cache_stats[0].kernel_config_records.records[9].w13_shape[2],2048
03-partial-auto-kv,expert_cache_stats[0].kernel_config_records.records[9].w2_shape[0],512
03-partial-auto-kv,expert_cache_stats[0].kernel_config_records.records[9].w2_shape[1],2048
03-partial-auto-kv,expert_cache_stats[0].kernel_config_records.records[9].w2_shape[2],128
03-partial-auto-kv,expert_cache_stats[0].kernel_config_records.records[9].config.BLOCK_SIZE_K,64
03-partial-auto-kv,expert_cache_stats[0].kernel_config_records.records[9].config.BLOCK_SIZE_M,32
03-partial-auto-kv,expert_cache_stats[0].kernel_config_records.records[9].config.BLOCK_SIZE_N,128
03-partial-auto-kv,expert_cache_stats[0].kernel_config_records.records[9].config.GROUP_SIZE_M,1
03-partial-auto-kv,expert_cache_stats[0].kernel_config_records.records[9].config.num_stages,3
03-partial-auto-kv,expert_cache_stats[0].kernel_config_records.records[9].config.num_warps,4
03-partial-auto-kv,expert_cache_stats[0].kernel_config_records.records[10].chunk_tokens,22
03-partial-auto-kv,expert_cache_stats[0].kernel_config_records.records[10].top_k,10
03-partial-auto-kv,expert_cache_stats[0].kernel_config_records.records[10].selections,48
03-partial-auto-kv,expert_cache_stats[0].kernel_config_records.records[10].w13_shape[0],512
03-partial-auto-kv,expert_cache_stats[0].kernel_config_records.records[10].w13_shape[1],256
03-partial-auto-kv,expert_cache_stats[0].kernel_config_records.records[10].w13_shape[2],2048
03-partial-auto-kv,expert_cache_stats[0].kernel_config_records.records[10].w2_shape[0],512
03-partial-auto-kv,expert_cache_stats[0].kernel_config_records.records[10].w2_shape[1],2048
03-partial-auto-kv,expert_cache_stats[0].kernel_config_records.records[10].w2_shape[2],128
03-partial-auto-kv,expert_cache_stats[0].kernel_config_records.records[10].config.BLOCK_SIZE_K,64
03-partial-auto-kv,expert_cache_stats[0].kernel_config_records.records[10].config.BLOCK_SIZE_M,32
03-partial-auto-kv,expert_cache_stats[0].kernel_config_records.records[10].config.BLOCK_SIZE_N,128
03-partial-auto-kv,expert_cache_stats[0].kernel_config_records.records[10].config.GROUP_SIZE_M,1
03-partial-auto-kv,expert_cache_stats[0].kernel_config_records.records[10].config.num_stages,3
03-partial-auto-kv,expert_cache_stats[0].kernel_config_records.records[10].config.num_warps,4
03-partial-auto-kv,expert_cache_stats[0].kernel_config_records.records[11].chunk_tokens,20
03-partial-auto-kv,expert_cache_stats[0].kernel_config_records.records[11].top_k,10
03-partial-auto-kv,expert_cache_stats[0].kernel_config_records.records[11].selections,48
03-partial-auto-kv,expert_cache_stats[0].kernel_config_records.records[11].w13_shape[0],512
03-partial-auto-kv,expert_cache_stats[0].kernel_config_records.records[11].w13_shape[1],256
03-partial-auto-kv,expert_cache_stats[0].kernel_config_records.records[11].w13_shape[2],2048
03-partial-auto-kv,expert_cache_stats[0].kernel_config_records.records[11].w2_shape[0],512
03-partial-auto-kv,expert_cache_stats[0].kernel_config_records.records[11].w2_shape[1],2048
03-partial-auto-kv,expert_cache_stats[0].kernel_config_records.records[11].w2_shape[2],128
03-partial-auto-kv,expert_cache_stats[0].kernel_config_records.records[11].config.BLOCK_SIZE_K,64
03-partial-auto-kv,expert_cache_stats[0].kernel_config_records.records[11].config.BLOCK_SIZE_M,16
03-partial-auto-kv,expert_cache_stats[0].kernel_config_records.records[11].config.BLOCK_SIZE_N,128
03-partial-auto-kv,expert_cache_stats[0].kernel_config_records.records[11].config.GROUP_SIZE_M,1
03-partial-auto-kv,expert_cache_stats[0].kernel_config_records.records[11].config.num_stages,3
03-partial-auto-kv,expert_cache_stats[0].kernel_config_records.records[11].config.num_warps,4
03-partial-auto-kv,expert_cache_stats[0].kernel_config_records.records[12].chunk_tokens,18
03-partial-auto-kv,expert_cache_stats[0].kernel_config_records.records[12].top_k,10
03-partial-auto-kv,expert_cache_stats[0].kernel_config_records.records[12].selections,48
03-partial-auto-kv,expert_cache_stats[0].kernel_config_records.records[12].w13_shape[0],512
03-partial-auto-kv,expert_cache_stats[0].kernel_config_records.records[12].w13_shape[1],256
03-partial-auto-kv,expert_cache_stats[0].kernel_config_records.records[12].w13_shape[2],2048
03-partial-auto-kv,expert_cache_stats[0].kernel_config_records.records[12].w2_shape[0],512
03-partial-auto-kv,expert_cache_stats[0].kernel_config_records.records[12].w2_shape[1],2048
03-partial-auto-kv,expert_cache_stats[0].kernel_config_records.records[12].w2_shape[2],128
03-partial-auto-kv,expert_cache_stats[0].kernel_config_records.records[12].config.BLOCK_SIZE_K,64
03-partial-auto-kv,expert_cache_stats[0].kernel_config_records.records[12].config.BLOCK_SIZE_M,16
03-partial-auto-kv,expert_cache_stats[0].kernel_config_records.records[12].config.BLOCK_SIZE_N,128
03-partial-auto-kv,expert_cache_stats[0].kernel_config_records.records[12].config.GROUP_SIZE_M,1
03-partial-auto-kv,expert_cache_stats[0].kernel_config_records.records[12].config.num_stages,3
03-partial-auto-kv,expert_cache_stats[0].kernel_config_records.records[12].config.num_warps,4
03-partial-auto-kv,expert_cache_stats[0].kernel_config_records.records[13].chunk_tokens,16
03-partial-auto-kv,expert_cache_stats[0].kernel_config_records.records[13].top_k,10
03-partial-auto-kv,expert_cache_stats[0].kernel_config_records.records[13].selections,48
03-partial-auto-kv,expert_cache_stats[0].kernel_config_records.records[13].w13_shape[0],512
03-partial-auto-kv,expert_cache_stats[0].kernel_config_records.records[13].w13_shape[1],256
03-partial-auto-kv,expert_cache_stats[0].kernel_config_records.records[13].w13_shape[2],2048
03-partial-auto-kv,expert_cache_stats[0].kernel_config_records.records[13].w2_shape[0],512
03-partial-auto-kv,expert_cache_stats[0].kernel_config_records.records[13].w2_shape[1],2048
03-partial-auto-kv,expert_cache_stats[0].kernel_config_records.records[13].w2_shape[2],128
03-partial-auto-kv,expert_cache_stats[0].kernel_config_records.records[13].config.BLOCK_SIZE_K,64
03-partial-auto-kv,expert_cache_stats[0].kernel_config_records.records[13].config.BLOCK_SIZE_M,16
03-partial-auto-kv,expert_cache_stats[0].kernel_config_records.records[13].config.BLOCK_SIZE_N,128
03-partial-auto-kv,expert_cache_stats[0].kernel_config_records.records[13].config.GROUP_SIZE_M,1
03-partial-auto-kv,expert_cache_stats[0].kernel_config_records.records[13].config.num_stages,3
03-partial-auto-kv,expert_cache_stats[0].kernel_config_records.records[13].config.num_warps,4
03-partial-auto-kv,expert_cache_stats[0].kernel_config_records.records[14].chunk_tokens,14
03-partial-auto-kv,expert_cache_stats[0].kernel_config_records.records[14].top_k,10
03-partial-auto-kv,expert_cache_stats[0].kernel_config_records.records[14].selections,48
03-partial-auto-kv,expert_cache_stats[0].kernel_config_records.records[14].w13_shape[0],512
03-partial-auto-kv,expert_cache_stats[0].kernel_config_records.records[14].w13_shape[1],256
03-partial-auto-kv,expert_cache_stats[0].kernel_config_records.records[14].w13_shape[2],2048
03-partial-auto-kv,expert_cache_stats[0].kernel_config_records.records[14].w2_shape[0],512
03-partial-auto-kv,expert_cache_stats[0].kernel_config_records.records[14].w2_shape[1],2048
03-partial-auto-kv,expert_cache_stats[0].kernel_config_records.records[14].w2_shape[2],128
03-partial-auto-kv,expert_cache_stats[0].kernel_config_records.records[14].config.BLOCK_SIZE_K,64
03-partial-auto-kv,expert_cache_stats[0].kernel_config_records.records[14].config.BLOCK_SIZE_M,16
03-partial-auto-kv,expert_cache_stats[0].kernel_config_records.records[14].config.BLOCK_SIZE_N,128
03-partial-auto-kv,expert_cache_stats[0].kernel_config_records.records[14].config.GROUP_SIZE_M,1
03-partial-auto-kv,expert_cache_stats[0].kernel_config_records.records[14].config.num_stages,3
03-partial-auto-kv,expert_cache_stats[0].kernel_config_records.records[14].config.num_warps,4
03-partial-auto-kv,expert_cache_stats[0].kernel_config_records.records[15].chunk_tokens,12
03-partial-auto-kv,expert_cache_stats[0].kernel_config_records.records[15].top_k,10
03-partial-auto-kv,expert_cache_stats[0].kernel_config_records.records[15].selections,48
03-partial-auto-kv,expert_cache_stats[0].kernel_config_records.records[15].w13_shape[0],512
03-partial-auto-kv,expert_cache_stats[0].kernel_config_records.records[15].w13_shape[1],256
03-partial-auto-kv,expert_cache_stats[0].kernel_config_records.records[15].w13_shape[2],2048
03-partial-auto-kv,expert_cache_stats[0].kernel_config_records.records[15].w2_shape[0],512
03-partial-auto-kv,expert_cache_stats[0].kernel_config_records.records[15].w2_shape[1],2048
03-partial-auto-kv,expert_cache_stats[0].kernel_config_records.records[15].w2_shape[2],128
03-partial-auto-kv,expert_cache_stats[0].kernel_config_records.records[15].config.BLOCK_SIZE_K,64
03-partial-auto-kv,expert_cache_stats[0].kernel_config_records.records[15].config.BLOCK_SIZE_M,16
03-partial-auto-kv,expert_cache_stats[0].kernel_config_records.records[15].config.BLOCK_SIZE_N,128
03-partial-auto-kv,expert_cache_stats[0].kernel_config_records.records[15].config.GROUP_SIZE_M,1
03-partial-auto-kv,expert_cache_stats[0].kernel_config_records.records[15].config.num_stages,3
03-partial-auto-kv,expert_cache_stats[0].kernel_config_records.records[15].config.num_warps,4
03-partial-auto-kv,expert_cache_stats[0].kernel_config_records.records[16].chunk_tokens,10
03-partial-auto-kv,expert_cache_stats[0].kernel_config_records.records[16].top_k,10
03-partial-auto-kv,expert_cache_stats[0].kernel_config_records.records[16].selections,48
03-partial-auto-kv,expert_cache_stats[0].kernel_config_records.records[16].w13_shape[0],512
03-partial-auto-kv,expert_cache_stats[0].kernel_config_records.records[16].w13_shape[1],256
03-partial-auto-kv,expert_cache_stats[0].kernel_config_records.records[16].w13_shape[2],2048
03-partial-auto-kv,expert_cache_stats[0].kernel_config_records.records[16].w2_shape[0],512
03-partial-auto-kv,expert_cache_stats[0].kernel_config_records.records[16].w2_shape[1],2048
03-partial-auto-kv,expert_cache_stats[0].kernel_config_records.records[16].w2_shape[2],128
03-partial-auto-kv,expert_cache_stats[0].kernel_config_records.records[16].config.BLOCK_SIZE_K,64
03-partial-auto-kv,expert_cache_stats[0].kernel_config_records.records[16].config.BLOCK_SIZE_M,16
03-partial-auto-kv,expert_cache_stats[0].kernel_config_records.records[16].config.BLOCK_SIZE_N,128
03-partial-auto-kv,expert_cache_stats[0].kernel_config_records.records[16].config.GROUP_SIZE_M,1
03-partial-auto-kv,expert_cache_stats[0].kernel_config_records.records[16].config.num_stages,3
03-partial-auto-kv,expert_cache_stats[0].kernel_config_records.records[16].config.num_warps,4
03-partial-auto-kv,expert_cache_stats[0].kernel_config_records.records[17].chunk_tokens,8
03-partial-auto-kv,expert_cache_stats[0].kernel_config_records.records[17].top_k,10
03-partial-auto-kv,expert_cache_stats[0].kernel_config_records.records[17].selections,48
03-partial-auto-kv,expert_cache_stats[0].kernel_config_records.records[17].w13_shape[0],512
03-partial-auto-kv,expert_cache_stats[0].kernel_config_records.records[17].w13_shape[1],256
03-partial-auto-kv,expert_cache_stats[0].kernel_config_records.records[17].w13_shape[2],2048
03-partial-auto-kv,expert_cache_stats[0].kernel_config_records.records[17].w2_shape[0],512
03-partial-auto-kv,expert_cache_stats[0].kernel_config_records.records[17].w2_shape[1],2048
03-partial-auto-kv,expert_cache_stats[0].kernel_config_records.records[17].w2_shape[2],128
03-partial-auto-kv,expert_cache_stats[0].kernel_config_records.records[17].config.BLOCK_SIZE_K,64
03-partial-auto-kv,expert_cache_stats[0].kernel_config_records.records[17].config.BLOCK_SIZE_M,16
03-partial-auto-kv,expert_cache_stats[0].kernel_config_records.records[17].config.BLOCK_SIZE_N,128
03-partial-auto-kv,expert_cache_stats[0].kernel_config_records.records[17].config.GROUP_SIZE_M,1
03-partial-auto-kv,expert_cache_stats[0].kernel_config_records.records[17].config.num_stages,3
03-partial-auto-kv,expert_cache_stats[0].kernel_config_records.records[17].config.num_warps,4
03-partial-auto-kv,expert_cache_stats[0].kernel_config_records.records[18].chunk_tokens,6
03-partial-auto-kv,expert_cache_stats[0].kernel_config_records.records[18].top_k,10
03-partial-auto-kv,expert_cache_stats[0].kernel_config_records.records[18].selections,48
03-partial-auto-kv,expert_cache_stats[0].kernel_config_records.records[18].w13_shape[0],512
03-partial-auto-kv,expert_cache_stats[0].kernel_config_records.records[18].w13_shape[1],256
03-partial-auto-kv,expert_cache_stats[0].kernel_config_records.records[18].w13_shape[2],2048
03-partial-auto-kv,expert_cache_stats[0].kernel_config_records.records[18].w2_shape[0],512
03-partial-auto-kv,expert_cache_stats[0].kernel_config_records.records[18].w2_shape[1],2048
03-partial-auto-kv,expert_cache_stats[0].kernel_config_records.records[18].w2_shape[2],128
03-partial-auto-kv,expert_cache_stats[0].kernel_config_records.records[18].config.BLOCK_SIZE_K,64
03-partial-auto-kv,expert_cache_stats[0].kernel_config_records.records[18].config.BLOCK_SIZE_M,16
03-partial-auto-kv,expert_cache_stats[0].kernel_config_records.records[18].config.BLOCK_SIZE_N,128
03-partial-auto-kv,expert_cache_stats[0].kernel_config_records.records[18].config.GROUP_SIZE_M,1
03-partial-auto-kv,expert_cache_stats[0].kernel_config_records.records[18].config.num_stages,4
03-partial-auto-kv,expert_cache_stats[0].kernel_config_records.records[18].config.num_warps,4
03-partial-auto-kv,expert_cache_stats[0].kernel_config_records.records[19].chunk_tokens,4
03-partial-auto-kv,expert_cache_stats[0].kernel_config_records.records[19].top_k,10
03-partial-auto-kv,expert_cache_stats[0].kernel_config_records.records[19].selections,48
03-partial-auto-kv,expert_cache_stats[0].kernel_config_records.records[19].w13_shape[0],512
03-partial-auto-kv,expert_cache_stats[0].kernel_config_records.records[19].w13_shape[1],256
03-partial-auto-kv,expert_cache_stats[0].kernel_config_records.records[19].w13_shape[2],2048
03-partial-auto-kv,expert_cache_stats[0].kernel_config_records.records[19].w2_shape[0],512
03-partial-auto-kv,expert_cache_stats[0].kernel_config_records.records[19].w2_shape[1],2048
03-partial-auto-kv,expert_cache_stats[0].kernel_config_records.records[19].w2_shape[2],128
03-partial-auto-kv,expert_cache_stats[0].kernel_config_records.records[19].config.BLOCK_SIZE_K,64
03-partial-auto-kv,expert_cache_stats[0].kernel_config_records.records[19].config.BLOCK_SIZE_M,16
03-partial-auto-kv,expert_cache_stats[0].kernel_config_records.records[19].config.BLOCK_SIZE_N,128
03-partial-auto-kv,expert_cache_stats[0].kernel_config_records.records[19].config.GROUP_SIZE_M,1
03-partial-auto-kv,expert_cache_stats[0].kernel_config_records.records[19].config.num_stages,4
03-partial-auto-kv,expert_cache_stats[0].kernel_config_records.records[19].config.num_warps,4
03-partial-auto-kv,expert_cache_stats[0].kernel_config_records.records[20].chunk_tokens,2
03-partial-auto-kv,expert_cache_stats[0].kernel_config_records.records[20].top_k,10
03-partial-auto-kv,expert_cache_stats[0].kernel_config_records.records[20].selections,48
03-partial-auto-kv,expert_cache_stats[0].kernel_config_records.records[20].w13_shape[0],512
03-partial-auto-kv,expert_cache_stats[0].kernel_config_records.records[20].w13_shape[1],256
03-partial-auto-kv,expert_cache_stats[0].kernel_config_records.records[20].w13_shape[2],2048
03-partial-auto-kv,expert_cache_stats[0].kernel_config_records.records[20].w2_shape[0],512
03-partial-auto-kv,expert_cache_stats[0].kernel_config_records.records[20].w2_shape[1],2048
03-partial-auto-kv,expert_cache_stats[0].kernel_config_records.records[20].w2_shape[2],128
03-partial-auto-kv,expert_cache_stats[0].kernel_config_records.records[20].config.BLOCK_SIZE_K,64
03-partial-auto-kv,expert_cache_stats[0].kernel_config_records.records[20].config.BLOCK_SIZE_M,32
03-partial-auto-kv,expert_cache_stats[0].kernel_config_records.records[20].config.BLOCK_SIZE_N,64
03-partial-auto-kv,expert_cache_stats[0].kernel_config_records.records[20].config.GROUP_SIZE_M,1
03-partial-auto-kv,expert_cache_stats[0].kernel_config_records.records[20].config.num_stages,4
03-partial-auto-kv,expert_cache_stats[0].kernel_config_records.records[20].config.num_warps,8
03-partial-auto-kv,expert_cache_stats[1].schema_version,1
03-partial-auto-kv,expert_cache_stats[1].rank,1
03-partial-auto-kv,expert_cache_stats[1].tensor_parallel_size,4
03-partial-auto-kv,expert_cache_stats[1].total_layers,48
03-partial-auto-kv,expert_cache_stats[1].num_experts,512
03-partial-auto-kv,expert_cache_stats[1].physical_slots,13056
03-partial-auto-kv,expert_cache_stats[1].resident_slots,12288
03-partial-auto-kv,expert_cache_stats[1].cache_slots,256
03-partial-auto-kv,expert_cache_stats[1].ingress_slots,512
03-partial-auto-kv,expert_cache_stats[1].expert_bytes,1572864
03-partial-auto-kv,expert_cache_stats[1].host_source_bytes,38654705664
03-partial-auto-kv,expert_cache_stats[1].pinned_gather_bytes,805306368
03-partial-auto-kv,expert_cache_stats[1].gpu_pool_bytes,20535312384
03-partial-auto-kv,expert_cache_stats[1].gpu_resident_bytes,19327352832
03-partial-auto-kv,expert_cache_stats[1].gpu_cache_bytes,402653184
03-partial-auto-kv,expert_cache_stats[1].gpu_ingress_bytes,805306368
03-partial-auto-kv,expert_cache_stats[1].gpu_metadata_bytes,6144
03-partial-auto-kv,expert_cache_stats[1].pinned_metadata_bytes,6144
03-partial-auto-kv,expert_cache_stats[1].net_freed_bytes,18119387136
03-partial-auto-kv,expert_cache_stats[1].weights_verified,0
03-partial-auto-kv,expert_cache_stats[1].cuda_timing_capacity,128
03-partial-auto-kv,expert_cache_stats[1].h2d_bytes,357813977088
03-partial-auto-kv,expert_cache_stats[1].copy_launches,8308
03-partial-auto-kv,expert_cache_stats[1].startup_resident_h2d_bytes,19327352832
03-partial-auto-kv,expert_cache_stats[1].promotion_d2d_bytes,1675100160
03-partial-auto-kv,expert_cache_stats[1].metadata_h2d_bytes,8954184
03-partial-auto-kv,expert_cache_stats[1].unique_demands,841839
03-partial-auto-kv,expert_cache_stats[1].resident_hits,603410
03-partial-auto-kv,expert_cache_stats[1].max_unique_per_forward,509
03-partial-auto-kv,expert_cache_stats[1].mean_unique_coverage,0.37642325935782966
03-partial-auto-kv,expert_cache_stats[1].resident_ratio,0.5
03-partial-auto-kv,expert_cache_stats[1].policy.observations,4368
03-partial-auto-kv,expert_cache_stats[1].policy.unique_demands,841839
03-partial-auto-kv,expert_cache_stats[1].policy.completed_forwards,91
03-partial-auto-kv,expert_cache_stats[1].policy.decay_events,1
03-partial-auto-kv,expert_cache_stats[1].policy.cache_hits,10937
03-partial-auto-kv,expert_cache_stats[1].policy.cache_misses,227492
03-partial-auto-kv,expert_cache_stats[1].policy.admissions,1065
03-partial-auto-kv,expert_cache_stats[1].policy.evictions,809
03-partial-auto-kv,expert_cache_stats[1].policy.cache_bypasses,226427
03-partial-auto-kv,expert_cache_stats[1].policy.reconfigurations,0
03-partial-auto-kv,expert_cache_stats[1].policy.resident_experts,12288
03-partial-auto-kv,expert_cache_stats[1].policy.cache_slots,256
03-partial-auto-kv,expert_cache_stats[1].policy.cache_entries,256
03-partial-auto-kv,expert_cache_stats[1].policy.cache_hit_ratio,0.04587109789497083
03-partial-auto-kv,expert_cache_stats[1].timing.route_d2h_s,18.302965915761888
03-partial-auto-kv,expert_cache_stats[1].timing.policy_cpu_s,1.3735566856339574
03-partial-auto-kv,expert_cache_stats[1].timing.host_reuse_wait_s,0.022596919909119606
03-partial-auto-kv,expert_cache_stats[1].timing.host_gather_s,63.46918825665489
03-partial-auto-kv,expert_cache_stats[1].timing.h2d_enqueue_s,0.326983782928437
03-partial-auto-kv,expert_cache_stats[1].timing.compute_enqueue_s,2.368891968857497
03-partial-auto-kv,expert_cache_stats[1].timing.cuda_sample_count,124
03-partial-auto-kv,expert_cache_stats[1].timing.load_cuda_s,0.20979795343987653
03-partial-auto-kv,expert_cache_stats[1].timing.compute_cuda_s,0.03681839986145496
03-partial-auto-kv,expert_cache_stats[1].timing.promotion_cuda_s,0.0005654400046914815
03-partial-auto-kv,expert_cache_stats[1].forward_counts[0],91
03-partial-auto-kv,expert_cache_stats[1].forward_counts[1],91
03-partial-auto-kv,expert_cache_stats[1].forward_counts[2],91
03-partial-auto-kv,expert_cache_stats[1].forward_counts[3],91
03-partial-auto-kv,expert_cache_stats[1].forward_counts[4],91
03-partial-auto-kv,expert_cache_stats[1].forward_counts[5],91
03-partial-auto-kv,expert_cache_stats[1].forward_counts[6],91
03-partial-auto-kv,expert_cache_stats[1].forward_counts[7],91
03-partial-auto-kv,expert_cache_stats[1].forward_counts[8],91
03-partial-auto-kv,expert_cache_stats[1].forward_counts[9],91
03-partial-auto-kv,expert_cache_stats[1].forward_counts[10],91
03-partial-auto-kv,expert_cache_stats[1].forward_counts[11],91
03-partial-auto-kv,expert_cache_stats[1].forward_counts[12],91
03-partial-auto-kv,expert_cache_stats[1].forward_counts[13],91
03-partial-auto-kv,expert_cache_stats[1].forward_counts[14],91
03-partial-auto-kv,expert_cache_stats[1].forward_counts[15],91
03-partial-auto-kv,expert_cache_stats[1].forward_counts[16],91
03-partial-auto-kv,expert_cache_stats[1].forward_counts[17],91
03-partial-auto-kv,expert_cache_stats[1].forward_counts[18],91
03-partial-auto-kv,expert_cache_stats[1].forward_counts[19],91
03-partial-auto-kv,expert_cache_stats[1].forward_counts[20],91
03-partial-auto-kv,expert_cache_stats[1].forward_counts[21],91
03-partial-auto-kv,expert_cache_stats[1].forward_counts[22],91
03-partial-auto-kv,expert_cache_stats[1].forward_counts[23],91
03-partial-auto-kv,expert_cache_stats[1].forward_counts[24],91
03-partial-auto-kv,expert_cache_stats[1].forward_counts[25],91
03-partial-auto-kv,expert_cache_stats[1].forward_counts[26],91
03-partial-auto-kv,expert_cache_stats[1].forward_counts[27],91
03-partial-auto-kv,expert_cache_stats[1].forward_counts[28],91
03-partial-auto-kv,expert_cache_stats[1].forward_counts[29],91
03-partial-auto-kv,expert_cache_stats[1].forward_counts[30],91
03-partial-auto-kv,expert_cache_stats[1].forward_counts[31],91
03-partial-auto-kv,expert_cache_stats[1].forward_counts[32],91
03-partial-auto-kv,expert_cache_stats[1].forward_counts[33],91
03-partial-auto-kv,expert_cache_stats[1].forward_counts[34],91
03-partial-auto-kv,expert_cache_stats[1].forward_counts[35],91
03-partial-auto-kv,expert_cache_stats[1].forward_counts[36],91
03-partial-auto-kv,expert_cache_stats[1].forward_counts[37],91
03-partial-auto-kv,expert_cache_stats[1].forward_counts[38],91
03-partial-auto-kv,expert_cache_stats[1].forward_counts[39],91
03-partial-auto-kv,expert_cache_stats[1].forward_counts[40],91
03-partial-auto-kv,expert_cache_stats[1].forward_counts[41],91
03-partial-auto-kv,expert_cache_stats[1].forward_counts[42],91
03-partial-auto-kv,expert_cache_stats[1].forward_counts[43],91
03-partial-auto-kv,expert_cache_stats[1].forward_counts[44],91
03-partial-auto-kv,expert_cache_stats[1].forward_counts[45],91
03-partial-auto-kv,expert_cache_stats[1].forward_counts[46],91
03-partial-auto-kv,expert_cache_stats[1].forward_counts[47],91
03-partial-auto-kv,expert_cache_stats[1].per_layer_unique_demands[0],20991
03-partial-auto-kv,expert_cache_stats[1].per_layer_unique_demands[1],16907
03-partial-auto-kv,expert_cache_stats[1].per_layer_unique_demands[2],21516
03-partial-auto-kv,expert_cache_stats[1].per_layer_unique_demands[3],15645
03-partial-auto-kv,expert_cache_stats[1].per_layer_unique_demands[4],16966
03-partial-auto-kv,expert_cache_stats[1].per_layer_unique_demands[5],18575
03-partial-auto-kv,expert_cache_stats[1].per_layer_unique_demands[6],20358
03-partial-auto-kv,expert_cache_stats[1].per_layer_unique_demands[7],20116
03-partial-auto-kv,expert_cache_stats[1].per_layer_unique_demands[8],17356
03-partial-auto-kv,expert_cache_stats[1].per_layer_unique_demands[9],15640
03-partial-auto-kv,expert_cache_stats[1].per_layer_unique_demands[10],15524
03-partial-auto-kv,expert_cache_stats[1].per_layer_unique_demands[11],16843
03-partial-auto-kv,expert_cache_stats[1].per_layer_unique_demands[12],14395
03-partial-auto-kv,expert_cache_stats[1].per_layer_unique_demands[13],15365
03-partial-auto-kv,expert_cache_stats[1].per_layer_unique_demands[14],17101
03-partial-auto-kv,expert_cache_stats[1].per_layer_unique_demands[15],18463
03-partial-auto-kv,expert_cache_stats[1].per_layer_unique_demands[16],16731
03-partial-auto-kv,expert_cache_stats[1].per_layer_unique_demands[17],18529
03-partial-auto-kv,expert_cache_stats[1].per_layer_unique_demands[18],20060
03-partial-auto-kv,expert_cache_stats[1].per_layer_unique_demands[19],20185
03-partial-auto-kv,expert_cache_stats[1].per_layer_unique_demands[20],17125
03-partial-auto-kv,expert_cache_stats[1].per_layer_unique_demands[21],15436
03-partial-auto-kv,expert_cache_stats[1].per_layer_unique_demands[22],15504
03-partial-auto-kv,expert_cache_stats[1].per_layer_unique_demands[23],16860
03-partial-auto-kv,expert_cache_stats[1].per_layer_unique_demands[24],14906
03-partial-auto-kv,expert_cache_stats[1].per_layer_unique_demands[25],15634
03-partial-auto-kv,expert_cache_stats[1].per_layer_unique_demands[26],17267
03-partial-auto-kv,expert_cache_stats[1].per_layer_unique_demands[27],18857
03-partial-auto-kv,expert_cache_stats[1].per_layer_unique_demands[28],17305
03-partial-auto-kv,expert_cache_stats[1].per_layer_unique_demands[29],18973
03-partial-auto-kv,expert_cache_stats[1].per_layer_unique_demands[30],20332
03-partial-auto-kv,expert_cache_stats[1].per_layer_unique_demands[31],20447
03-partial-auto-kv,expert_cache_stats[1].per_layer_unique_demands[32],18090
03-partial-auto-kv,expert_cache_stats[1].per_layer_unique_demands[33],16834
03-partial-auto-kv,expert_cache_stats[1].per_layer_unique_demands[34],16458
03-partial-auto-kv,expert_cache_stats[1].per_layer_unique_demands[35],17672
03-partial-auto-kv,expert_cache_stats[1].per_layer_unique_demands[36],15803
03-partial-auto-kv,expert_cache_stats[1].per_layer_unique_demands[37],16219
03-partial-auto-kv,expert_cache_stats[1].per_layer_unique_demands[38],17560
03-partial-auto-kv,expert_cache_stats[1].per_layer_unique_demands[39],18688
03-partial-auto-kv,expert_cache_stats[1].per_layer_unique_demands[40],18191
03-partial-auto-kv,expert_cache_stats[1].per_layer_unique_demands[41],18042
03-partial-auto-kv,expert_cache_stats[1].per_layer_unique_demands[42],17750
03-partial-auto-kv,expert_cache_stats[1].per_layer_unique_demands[43],16828
03-partial-auto-kv,expert_cache_stats[1].per_layer_unique_demands[44],17020
03-partial-auto-kv,expert_cache_stats[1].per_layer_unique_demands[45],16652
03-partial-auto-kv,expert_cache_stats[1].per_layer_unique_demands[46],16344
03-partial-auto-kv,expert_cache_stats[1].per_layer_unique_demands[47],17776
03-partial-auto-kv,expert_cache_stats[1].per_layer_max_unique_per_forward[0],500
03-partial-auto-kv,expert_cache_stats[1].per_layer_max_unique_per_forward[1],437
03-partial-auto-kv,expert_cache_stats[1].per_layer_max_unique_per_forward[2],509
03-partial-auto-kv,expert_cache_stats[1].per_layer_max_unique_per_forward[3],432
03-partial-auto-kv,expert_cache_stats[1].per_layer_max_unique_per_forward[4],435
03-partial-auto-kv,expert_cache_stats[1].per_layer_max_unique_per_forward[5],467
03-partial-auto-kv,expert_cache_stats[1].per_layer_max_unique_per_forward[6],500
03-partial-auto-kv,expert_cache_stats[1].per_layer_max_unique_per_forward[7],494
03-partial-auto-kv,expert_cache_stats[1].per_layer_max_unique_per_forward[8],473
03-partial-auto-kv,expert_cache_stats[1].per_layer_max_unique_per_forward[9],418
03-partial-auto-kv,expert_cache_stats[1].per_layer_max_unique_per_forward[10],420
03-partial-auto-kv,expert_cache_stats[1].per_layer_max_unique_per_forward[11],441
03-partial-auto-kv,expert_cache_stats[1].per_layer_max_unique_per_forward[12],410
03-partial-auto-kv,expert_cache_stats[1].per_layer_max_unique_per_forward[13],409
03-partial-auto-kv,expert_cache_stats[1].per_layer_max_unique_per_forward[14],448
03-partial-auto-kv,expert_cache_stats[1].per_layer_max_unique_per_forward[15],477
03-partial-auto-kv,expert_cache_stats[1].per_layer_max_unique_per_forward[16],445
03-partial-auto-kv,expert_cache_stats[1].per_layer_max_unique_per_forward[17],473
03-partial-auto-kv,expert_cache_stats[1].per_layer_max_unique_per_forward[18],500
03-partial-auto-kv,expert_cache_stats[1].per_layer_max_unique_per_forward[19],497
03-partial-auto-kv,expert_cache_stats[1].per_layer_max_unique_per_forward[20],462
03-partial-auto-kv,expert_cache_stats[1].per_layer_max_unique_per_forward[21],422
03-partial-auto-kv,expert_cache_stats[1].per_layer_max_unique_per_forward[22],428
03-partial-auto-kv,expert_cache_stats[1].per_layer_max_unique_per_forward[23],448
03-partial-auto-kv,expert_cache_stats[1].per_layer_max_unique_per_forward[24],409
03-partial-auto-kv,expert_cache_stats[1].per_layer_max_unique_per_forward[25],425
03-partial-auto-kv,expert_cache_stats[1].per_layer_max_unique_per_forward[26],459
03-partial-auto-kv,expert_cache_stats[1].per_layer_max_unique_per_forward[27],485
03-partial-auto-kv,expert_cache_stats[1].per_layer_max_unique_per_forward[28],460
03-partial-auto-kv,expert_cache_stats[1].per_layer_max_unique_per_forward[29],486
03-partial-auto-kv,expert_cache_stats[1].per_layer_max_unique_per_forward[30],499
03-partial-auto-kv,expert_cache_stats[1].per_layer_max_unique_per_forward[31],502
03-partial-auto-kv,expert_cache_stats[1].per_layer_max_unique_per_forward[32],475
03-partial-auto-kv,expert_cache_stats[1].per_layer_max_unique_per_forward[33],450
03-partial-auto-kv,expert_cache_stats[1].per_layer_max_unique_per_forward[34],444
03-partial-auto-kv,expert_cache_stats[1].per_layer_max_unique_per_forward[35],461
03-partial-auto-kv,expert_cache_stats[1].per_layer_max_unique_per_forward[36],434
03-partial-auto-kv,expert_cache_stats[1].per_layer_max_unique_per_forward[37],443
03-partial-auto-kv,expert_cache_stats[1].per_layer_max_unique_per_forward[38],459
03-partial-auto-kv,expert_cache_stats[1].per_layer_max_unique_per_forward[39],474
03-partial-auto-kv,expert_cache_stats[1].per_layer_max_unique_per_forward[40],474
03-partial-auto-kv,expert_cache_stats[1].per_layer_max_unique_per_forward[41],449
03-partial-auto-kv,expert_cache_stats[1].per_layer_max_unique_per_forward[42],448
03-partial-auto-kv,expert_cache_stats[1].per_layer_max_unique_per_forward[43],429
03-partial-auto-kv,expert_cache_stats[1].per_layer_max_unique_per_forward[44],432
03-partial-auto-kv,expert_cache_stats[1].per_layer_max_unique_per_forward[45],426
03-partial-auto-kv,expert_cache_stats[1].per_layer_max_unique_per_forward[46],415
03-partial-auto-kv,expert_cache_stats[1].per_layer_max_unique_per_forward[47],442
03-partial-auto-kv,expert_cache_stats[1].identity.geometry.total_layers,48
03-partial-auto-kv,expert_cache_stats[1].identity.geometry.num_experts,512
03-partial-auto-kv,expert_cache_stats[1].identity.geometry.hidden_size,2048
03-partial-auto-kv,expert_cache_stats[1].identity.geometry.intermediate_size,128
03-partial-auto-kv,expert_cache_stats[1].identity.tensor_parallel_size,4
03-partial-auto-kv,expert_cache_stats[1].identity.model_config_sha256,2d483c7cabad7c8704478ed4038fa7e7b2eff840bc00a118eccbe38e2b488303
03-partial-auto-kv,expert_cache_stats[1].identity.model_identity_sha256,24f6a89ba0e0435caffbb3d056425fb1fe980fca09d5a8749dfb231bd24880d8
03-partial-auto-kv,expert_cache_stats[1].profile_sha256,e102f6959c1e9a64d67294b1800b9f093fb41907a0ca4aa42aa030b7c2dad3fb
03-partial-auto-kv,expert_cache_stats[1].cache_policy,decayed-lfu
03-partial-auto-kv,expert_cache_stats[1].failed,False
03-partial-auto-kv,expert_cache_stats[1].weight_verification_scope,CUDA parity tests required; no runtime weight D2H verification
03-partial-auto-kv,expert_cache_stats[1].temporary_memory_scope,native fused kernel workspace/output and CPU route IDs scale with scheduled tokens; no weight-sized GPU gather temporary
03-partial-auto-kv,expert_cache_stats[1].memory_accounting_scope,"tensor payload bytes; excludes allocator rounding, CUDA event driver memory and Python policy metadata; native/chunk output workspace must be included in vLLM measured profiling peak"
03-partial-auto-kv,expert_cache_stats[1].kernel_config_scope,native logical E geometry per actual native chunk size
03-partial-auto-kv,expert_cache_stats[1].transfer_schedule,demand-critical H2D on compute stream; no speculative prefetch
03-partial-auto-kv,expert_cache_stats[1].kernel_config_records.capacity,64
03-partial-auto-kv,expert_cache_stats[1].kernel_config_records.unrecorded_selections,0
03-partial-auto-kv,expert_cache_stats[1].kernel_config_records.records[0].chunk_tokens,8192
03-partial-auto-kv,expert_cache_stats[1].kernel_config_records.records[0].top_k,10
03-partial-auto-kv,expert_cache_stats[1].kernel_config_records.records[0].selections,816
03-partial-auto-kv,expert_cache_stats[1].kernel_config_records.records[0].w13_shape[0],512
03-partial-auto-kv,expert_cache_stats[1].kernel_config_records.records[0].w13_shape[1],256
03-partial-auto-kv,expert_cache_stats[1].kernel_config_records.records[0].w13_shape[2],2048
03-partial-auto-kv,expert_cache_stats[1].kernel_config_records.records[0].w2_shape[0],512
03-partial-auto-kv,expert_cache_stats[1].kernel_config_records.records[0].w2_shape[1],2048
03-partial-auto-kv,expert_cache_stats[1].kernel_config_records.records[0].w2_shape[2],128
03-partial-auto-kv,expert_cache_stats[1].kernel_config_records.records[0].config.BLOCK_SIZE_K,64
03-partial-auto-kv,expert_cache_stats[1].kernel_config_records.records[0].config.BLOCK_SIZE_M,128
03-partial-auto-kv,expert_cache_stats[1].kernel_config_records.records[0].config.BLOCK_SIZE_N,128
03-partial-auto-kv,expert_cache_stats[1].kernel_config_records.records[0].config.GROUP_SIZE_M,64
03-partial-auto-kv,expert_cache_stats[1].kernel_config_records.records[0].config.num_stages,3
03-partial-auto-kv,expert_cache_stats[1].kernel_config_records.records[0].config.num_warps,8
03-partial-auto-kv,expert_cache_stats[1].kernel_config_records.records[1].chunk_tokens,32
03-partial-auto-kv,expert_cache_stats[1].kernel_config_records.records[1].top_k,10
03-partial-auto-kv,expert_cache_stats[1].kernel_config_records.records[1].selections,2304
03-partial-auto-kv,expert_cache_stats[1].kernel_config_records.records[1].w13_shape[0],512
03-partial-auto-kv,expert_cache_stats[1].kernel_config_records.records[1].w13_shape[1],256
03-partial-auto-kv,expert_cache_stats[1].kernel_config_records.records[1].w13_shape[2],2048
03-partial-auto-kv,expert_cache_stats[1].kernel_config_records.records[1].w2_shape[0],512
03-partial-auto-kv,expert_cache_stats[1].kernel_config_records.records[1].w2_shape[1],2048
03-partial-auto-kv,expert_cache_stats[1].kernel_config_records.records[1].w2_shape[2],128
03-partial-auto-kv,expert_cache_stats[1].kernel_config_records.records[1].config.BLOCK_SIZE_K,64
03-partial-auto-kv,expert_cache_stats[1].kernel_config_records.records[1].config.BLOCK_SIZE_M,16
03-partial-auto-kv,expert_cache_stats[1].kernel_config_records.records[1].config.BLOCK_SIZE_N,128
03-partial-auto-kv,expert_cache_stats[1].kernel_config_records.records[1].config.GROUP_SIZE_M,1
03-partial-auto-kv,expert_cache_stats[1].kernel_config_records.records[1].config.num_stages,3
03-partial-auto-kv,expert_cache_stats[1].kernel_config_records.records[1].config.num_warps,8
03-partial-auto-kv,expert_cache_stats[1].kernel_config_records.records[2].chunk_tokens,4096
03-partial-auto-kv,expert_cache_stats[1].kernel_config_records.records[2].top_k,10
03-partial-auto-kv,expert_cache_stats[1].kernel_config_records.records[2].selections,96
03-partial-auto-kv,expert_cache_stats[1].kernel_config_records.records[2].w13_shape[0],512
03-partial-auto-kv,expert_cache_stats[1].kernel_config_records.records[2].w13_shape[1],256
03-partial-auto-kv,expert_cache_stats[1].kernel_config_records.records[2].w13_shape[2],2048
03-partial-auto-kv,expert_cache_stats[1].kernel_config_records.records[2].w2_shape[0],512
03-partial-auto-kv,expert_cache_stats[1].kernel_config_records.records[2].w2_shape[1],2048
03-partial-auto-kv,expert_cache_stats[1].kernel_config_records.records[2].w2_shape[2],128
03-partial-auto-kv,expert_cache_stats[1].kernel_config_records.records[2].config.BLOCK_SIZE_K,64
03-partial-auto-kv,expert_cache_stats[1].kernel_config_records.records[2].config.BLOCK_SIZE_M,128
03-partial-auto-kv,expert_cache_stats[1].kernel_config_records.records[2].config.BLOCK_SIZE_N,128
03-partial-auto-kv,expert_cache_stats[1].kernel_config_records.records[2].config.GROUP_SIZE_M,64
03-partial-auto-kv,expert_cache_stats[1].kernel_config_records.records[2].config.num_stages,3
03-partial-auto-kv,expert_cache_stats[1].kernel_config_records.records[2].config.num_warps,8
03-partial-auto-kv,expert_cache_stats[1].kernel_config_records.records[3].chunk_tokens,1
03-partial-auto-kv,expert_cache_stats[1].kernel_config_records.records[3].top_k,10
03-partial-auto-kv,expert_cache_stats[1].kernel_config_records.records[3].selections,336
03-partial-auto-kv,expert_cache_stats[1].kernel_config_records.records[3].w13_shape[0],512
03-partial-auto-kv,expert_cache_stats[1].kernel_config_records.records[3].w13_shape[1],256
03-partial-auto-kv,expert_cache_stats[1].kernel_config_records.records[3].w13_shape[2],2048
03-partial-auto-kv,expert_cache_stats[1].kernel_config_records.records[3].w2_shape[0],512
03-partial-auto-kv,expert_cache_stats[1].kernel_config_records.records[3].w2_shape[1],2048
03-partial-auto-kv,expert_cache_stats[1].kernel_config_records.records[3].w2_shape[2],128
03-partial-auto-kv,expert_cache_stats[1].kernel_config_records.records[3].config.BLOCK_SIZE_K,64
03-partial-auto-kv,expert_cache_stats[1].kernel_config_records.records[3].config.BLOCK_SIZE_M,16
03-partial-auto-kv,expert_cache_stats[1].kernel_config_records.records[3].config.BLOCK_SIZE_N,32
03-partial-auto-kv,expert_cache_stats[1].kernel_config_records.records[3].config.GROUP_SIZE_M,1
03-partial-auto-kv,expert_cache_stats[1].kernel_config_records.records[3].config.num_stages,4
03-partial-auto-kv,expert_cache_stats[1].kernel_config_records.records[3].config.num_warps,4
03-partial-auto-kv,expert_cache_stats[1].kernel_config_records.records[4].chunk_tokens,4337
03-partial-auto-kv,expert_cache_stats[1].kernel_config_records.records[4].top_k,10
03-partial-auto-kv,expert_cache_stats[1].kernel_config_records.records[4].selections,48
03-partial-auto-kv,expert_cache_stats[1].kernel_config_records.records[4].w13_shape[0],512
03-partial-auto-kv,expert_cache_stats[1].kernel_config_records.records[4].w13_shape[1],256
03-partial-auto-kv,expert_cache_stats[1].kernel_config_records.records[4].w13_shape[2],2048
03-partial-auto-kv,expert_cache_stats[1].kernel_config_records.records[4].w2_shape[0],512
03-partial-auto-kv,expert_cache_stats[1].kernel_config_records.records[4].w2_shape[1],2048
03-partial-auto-kv,expert_cache_stats[1].kernel_config_records.records[4].w2_shape[2],128
03-partial-auto-kv,expert_cache_stats[1].kernel_config_records.records[4].config.BLOCK_SIZE_K,64
03-partial-auto-kv,expert_cache_stats[1].kernel_config_records.records[4].config.BLOCK_SIZE_M,128
03-partial-auto-kv,expert_cache_stats[1].kernel_config_records.records[4].config.BLOCK_SIZE_N,128
03-partial-auto-kv,expert_cache_stats[1].kernel_config_records.records[4].config.GROUP_SIZE_M,64
03-partial-auto-kv,expert_cache_stats[1].kernel_config_records.records[4].config.num_stages,3
03-partial-auto-kv,expert_cache_stats[1].kernel_config_records.records[4].config.num_warps,8
03-partial-auto-kv,expert_cache_stats[1].kernel_config_records.records[5].chunk_tokens,31
03-partial-auto-kv,expert_cache_stats[1].kernel_config_records.records[5].top_k,10
03-partial-auto-kv,expert_cache_stats[1].kernel_config_records.records[5].selections,48
03-partial-auto-kv,expert_cache_stats[1].kernel_config_records.records[5].w13_shape[0],512
03-partial-auto-kv,expert_cache_stats[1].kernel_config_records.records[5].w13_shape[1],256
03-partial-auto-kv,expert_cache_stats[1].kernel_config_records.records[5].w13_shape[2],2048
03-partial-auto-kv,expert_cache_stats[1].kernel_config_records.records[5].w2_shape[0],512
03-partial-auto-kv,expert_cache_stats[1].kernel_config_records.records[5].w2_shape[1],2048
03-partial-auto-kv,expert_cache_stats[1].kernel_config_records.records[5].w2_shape[2],128
03-partial-auto-kv,expert_cache_stats[1].kernel_config_records.records[5].config.BLOCK_SIZE_K,64
03-partial-auto-kv,expert_cache_stats[1].kernel_config_records.records[5].config.BLOCK_SIZE_M,16
03-partial-auto-kv,expert_cache_stats[1].kernel_config_records.records[5].config.BLOCK_SIZE_N,128
03-partial-auto-kv,expert_cache_stats[1].kernel_config_records.records[5].config.GROUP_SIZE_M,1
03-partial-auto-kv,expert_cache_stats[1].kernel_config_records.records[5].config.num_stages,3
03-partial-auto-kv,expert_cache_stats[1].kernel_config_records.records[5].config.num_warps,8
03-partial-auto-kv,expert_cache_stats[1].kernel_config_records.records[6].chunk_tokens,30
03-partial-auto-kv,expert_cache_stats[1].kernel_config_records.records[6].top_k,10
03-partial-auto-kv,expert_cache_stats[1].kernel_config_records.records[6].selections,48
03-partial-auto-kv,expert_cache_stats[1].kernel_config_records.records[6].w13_shape[0],512
03-partial-auto-kv,expert_cache_stats[1].kernel_config_records.records[6].w13_shape[1],256
03-partial-auto-kv,expert_cache_stats[1].kernel_config_records.records[6].w13_shape[2],2048
03-partial-auto-kv,expert_cache_stats[1].kernel_config_records.records[6].w2_shape[0],512
03-partial-auto-kv,expert_cache_stats[1].kernel_config_records.records[6].w2_shape[1],2048
03-partial-auto-kv,expert_cache_stats[1].kernel_config_records.records[6].w2_shape[2],128
03-partial-auto-kv,expert_cache_stats[1].kernel_config_records.records[6].config.BLOCK_SIZE_K,64
03-partial-auto-kv,expert_cache_stats[1].kernel_config_records.records[6].config.BLOCK_SIZE_M,16
03-partial-auto-kv,expert_cache_stats[1].kernel_config_records.records[6].config.BLOCK_SIZE_N,128
03-partial-auto-kv,expert_cache_stats[1].kernel_config_records.records[6].config.GROUP_SIZE_M,1
03-partial-auto-kv,expert_cache_stats[1].kernel_config_records.records[6].config.num_stages,3
03-partial-auto-kv,expert_cache_stats[1].kernel_config_records.records[6].config.num_warps,8
03-partial-auto-kv,expert_cache_stats[1].kernel_config_records.records[7].chunk_tokens,28
03-partial-auto-kv,expert_cache_stats[1].kernel_config_records.records[7].top_k,10
03-partial-auto-kv,expert_cache_stats[1].kernel_config_records.records[7].selections,48
03-partial-auto-kv,expert_cache_stats[1].kernel_config_records.records[7].w13_shape[0],512
03-partial-auto-kv,expert_cache_stats[1].kernel_config_records.records[7].w13_shape[1],256
03-partial-auto-kv,expert_cache_stats[1].kernel_config_records.records[7].w13_shape[2],2048
03-partial-auto-kv,expert_cache_stats[1].kernel_config_records.records[7].w2_shape[0],512
03-partial-auto-kv,expert_cache_stats[1].kernel_config_records.records[7].w2_shape[1],2048
03-partial-auto-kv,expert_cache_stats[1].kernel_config_records.records[7].w2_shape[2],128
03-partial-auto-kv,expert_cache_stats[1].kernel_config_records.records[7].config.BLOCK_SIZE_K,64
03-partial-auto-kv,expert_cache_stats[1].kernel_config_records.records[7].config.BLOCK_SIZE_M,32
03-partial-auto-kv,expert_cache_stats[1].kernel_config_records.records[7].config.BLOCK_SIZE_N,128
03-partial-auto-kv,expert_cache_stats[1].kernel_config_records.records[7].config.GROUP_SIZE_M,1
03-partial-auto-kv,expert_cache_stats[1].kernel_config_records.records[7].config.num_stages,3
03-partial-auto-kv,expert_cache_stats[1].kernel_config_records.records[7].config.num_warps,4
03-partial-auto-kv,expert_cache_stats[1].kernel_config_records.records[8].chunk_tokens,26
03-partial-auto-kv,expert_cache_stats[1].kernel_config_records.records[8].top_k,10
03-partial-auto-kv,expert_cache_stats[1].kernel_config_records.records[8].selections,48
03-partial-auto-kv,expert_cache_stats[1].kernel_config_records.records[8].w13_shape[0],512
03-partial-auto-kv,expert_cache_stats[1].kernel_config_records.records[8].w13_shape[1],256
03-partial-auto-kv,expert_cache_stats[1].kernel_config_records.records[8].w13_shape[2],2048
03-partial-auto-kv,expert_cache_stats[1].kernel_config_records.records[8].w2_shape[0],512
03-partial-auto-kv,expert_cache_stats[1].kernel_config_records.records[8].w2_shape[1],2048
03-partial-auto-kv,expert_cache_stats[1].kernel_config_records.records[8].w2_shape[2],128
03-partial-auto-kv,expert_cache_stats[1].kernel_config_records.records[8].config.BLOCK_SIZE_K,64
03-partial-auto-kv,expert_cache_stats[1].kernel_config_records.records[8].config.BLOCK_SIZE_M,32
03-partial-auto-kv,expert_cache_stats[1].kernel_config_records.records[8].config.BLOCK_SIZE_N,128
03-partial-auto-kv,expert_cache_stats[1].kernel_config_records.records[8].config.GROUP_SIZE_M,1
03-partial-auto-kv,expert_cache_stats[1].kernel_config_records.records[8].config.num_stages,3
03-partial-auto-kv,expert_cache_stats[1].kernel_config_records.records[8].config.num_warps,4
03-partial-auto-kv,expert_cache_stats[1].kernel_config_records.records[9].chunk_tokens,24
03-partial-auto-kv,expert_cache_stats[1].kernel_config_records.records[9].top_k,10
03-partial-auto-kv,expert_cache_stats[1].kernel_config_records.records[9].selections,48
03-partial-auto-kv,expert_cache_stats[1].kernel_config_records.records[9].w13_shape[0],512
03-partial-auto-kv,expert_cache_stats[1].kernel_config_records.records[9].w13_shape[1],256
03-partial-auto-kv,expert_cache_stats[1].kernel_config_records.records[9].w13_shape[2],2048
03-partial-auto-kv,expert_cache_stats[1].kernel_config_records.records[9].w2_shape[0],512
03-partial-auto-kv,expert_cache_stats[1].kernel_config_records.records[9].w2_shape[1],2048
03-partial-auto-kv,expert_cache_stats[1].kernel_config_records.records[9].w2_shape[2],128
03-partial-auto-kv,expert_cache_stats[1].kernel_config_records.records[9].config.BLOCK_SIZE_K,64
03-partial-auto-kv,expert_cache_stats[1].kernel_config_records.records[9].config.BLOCK_SIZE_M,32
03-partial-auto-kv,expert_cache_stats[1].kernel_config_records.records[9].config.BLOCK_SIZE_N,128
03-partial-auto-kv,expert_cache_stats[1].kernel_config_records.records[9].config.GROUP_SIZE_M,1
03-partial-auto-kv,expert_cache_stats[1].kernel_config_records.records[9].config.num_stages,3
03-partial-auto-kv,expert_cache_stats[1].kernel_config_records.records[9].config.num_warps,4
03-partial-auto-kv,expert_cache_stats[1].kernel_config_records.records[10].chunk_tokens,22
03-partial-auto-kv,expert_cache_stats[1].kernel_config_records.records[10].top_k,10
03-partial-auto-kv,expert_cache_stats[1].kernel_config_records.records[10].selections,48
03-partial-auto-kv,expert_cache_stats[1].kernel_config_records.records[10].w13_shape[0],512
03-partial-auto-kv,expert_cache_stats[1].kernel_config_records.records[10].w13_shape[1],256
03-partial-auto-kv,expert_cache_stats[1].kernel_config_records.records[10].w13_shape[2],2048
03-partial-auto-kv,expert_cache_stats[1].kernel_config_records.records[10].w2_shape[0],512
03-partial-auto-kv,expert_cache_stats[1].kernel_config_records.records[10].w2_shape[1],2048
03-partial-auto-kv,expert_cache_stats[1].kernel_config_records.records[10].w2_shape[2],128
03-partial-auto-kv,expert_cache_stats[1].kernel_config_records.records[10].config.BLOCK_SIZE_K,64
03-partial-auto-kv,expert_cache_stats[1].kernel_config_records.records[10].config.BLOCK_SIZE_M,32
03-partial-auto-kv,expert_cache_stats[1].kernel_config_records.records[10].config.BLOCK_SIZE_N,128
03-partial-auto-kv,expert_cache_stats[1].kernel_config_records.records[10].config.GROUP_SIZE_M,1
03-partial-auto-kv,expert_cache_stats[1].kernel_config_records.records[10].config.num_stages,3
03-partial-auto-kv,expert_cache_stats[1].kernel_config_records.records[10].config.num_warps,4
03-partial-auto-kv,expert_cache_stats[1].kernel_config_records.records[11].chunk_tokens,20
03-partial-auto-kv,expert_cache_stats[1].kernel_config_records.records[11].top_k,10
03-partial-auto-kv,expert_cache_stats[1].kernel_config_records.records[11].selections,48
03-partial-auto-kv,expert_cache_stats[1].kernel_config_records.records[11].w13_shape[0],512
03-partial-auto-kv,expert_cache_stats[1].kernel_config_records.records[11].w13_shape[1],256
03-partial-auto-kv,expert_cache_stats[1].kernel_config_records.records[11].w13_shape[2],2048
03-partial-auto-kv,expert_cache_stats[1].kernel_config_records.records[11].w2_shape[0],512
03-partial-auto-kv,expert_cache_stats[1].kernel_config_records.records[11].w2_shape[1],2048
03-partial-auto-kv,expert_cache_stats[1].kernel_config_records.records[11].w2_shape[2],128
03-partial-auto-kv,expert_cache_stats[1].kernel_config_records.records[11].config.BLOCK_SIZE_K,64
03-partial-auto-kv,expert_cache_stats[1].kernel_config_records.records[11].config.BLOCK_SIZE_M,16
03-partial-auto-kv,expert_cache_stats[1].kernel_config_records.records[11].config.BLOCK_SIZE_N,128
03-partial-auto-kv,expert_cache_stats[1].kernel_config_records.records[11].config.GROUP_SIZE_M,1
03-partial-auto-kv,expert_cache_stats[1].kernel_config_records.records[11].config.num_stages,3
03-partial-auto-kv,expert_cache_stats[1].kernel_config_records.records[11].config.num_warps,4
03-partial-auto-kv,expert_cache_stats[1].kernel_config_records.records[12].chunk_tokens,18
03-partial-auto-kv,expert_cache_stats[1].kernel_config_records.records[12].top_k,10
03-partial-auto-kv,expert_cache_stats[1].kernel_config_records.records[12].selections,48
03-partial-auto-kv,expert_cache_stats[1].kernel_config_records.records[12].w13_shape[0],512
03-partial-auto-kv,expert_cache_stats[1].kernel_config_records.records[12].w13_shape[1],256
03-partial-auto-kv,expert_cache_stats[1].kernel_config_records.records[12].w13_shape[2],2048
03-partial-auto-kv,expert_cache_stats[1].kernel_config_records.records[12].w2_shape[0],512
03-partial-auto-kv,expert_cache_stats[1].kernel_config_records.records[12].w2_shape[1],2048
03-partial-auto-kv,expert_cache_stats[1].kernel_config_records.records[12].w2_shape[2],128
03-partial-auto-kv,expert_cache_stats[1].kernel_config_records.records[12].config.BLOCK_SIZE_K,64
03-partial-auto-kv,expert_cache_stats[1].kernel_config_records.records[12].config.BLOCK_SIZE_M,16
03-partial-auto-kv,expert_cache_stats[1].kernel_config_records.records[12].config.BLOCK_SIZE_N,128
03-partial-auto-kv,expert_cache_stats[1].kernel_config_records.records[12].config.GROUP_SIZE_M,1
03-partial-auto-kv,expert_cache_stats[1].kernel_config_records.records[12].config.num_stages,3
03-partial-auto-kv,expert_cache_stats[1].kernel_config_records.records[12].config.num_warps,4
03-partial-auto-kv,expert_cache_stats[1].kernel_config_records.records[13].chunk_tokens,16
03-partial-auto-kv,expert_cache_stats[1].kernel_config_records.records[13].top_k,10
03-partial-auto-kv,expert_cache_stats[1].kernel_config_records.records[13].selections,48
03-partial-auto-kv,expert_cache_stats[1].kernel_config_records.records[13].w13_shape[0],512
03-partial-auto-kv,expert_cache_stats[1].kernel_config_records.records[13].w13_shape[1],256
03-partial-auto-kv,expert_cache_stats[1].kernel_config_records.records[13].w13_shape[2],2048
03-partial-auto-kv,expert_cache_stats[1].kernel_config_records.records[13].w2_shape[0],512
03-partial-auto-kv,expert_cache_stats[1].kernel_config_records.records[13].w2_shape[1],2048
03-partial-auto-kv,expert_cache_stats[1].kernel_config_records.records[13].w2_shape[2],128
03-partial-auto-kv,expert_cache_stats[1].kernel_config_records.records[13].config.BLOCK_SIZE_K,64
03-partial-auto-kv,expert_cache_stats[1].kernel_config_records.records[13].config.BLOCK_SIZE_M,16
03-partial-auto-kv,expert_cache_stats[1].kernel_config_records.records[13].config.BLOCK_SIZE_N,128
03-partial-auto-kv,expert_cache_stats[1].kernel_config_records.records[13].config.GROUP_SIZE_M,1
03-partial-auto-kv,expert_cache_stats[1].kernel_config_records.records[13].config.num_stages,3
03-partial-auto-kv,expert_cache_stats[1].kernel_config_records.records[13].config.num_warps,4
03-partial-auto-kv,expert_cache_stats[1].kernel_config_records.records[14].chunk_tokens,14
03-partial-auto-kv,expert_cache_stats[1].kernel_config_records.records[14].top_k,10
03-partial-auto-kv,expert_cache_stats[1].kernel_config_records.records[14].selections,48
03-partial-auto-kv,expert_cache_stats[1].kernel_config_records.records[14].w13_shape[0],512
03-partial-auto-kv,expert_cache_stats[1].kernel_config_records.records[14].w13_shape[1],256
03-partial-auto-kv,expert_cache_stats[1].kernel_config_records.records[14].w13_shape[2],2048
03-partial-auto-kv,expert_cache_stats[1].kernel_config_records.records[14].w2_shape[0],512
03-partial-auto-kv,expert_cache_stats[1].kernel_config_records.records[14].w2_shape[1],2048
03-partial-auto-kv,expert_cache_stats[1].kernel_config_records.records[14].w2_shape[2],128
03-partial-auto-kv,expert_cache_stats[1].kernel_config_records.records[14].config.BLOCK_SIZE_K,64
03-partial-auto-kv,expert_cache_stats[1].kernel_config_records.records[14].config.BLOCK_SIZE_M,16
03-partial-auto-kv,expert_cache_stats[1].kernel_config_records.records[14].config.BLOCK_SIZE_N,128
03-partial-auto-kv,expert_cache_stats[1].kernel_config_records.records[14].config.GROUP_SIZE_M,1
03-partial-auto-kv,expert_cache_stats[1].kernel_config_records.records[14].config.num_stages,3
03-partial-auto-kv,expert_cache_stats[1].kernel_config_records.records[14].config.num_warps,4
03-partial-auto-kv,expert_cache_stats[1].kernel_config_records.records[15].chunk_tokens,12
03-partial-auto-kv,expert_cache_stats[1].kernel_config_records.records[15].top_k,10
03-partial-auto-kv,expert_cache_stats[1].kernel_config_records.records[15].selections,48
03-partial-auto-kv,expert_cache_stats[1].kernel_config_records.records[15].w13_shape[0],512
03-partial-auto-kv,expert_cache_stats[1].kernel_config_records.records[15].w13_shape[1],256
03-partial-auto-kv,expert_cache_stats[1].kernel_config_records.records[15].w13_shape[2],2048
03-partial-auto-kv,expert_cache_stats[1].kernel_config_records.records[15].w2_shape[0],512
03-partial-auto-kv,expert_cache_stats[1].kernel_config_records.records[15].w2_shape[1],2048
03-partial-auto-kv,expert_cache_stats[1].kernel_config_records.records[15].w2_shape[2],128
03-partial-auto-kv,expert_cache_stats[1].kernel_config_records.records[15].config.BLOCK_SIZE_K,64
03-partial-auto-kv,expert_cache_stats[1].kernel_config_records.records[15].config.BLOCK_SIZE_M,16
03-partial-auto-kv,expert_cache_stats[1].kernel_config_records.records[15].config.BLOCK_SIZE_N,128
03-partial-auto-kv,expert_cache_stats[1].kernel_config_records.records[15].config.GROUP_SIZE_M,1
03-partial-auto-kv,expert_cache_stats[1].kernel_config_records.records[15].config.num_stages,3
03-partial-auto-kv,expert_cache_stats[1].kernel_config_records.records[15].config.num_warps,4
03-partial-auto-kv,expert_cache_stats[1].kernel_config_records.records[16].chunk_tokens,10
03-partial-auto-kv,expert_cache_stats[1].kernel_config_records.records[16].top_k,10
03-partial-auto-kv,expert_cache_stats[1].kernel_config_records.records[16].selections,48
03-partial-auto-kv,expert_cache_stats[1].kernel_config_records.records[16].w13_shape[0],512
03-partial-auto-kv,expert_cache_stats[1].kernel_config_records.records[16].w13_shape[1],256
03-partial-auto-kv,expert_cache_stats[1].kernel_config_records.records[16].w13_shape[2],2048
03-partial-auto-kv,expert_cache_stats[1].kernel_config_records.records[16].w2_shape[0],512
03-partial-auto-kv,expert_cache_stats[1].kernel_config_records.records[16].w2_shape[1],2048
03-partial-auto-kv,expert_cache_stats[1].kernel_config_records.records[16].w2_shape[2],128
03-partial-auto-kv,expert_cache_stats[1].kernel_config_records.records[16].config.BLOCK_SIZE_K,64
03-partial-auto-kv,expert_cache_stats[1].kernel_config_records.records[16].config.BLOCK_SIZE_M,16
03-partial-auto-kv,expert_cache_stats[1].kernel_config_records.records[16].config.BLOCK_SIZE_N,128
03-partial-auto-kv,expert_cache_stats[1].kernel_config_records.records[16].config.GROUP_SIZE_M,1
03-partial-auto-kv,expert_cache_stats[1].kernel_config_records.records[16].config.num_stages,3
03-partial-auto-kv,expert_cache_stats[1].kernel_config_records.records[16].config.num_warps,4
03-partial-auto-kv,expert_cache_stats[1].kernel_config_records.records[17].chunk_tokens,8
03-partial-auto-kv,expert_cache_stats[1].kernel_config_records.records[17].top_k,10
03-partial-auto-kv,expert_cache_stats[1].kernel_config_records.records[17].selections,48
03-partial-auto-kv,expert_cache_stats[1].kernel_config_records.records[17].w13_shape[0],512
03-partial-auto-kv,expert_cache_stats[1].kernel_config_records.records[17].w13_shape[1],256
03-partial-auto-kv,expert_cache_stats[1].kernel_config_records.records[17].w13_shape[2],2048
03-partial-auto-kv,expert_cache_stats[1].kernel_config_records.records[17].w2_shape[0],512
03-partial-auto-kv,expert_cache_stats[1].kernel_config_records.records[17].w2_shape[1],2048
03-partial-auto-kv,expert_cache_stats[1].kernel_config_records.records[17].w2_shape[2],128
03-partial-auto-kv,expert_cache_stats[1].kernel_config_records.records[17].config.BLOCK_SIZE_K,64
03-partial-auto-kv,expert_cache_stats[1].kernel_config_records.records[17].config.BLOCK_SIZE_M,16
03-partial-auto-kv,expert_cache_stats[1].kernel_config_records.records[17].config.BLOCK_SIZE_N,128
03-partial-auto-kv,expert_cache_stats[1].kernel_config_records.records[17].config.GROUP_SIZE_M,1
03-partial-auto-kv,expert_cache_stats[1].kernel_config_records.records[17].config.num_stages,3
03-partial-auto-kv,expert_cache_stats[1].kernel_config_records.records[17].config.num_warps,4
03-partial-auto-kv,expert_cache_stats[1].kernel_config_records.records[18].chunk_tokens,6
03-partial-auto-kv,expert_cache_stats[1].kernel_config_records.records[18].top_k,10
03-partial-auto-kv,expert_cache_stats[1].kernel_config_records.records[18].selections,48
03-partial-auto-kv,expert_cache_stats[1].kernel_config_records.records[18].w13_shape[0],512
03-partial-auto-kv,expert_cache_stats[1].kernel_config_records.records[18].w13_shape[1],256
03-partial-auto-kv,expert_cache_stats[1].kernel_config_records.records[18].w13_shape[2],2048
03-partial-auto-kv,expert_cache_stats[1].kernel_config_records.records[18].w2_shape[0],512
03-partial-auto-kv,expert_cache_stats[1].kernel_config_records.records[18].w2_shape[1],2048
03-partial-auto-kv,expert_cache_stats[1].kernel_config_records.records[18].w2_shape[2],128
03-partial-auto-kv,expert_cache_stats[1].kernel_config_records.records[18].config.BLOCK_SIZE_K,64
03-partial-auto-kv,expert_cache_stats[1].kernel_config_records.records[18].config.BLOCK_SIZE_M,16
03-partial-auto-kv,expert_cache_stats[1].kernel_config_records.records[18].config.BLOCK_SIZE_N,128
03-partial-auto-kv,expert_cache_stats[1].kernel_config_records.records[18].config.GROUP_SIZE_M,1
03-partial-auto-kv,expert_cache_stats[1].kernel_config_records.records[18].config.num_stages,4
03-partial-auto-kv,expert_cache_stats[1].kernel_config_records.records[18].config.num_warps,4
03-partial-auto-kv,expert_cache_stats[1].kernel_config_records.records[19].chunk_tokens,4
03-partial-auto-kv,expert_cache_stats[1].kernel_config_records.records[19].top_k,10
03-partial-auto-kv,expert_cache_stats[1].kernel_config_records.records[19].selections,48
03-partial-auto-kv,expert_cache_stats[1].kernel_config_records.records[19].w13_shape[0],512
03-partial-auto-kv,expert_cache_stats[1].kernel_config_records.records[19].w13_shape[1],256
03-partial-auto-kv,expert_cache_stats[1].kernel_config_records.records[19].w13_shape[2],2048
03-partial-auto-kv,expert_cache_stats[1].kernel_config_records.records[19].w2_shape[0],512
03-partial-auto-kv,expert_cache_stats[1].kernel_config_records.records[19].w2_shape[1],2048
03-partial-auto-kv,expert_cache_stats[1].kernel_config_records.records[19].w2_shape[2],128
03-partial-auto-kv,expert_cache_stats[1].kernel_config_records.records[19].config.BLOCK_SIZE_K,64
03-partial-auto-kv,expert_cache_stats[1].kernel_config_records.records[19].config.BLOCK_SIZE_M,16
03-partial-auto-kv,expert_cache_stats[1].kernel_config_records.records[19].config.BLOCK_SIZE_N,128
03-partial-auto-kv,expert_cache_stats[1].kernel_config_records.records[19].config.GROUP_SIZE_M,1
03-partial-auto-kv,expert_cache_stats[1].kernel_config_records.records[19].config.num_stages,4
03-partial-auto-kv,expert_cache_stats[1].kernel_config_records.records[19].config.num_warps,4
03-partial-auto-kv,expert_cache_stats[1].kernel_config_records.records[20].chunk_tokens,2
03-partial-auto-kv,expert_cache_stats[1].kernel_config_records.records[20].top_k,10
03-partial-auto-kv,expert_cache_stats[1].kernel_config_records.records[20].selections,48
03-partial-auto-kv,expert_cache_stats[1].kernel_config_records.records[20].w13_shape[0],512
03-partial-auto-kv,expert_cache_stats[1].kernel_config_records.records[20].w13_shape[1],256
03-partial-auto-kv,expert_cache_stats[1].kernel_config_records.records[20].w13_shape[2],2048
03-partial-auto-kv,expert_cache_stats[1].kernel_config_records.records[20].w2_shape[0],512
03-partial-auto-kv,expert_cache_stats[1].kernel_config_records.records[20].w2_shape[1],2048
03-partial-auto-kv,expert_cache_stats[1].kernel_config_records.records[20].w2_shape[2],128
03-partial-auto-kv,expert_cache_stats[1].kernel_config_records.records[20].config.BLOCK_SIZE_K,64
03-partial-auto-kv,expert_cache_stats[1].kernel_config_records.records[20].config.BLOCK_SIZE_M,32
03-partial-auto-kv,expert_cache_stats[1].kernel_config_records.records[20].config.BLOCK_SIZE_N,64
03-partial-auto-kv,expert_cache_stats[1].kernel_config_records.records[20].config.GROUP_SIZE_M,1
03-partial-auto-kv,expert_cache_stats[1].kernel_config_records.records[20].config.num_stages,4
03-partial-auto-kv,expert_cache_stats[1].kernel_config_records.records[20].config.num_warps,8
03-partial-auto-kv,expert_cache_stats[2].schema_version,1
03-partial-auto-kv,expert_cache_stats[2].rank,2
03-partial-auto-kv,expert_cache_stats[2].tensor_parallel_size,4
03-partial-auto-kv,expert_cache_stats[2].total_layers,48
03-partial-auto-kv,expert_cache_stats[2].num_experts,512
03-partial-auto-kv,expert_cache_stats[2].physical_slots,13056
03-partial-auto-kv,expert_cache_stats[2].resident_slots,12288
03-partial-auto-kv,expert_cache_stats[2].cache_slots,256
03-partial-auto-kv,expert_cache_stats[2].ingress_slots,512
03-partial-auto-kv,expert_cache_stats[2].expert_bytes,1572864
03-partial-auto-kv,expert_cache_stats[2].host_source_bytes,38654705664
03-partial-auto-kv,expert_cache_stats[2].pinned_gather_bytes,805306368
03-partial-auto-kv,expert_cache_stats[2].gpu_pool_bytes,20535312384
03-partial-auto-kv,expert_cache_stats[2].gpu_resident_bytes,19327352832
03-partial-auto-kv,expert_cache_stats[2].gpu_cache_bytes,402653184
03-partial-auto-kv,expert_cache_stats[2].gpu_ingress_bytes,805306368
03-partial-auto-kv,expert_cache_stats[2].gpu_metadata_bytes,6144
03-partial-auto-kv,expert_cache_stats[2].pinned_metadata_bytes,6144
03-partial-auto-kv,expert_cache_stats[2].net_freed_bytes,18119387136
03-partial-auto-kv,expert_cache_stats[2].weights_verified,0
03-partial-auto-kv,expert_cache_stats[2].cuda_timing_capacity,128
03-partial-auto-kv,expert_cache_stats[2].h2d_bytes,357813977088
03-partial-auto-kv,expert_cache_stats[2].copy_launches,8308
03-partial-auto-kv,expert_cache_stats[2].startup_resident_h2d_bytes,19327352832
03-partial-auto-kv,expert_cache_stats[2].promotion_d2d_bytes,1675100160
03-partial-auto-kv,expert_cache_stats[2].metadata_h2d_bytes,8954184
03-partial-auto-kv,expert_cache_stats[2].unique_demands,841839
03-partial-auto-kv,expert_cache_stats[2].resident_hits,603410
03-partial-auto-kv,expert_cache_stats[2].max_unique_per_forward,509
03-partial-auto-kv,expert_cache_stats[2].mean_unique_coverage,0.37642325935782966
03-partial-auto-kv,expert_cache_stats[2].resident_ratio,0.5
03-partial-auto-kv,expert_cache_stats[2].policy.observations,4368
03-partial-auto-kv,expert_cache_stats[2].policy.unique_demands,841839
03-partial-auto-kv,expert_cache_stats[2].policy.completed_forwards,91
03-partial-auto-kv,expert_cache_stats[2].policy.decay_events,1
03-partial-auto-kv,expert_cache_stats[2].policy.cache_hits,10937
03-partial-auto-kv,expert_cache_stats[2].policy.cache_misses,227492
03-partial-auto-kv,expert_cache_stats[2].policy.admissions,1065
03-partial-auto-kv,expert_cache_stats[2].policy.evictions,809
03-partial-auto-kv,expert_cache_stats[2].policy.cache_bypasses,226427
03-partial-auto-kv,expert_cache_stats[2].policy.reconfigurations,0
03-partial-auto-kv,expert_cache_stats[2].policy.resident_experts,12288
03-partial-auto-kv,expert_cache_stats[2].policy.cache_slots,256
03-partial-auto-kv,expert_cache_stats[2].policy.cache_entries,256
03-partial-auto-kv,expert_cache_stats[2].policy.cache_hit_ratio,0.04587109789497083
03-partial-auto-kv,expert_cache_stats[2].timing.route_d2h_s,7.5610654153861105
03-partial-auto-kv,expert_cache_stats[2].timing.policy_cpu_s,1.450863336212933
03-partial-auto-kv,expert_cache_stats[2].timing.host_reuse_wait_s,0.02602496324107051
03-partial-auto-kv,expert_cache_stats[2].timing.host_gather_s,83.59698324231431
03-partial-auto-kv,expert_cache_stats[2].timing.h2d_enqueue_s,0.39969751238822937
03-partial-auto-kv,expert_cache_stats[2].timing.compute_enqueue_s,2.539919016417116
03-partial-auto-kv,expert_cache_stats[2].timing.cuda_sample_count,124
03-partial-auto-kv,expert_cache_stats[2].timing.load_cuda_s,0.21342339316941805
03-partial-auto-kv,expert_cache_stats[2].timing.compute_cuda_s,0.0372399039119482
03-partial-auto-kv,expert_cache_stats[2].timing.promotion_cuda_s,0.0006304320055060091
03-partial-auto-kv,expert_cache_stats[2].forward_counts[0],91
03-partial-auto-kv,expert_cache_stats[2].forward_counts[1],91
03-partial-auto-kv,expert_cache_stats[2].forward_counts[2],91
03-partial-auto-kv,expert_cache_stats[2].forward_counts[3],91
03-partial-auto-kv,expert_cache_stats[2].forward_counts[4],91
03-partial-auto-kv,expert_cache_stats[2].forward_counts[5],91
03-partial-auto-kv,expert_cache_stats[2].forward_counts[6],91
03-partial-auto-kv,expert_cache_stats[2].forward_counts[7],91
03-partial-auto-kv,expert_cache_stats[2].forward_counts[8],91
03-partial-auto-kv,expert_cache_stats[2].forward_counts[9],91
03-partial-auto-kv,expert_cache_stats[2].forward_counts[10],91
03-partial-auto-kv,expert_cache_stats[2].forward_counts[11],91
03-partial-auto-kv,expert_cache_stats[2].forward_counts[12],91
03-partial-auto-kv,expert_cache_stats[2].forward_counts[13],91
03-partial-auto-kv,expert_cache_stats[2].forward_counts[14],91
03-partial-auto-kv,expert_cache_stats[2].forward_counts[15],91
03-partial-auto-kv,expert_cache_stats[2].forward_counts[16],91
03-partial-auto-kv,expert_cache_stats[2].forward_counts[17],91
03-partial-auto-kv,expert_cache_stats[2].forward_counts[18],91
03-partial-auto-kv,expert_cache_stats[2].forward_counts[19],91
03-partial-auto-kv,expert_cache_stats[2].forward_counts[20],91
03-partial-auto-kv,expert_cache_stats[2].forward_counts[21],91
03-partial-auto-kv,expert_cache_stats[2].forward_counts[22],91
03-partial-auto-kv,expert_cache_stats[2].forward_counts[23],91
03-partial-auto-kv,expert_cache_stats[2].forward_counts[24],91
03-partial-auto-kv,expert_cache_stats[2].forward_counts[25],91
03-partial-auto-kv,expert_cache_stats[2].forward_counts[26],91
03-partial-auto-kv,expert_cache_stats[2].forward_counts[27],91
03-partial-auto-kv,expert_cache_stats[2].forward_counts[28],91
03-partial-auto-kv,expert_cache_stats[2].forward_counts[29],91
03-partial-auto-kv,expert_cache_stats[2].forward_counts[30],91
03-partial-auto-kv,expert_cache_stats[2].forward_counts[31],91
03-partial-auto-kv,expert_cache_stats[2].forward_counts[32],91
03-partial-auto-kv,expert_cache_stats[2].forward_counts[33],91
03-partial-auto-kv,expert_cache_stats[2].forward_counts[34],91
03-partial-auto-kv,expert_cache_stats[2].forward_counts[35],91
03-partial-auto-kv,expert_cache_stats[2].forward_counts[36],91
03-partial-auto-kv,expert_cache_stats[2].forward_counts[37],91
03-partial-auto-kv,expert_cache_stats[2].forward_counts[38],91
03-partial-auto-kv,expert_cache_stats[2].forward_counts[39],91
03-partial-auto-kv,expert_cache_stats[2].forward_counts[40],91
03-partial-auto-kv,expert_cache_stats[2].forward_counts[41],91
03-partial-auto-kv,expert_cache_stats[2].forward_counts[42],91
03-partial-auto-kv,expert_cache_stats[2].forward_counts[43],91
03-partial-auto-kv,expert_cache_stats[2].forward_counts[44],91
03-partial-auto-kv,expert_cache_stats[2].forward_counts[45],91
03-partial-auto-kv,expert_cache_stats[2].forward_counts[46],91
03-partial-auto-kv,expert_cache_stats[2].forward_counts[47],91
03-partial-auto-kv,expert_cache_stats[2].per_layer_unique_demands[0],20991
03-partial-auto-kv,expert_cache_stats[2].per_layer_unique_demands[1],16907
03-partial-auto-kv,expert_cache_stats[2].per_layer_unique_demands[2],21516
03-partial-auto-kv,expert_cache_stats[2].per_layer_unique_demands[3],15645
03-partial-auto-kv,expert_cache_stats[2].per_layer_unique_demands[4],16966
03-partial-auto-kv,expert_cache_stats[2].per_layer_unique_demands[5],18575
03-partial-auto-kv,expert_cache_stats[2].per_layer_unique_demands[6],20358
03-partial-auto-kv,expert_cache_stats[2].per_layer_unique_demands[7],20116
03-partial-auto-kv,expert_cache_stats[2].per_layer_unique_demands[8],17356
03-partial-auto-kv,expert_cache_stats[2].per_layer_unique_demands[9],15640
03-partial-auto-kv,expert_cache_stats[2].per_layer_unique_demands[10],15524
03-partial-auto-kv,expert_cache_stats[2].per_layer_unique_demands[11],16843
03-partial-auto-kv,expert_cache_stats[2].per_layer_unique_demands[12],14395
03-partial-auto-kv,expert_cache_stats[2].per_layer_unique_demands[13],15365
03-partial-auto-kv,expert_cache_stats[2].per_layer_unique_demands[14],17101
03-partial-auto-kv,expert_cache_stats[2].per_layer_unique_demands[15],18463
03-partial-auto-kv,expert_cache_stats[2].per_layer_unique_demands[16],16731
03-partial-auto-kv,expert_cache_stats[2].per_layer_unique_demands[17],18529
03-partial-auto-kv,expert_cache_stats[2].per_layer_unique_demands[18],20060
03-partial-auto-kv,expert_cache_stats[2].per_layer_unique_demands[19],20185
03-partial-auto-kv,expert_cache_stats[2].per_layer_unique_demands[20],17125
03-partial-auto-kv,expert_cache_stats[2].per_layer_unique_demands[21],15436
03-partial-auto-kv,expert_cache_stats[2].per_layer_unique_demands[22],15504
03-partial-auto-kv,expert_cache_stats[2].per_layer_unique_demands[23],16860
03-partial-auto-kv,expert_cache_stats[2].per_layer_unique_demands[24],14906
03-partial-auto-kv,expert_cache_stats[2].per_layer_unique_demands[25],15634
03-partial-auto-kv,expert_cache_stats[2].per_layer_unique_demands[26],17267
03-partial-auto-kv,expert_cache_stats[2].per_layer_unique_demands[27],18857
03-partial-auto-kv,expert_cache_stats[2].per_layer_unique_demands[28],17305
03-partial-auto-kv,expert_cache_stats[2].per_layer_unique_demands[29],18973
03-partial-auto-kv,expert_cache_stats[2].per_layer_unique_demands[30],20332
03-partial-auto-kv,expert_cache_stats[2].per_layer_unique_demands[31],20447
03-partial-auto-kv,expert_cache_stats[2].per_layer_unique_demands[32],18090
03-partial-auto-kv,expert_cache_stats[2].per_layer_unique_demands[33],16834
03-partial-auto-kv,expert_cache_stats[2].per_layer_unique_demands[34],16458
03-partial-auto-kv,expert_cache_stats[2].per_layer_unique_demands[35],17672
03-partial-auto-kv,expert_cache_stats[2].per_layer_unique_demands[36],15803
03-partial-auto-kv,expert_cache_stats[2].per_layer_unique_demands[37],16219
03-partial-auto-kv,expert_cache_stats[2].per_layer_unique_demands[38],17560
03-partial-auto-kv,expert_cache_stats[2].per_layer_unique_demands[39],18688
03-partial-auto-kv,expert_cache_stats[2].per_layer_unique_demands[40],18191
03-partial-auto-kv,expert_cache_stats[2].per_layer_unique_demands[41],18042
03-partial-auto-kv,expert_cache_stats[2].per_layer_unique_demands[42],17750
03-partial-auto-kv,expert_cache_stats[2].per_layer_unique_demands[43],16828
03-partial-auto-kv,expert_cache_stats[2].per_layer_unique_demands[44],17020
03-partial-auto-kv,expert_cache_stats[2].per_layer_unique_demands[45],16652
03-partial-auto-kv,expert_cache_stats[2].per_layer_unique_demands[46],16344
03-partial-auto-kv,expert_cache_stats[2].per_layer_unique_demands[47],17776
03-partial-auto-kv,expert_cache_stats[2].per_layer_max_unique_per_forward[0],500
03-partial-auto-kv,expert_cache_stats[2].per_layer_max_unique_per_forward[1],437
03-partial-auto-kv,expert_cache_stats[2].per_layer_max_unique_per_forward[2],509
03-partial-auto-kv,expert_cache_stats[2].per_layer_max_unique_per_forward[3],432
03-partial-auto-kv,expert_cache_stats[2].per_layer_max_unique_per_forward[4],435
03-partial-auto-kv,expert_cache_stats[2].per_layer_max_unique_per_forward[5],467
03-partial-auto-kv,expert_cache_stats[2].per_layer_max_unique_per_forward[6],500
03-partial-auto-kv,expert_cache_stats[2].per_layer_max_unique_per_forward[7],494
03-partial-auto-kv,expert_cache_stats[2].per_layer_max_unique_per_forward[8],473
03-partial-auto-kv,expert_cache_stats[2].per_layer_max_unique_per_forward[9],418
03-partial-auto-kv,expert_cache_stats[2].per_layer_max_unique_per_forward[10],420
03-partial-auto-kv,expert_cache_stats[2].per_layer_max_unique_per_forward[11],441
03-partial-auto-kv,expert_cache_stats[2].per_layer_max_unique_per_forward[12],410
03-partial-auto-kv,expert_cache_stats[2].per_layer_max_unique_per_forward[13],409
03-partial-auto-kv,expert_cache_stats[2].per_layer_max_unique_per_forward[14],448
03-partial-auto-kv,expert_cache_stats[2].per_layer_max_unique_per_forward[15],477
03-partial-auto-kv,expert_cache_stats[2].per_layer_max_unique_per_forward[16],445
03-partial-auto-kv,expert_cache_stats[2].per_layer_max_unique_per_forward[17],473
03-partial-auto-kv,expert_cache_stats[2].per_layer_max_unique_per_forward[18],500
03-partial-auto-kv,expert_cache_stats[2].per_layer_max_unique_per_forward[19],497
03-partial-auto-kv,expert_cache_stats[2].per_layer_max_unique_per_forward[20],462
03-partial-auto-kv,expert_cache_stats[2].per_layer_max_unique_per_forward[21],422
03-partial-auto-kv,expert_cache_stats[2].per_layer_max_unique_per_forward[22],428
03-partial-auto-kv,expert_cache_stats[2].per_layer_max_unique_per_forward[23],448
03-partial-auto-kv,expert_cache_stats[2].per_layer_max_unique_per_forward[24],409
03-partial-auto-kv,expert_cache_stats[2].per_layer_max_unique_per_forward[25],425
03-partial-auto-kv,expert_cache_stats[2].per_layer_max_unique_per_forward[26],459
03-partial-auto-kv,expert_cache_stats[2].per_layer_max_unique_per_forward[27],485
03-partial-auto-kv,expert_cache_stats[2].per_layer_max_unique_per_forward[28],460
03-partial-auto-kv,expert_cache_stats[2].per_layer_max_unique_per_forward[29],486
03-partial-auto-kv,expert_cache_stats[2].per_layer_max_unique_per_forward[30],499
03-partial-auto-kv,expert_cache_stats[2].per_layer_max_unique_per_forward[31],502
03-partial-auto-kv,expert_cache_stats[2].per_layer_max_unique_per_forward[32],475
03-partial-auto-kv,expert_cache_stats[2].per_layer_max_unique_per_forward[33],450
03-partial-auto-kv,expert_cache_stats[2].per_layer_max_unique_per_forward[34],444
03-partial-auto-kv,expert_cache_stats[2].per_layer_max_unique_per_forward[35],461
03-partial-auto-kv,expert_cache_stats[2].per_layer_max_unique_per_forward[36],434
03-partial-auto-kv,expert_cache_stats[2].per_layer_max_unique_per_forward[37],443
03-partial-auto-kv,expert_cache_stats[2].per_layer_max_unique_per_forward[38],459
03-partial-auto-kv,expert_cache_stats[2].per_layer_max_unique_per_forward[39],474
03-partial-auto-kv,expert_cache_stats[2].per_layer_max_unique_per_forward[40],474
03-partial-auto-kv,expert_cache_stats[2].per_layer_max_unique_per_forward[41],449
03-partial-auto-kv,expert_cache_stats[2].per_layer_max_unique_per_forward[42],448
03-partial-auto-kv,expert_cache_stats[2].per_layer_max_unique_per_forward[43],429
03-partial-auto-kv,expert_cache_stats[2].per_layer_max_unique_per_forward[44],432
03-partial-auto-kv,expert_cache_stats[2].per_layer_max_unique_per_forward[45],426
03-partial-auto-kv,expert_cache_stats[2].per_layer_max_unique_per_forward[46],415
03-partial-auto-kv,expert_cache_stats[2].per_layer_max_unique_per_forward[47],442
03-partial-auto-kv,expert_cache_stats[2].identity.geometry.total_layers,48
03-partial-auto-kv,expert_cache_stats[2].identity.geometry.num_experts,512
03-partial-auto-kv,expert_cache_stats[2].identity.geometry.hidden_size,2048
03-partial-auto-kv,expert_cache_stats[2].identity.geometry.intermediate_size,128
03-partial-auto-kv,expert_cache_stats[2].identity.tensor_parallel_size,4
03-partial-auto-kv,expert_cache_stats[2].identity.model_config_sha256,2d483c7cabad7c8704478ed4038fa7e7b2eff840bc00a118eccbe38e2b488303
03-partial-auto-kv,expert_cache_stats[2].identity.model_identity_sha256,24f6a89ba0e0435caffbb3d056425fb1fe980fca09d5a8749dfb231bd24880d8
03-partial-auto-kv,expert_cache_stats[2].profile_sha256,e102f6959c1e9a64d67294b1800b9f093fb41907a0ca4aa42aa030b7c2dad3fb
03-partial-auto-kv,expert_cache_stats[2].cache_policy,decayed-lfu
03-partial-auto-kv,expert_cache_stats[2].failed,False
03-partial-auto-kv,expert_cache_stats[2].weight_verification_scope,CUDA parity tests required; no runtime weight D2H verification
03-partial-auto-kv,expert_cache_stats[2].temporary_memory_scope,native fused kernel workspace/output and CPU route IDs scale with scheduled tokens; no weight-sized GPU gather temporary
03-partial-auto-kv,expert_cache_stats[2].memory_accounting_scope,"tensor payload bytes; excludes allocator rounding, CUDA event driver memory and Python policy metadata; native/chunk output workspace must be included in vLLM measured profiling peak"
03-partial-auto-kv,expert_cache_stats[2].kernel_config_scope,native logical E geometry per actual native chunk size
03-partial-auto-kv,expert_cache_stats[2].transfer_schedule,demand-critical H2D on compute stream; no speculative prefetch
03-partial-auto-kv,expert_cache_stats[2].kernel_config_records.capacity,64
03-partial-auto-kv,expert_cache_stats[2].kernel_config_records.unrecorded_selections,0
03-partial-auto-kv,expert_cache_stats[2].kernel_config_records.records[0].chunk_tokens,8192
03-partial-auto-kv,expert_cache_stats[2].kernel_config_records.records[0].top_k,10
03-partial-auto-kv,expert_cache_stats[2].kernel_config_records.records[0].selections,816
03-partial-auto-kv,expert_cache_stats[2].kernel_config_records.records[0].w13_shape[0],512
03-partial-auto-kv,expert_cache_stats[2].kernel_config_records.records[0].w13_shape[1],256
03-partial-auto-kv,expert_cache_stats[2].kernel_config_records.records[0].w13_shape[2],2048
03-partial-auto-kv,expert_cache_stats[2].kernel_config_records.records[0].w2_shape[0],512
03-partial-auto-kv,expert_cache_stats[2].kernel_config_records.records[0].w2_shape[1],2048
03-partial-auto-kv,expert_cache_stats[2].kernel_config_records.records[0].w2_shape[2],128
03-partial-auto-kv,expert_cache_stats[2].kernel_config_records.records[0].config.BLOCK_SIZE_K,64
03-partial-auto-kv,expert_cache_stats[2].kernel_config_records.records[0].config.BLOCK_SIZE_M,128
03-partial-auto-kv,expert_cache_stats[2].kernel_config_records.records[0].config.BLOCK_SIZE_N,128
03-partial-auto-kv,expert_cache_stats[2].kernel_config_records.records[0].config.GROUP_SIZE_M,64
03-partial-auto-kv,expert_cache_stats[2].kernel_config_records.records[0].config.num_stages,3
03-partial-auto-kv,expert_cache_stats[2].kernel_config_records.records[0].config.num_warps,8
03-partial-auto-kv,expert_cache_stats[2].kernel_config_records.records[1].chunk_tokens,32
03-partial-auto-kv,expert_cache_stats[2].kernel_config_records.records[1].top_k,10
03-partial-auto-kv,expert_cache_stats[2].kernel_config_records.records[1].selections,2304
03-partial-auto-kv,expert_cache_stats[2].kernel_config_records.records[1].w13_shape[0],512
03-partial-auto-kv,expert_cache_stats[2].kernel_config_records.records[1].w13_shape[1],256
03-partial-auto-kv,expert_cache_stats[2].kernel_config_records.records[1].w13_shape[2],2048
03-partial-auto-kv,expert_cache_stats[2].kernel_config_records.records[1].w2_shape[0],512
03-partial-auto-kv,expert_cache_stats[2].kernel_config_records.records[1].w2_shape[1],2048
03-partial-auto-kv,expert_cache_stats[2].kernel_config_records.records[1].w2_shape[2],128
03-partial-auto-kv,expert_cache_stats[2].kernel_config_records.records[1].config.BLOCK_SIZE_K,64
03-partial-auto-kv,expert_cache_stats[2].kernel_config_records.records[1].config.BLOCK_SIZE_M,16
03-partial-auto-kv,expert_cache_stats[2].kernel_config_records.records[1].config.BLOCK_SIZE_N,128
03-partial-auto-kv,expert_cache_stats[2].kernel_config_records.records[1].config.GROUP_SIZE_M,1
03-partial-auto-kv,expert_cache_stats[2].kernel_config_records.records[1].config.num_stages,3
03-partial-auto-kv,expert_cache_stats[2].kernel_config_records.records[1].config.num_warps,8
03-partial-auto-kv,expert_cache_stats[2].kernel_config_records.records[2].chunk_tokens,4096
03-partial-auto-kv,expert_cache_stats[2].kernel_config_records.records[2].top_k,10
03-partial-auto-kv,expert_cache_stats[2].kernel_config_records.records[2].selections,96
03-partial-auto-kv,expert_cache_stats[2].kernel_config_records.records[2].w13_shape[0],512
03-partial-auto-kv,expert_cache_stats[2].kernel_config_records.records[2].w13_shape[1],256
03-partial-auto-kv,expert_cache_stats[2].kernel_config_records.records[2].w13_shape[2],2048
03-partial-auto-kv,expert_cache_stats[2].kernel_config_records.records[2].w2_shape[0],512
03-partial-auto-kv,expert_cache_stats[2].kernel_config_records.records[2].w2_shape[1],2048
03-partial-auto-kv,expert_cache_stats[2].kernel_config_records.records[2].w2_shape[2],128
03-partial-auto-kv,expert_cache_stats[2].kernel_config_records.records[2].config.BLOCK_SIZE_K,64
03-partial-auto-kv,expert_cache_stats[2].kernel_config_records.records[2].config.BLOCK_SIZE_M,128
03-partial-auto-kv,expert_cache_stats[2].kernel_config_records.records[2].config.BLOCK_SIZE_N,128
03-partial-auto-kv,expert_cache_stats[2].kernel_config_records.records[2].config.GROUP_SIZE_M,64
03-partial-auto-kv,expert_cache_stats[2].kernel_config_records.records[2].config.num_stages,3
03-partial-auto-kv,expert_cache_stats[2].kernel_config_records.records[2].config.num_warps,8
03-partial-auto-kv,expert_cache_stats[2].kernel_config_records.records[3].chunk_tokens,1
03-partial-auto-kv,expert_cache_stats[2].kernel_config_records.records[3].top_k,10
03-partial-auto-kv,expert_cache_stats[2].kernel_config_records.records[3].selections,336
03-partial-auto-kv,expert_cache_stats[2].kernel_config_records.records[3].w13_shape[0],512
03-partial-auto-kv,expert_cache_stats[2].kernel_config_records.records[3].w13_shape[1],256
03-partial-auto-kv,expert_cache_stats[2].kernel_config_records.records[3].w13_shape[2],2048
03-partial-auto-kv,expert_cache_stats[2].kernel_config_records.records[3].w2_shape[0],512
03-partial-auto-kv,expert_cache_stats[2].kernel_config_records.records[3].w2_shape[1],2048
03-partial-auto-kv,expert_cache_stats[2].kernel_config_records.records[3].w2_shape[2],128
03-partial-auto-kv,expert_cache_stats[2].kernel_config_records.records[3].config.BLOCK_SIZE_K,64
03-partial-auto-kv,expert_cache_stats[2].kernel_config_records.records[3].config.BLOCK_SIZE_M,16
03-partial-auto-kv,expert_cache_stats[2].kernel_config_records.records[3].config.BLOCK_SIZE_N,32
03-partial-auto-kv,expert_cache_stats[2].kernel_config_records.records[3].config.GROUP_SIZE_M,1
03-partial-auto-kv,expert_cache_stats[2].kernel_config_records.records[3].config.num_stages,4
03-partial-auto-kv,expert_cache_stats[2].kernel_config_records.records[3].config.num_warps,4
03-partial-auto-kv,expert_cache_stats[2].kernel_config_records.records[4].chunk_tokens,4337
03-partial-auto-kv,expert_cache_stats[2].kernel_config_records.records[4].top_k,10
03-partial-auto-kv,expert_cache_stats[2].kernel_config_records.records[4].selections,48
03-partial-auto-kv,expert_cache_stats[2].kernel_config_records.records[4].w13_shape[0],512
03-partial-auto-kv,expert_cache_stats[2].kernel_config_records.records[4].w13_shape[1],256
03-partial-auto-kv,expert_cache_stats[2].kernel_config_records.records[4].w13_shape[2],2048
03-partial-auto-kv,expert_cache_stats[2].kernel_config_records.records[4].w2_shape[0],512
03-partial-auto-kv,expert_cache_stats[2].kernel_config_records.records[4].w2_shape[1],2048
03-partial-auto-kv,expert_cache_stats[2].kernel_config_records.records[4].w2_shape[2],128
03-partial-auto-kv,expert_cache_stats[2].kernel_config_records.records[4].config.BLOCK_SIZE_K,64
03-partial-auto-kv,expert_cache_stats[2].kernel_config_records.records[4].config.BLOCK_SIZE_M,128
03-partial-auto-kv,expert_cache_stats[2].kernel_config_records.records[4].config.BLOCK_SIZE_N,128
03-partial-auto-kv,expert_cache_stats[2].kernel_config_records.records[4].config.GROUP_SIZE_M,64
03-partial-auto-kv,expert_cache_stats[2].kernel_config_records.records[4].config.num_stages,3
03-partial-auto-kv,expert_cache_stats[2].kernel_config_records.records[4].config.num_warps,8
03-partial-auto-kv,expert_cache_stats[2].kernel_config_records.records[5].chunk_tokens,31
03-partial-auto-kv,expert_cache_stats[2].kernel_config_records.records[5].top_k,10
03-partial-auto-kv,expert_cache_stats[2].kernel_config_records.records[5].selections,48
03-partial-auto-kv,expert_cache_stats[2].kernel_config_records.records[5].w13_shape[0],512
03-partial-auto-kv,expert_cache_stats[2].kernel_config_records.records[5].w13_shape[1],256
03-partial-auto-kv,expert_cache_stats[2].kernel_config_records.records[5].w13_shape[2],2048
03-partial-auto-kv,expert_cache_stats[2].kernel_config_records.records[5].w2_shape[0],512
03-partial-auto-kv,expert_cache_stats[2].kernel_config_records.records[5].w2_shape[1],2048
03-partial-auto-kv,expert_cache_stats[2].kernel_config_records.records[5].w2_shape[2],128
03-partial-auto-kv,expert_cache_stats[2].kernel_config_records.records[5].config.BLOCK_SIZE_K,64
03-partial-auto-kv,expert_cache_stats[2].kernel_config_records.records[5].config.BLOCK_SIZE_M,16
03-partial-auto-kv,expert_cache_stats[2].kernel_config_records.records[5].config.BLOCK_SIZE_N,128
03-partial-auto-kv,expert_cache_stats[2].kernel_config_records.records[5].config.GROUP_SIZE_M,1
03-partial-auto-kv,expert_cache_stats[2].kernel_config_records.records[5].config.num_stages,3
03-partial-auto-kv,expert_cache_stats[2].kernel_config_records.records[5].config.num_warps,8
03-partial-auto-kv,expert_cache_stats[2].kernel_config_records.records[6].chunk_tokens,30
03-partial-auto-kv,expert_cache_stats[2].kernel_config_records.records[6].top_k,10
03-partial-auto-kv,expert_cache_stats[2].kernel_config_records.records[6].selections,48
03-partial-auto-kv,expert_cache_stats[2].kernel_config_records.records[6].w13_shape[0],512
03-partial-auto-kv,expert_cache_stats[2].kernel_config_records.records[6].w13_shape[1],256
03-partial-auto-kv,expert_cache_stats[2].kernel_config_records.records[6].w13_shape[2],2048
03-partial-auto-kv,expert_cache_stats[2].kernel_config_records.records[6].w2_shape[0],512
03-partial-auto-kv,expert_cache_stats[2].kernel_config_records.records[6].w2_shape[1],2048
03-partial-auto-kv,expert_cache_stats[2].kernel_config_records.records[6].w2_shape[2],128
03-partial-auto-kv,expert_cache_stats[2].kernel_config_records.records[6].config.BLOCK_SIZE_K,64
03-partial-auto-kv,expert_cache_stats[2].kernel_config_records.records[6].config.BLOCK_SIZE_M,16
03-partial-auto-kv,expert_cache_stats[2].kernel_config_records.records[6].config.BLOCK_SIZE_N,128
03-partial-auto-kv,expert_cache_stats[2].kernel_config_records.records[6].config.GROUP_SIZE_M,1
03-partial-auto-kv,expert_cache_stats[2].kernel_config_records.records[6].config.num_stages,3
03-partial-auto-kv,expert_cache_stats[2].kernel_config_records.records[6].config.num_warps,8
03-partial-auto-kv,expert_cache_stats[2].kernel_config_records.records[7].chunk_tokens,28
03-partial-auto-kv,expert_cache_stats[2].kernel_config_records.records[7].top_k,10
03-partial-auto-kv,expert_cache_stats[2].kernel_config_records.records[7].selections,48
03-partial-auto-kv,expert_cache_stats[2].kernel_config_records.records[7].w13_shape[0],512
03-partial-auto-kv,expert_cache_stats[2].kernel_config_records.records[7].w13_shape[1],256
03-partial-auto-kv,expert_cache_stats[2].kernel_config_records.records[7].w13_shape[2],2048
03-partial-auto-kv,expert_cache_stats[2].kernel_config_records.records[7].w2_shape[0],512
03-partial-auto-kv,expert_cache_stats[2].kernel_config_records.records[7].w2_shape[1],2048
03-partial-auto-kv,expert_cache_stats[2].kernel_config_records.records[7].w2_shape[2],128
03-partial-auto-kv,expert_cache_stats[2].kernel_config_records.records[7].config.BLOCK_SIZE_K,64
03-partial-auto-kv,expert_cache_stats[2].kernel_config_records.records[7].config.BLOCK_SIZE_M,32
03-partial-auto-kv,expert_cache_stats[2].kernel_config_records.records[7].config.BLOCK_SIZE_N,128
03-partial-auto-kv,expert_cache_stats[2].kernel_config_records.records[7].config.GROUP_SIZE_M,1
03-partial-auto-kv,expert_cache_stats[2].kernel_config_records.records[7].config.num_stages,3
03-partial-auto-kv,expert_cache_stats[2].kernel_config_records.records[7].config.num_warps,4
03-partial-auto-kv,expert_cache_stats[2].kernel_config_records.records[8].chunk_tokens,26
03-partial-auto-kv,expert_cache_stats[2].kernel_config_records.records[8].top_k,10
03-partial-auto-kv,expert_cache_stats[2].kernel_config_records.records[8].selections,48
03-partial-auto-kv,expert_cache_stats[2].kernel_config_records.records[8].w13_shape[0],512
03-partial-auto-kv,expert_cache_stats[2].kernel_config_records.records[8].w13_shape[1],256
03-partial-auto-kv,expert_cache_stats[2].kernel_config_records.records[8].w13_shape[2],2048
03-partial-auto-kv,expert_cache_stats[2].kernel_config_records.records[8].w2_shape[0],512
03-partial-auto-kv,expert_cache_stats[2].kernel_config_records.records[8].w2_shape[1],2048
03-partial-auto-kv,expert_cache_stats[2].kernel_config_records.records[8].w2_shape[2],128
03-partial-auto-kv,expert_cache_stats[2].kernel_config_records.records[8].config.BLOCK_SIZE_K,64
03-partial-auto-kv,expert_cache_stats[2].kernel_config_records.records[8].config.BLOCK_SIZE_M,32
03-partial-auto-kv,expert_cache_stats[2].kernel_config_records.records[8].config.BLOCK_SIZE_N,128
03-partial-auto-kv,expert_cache_stats[2].kernel_config_records.records[8].config.GROUP_SIZE_M,1
03-partial-auto-kv,expert_cache_stats[2].kernel_config_records.records[8].config.num_stages,3
03-partial-auto-kv,expert_cache_stats[2].kernel_config_records.records[8].config.num_warps,4
03-partial-auto-kv,expert_cache_stats[2].kernel_config_records.records[9].chunk_tokens,24
03-partial-auto-kv,expert_cache_stats[2].kernel_config_records.records[9].top_k,10
03-partial-auto-kv,expert_cache_stats[2].kernel_config_records.records[9].selections,48
03-partial-auto-kv,expert_cache_stats[2].kernel_config_records.records[9].w13_shape[0],512
03-partial-auto-kv,expert_cache_stats[2].kernel_config_records.records[9].w13_shape[1],256
03-partial-auto-kv,expert_cache_stats[2].kernel_config_records.records[9].w13_shape[2],2048
03-partial-auto-kv,expert_cache_stats[2].kernel_config_records.records[9].w2_shape[0],512
03-partial-auto-kv,expert_cache_stats[2].kernel_config_records.records[9].w2_shape[1],2048
03-partial-auto-kv,expert_cache_stats[2].kernel_config_records.records[9].w2_shape[2],128
03-partial-auto-kv,expert_cache_stats[2].kernel_config_records.records[9].config.BLOCK_SIZE_K,64
03-partial-auto-kv,expert_cache_stats[2].kernel_config_records.records[9].config.BLOCK_SIZE_M,32
03-partial-auto-kv,expert_cache_stats[2].kernel_config_records.records[9].config.BLOCK_SIZE_N,128
03-partial-auto-kv,expert_cache_stats[2].kernel_config_records.records[9].config.GROUP_SIZE_M,1
03-partial-auto-kv,expert_cache_stats[2].kernel_config_records.records[9].config.num_stages,3
03-partial-auto-kv,expert_cache_stats[2].kernel_config_records.records[9].config.num_warps,4
03-partial-auto-kv,expert_cache_stats[2].kernel_config_records.records[10].chunk_tokens,22
03-partial-auto-kv,expert_cache_stats[2].kernel_config_records.records[10].top_k,10
03-partial-auto-kv,expert_cache_stats[2].kernel_config_records.records[10].selections,48
03-partial-auto-kv,expert_cache_stats[2].kernel_config_records.records[10].w13_shape[0],512
03-partial-auto-kv,expert_cache_stats[2].kernel_config_records.records[10].w13_shape[1],256
03-partial-auto-kv,expert_cache_stats[2].kernel_config_records.records[10].w13_shape[2],2048
03-partial-auto-kv,expert_cache_stats[2].kernel_config_records.records[10].w2_shape[0],512
03-partial-auto-kv,expert_cache_stats[2].kernel_config_records.records[10].w2_shape[1],2048
03-partial-auto-kv,expert_cache_stats[2].kernel_config_records.records[10].w2_shape[2],128
03-partial-auto-kv,expert_cache_stats[2].kernel_config_records.records[10].config.BLOCK_SIZE_K,64
03-partial-auto-kv,expert_cache_stats[2].kernel_config_records.records[10].config.BLOCK_SIZE_M,32
03-partial-auto-kv,expert_cache_stats[2].kernel_config_records.records[10].config.BLOCK_SIZE_N,128
03-partial-auto-kv,expert_cache_stats[2].kernel_config_records.records[10].config.GROUP_SIZE_M,1
03-partial-auto-kv,expert_cache_stats[2].kernel_config_records.records[10].config.num_stages,3
03-partial-auto-kv,expert_cache_stats[2].kernel_config_records.records[10].config.num_warps,4
03-partial-auto-kv,expert_cache_stats[2].kernel_config_records.records[11].chunk_tokens,20
03-partial-auto-kv,expert_cache_stats[2].kernel_config_records.records[11].top_k,10
03-partial-auto-kv,expert_cache_stats[2].kernel_config_records.records[11].selections,48
03-partial-auto-kv,expert_cache_stats[2].kernel_config_records.records[11].w13_shape[0],512
03-partial-auto-kv,expert_cache_stats[2].kernel_config_records.records[11].w13_shape[1],256
03-partial-auto-kv,expert_cache_stats[2].kernel_config_records.records[11].w13_shape[2],2048
03-partial-auto-kv,expert_cache_stats[2].kernel_config_records.records[11].w2_shape[0],512
03-partial-auto-kv,expert_cache_stats[2].kernel_config_records.records[11].w2_shape[1],2048
03-partial-auto-kv,expert_cache_stats[2].kernel_config_records.records[11].w2_shape[2],128
03-partial-auto-kv,expert_cache_stats[2].kernel_config_records.records[11].config.BLOCK_SIZE_K,64
03-partial-auto-kv,expert_cache_stats[2].kernel_config_records.records[11].config.BLOCK_SIZE_M,16
03-partial-auto-kv,expert_cache_stats[2].kernel_config_records.records[11].config.BLOCK_SIZE_N,128
03-partial-auto-kv,expert_cache_stats[2].kernel_config_records.records[11].config.GROUP_SIZE_M,1
03-partial-auto-kv,expert_cache_stats[2].kernel_config_records.records[11].config.num_stages,3
03-partial-auto-kv,expert_cache_stats[2].kernel_config_records.records[11].config.num_warps,4
03-partial-auto-kv,expert_cache_stats[2].kernel_config_records.records[12].chunk_tokens,18
03-partial-auto-kv,expert_cache_stats[2].kernel_config_records.records[12].top_k,10
03-partial-auto-kv,expert_cache_stats[2].kernel_config_records.records[12].selections,48
03-partial-auto-kv,expert_cache_stats[2].kernel_config_records.records[12].w13_shape[0],512
03-partial-auto-kv,expert_cache_stats[2].kernel_config_records.records[12].w13_shape[1],256
03-partial-auto-kv,expert_cache_stats[2].kernel_config_records.records[12].w13_shape[2],2048
03-partial-auto-kv,expert_cache_stats[2].kernel_config_records.records[12].w2_shape[0],512
03-partial-auto-kv,expert_cache_stats[2].kernel_config_records.records[12].w2_shape[1],2048
03-partial-auto-kv,expert_cache_stats[2].kernel_config_records.records[12].w2_shape[2],128
03-partial-auto-kv,expert_cache_stats[2].kernel_config_records.records[12].config.BLOCK_SIZE_K,64
03-partial-auto-kv,expert_cache_stats[2].kernel_config_records.records[12].config.BLOCK_SIZE_M,16
03-partial-auto-kv,expert_cache_stats[2].kernel_config_records.records[12].config.BLOCK_SIZE_N,128
03-partial-auto-kv,expert_cache_stats[2].kernel_config_records.records[12].config.GROUP_SIZE_M,1
03-partial-auto-kv,expert_cache_stats[2].kernel_config_records.records[12].config.num_stages,3
03-partial-auto-kv,expert_cache_stats[2].kernel_config_records.records[12].config.num_warps,4
03-partial-auto-kv,expert_cache_stats[2].kernel_config_records.records[13].chunk_tokens,16
03-partial-auto-kv,expert_cache_stats[2].kernel_config_records.records[13].top_k,10
03-partial-auto-kv,expert_cache_stats[2].kernel_config_records.records[13].selections,48
03-partial-auto-kv,expert_cache_stats[2].kernel_config_records.records[13].w13_shape[0],512
03-partial-auto-kv,expert_cache_stats[2].kernel_config_records.records[13].w13_shape[1],256
03-partial-auto-kv,expert_cache_stats[2].kernel_config_records.records[13].w13_shape[2],2048
03-partial-auto-kv,expert_cache_stats[2].kernel_config_records.records[13].w2_shape[0],512
03-partial-auto-kv,expert_cache_stats[2].kernel_config_records.records[13].w2_shape[1],2048
03-partial-auto-kv,expert_cache_stats[2].kernel_config_records.records[13].w2_shape[2],128
03-partial-auto-kv,expert_cache_stats[2].kernel_config_records.records[13].config.BLOCK_SIZE_K,64
03-partial-auto-kv,expert_cache_stats[2].kernel_config_records.records[13].config.BLOCK_SIZE_M,16
03-partial-auto-kv,expert_cache_stats[2].kernel_config_records.records[13].config.BLOCK_SIZE_N,128
03-partial-auto-kv,expert_cache_stats[2].kernel_config_records.records[13].config.GROUP_SIZE_M,1
03-partial-auto-kv,expert_cache_stats[2].kernel_config_records.records[13].config.num_stages,3
03-partial-auto-kv,expert_cache_stats[2].kernel_config_records.records[13].config.num_warps,4
03-partial-auto-kv,expert_cache_stats[2].kernel_config_records.records[14].chunk_tokens,14
03-partial-auto-kv,expert_cache_stats[2].kernel_config_records.records[14].top_k,10
03-partial-auto-kv,expert_cache_stats[2].kernel_config_records.records[14].selections,48
03-partial-auto-kv,expert_cache_stats[2].kernel_config_records.records[14].w13_shape[0],512
03-partial-auto-kv,expert_cache_stats[2].kernel_config_records.records[14].w13_shape[1],256
03-partial-auto-kv,expert_cache_stats[2].kernel_config_records.records[14].w13_shape[2],2048
03-partial-auto-kv,expert_cache_stats[2].kernel_config_records.records[14].w2_shape[0],512
03-partial-auto-kv,expert_cache_stats[2].kernel_config_records.records[14].w2_shape[1],2048
03-partial-auto-kv,expert_cache_stats[2].kernel_config_records.records[14].w2_shape[2],128
03-partial-auto-kv,expert_cache_stats[2].kernel_config_records.records[14].config.BLOCK_SIZE_K,64
03-partial-auto-kv,expert_cache_stats[2].kernel_config_records.records[14].config.BLOCK_SIZE_M,16
03-partial-auto-kv,expert_cache_stats[2].kernel_config_records.records[14].config.BLOCK_SIZE_N,128
03-partial-auto-kv,expert_cache_stats[2].kernel_config_records.records[14].config.GROUP_SIZE_M,1
03-partial-auto-kv,expert_cache_stats[2].kernel_config_records.records[14].config.num_stages,3
03-partial-auto-kv,expert_cache_stats[2].kernel_config_records.records[14].config.num_warps,4
03-partial-auto-kv,expert_cache_stats[2].kernel_config_records.records[15].chunk_tokens,12
03-partial-auto-kv,expert_cache_stats[2].kernel_config_records.records[15].top_k,10
03-partial-auto-kv,expert_cache_stats[2].kernel_config_records.records[15].selections,48
03-partial-auto-kv,expert_cache_stats[2].kernel_config_records.records[15].w13_shape[0],512
03-partial-auto-kv,expert_cache_stats[2].kernel_config_records.records[15].w13_shape[1],256
03-partial-auto-kv,expert_cache_stats[2].kernel_config_records.records[15].w13_shape[2],2048
03-partial-auto-kv,expert_cache_stats[2].kernel_config_records.records[15].w2_shape[0],512
03-partial-auto-kv,expert_cache_stats[2].kernel_config_records.records[15].w2_shape[1],2048
03-partial-auto-kv,expert_cache_stats[2].kernel_config_records.records[15].w2_shape[2],128
03-partial-auto-kv,expert_cache_stats[2].kernel_config_records.records[15].config.BLOCK_SIZE_K,64
03-partial-auto-kv,expert_cache_stats[2].kernel_config_records.records[15].config.BLOCK_SIZE_M,16
03-partial-auto-kv,expert_cache_stats[2].kernel_config_records.records[15].config.BLOCK_SIZE_N,128
03-partial-auto-kv,expert_cache_stats[2].kernel_config_records.records[15].config.GROUP_SIZE_M,1
03-partial-auto-kv,expert_cache_stats[2].kernel_config_records.records[15].config.num_stages,3
03-partial-auto-kv,expert_cache_stats[2].kernel_config_records.records[15].config.num_warps,4
03-partial-auto-kv,expert_cache_stats[2].kernel_config_records.records[16].chunk_tokens,10
03-partial-auto-kv,expert_cache_stats[2].kernel_config_records.records[16].top_k,10
03-partial-auto-kv,expert_cache_stats[2].kernel_config_records.records[16].selections,48
03-partial-auto-kv,expert_cache_stats[2].kernel_config_records.records[16].w13_shape[0],512
03-partial-auto-kv,expert_cache_stats[2].kernel_config_records.records[16].w13_shape[1],256
03-partial-auto-kv,expert_cache_stats[2].kernel_config_records.records[16].w13_shape[2],2048
03-partial-auto-kv,expert_cache_stats[2].kernel_config_records.records[16].w2_shape[0],512
03-partial-auto-kv,expert_cache_stats[2].kernel_config_records.records[16].w2_shape[1],2048
03-partial-auto-kv,expert_cache_stats[2].kernel_config_records.records[16].w2_shape[2],128
03-partial-auto-kv,expert_cache_stats[2].kernel_config_records.records[16].config.BLOCK_SIZE_K,64
03-partial-auto-kv,expert_cache_stats[2].kernel_config_records.records[16].config.BLOCK_SIZE_M,16
03-partial-auto-kv,expert_cache_stats[2].kernel_config_records.records[16].config.BLOCK_SIZE_N,128
03-partial-auto-kv,expert_cache_stats[2].kernel_config_records.records[16].config.GROUP_SIZE_M,1
03-partial-auto-kv,expert_cache_stats[2].kernel_config_records.records[16].config.num_stages,3
03-partial-auto-kv,expert_cache_stats[2].kernel_config_records.records[16].config.num_warps,4
03-partial-auto-kv,expert_cache_stats[2].kernel_config_records.records[17].chunk_tokens,8
03-partial-auto-kv,expert_cache_stats[2].kernel_config_records.records[17].top_k,10
03-partial-auto-kv,expert_cache_stats[2].kernel_config_records.records[17].selections,48
03-partial-auto-kv,expert_cache_stats[2].kernel_config_records.records[17].w13_shape[0],512
03-partial-auto-kv,expert_cache_stats[2].kernel_config_records.records[17].w13_shape[1],256
03-partial-auto-kv,expert_cache_stats[2].kernel_config_records.records[17].w13_shape[2],2048
03-partial-auto-kv,expert_cache_stats[2].kernel_config_records.records[17].w2_shape[0],512
03-partial-auto-kv,expert_cache_stats[2].kernel_config_records.records[17].w2_shape[1],2048
03-partial-auto-kv,expert_cache_stats[2].kernel_config_records.records[17].w2_shape[2],128
03-partial-auto-kv,expert_cache_stats[2].kernel_config_records.records[17].config.BLOCK_SIZE_K,64
03-partial-auto-kv,expert_cache_stats[2].kernel_config_records.records[17].config.BLOCK_SIZE_M,16
03-partial-auto-kv,expert_cache_stats[2].kernel_config_records.records[17].config.BLOCK_SIZE_N,128
03-partial-auto-kv,expert_cache_stats[2].kernel_config_records.records[17].config.GROUP_SIZE_M,1
03-partial-auto-kv,expert_cache_stats[2].kernel_config_records.records[17].config.num_stages,3
03-partial-auto-kv,expert_cache_stats[2].kernel_config_records.records[17].config.num_warps,4
03-partial-auto-kv,expert_cache_stats[2].kernel_config_records.records[18].chunk_tokens,6
03-partial-auto-kv,expert_cache_stats[2].kernel_config_records.records[18].top_k,10
03-partial-auto-kv,expert_cache_stats[2].kernel_config_records.records[18].selections,48
03-partial-auto-kv,expert_cache_stats[2].kernel_config_records.records[18].w13_shape[0],512
03-partial-auto-kv,expert_cache_stats[2].kernel_config_records.records[18].w13_shape[1],256
03-partial-auto-kv,expert_cache_stats[2].kernel_config_records.records[18].w13_shape[2],2048
03-partial-auto-kv,expert_cache_stats[2].kernel_config_records.records[18].w2_shape[0],512
03-partial-auto-kv,expert_cache_stats[2].kernel_config_records.records[18].w2_shape[1],2048
03-partial-auto-kv,expert_cache_stats[2].kernel_config_records.records[18].w2_shape[2],128
03-partial-auto-kv,expert_cache_stats[2].kernel_config_records.records[18].config.BLOCK_SIZE_K,64
03-partial-auto-kv,expert_cache_stats[2].kernel_config_records.records[18].config.BLOCK_SIZE_M,16
03-partial-auto-kv,expert_cache_stats[2].kernel_config_records.records[18].config.BLOCK_SIZE_N,128
03-partial-auto-kv,expert_cache_stats[2].kernel_config_records.records[18].config.GROUP_SIZE_M,1
03-partial-auto-kv,expert_cache_stats[2].kernel_config_records.records[18].config.num_stages,4
03-partial-auto-kv,expert_cache_stats[2].kernel_config_records.records[18].config.num_warps,4
03-partial-auto-kv,expert_cache_stats[2].kernel_config_records.records[19].chunk_tokens,4
03-partial-auto-kv,expert_cache_stats[2].kernel_config_records.records[19].top_k,10
03-partial-auto-kv,expert_cache_stats[2].kernel_config_records.records[19].selections,48
03-partial-auto-kv,expert_cache_stats[2].kernel_config_records.records[19].w13_shape[0],512
03-partial-auto-kv,expert_cache_stats[2].kernel_config_records.records[19].w13_shape[1],256
03-partial-auto-kv,expert_cache_stats[2].kernel_config_records.records[19].w13_shape[2],2048
03-partial-auto-kv,expert_cache_stats[2].kernel_config_records.records[19].w2_shape[0],512
03-partial-auto-kv,expert_cache_stats[2].kernel_config_records.records[19].w2_shape[1],2048
03-partial-auto-kv,expert_cache_stats[2].kernel_config_records.records[19].w2_shape[2],128
03-partial-auto-kv,expert_cache_stats[2].kernel_config_records.records[19].config.BLOCK_SIZE_K,64
03-partial-auto-kv,expert_cache_stats[2].kernel_config_records.records[19].config.BLOCK_SIZE_M,16
03-partial-auto-kv,expert_cache_stats[2].kernel_config_records.records[19].config.BLOCK_SIZE_N,128
03-partial-auto-kv,expert_cache_stats[2].kernel_config_records.records[19].config.GROUP_SIZE_M,1
03-partial-auto-kv,expert_cache_stats[2].kernel_config_records.records[19].config.num_stages,4
03-partial-auto-kv,expert_cache_stats[2].kernel_config_records.records[19].config.num_warps,4
03-partial-auto-kv,expert_cache_stats[2].kernel_config_records.records[20].chunk_tokens,2
03-partial-auto-kv,expert_cache_stats[2].kernel_config_records.records[20].top_k,10
03-partial-auto-kv,expert_cache_stats[2].kernel_config_records.records[20].selections,48
03-partial-auto-kv,expert_cache_stats[2].kernel_config_records.records[20].w13_shape[0],512
03-partial-auto-kv,expert_cache_stats[2].kernel_config_records.records[20].w13_shape[1],256
03-partial-auto-kv,expert_cache_stats[2].kernel_config_records.records[20].w13_shape[2],2048
03-partial-auto-kv,expert_cache_stats[2].kernel_config_records.records[20].w2_shape[0],512
03-partial-auto-kv,expert_cache_stats[2].kernel_config_records.records[20].w2_shape[1],2048
03-partial-auto-kv,expert_cache_stats[2].kernel_config_records.records[20].w2_shape[2],128
03-partial-auto-kv,expert_cache_stats[2].kernel_config_records.records[20].config.BLOCK_SIZE_K,64
03-partial-auto-kv,expert_cache_stats[2].kernel_config_records.records[20].config.BLOCK_SIZE_M,32
03-partial-auto-kv,expert_cache_stats[2].kernel_config_records.records[20].config.BLOCK_SIZE_N,64
03-partial-auto-kv,expert_cache_stats[2].kernel_config_records.records[20].config.GROUP_SIZE_M,1
03-partial-auto-kv,expert_cache_stats[2].kernel_config_records.records[20].config.num_stages,4
03-partial-auto-kv,expert_cache_stats[2].kernel_config_records.records[20].config.num_warps,8
03-partial-auto-kv,expert_cache_stats[3].schema_version,1
03-partial-auto-kv,expert_cache_stats[3].rank,3
03-partial-auto-kv,expert_cache_stats[3].tensor_parallel_size,4
03-partial-auto-kv,expert_cache_stats[3].total_layers,48
03-partial-auto-kv,expert_cache_stats[3].num_experts,512
03-partial-auto-kv,expert_cache_stats[3].physical_slots,13056
03-partial-auto-kv,expert_cache_stats[3].resident_slots,12288
03-partial-auto-kv,expert_cache_stats[3].cache_slots,256
03-partial-auto-kv,expert_cache_stats[3].ingress_slots,512
03-partial-auto-kv,expert_cache_stats[3].expert_bytes,1572864
03-partial-auto-kv,expert_cache_stats[3].host_source_bytes,38654705664
03-partial-auto-kv,expert_cache_stats[3].pinned_gather_bytes,805306368
03-partial-auto-kv,expert_cache_stats[3].gpu_pool_bytes,20535312384
03-partial-auto-kv,expert_cache_stats[3].gpu_resident_bytes,19327352832
03-partial-auto-kv,expert_cache_stats[3].gpu_cache_bytes,402653184
03-partial-auto-kv,expert_cache_stats[3].gpu_ingress_bytes,805306368
03-partial-auto-kv,expert_cache_stats[3].gpu_metadata_bytes,6144
03-partial-auto-kv,expert_cache_stats[3].pinned_metadata_bytes,6144
03-partial-auto-kv,expert_cache_stats[3].net_freed_bytes,18119387136
03-partial-auto-kv,expert_cache_stats[3].weights_verified,0
03-partial-auto-kv,expert_cache_stats[3].cuda_timing_capacity,128
03-partial-auto-kv,expert_cache_stats[3].h2d_bytes,357813977088
03-partial-auto-kv,expert_cache_stats[3].copy_launches,8308
03-partial-auto-kv,expert_cache_stats[3].startup_resident_h2d_bytes,19327352832
03-partial-auto-kv,expert_cache_stats[3].promotion_d2d_bytes,1675100160
03-partial-auto-kv,expert_cache_stats[3].metadata_h2d_bytes,8954184
03-partial-auto-kv,expert_cache_stats[3].unique_demands,841839
03-partial-auto-kv,expert_cache_stats[3].resident_hits,603410
03-partial-auto-kv,expert_cache_stats[3].max_unique_per_forward,509
03-partial-auto-kv,expert_cache_stats[3].mean_unique_coverage,0.37642325935782966
03-partial-auto-kv,expert_cache_stats[3].resident_ratio,0.5
03-partial-auto-kv,expert_cache_stats[3].policy.observations,4368
03-partial-auto-kv,expert_cache_stats[3].policy.unique_demands,841839
03-partial-auto-kv,expert_cache_stats[3].policy.completed_forwards,91
03-partial-auto-kv,expert_cache_stats[3].policy.decay_events,1
03-partial-auto-kv,expert_cache_stats[3].policy.cache_hits,10937
03-partial-auto-kv,expert_cache_stats[3].policy.cache_misses,227492
03-partial-auto-kv,expert_cache_stats[3].policy.admissions,1065
03-partial-auto-kv,expert_cache_stats[3].policy.evictions,809
03-partial-auto-kv,expert_cache_stats[3].policy.cache_bypasses,226427
03-partial-auto-kv,expert_cache_stats[3].policy.reconfigurations,0
03-partial-auto-kv,expert_cache_stats[3].policy.resident_experts,12288
03-partial-auto-kv,expert_cache_stats[3].policy.cache_slots,256
03-partial-auto-kv,expert_cache_stats[3].policy.cache_entries,256
03-partial-auto-kv,expert_cache_stats[3].policy.cache_hit_ratio,0.04587109789497083
03-partial-auto-kv,expert_cache_stats[3].timing.route_d2h_s,7.588375614956021
03-partial-auto-kv,expert_cache_stats[3].timing.policy_cpu_s,1.445556317921728
03-partial-auto-kv,expert_cache_stats[3].timing.host_reuse_wait_s,0.025636155623942614
03-partial-auto-kv,expert_cache_stats[3].timing.host_gather_s,83.47532714251429
03-partial-auto-kv,expert_cache_stats[3].timing.h2d_enqueue_s,0.39012086344882846
03-partial-auto-kv,expert_cache_stats[3].timing.compute_enqueue_s,2.5011281175538898
03-partial-auto-kv,expert_cache_stats[3].timing.cuda_sample_count,124
03-partial-auto-kv,expert_cache_stats[3].timing.load_cuda_s,0.2136820497196167
03-partial-auto-kv,expert_cache_stats[3].timing.compute_cuda_s,0.03726412799209358
03-partial-auto-kv,expert_cache_stats[3].timing.promotion_cuda_s,0.0006402880067471417
03-partial-auto-kv,expert_cache_stats[3].forward_counts[0],91
03-partial-auto-kv,expert_cache_stats[3].forward_counts[1],91
03-partial-auto-kv,expert_cache_stats[3].forward_counts[2],91
03-partial-auto-kv,expert_cache_stats[3].forward_counts[3],91
03-partial-auto-kv,expert_cache_stats[3].forward_counts[4],91
03-partial-auto-kv,expert_cache_stats[3].forward_counts[5],91
03-partial-auto-kv,expert_cache_stats[3].forward_counts[6],91
03-partial-auto-kv,expert_cache_stats[3].forward_counts[7],91
03-partial-auto-kv,expert_cache_stats[3].forward_counts[8],91
03-partial-auto-kv,expert_cache_stats[3].forward_counts[9],91
03-partial-auto-kv,expert_cache_stats[3].forward_counts[10],91
03-partial-auto-kv,expert_cache_stats[3].forward_counts[11],91
03-partial-auto-kv,expert_cache_stats[3].forward_counts[12],91
03-partial-auto-kv,expert_cache_stats[3].forward_counts[13],91
03-partial-auto-kv,expert_cache_stats[3].forward_counts[14],91
03-partial-auto-kv,expert_cache_stats[3].forward_counts[15],91
03-partial-auto-kv,expert_cache_stats[3].forward_counts[16],91
03-partial-auto-kv,expert_cache_stats[3].forward_counts[17],91
03-partial-auto-kv,expert_cache_stats[3].forward_counts[18],91
03-partial-auto-kv,expert_cache_stats[3].forward_counts[19],91
03-partial-auto-kv,expert_cache_stats[3].forward_counts[20],91
03-partial-auto-kv,expert_cache_stats[3].forward_counts[21],91
03-partial-auto-kv,expert_cache_stats[3].forward_counts[22],91
03-partial-auto-kv,expert_cache_stats[3].forward_counts[23],91
03-partial-auto-kv,expert_cache_stats[3].forward_counts[24],91
03-partial-auto-kv,expert_cache_stats[3].forward_counts[25],91
03-partial-auto-kv,expert_cache_stats[3].forward_counts[26],91
03-partial-auto-kv,expert_cache_stats[3].forward_counts[27],91
03-partial-auto-kv,expert_cache_stats[3].forward_counts[28],91
03-partial-auto-kv,expert_cache_stats[3].forward_counts[29],91
03-partial-auto-kv,expert_cache_stats[3].forward_counts[30],91
03-partial-auto-kv,expert_cache_stats[3].forward_counts[31],91
03-partial-auto-kv,expert_cache_stats[3].forward_counts[32],91
03-partial-auto-kv,expert_cache_stats[3].forward_counts[33],91
03-partial-auto-kv,expert_cache_stats[3].forward_counts[34],91
03-partial-auto-kv,expert_cache_stats[3].forward_counts[35],91
03-partial-auto-kv,expert_cache_stats[3].forward_counts[36],91
03-partial-auto-kv,expert_cache_stats[3].forward_counts[37],91
03-partial-auto-kv,expert_cache_stats[3].forward_counts[38],91
03-partial-auto-kv,expert_cache_stats[3].forward_counts[39],91
03-partial-auto-kv,expert_cache_stats[3].forward_counts[40],91
03-partial-auto-kv,expert_cache_stats[3].forward_counts[41],91
03-partial-auto-kv,expert_cache_stats[3].forward_counts[42],91
03-partial-auto-kv,expert_cache_stats[3].forward_counts[43],91
03-partial-auto-kv,expert_cache_stats[3].forward_counts[44],91
03-partial-auto-kv,expert_cache_stats[3].forward_counts[45],91
03-partial-auto-kv,expert_cache_stats[3].forward_counts[46],91
03-partial-auto-kv,expert_cache_stats[3].forward_counts[47],91
03-partial-auto-kv,expert_cache_stats[3].per_layer_unique_demands[0],20991
03-partial-auto-kv,expert_cache_stats[3].per_layer_unique_demands[1],16907
03-partial-auto-kv,expert_cache_stats[3].per_layer_unique_demands[2],21516
03-partial-auto-kv,expert_cache_stats[3].per_layer_unique_demands[3],15645
03-partial-auto-kv,expert_cache_stats[3].per_layer_unique_demands[4],16966
03-partial-auto-kv,expert_cache_stats[3].per_layer_unique_demands[5],18575
03-partial-auto-kv,expert_cache_stats[3].per_layer_unique_demands[6],20358
03-partial-auto-kv,expert_cache_stats[3].per_layer_unique_demands[7],20116
03-partial-auto-kv,expert_cache_stats[3].per_layer_unique_demands[8],17356
03-partial-auto-kv,expert_cache_stats[3].per_layer_unique_demands[9],15640
03-partial-auto-kv,expert_cache_stats[3].per_layer_unique_demands[10],15524
03-partial-auto-kv,expert_cache_stats[3].per_layer_unique_demands[11],16843
03-partial-auto-kv,expert_cache_stats[3].per_layer_unique_demands[12],14395
03-partial-auto-kv,expert_cache_stats[3].per_layer_unique_demands[13],15365
03-partial-auto-kv,expert_cache_stats[3].per_layer_unique_demands[14],17101
03-partial-auto-kv,expert_cache_stats[3].per_layer_unique_demands[15],18463
03-partial-auto-kv,expert_cache_stats[3].per_layer_unique_demands[16],16731
03-partial-auto-kv,expert_cache_stats[3].per_layer_unique_demands[17],18529
03-partial-auto-kv,expert_cache_stats[3].per_layer_unique_demands[18],20060
03-partial-auto-kv,expert_cache_stats[3].per_layer_unique_demands[19],20185
03-partial-auto-kv,expert_cache_stats[3].per_layer_unique_demands[20],17125
03-partial-auto-kv,expert_cache_stats[3].per_layer_unique_demands[21],15436
03-partial-auto-kv,expert_cache_stats[3].per_layer_unique_demands[22],15504
03-partial-auto-kv,expert_cache_stats[3].per_layer_unique_demands[23],16860
03-partial-auto-kv,expert_cache_stats[3].per_layer_unique_demands[24],14906
03-partial-auto-kv,expert_cache_stats[3].per_layer_unique_demands[25],15634
03-partial-auto-kv,expert_cache_stats[3].per_layer_unique_demands[26],17267
03-partial-auto-kv,expert_cache_stats[3].per_layer_unique_demands[27],18857
03-partial-auto-kv,expert_cache_stats[3].per_layer_unique_demands[28],17305
03-partial-auto-kv,expert_cache_stats[3].per_layer_unique_demands[29],18973
03-partial-auto-kv,expert_cache_stats[3].per_layer_unique_demands[30],20332
03-partial-auto-kv,expert_cache_stats[3].per_layer_unique_demands[31],20447
03-partial-auto-kv,expert_cache_stats[3].per_layer_unique_demands[32],18090
03-partial-auto-kv,expert_cache_stats[3].per_layer_unique_demands[33],16834
03-partial-auto-kv,expert_cache_stats[3].per_layer_unique_demands[34],16458
03-partial-auto-kv,expert_cache_stats[3].per_layer_unique_demands[35],17672
03-partial-auto-kv,expert_cache_stats[3].per_layer_unique_demands[36],15803
03-partial-auto-kv,expert_cache_stats[3].per_layer_unique_demands[37],16219
03-partial-auto-kv,expert_cache_stats[3].per_layer_unique_demands[38],17560
03-partial-auto-kv,expert_cache_stats[3].per_layer_unique_demands[39],18688
03-partial-auto-kv,expert_cache_stats[3].per_layer_unique_demands[40],18191
03-partial-auto-kv,expert_cache_stats[3].per_layer_unique_demands[41],18042
03-partial-auto-kv,expert_cache_stats[3].per_layer_unique_demands[42],17750
03-partial-auto-kv,expert_cache_stats[3].per_layer_unique_demands[43],16828
03-partial-auto-kv,expert_cache_stats[3].per_layer_unique_demands[44],17020
03-partial-auto-kv,expert_cache_stats[3].per_layer_unique_demands[45],16652
03-partial-auto-kv,expert_cache_stats[3].per_layer_unique_demands[46],16344
03-partial-auto-kv,expert_cache_stats[3].per_layer_unique_demands[47],17776
03-partial-auto-kv,expert_cache_stats[3].per_layer_max_unique_per_forward[0],500
03-partial-auto-kv,expert_cache_stats[3].per_layer_max_unique_per_forward[1],437
03-partial-auto-kv,expert_cache_stats[3].per_layer_max_unique_per_forward[2],509
03-partial-auto-kv,expert_cache_stats[3].per_layer_max_unique_per_forward[3],432
03-partial-auto-kv,expert_cache_stats[3].per_layer_max_unique_per_forward[4],435
03-partial-auto-kv,expert_cache_stats[3].per_layer_max_unique_per_forward[5],467
03-partial-auto-kv,expert_cache_stats[3].per_layer_max_unique_per_forward[6],500
03-partial-auto-kv,expert_cache_stats[3].per_layer_max_unique_per_forward[7],494
03-partial-auto-kv,expert_cache_stats[3].per_layer_max_unique_per_forward[8],473
03-partial-auto-kv,expert_cache_stats[3].per_layer_max_unique_per_forward[9],418
03-partial-auto-kv,expert_cache_stats[3].per_layer_max_unique_per_forward[10],420
03-partial-auto-kv,expert_cache_stats[3].per_layer_max_unique_per_forward[11],441
03-partial-auto-kv,expert_cache_stats[3].per_layer_max_unique_per_forward[12],410
03-partial-auto-kv,expert_cache_stats[3].per_layer_max_unique_per_forward[13],409
03-partial-auto-kv,expert_cache_stats[3].per_layer_max_unique_per_forward[14],448
03-partial-auto-kv,expert_cache_stats[3].per_layer_max_unique_per_forward[15],477
03-partial-auto-kv,expert_cache_stats[3].per_layer_max_unique_per_forward[16],445
03-partial-auto-kv,expert_cache_stats[3].per_layer_max_unique_per_forward[17],473
03-partial-auto-kv,expert_cache_stats[3].per_layer_max_unique_per_forward[18],500
03-partial-auto-kv,expert_cache_stats[3].per_layer_max_unique_per_forward[19],497
03-partial-auto-kv,expert_cache_stats[3].per_layer_max_unique_per_forward[20],462
03-partial-auto-kv,expert_cache_stats[3].per_layer_max_unique_per_forward[21],422
03-partial-auto-kv,expert_cache_stats[3].per_layer_max_unique_per_forward[22],428
03-partial-auto-kv,expert_cache_stats[3].per_layer_max_unique_per_forward[23],448
03-partial-auto-kv,expert_cache_stats[3].per_layer_max_unique_per_forward[24],409
03-partial-auto-kv,expert_cache_stats[3].per_layer_max_unique_per_forward[25],425
03-partial-auto-kv,expert_cache_stats[3].per_layer_max_unique_per_forward[26],459
03-partial-auto-kv,expert_cache_stats[3].per_layer_max_unique_per_forward[27],485
03-partial-auto-kv,expert_cache_stats[3].per_layer_max_unique_per_forward[28],460
03-partial-auto-kv,expert_cache_stats[3].per_layer_max_unique_per_forward[29],486
03-partial-auto-kv,expert_cache_stats[3].per_layer_max_unique_per_forward[30],499
03-partial-auto-kv,expert_cache_stats[3].per_layer_max_unique_per_forward[31],502
03-partial-auto-kv,expert_cache_stats[3].per_layer_max_unique_per_forward[32],475
03-partial-auto-kv,expert_cache_stats[3].per_layer_max_unique_per_forward[33],450
03-partial-auto-kv,expert_cache_stats[3].per_layer_max_unique_per_forward[34],444
03-partial-auto-kv,expert_cache_stats[3].per_layer_max_unique_per_forward[35],461
03-partial-auto-kv,expert_cache_stats[3].per_layer_max_unique_per_forward[36],434
03-partial-auto-kv,expert_cache_stats[3].per_layer_max_unique_per_forward[37],443
03-partial-auto-kv,expert_cache_stats[3].per_layer_max_unique_per_forward[38],459
03-partial-auto-kv,expert_cache_stats[3].per_layer_max_unique_per_forward[39],474
03-partial-auto-kv,expert_cache_stats[3].per_layer_max_unique_per_forward[40],474
03-partial-auto-kv,expert_cache_stats[3].per_layer_max_unique_per_forward[41],449
03-partial-auto-kv,expert_cache_stats[3].per_layer_max_unique_per_forward[42],448
03-partial-auto-kv,expert_cache_stats[3].per_layer_max_unique_per_forward[43],429
03-partial-auto-kv,expert_cache_stats[3].per_layer_max_unique_per_forward[44],432
03-partial-auto-kv,expert_cache_stats[3].per_layer_max_unique_per_forward[45],426
03-partial-auto-kv,expert_cache_stats[3].per_layer_max_unique_per_forward[46],415
03-partial-auto-kv,expert_cache_stats[3].per_layer_max_unique_per_forward[47],442
03-partial-auto-kv,expert_cache_stats[3].identity.geometry.total_layers,48
03-partial-auto-kv,expert_cache_stats[3].identity.geometry.num_experts,512
03-partial-auto-kv,expert_cache_stats[3].identity.geometry.hidden_size,2048
03-partial-auto-kv,expert_cache_stats[3].identity.geometry.intermediate_size,128
03-partial-auto-kv,expert_cache_stats[3].identity.tensor_parallel_size,4
03-partial-auto-kv,expert_cache_stats[3].identity.model_config_sha256,2d483c7cabad7c8704478ed4038fa7e7b2eff840bc00a118eccbe38e2b488303
03-partial-auto-kv,expert_cache_stats[3].identity.model_identity_sha256,24f6a89ba0e0435caffbb3d056425fb1fe980fca09d5a8749dfb231bd24880d8
03-partial-auto-kv,expert_cache_stats[3].profile_sha256,e102f6959c1e9a64d67294b1800b9f093fb41907a0ca4aa42aa030b7c2dad3fb
03-partial-auto-kv,expert_cache_stats[3].cache_policy,decayed-lfu
03-partial-auto-kv,expert_cache_stats[3].failed,False
03-partial-auto-kv,expert_cache_stats[3].weight_verification_scope,CUDA parity tests required; no runtime weight D2H verification
03-partial-auto-kv,expert_cache_stats[3].temporary_memory_scope,native fused kernel workspace/output and CPU route IDs scale with scheduled tokens; no weight-sized GPU gather temporary
03-partial-auto-kv,expert_cache_stats[3].memory_accounting_scope,"tensor payload bytes; excludes allocator rounding, CUDA event driver memory and Python policy metadata; native/chunk output workspace must be included in vLLM measured profiling peak"
03-partial-auto-kv,expert_cache_stats[3].kernel_config_scope,native logical E geometry per actual native chunk size
03-partial-auto-kv,expert_cache_stats[3].transfer_schedule,demand-critical H2D on compute stream; no speculative prefetch
03-partial-auto-kv,expert_cache_stats[3].kernel_config_records.capacity,64
03-partial-auto-kv,expert_cache_stats[3].kernel_config_records.unrecorded_selections,0
03-partial-auto-kv,expert_cache_stats[3].kernel_config_records.records[0].chunk_tokens,8192
03-partial-auto-kv,expert_cache_stats[3].kernel_config_records.records[0].top_k,10
03-partial-auto-kv,expert_cache_stats[3].kernel_config_records.records[0].selections,816
03-partial-auto-kv,expert_cache_stats[3].kernel_config_records.records[0].w13_shape[0],512
03-partial-auto-kv,expert_cache_stats[3].kernel_config_records.records[0].w13_shape[1],256
03-partial-auto-kv,expert_cache_stats[3].kernel_config_records.records[0].w13_shape[2],2048
03-partial-auto-kv,expert_cache_stats[3].kernel_config_records.records[0].w2_shape[0],512
03-partial-auto-kv,expert_cache_stats[3].kernel_config_records.records[0].w2_shape[1],2048
03-partial-auto-kv,expert_cache_stats[3].kernel_config_records.records[0].w2_shape[2],128
03-partial-auto-kv,expert_cache_stats[3].kernel_config_records.records[0].config.BLOCK_SIZE_K,64
03-partial-auto-kv,expert_cache_stats[3].kernel_config_records.records[0].config.BLOCK_SIZE_M,128
03-partial-auto-kv,expert_cache_stats[3].kernel_config_records.records[0].config.BLOCK_SIZE_N,128
03-partial-auto-kv,expert_cache_stats[3].kernel_config_records.records[0].config.GROUP_SIZE_M,64
03-partial-auto-kv,expert_cache_stats[3].kernel_config_records.records[0].config.num_stages,3
03-partial-auto-kv,expert_cache_stats[3].kernel_config_records.records[0].config.num_warps,8
03-partial-auto-kv,expert_cache_stats[3].kernel_config_records.records[1].chunk_tokens,32
03-partial-auto-kv,expert_cache_stats[3].kernel_config_records.records[1].top_k,10
03-partial-auto-kv,expert_cache_stats[3].kernel_config_records.records[1].selections,2304
03-partial-auto-kv,expert_cache_stats[3].kernel_config_records.records[1].w13_shape[0],512
03-partial-auto-kv,expert_cache_stats[3].kernel_config_records.records[1].w13_shape[1],256
03-partial-auto-kv,expert_cache_stats[3].kernel_config_records.records[1].w13_shape[2],2048
03-partial-auto-kv,expert_cache_stats[3].kernel_config_records.records[1].w2_shape[0],512
03-partial-auto-kv,expert_cache_stats[3].kernel_config_records.records[1].w2_shape[1],2048
03-partial-auto-kv,expert_cache_stats[3].kernel_config_records.records[1].w2_shape[2],128
03-partial-auto-kv,expert_cache_stats[3].kernel_config_records.records[1].config.BLOCK_SIZE_K,64
03-partial-auto-kv,expert_cache_stats[3].kernel_config_records.records[1].config.BLOCK_SIZE_M,16
03-partial-auto-kv,expert_cache_stats[3].kernel_config_records.records[1].config.BLOCK_SIZE_N,128
03-partial-auto-kv,expert_cache_stats[3].kernel_config_records.records[1].config.GROUP_SIZE_M,1
03-partial-auto-kv,expert_cache_stats[3].kernel_config_records.records[1].config.num_stages,3
03-partial-auto-kv,expert_cache_stats[3].kernel_config_records.records[1].config.num_warps,8
03-partial-auto-kv,expert_cache_stats[3].kernel_config_records.records[2].chunk_tokens,4096
03-partial-auto-kv,expert_cache_stats[3].kernel_config_records.records[2].top_k,10
03-partial-auto-kv,expert_cache_stats[3].kernel_config_records.records[2].selections,96
03-partial-auto-kv,expert_cache_stats[3].kernel_config_records.records[2].w13_shape[0],512
03-partial-auto-kv,expert_cache_stats[3].kernel_config_records.records[2].w13_shape[1],256
03-partial-auto-kv,expert_cache_stats[3].kernel_config_records.records[2].w13_shape[2],2048
03-partial-auto-kv,expert_cache_stats[3].kernel_config_records.records[2].w2_shape[0],512
03-partial-auto-kv,expert_cache_stats[3].kernel_config_records.records[2].w2_shape[1],2048
03-partial-auto-kv,expert_cache_stats[3].kernel_config_records.records[2].w2_shape[2],128
03-partial-auto-kv,expert_cache_stats[3].kernel_config_records.records[2].config.BLOCK_SIZE_K,64
03-partial-auto-kv,expert_cache_stats[3].kernel_config_records.records[2].config.BLOCK_SIZE_M,128
03-partial-auto-kv,expert_cache_stats[3].kernel_config_records.records[2].config.BLOCK_SIZE_N,128
03-partial-auto-kv,expert_cache_stats[3].kernel_config_records.records[2].config.GROUP_SIZE_M,64
03-partial-auto-kv,expert_cache_stats[3].kernel_config_records.records[2].config.num_stages,3
03-partial-auto-kv,expert_cache_stats[3].kernel_config_records.records[2].config.num_warps,8
03-partial-auto-kv,expert_cache_stats[3].kernel_config_records.records[3].chunk_tokens,1
03-partial-auto-kv,expert_cache_stats[3].kernel_config_records.records[3].top_k,10
03-partial-auto-kv,expert_cache_stats[3].kernel_config_records.records[3].selections,336
03-partial-auto-kv,expert_cache_stats[3].kernel_config_records.records[3].w13_shape[0],512
03-partial-auto-kv,expert_cache_stats[3].kernel_config_records.records[3].w13_shape[1],256
03-partial-auto-kv,expert_cache_stats[3].kernel_config_records.records[3].w13_shape[2],2048
03-partial-auto-kv,expert_cache_stats[3].kernel_config_records.records[3].w2_shape[0],512
03-partial-auto-kv,expert_cache_stats[3].kernel_config_records.records[3].w2_shape[1],2048
03-partial-auto-kv,expert_cache_stats[3].kernel_config_records.records[3].w2_shape[2],128
03-partial-auto-kv,expert_cache_stats[3].kernel_config_records.records[3].config.BLOCK_SIZE_K,64
03-partial-auto-kv,expert_cache_stats[3].kernel_config_records.records[3].config.BLOCK_SIZE_M,16
03-partial-auto-kv,expert_cache_stats[3].kernel_config_records.records[3].config.BLOCK_SIZE_N,32
03-partial-auto-kv,expert_cache_stats[3].kernel_config_records.records[3].config.GROUP_SIZE_M,1
03-partial-auto-kv,expert_cache_stats[3].kernel_config_records.records[3].config.num_stages,4
03-partial-auto-kv,expert_cache_stats[3].kernel_config_records.records[3].config.num_warps,4
03-partial-auto-kv,expert_cache_stats[3].kernel_config_records.records[4].chunk_tokens,4337
03-partial-auto-kv,expert_cache_stats[3].kernel_config_records.records[4].top_k,10
03-partial-auto-kv,expert_cache_stats[3].kernel_config_records.records[4].selections,48
03-partial-auto-kv,expert_cache_stats[3].kernel_config_records.records[4].w13_shape[0],512
03-partial-auto-kv,expert_cache_stats[3].kernel_config_records.records[4].w13_shape[1],256
03-partial-auto-kv,expert_cache_stats[3].kernel_config_records.records[4].w13_shape[2],2048
03-partial-auto-kv,expert_cache_stats[3].kernel_config_records.records[4].w2_shape[0],512
03-partial-auto-kv,expert_cache_stats[3].kernel_config_records.records[4].w2_shape[1],2048
03-partial-auto-kv,expert_cache_stats[3].kernel_config_records.records[4].w2_shape[2],128
03-partial-auto-kv,expert_cache_stats[3].kernel_config_records.records[4].config.BLOCK_SIZE_K,64
03-partial-auto-kv,expert_cache_stats[3].kernel_config_records.records[4].config.BLOCK_SIZE_M,128
03-partial-auto-kv,expert_cache_stats[3].kernel_config_records.records[4].config.BLOCK_SIZE_N,128
03-partial-auto-kv,expert_cache_stats[3].kernel_config_records.records[4].config.GROUP_SIZE_M,64
03-partial-auto-kv,expert_cache_stats[3].kernel_config_records.records[4].config.num_stages,3
03-partial-auto-kv,expert_cache_stats[3].kernel_config_records.records[4].config.num_warps,8
03-partial-auto-kv,expert_cache_stats[3].kernel_config_records.records[5].chunk_tokens,31
03-partial-auto-kv,expert_cache_stats[3].kernel_config_records.records[5].top_k,10
03-partial-auto-kv,expert_cache_stats[3].kernel_config_records.records[5].selections,48
03-partial-auto-kv,expert_cache_stats[3].kernel_config_records.records[5].w13_shape[0],512
03-partial-auto-kv,expert_cache_stats[3].kernel_config_records.records[5].w13_shape[1],256
03-partial-auto-kv,expert_cache_stats[3].kernel_config_records.records[5].w13_shape[2],2048
03-partial-auto-kv,expert_cache_stats[3].kernel_config_records.records[5].w2_shape[0],512
03-partial-auto-kv,expert_cache_stats[3].kernel_config_records.records[5].w2_shape[1],2048
03-partial-auto-kv,expert_cache_stats[3].kernel_config_records.records[5].w2_shape[2],128
03-partial-auto-kv,expert_cache_stats[3].kernel_config_records.records[5].config.BLOCK_SIZE_K,64
03-partial-auto-kv,expert_cache_stats[3].kernel_config_records.records[5].config.BLOCK_SIZE_M,16
03-partial-auto-kv,expert_cache_stats[3].kernel_config_records.records[5].config.BLOCK_SIZE_N,128
03-partial-auto-kv,expert_cache_stats[3].kernel_config_records.records[5].config.GROUP_SIZE_M,1
03-partial-auto-kv,expert_cache_stats[3].kernel_config_records.records[5].config.num_stages,3
03-partial-auto-kv,expert_cache_stats[3].kernel_config_records.records[5].config.num_warps,8
03-partial-auto-kv,expert_cache_stats[3].kernel_config_records.records[6].chunk_tokens,30
03-partial-auto-kv,expert_cache_stats[3].kernel_config_records.records[6].top_k,10
03-partial-auto-kv,expert_cache_stats[3].kernel_config_records.records[6].selections,48
03-partial-auto-kv,expert_cache_stats[3].kernel_config_records.records[6].w13_shape[0],512
03-partial-auto-kv,expert_cache_stats[3].kernel_config_records.records[6].w13_shape[1],256
03-partial-auto-kv,expert_cache_stats[3].kernel_config_records.records[6].w13_shape[2],2048
03-partial-auto-kv,expert_cache_stats[3].kernel_config_records.records[6].w2_shape[0],512
03-partial-auto-kv,expert_cache_stats[3].kernel_config_records.records[6].w2_shape[1],2048
03-partial-auto-kv,expert_cache_stats[3].kernel_config_records.records[6].w2_shape[2],128
03-partial-auto-kv,expert_cache_stats[3].kernel_config_records.records[6].config.BLOCK_SIZE_K,64
03-partial-auto-kv,expert_cache_stats[3].kernel_config_records.records[6].config.BLOCK_SIZE_M,16
03-partial-auto-kv,expert_cache_stats[3].kernel_config_records.records[6].config.BLOCK_SIZE_N,128
03-partial-auto-kv,expert_cache_stats[3].kernel_config_records.records[6].config.GROUP_SIZE_M,1
03-partial-auto-kv,expert_cache_stats[3].kernel_config_records.records[6].config.num_stages,3
03-partial-auto-kv,expert_cache_stats[3].kernel_config_records.records[6].config.num_warps,8
03-partial-auto-kv,expert_cache_stats[3].kernel_config_records.records[7].chunk_tokens,28
03-partial-auto-kv,expert_cache_stats[3].kernel_config_records.records[7].top_k,10
03-partial-auto-kv,expert_cache_stats[3].kernel_config_records.records[7].selections,48
03-partial-auto-kv,expert_cache_stats[3].kernel_config_records.records[7].w13_shape[0],512
03-partial-auto-kv,expert_cache_stats[3].kernel_config_records.records[7].w13_shape[1],256
03-partial-auto-kv,expert_cache_stats[3].kernel_config_records.records[7].w13_shape[2],2048
03-partial-auto-kv,expert_cache_stats[3].kernel_config_records.records[7].w2_shape[0],512
03-partial-auto-kv,expert_cache_stats[3].kernel_config_records.records[7].w2_shape[1],2048
03-partial-auto-kv,expert_cache_stats[3].kernel_config_records.records[7].w2_shape[2],128
03-partial-auto-kv,expert_cache_stats[3].kernel_config_records.records[7].config.BLOCK_SIZE_K,64
03-partial-auto-kv,expert_cache_stats[3].kernel_config_records.records[7].config.BLOCK_SIZE_M,32
03-partial-auto-kv,expert_cache_stats[3].kernel_config_records.records[7].config.BLOCK_SIZE_N,128
03-partial-auto-kv,expert_cache_stats[3].kernel_config_records.records[7].config.GROUP_SIZE_M,1
03-partial-auto-kv,expert_cache_stats[3].kernel_config_records.records[7].config.num_stages,3
03-partial-auto-kv,expert_cache_stats[3].kernel_config_records.records[7].config.num_warps,4
03-partial-auto-kv,expert_cache_stats[3].kernel_config_records.records[8].chunk_tokens,26
03-partial-auto-kv,expert_cache_stats[3].kernel_config_records.records[8].top_k,10
03-partial-auto-kv,expert_cache_stats[3].kernel_config_records.records[8].selections,48
03-partial-auto-kv,expert_cache_stats[3].kernel_config_records.records[8].w13_shape[0],512
03-partial-auto-kv,expert_cache_stats[3].kernel_config_records.records[8].w13_shape[1],256
03-partial-auto-kv,expert_cache_stats[3].kernel_config_records.records[8].w13_shape[2],2048
03-partial-auto-kv,expert_cache_stats[3].kernel_config_records.records[8].w2_shape[0],512
03-partial-auto-kv,expert_cache_stats[3].kernel_config_records.records[8].w2_shape[1],2048
03-partial-auto-kv,expert_cache_stats[3].kernel_config_records.records[8].w2_shape[2],128
03-partial-auto-kv,expert_cache_stats[3].kernel_config_records.records[8].config.BLOCK_SIZE_K,64
03-partial-auto-kv,expert_cache_stats[3].kernel_config_records.records[8].config.BLOCK_SIZE_M,32
03-partial-auto-kv,expert_cache_stats[3].kernel_config_records.records[8].config.BLOCK_SIZE_N,128
03-partial-auto-kv,expert_cache_stats[3].kernel_config_records.records[8].config.GROUP_SIZE_M,1
03-partial-auto-kv,expert_cache_stats[3].kernel_config_records.records[8].config.num_stages,3
03-partial-auto-kv,expert_cache_stats[3].kernel_config_records.records[8].config.num_warps,4
03-partial-auto-kv,expert_cache_stats[3].kernel_config_records.records[9].chunk_tokens,24
03-partial-auto-kv,expert_cache_stats[3].kernel_config_records.records[9].top_k,10
03-partial-auto-kv,expert_cache_stats[3].kernel_config_records.records[9].selections,48
03-partial-auto-kv,expert_cache_stats[3].kernel_config_records.records[9].w13_shape[0],512
03-partial-auto-kv,expert_cache_stats[3].kernel_config_records.records[9].w13_shape[1],256
03-partial-auto-kv,expert_cache_stats[3].kernel_config_records.records[9].w13_shape[2],2048
03-partial-auto-kv,expert_cache_stats[3].kernel_config_records.records[9].w2_shape[0],512
03-partial-auto-kv,expert_cache_stats[3].kernel_config_records.records[9].w2_shape[1],2048
03-partial-auto-kv,expert_cache_stats[3].kernel_config_records.records[9].w2_shape[2],128
03-partial-auto-kv,expert_cache_stats[3].kernel_config_records.records[9].config.BLOCK_SIZE_K,64
03-partial-auto-kv,expert_cache_stats[3].kernel_config_records.records[9].config.BLOCK_SIZE_M,32
03-partial-auto-kv,expert_cache_stats[3].kernel_config_records.records[9].config.BLOCK_SIZE_N,128
03-partial-auto-kv,expert_cache_stats[3].kernel_config_records.records[9].config.GROUP_SIZE_M,1
03-partial-auto-kv,expert_cache_stats[3].kernel_config_records.records[9].config.num_stages,3
03-partial-auto-kv,expert_cache_stats[3].kernel_config_records.records[9].config.num_warps,4
03-partial-auto-kv,expert_cache_stats[3].kernel_config_records.records[10].chunk_tokens,22
03-partial-auto-kv,expert_cache_stats[3].kernel_config_records.records[10].top_k,10
03-partial-auto-kv,expert_cache_stats[3].kernel_config_records.records[10].selections,48
03-partial-auto-kv,expert_cache_stats[3].kernel_config_records.records[10].w13_shape[0],512
03-partial-auto-kv,expert_cache_stats[3].kernel_config_records.records[10].w13_shape[1],256
03-partial-auto-kv,expert_cache_stats[3].kernel_config_records.records[10].w13_shape[2],2048
03-partial-auto-kv,expert_cache_stats[3].kernel_config_records.records[10].w2_shape[0],512
03-partial-auto-kv,expert_cache_stats[3].kernel_config_records.records[10].w2_shape[1],2048
03-partial-auto-kv,expert_cache_stats[3].kernel_config_records.records[10].w2_shape[2],128
03-partial-auto-kv,expert_cache_stats[3].kernel_config_records.records[10].config.BLOCK_SIZE_K,64
03-partial-auto-kv,expert_cache_stats[3].kernel_config_records.records[10].config.BLOCK_SIZE_M,32
03-partial-auto-kv,expert_cache_stats[3].kernel_config_records.records[10].config.BLOCK_SIZE_N,128
03-partial-auto-kv,expert_cache_stats[3].kernel_config_records.records[10].config.GROUP_SIZE_M,1
03-partial-auto-kv,expert_cache_stats[3].kernel_config_records.records[10].config.num_stages,3
03-partial-auto-kv,expert_cache_stats[3].kernel_config_records.records[10].config.num_warps,4
03-partial-auto-kv,expert_cache_stats[3].kernel_config_records.records[11].chunk_tokens,20
03-partial-auto-kv,expert_cache_stats[3].kernel_config_records.records[11].top_k,10
03-partial-auto-kv,expert_cache_stats[3].kernel_config_records.records[11].selections,48
03-partial-auto-kv,expert_cache_stats[3].kernel_config_records.records[11].w13_shape[0],512
03-partial-auto-kv,expert_cache_stats[3].kernel_config_records.records[11].w13_shape[1],256
03-partial-auto-kv,expert_cache_stats[3].kernel_config_records.records[11].w13_shape[2],2048
03-partial-auto-kv,expert_cache_stats[3].kernel_config_records.records[11].w2_shape[0],512
03-partial-auto-kv,expert_cache_stats[3].kernel_config_records.records[11].w2_shape[1],2048
03-partial-auto-kv,expert_cache_stats[3].kernel_config_records.records[11].w2_shape[2],128
03-partial-auto-kv,expert_cache_stats[3].kernel_config_records.records[11].config.BLOCK_SIZE_K,64
03-partial-auto-kv,expert_cache_stats[3].kernel_config_records.records[11].config.BLOCK_SIZE_M,16
03-partial-auto-kv,expert_cache_stats[3].kernel_config_records.records[11].config.BLOCK_SIZE_N,128
03-partial-auto-kv,expert_cache_stats[3].kernel_config_records.records[11].config.GROUP_SIZE_M,1
03-partial-auto-kv,expert_cache_stats[3].kernel_config_records.records[11].config.num_stages,3
03-partial-auto-kv,expert_cache_stats[3].kernel_config_records.records[11].config.num_warps,4
03-partial-auto-kv,expert_cache_stats[3].kernel_config_records.records[12].chunk_tokens,18
03-partial-auto-kv,expert_cache_stats[3].kernel_config_records.records[12].top_k,10
03-partial-auto-kv,expert_cache_stats[3].kernel_config_records.records[12].selections,48
03-partial-auto-kv,expert_cache_stats[3].kernel_config_records.records[12].w13_shape[0],512
03-partial-auto-kv,expert_cache_stats[3].kernel_config_records.records[12].w13_shape[1],256
03-partial-auto-kv,expert_cache_stats[3].kernel_config_records.records[12].w13_shape[2],2048
03-partial-auto-kv,expert_cache_stats[3].kernel_config_records.records[12].w2_shape[0],512
03-partial-auto-kv,expert_cache_stats[3].kernel_config_records.records[12].w2_shape[1],2048
03-partial-auto-kv,expert_cache_stats[3].kernel_config_records.records[12].w2_shape[2],128
03-partial-auto-kv,expert_cache_stats[3].kernel_config_records.records[12].config.BLOCK_SIZE_K,64
03-partial-auto-kv,expert_cache_stats[3].kernel_config_records.records[12].config.BLOCK_SIZE_M,16
03-partial-auto-kv,expert_cache_stats[3].kernel_config_records.records[12].config.BLOCK_SIZE_N,128
03-partial-auto-kv,expert_cache_stats[3].kernel_config_records.records[12].config.GROUP_SIZE_M,1
03-partial-auto-kv,expert_cache_stats[3].kernel_config_records.records[12].config.num_stages,3
03-partial-auto-kv,expert_cache_stats[3].kernel_config_records.records[12].config.num_warps,4
03-partial-auto-kv,expert_cache_stats[3].kernel_config_records.records[13].chunk_tokens,16
03-partial-auto-kv,expert_cache_stats[3].kernel_config_records.records[13].top_k,10
03-partial-auto-kv,expert_cache_stats[3].kernel_config_records.records[13].selections,48
03-partial-auto-kv,expert_cache_stats[3].kernel_config_records.records[13].w13_shape[0],512
03-partial-auto-kv,expert_cache_stats[3].kernel_config_records.records[13].w13_shape[1],256
03-partial-auto-kv,expert_cache_stats[3].kernel_config_records.records[13].w13_shape[2],2048
03-partial-auto-kv,expert_cache_stats[3].kernel_config_records.records[13].w2_shape[0],512
03-partial-auto-kv,expert_cache_stats[3].kernel_config_records.records[13].w2_shape[1],2048
03-partial-auto-kv,expert_cache_stats[3].kernel_config_records.records[13].w2_shape[2],128
03-partial-auto-kv,expert_cache_stats[3].kernel_config_records.records[13].config.BLOCK_SIZE_K,64
03-partial-auto-kv,expert_cache_stats[3].kernel_config_records.records[13].config.BLOCK_SIZE_M,16
03-partial-auto-kv,expert_cache_stats[3].kernel_config_records.records[13].config.BLOCK_SIZE_N,128
03-partial-auto-kv,expert_cache_stats[3].kernel_config_records.records[13].config.GROUP_SIZE_M,1
03-partial-auto-kv,expert_cache_stats[3].kernel_config_records.records[13].config.num_stages,3
03-partial-auto-kv,expert_cache_stats[3].kernel_config_records.records[13].config.num_warps,4
03-partial-auto-kv,expert_cache_stats[3].kernel_config_records.records[14].chunk_tokens,14
03-partial-auto-kv,expert_cache_stats[3].kernel_config_records.records[14].top_k,10
03-partial-auto-kv,expert_cache_stats[3].kernel_config_records.records[14].selections,48
03-partial-auto-kv,expert_cache_stats[3].kernel_config_records.records[14].w13_shape[0],512
03-partial-auto-kv,expert_cache_stats[3].kernel_config_records.records[14].w13_shape[1],256
03-partial-auto-kv,expert_cache_stats[3].kernel_config_records.records[14].w13_shape[2],2048
03-partial-auto-kv,expert_cache_stats[3].kernel_config_records.records[14].w2_shape[0],512
03-partial-auto-kv,expert_cache_stats[3].kernel_config_records.records[14].w2_shape[1],2048
03-partial-auto-kv,expert_cache_stats[3].kernel_config_records.records[14].w2_shape[2],128
03-partial-auto-kv,expert_cache_stats[3].kernel_config_records.records[14].config.BLOCK_SIZE_K,64
03-partial-auto-kv,expert_cache_stats[3].kernel_config_records.records[14].config.BLOCK_SIZE_M,16
03-partial-auto-kv,expert_cache_stats[3].kernel_config_records.records[14].config.BLOCK_SIZE_N,128
03-partial-auto-kv,expert_cache_stats[3].kernel_config_records.records[14].config.GROUP_SIZE_M,1
03-partial-auto-kv,expert_cache_stats[3].kernel_config_records.records[14].config.num_stages,3
03-partial-auto-kv,expert_cache_stats[3].kernel_config_records.records[14].config.num_warps,4
03-partial-auto-kv,expert_cache_stats[3].kernel_config_records.records[15].chunk_tokens,12
03-partial-auto-kv,expert_cache_stats[3].kernel_config_records.records[15].top_k,10
03-partial-auto-kv,expert_cache_stats[3].kernel_config_records.records[15].selections,48
03-partial-auto-kv,expert_cache_stats[3].kernel_config_records.records[15].w13_shape[0],512
03-partial-auto-kv,expert_cache_stats[3].kernel_config_records.records[15].w13_shape[1],256
03-partial-auto-kv,expert_cache_stats[3].kernel_config_records.records[15].w13_shape[2],2048
03-partial-auto-kv,expert_cache_stats[3].kernel_config_records.records[15].w2_shape[0],512
03-partial-auto-kv,expert_cache_stats[3].kernel_config_records.records[15].w2_shape[1],2048
03-partial-auto-kv,expert_cache_stats[3].kernel_config_records.records[15].w2_shape[2],128
03-partial-auto-kv,expert_cache_stats[3].kernel_config_records.records[15].config.BLOCK_SIZE_K,64
03-partial-auto-kv,expert_cache_stats[3].kernel_config_records.records[15].config.BLOCK_SIZE_M,16
03-partial-auto-kv,expert_cache_stats[3].kernel_config_records.records[15].config.BLOCK_SIZE_N,128
03-partial-auto-kv,expert_cache_stats[3].kernel_config_records.records[15].config.GROUP_SIZE_M,1
03-partial-auto-kv,expert_cache_stats[3].kernel_config_records.records[15].config.num_stages,3
03-partial-auto-kv,expert_cache_stats[3].kernel_config_records.records[15].config.num_warps,4
03-partial-auto-kv,expert_cache_stats[3].kernel_config_records.records[16].chunk_tokens,10
03-partial-auto-kv,expert_cache_stats[3].kernel_config_records.records[16].top_k,10
03-partial-auto-kv,expert_cache_stats[3].kernel_config_records.records[16].selections,48
03-partial-auto-kv,expert_cache_stats[3].kernel_config_records.records[16].w13_shape[0],512
03-partial-auto-kv,expert_cache_stats[3].kernel_config_records.records[16].w13_shape[1],256
03-partial-auto-kv,expert_cache_stats[3].kernel_config_records.records[16].w13_shape[2],2048
03-partial-auto-kv,expert_cache_stats[3].kernel_config_records.records[16].w2_shape[0],512
03-partial-auto-kv,expert_cache_stats[3].kernel_config_records.records[16].w2_shape[1],2048
03-partial-auto-kv,expert_cache_stats[3].kernel_config_records.records[16].w2_shape[2],128
03-partial-auto-kv,expert_cache_stats[3].kernel_config_records.records[16].config.BLOCK_SIZE_K,64
03-partial-auto-kv,expert_cache_stats[3].kernel_config_records.records[16].config.BLOCK_SIZE_M,16
03-partial-auto-kv,expert_cache_stats[3].kernel_config_records.records[16].config.BLOCK_SIZE_N,128
03-partial-auto-kv,expert_cache_stats[3].kernel_config_records.records[16].config.GROUP_SIZE_M,1
03-partial-auto-kv,expert_cache_stats[3].kernel_config_records.records[16].config.num_stages,3
03-partial-auto-kv,expert_cache_stats[3].kernel_config_records.records[16].config.num_warps,4
03-partial-auto-kv,expert_cache_stats[3].kernel_config_records.records[17].chunk_tokens,8
03-partial-auto-kv,expert_cache_stats[3].kernel_config_records.records[17].top_k,10
03-partial-auto-kv,expert_cache_stats[3].kernel_config_records.records[17].selections,48
03-partial-auto-kv,expert_cache_stats[3].kernel_config_records.records[17].w13_shape[0],512
03-partial-auto-kv,expert_cache_stats[3].kernel_config_records.records[17].w13_shape[1],256
03-partial-auto-kv,expert_cache_stats[3].kernel_config_records.records[17].w13_shape[2],2048
03-partial-auto-kv,expert_cache_stats[3].kernel_config_records.records[17].w2_shape[0],512
03-partial-auto-kv,expert_cache_stats[3].kernel_config_records.records[17].w2_shape[1],2048
03-partial-auto-kv,expert_cache_stats[3].kernel_config_records.records[17].w2_shape[2],128
03-partial-auto-kv,expert_cache_stats[3].kernel_config_records.records[17].config.BLOCK_SIZE_K,64
03-partial-auto-kv,expert_cache_stats[3].kernel_config_records.records[17].config.BLOCK_SIZE_M,16
03-partial-auto-kv,expert_cache_stats[3].kernel_config_records.records[17].config.BLOCK_SIZE_N,128
03-partial-auto-kv,expert_cache_stats[3].kernel_config_records.records[17].config.GROUP_SIZE_M,1
03-partial-auto-kv,expert_cache_stats[3].kernel_config_records.records[17].config.num_stages,3
03-partial-auto-kv,expert_cache_stats[3].kernel_config_records.records[17].config.num_warps,4
03-partial-auto-kv,expert_cache_stats[3].kernel_config_records.records[18].chunk_tokens,6
03-partial-auto-kv,expert_cache_stats[3].kernel_config_records.records[18].top_k,10
03-partial-auto-kv,expert_cache_stats[3].kernel_config_records.records[18].selections,48
03-partial-auto-kv,expert_cache_stats[3].kernel_config_records.records[18].w13_shape[0],512
03-partial-auto-kv,expert_cache_stats[3].kernel_config_records.records[18].w13_shape[1],256
03-partial-auto-kv,expert_cache_stats[3].kernel_config_records.records[18].w13_shape[2],2048
03-partial-auto-kv,expert_cache_stats[3].kernel_config_records.records[18].w2_shape[0],512
03-partial-auto-kv,expert_cache_stats[3].kernel_config_records.records[18].w2_shape[1],2048
03-partial-auto-kv,expert_cache_stats[3].kernel_config_records.records[18].w2_shape[2],128
03-partial-auto-kv,expert_cache_stats[3].kernel_config_records.records[18].config.BLOCK_SIZE_K,64
03-partial-auto-kv,expert_cache_stats[3].kernel_config_records.records[18].config.BLOCK_SIZE_M,16
03-partial-auto-kv,expert_cache_stats[3].kernel_config_records.records[18].config.BLOCK_SIZE_N,128
03-partial-auto-kv,expert_cache_stats[3].kernel_config_records.records[18].config.GROUP_SIZE_M,1
03-partial-auto-kv,expert_cache_stats[3].kernel_config_records.records[18].config.num_stages,4
03-partial-auto-kv,expert_cache_stats[3].kernel_config_records.records[18].config.num_warps,4
03-partial-auto-kv,expert_cache_stats[3].kernel_config_records.records[19].chunk_tokens,4
03-partial-auto-kv,expert_cache_stats[3].kernel_config_records.records[19].top_k,10
03-partial-auto-kv,expert_cache_stats[3].kernel_config_records.records[19].selections,48
03-partial-auto-kv,expert_cache_stats[3].kernel_config_records.records[19].w13_shape[0],512
03-partial-auto-kv,expert_cache_stats[3].kernel_config_records.records[19].w13_shape[1],256
03-partial-auto-kv,expert_cache_stats[3].kernel_config_records.records[19].w13_shape[2],2048
03-partial-auto-kv,expert_cache_stats[3].kernel_config_records.records[19].w2_shape[0],512
03-partial-auto-kv,expert_cache_stats[3].kernel_config_records.records[19].w2_shape[1],2048
03-partial-auto-kv,expert_cache_stats[3].kernel_config_records.records[19].w2_shape[2],128
03-partial-auto-kv,expert_cache_stats[3].kernel_config_records.records[19].config.BLOCK_SIZE_K,64
03-partial-auto-kv,expert_cache_stats[3].kernel_config_records.records[19].config.BLOCK_SIZE_M,16
03-partial-auto-kv,expert_cache_stats[3].kernel_config_records.records[19].config.BLOCK_SIZE_N,128
03-partial-auto-kv,expert_cache_stats[3].kernel_config_records.records[19].config.GROUP_SIZE_M,1
03-partial-auto-kv,expert_cache_stats[3].kernel_config_records.records[19].config.num_stages,4
03-partial-auto-kv,expert_cache_stats[3].kernel_config_records.records[19].config.num_warps,4
03-partial-auto-kv,expert_cache_stats[3].kernel_config_records.records[20].chunk_tokens,2
03-partial-auto-kv,expert_cache_stats[3].kernel_config_records.records[20].top_k,10
03-partial-auto-kv,expert_cache_stats[3].kernel_config_records.records[20].selections,48
03-partial-auto-kv,expert_cache_stats[3].kernel_config_records.records[20].w13_shape[0],512
03-partial-auto-kv,expert_cache_stats[3].kernel_config_records.records[20].w13_shape[1],256
03-partial-auto-kv,expert_cache_stats[3].kernel_config_records.records[20].w13_shape[2],2048
03-partial-auto-kv,expert_cache_stats[3].kernel_config_records.records[20].w2_shape[0],512
03-partial-auto-kv,expert_cache_stats[3].kernel_config_records.records[20].w2_shape[1],2048
03-partial-auto-kv,expert_cache_stats[3].kernel_config_records.records[20].w2_shape[2],128
03-partial-auto-kv,expert_cache_stats[3].kernel_config_records.records[20].config.BLOCK_SIZE_K,64
03-partial-auto-kv,expert_cache_stats[3].kernel_config_records.records[20].config.BLOCK_SIZE_M,32
03-partial-auto-kv,expert_cache_stats[3].kernel_config_records.records[20].config.BLOCK_SIZE_N,64
03-partial-auto-kv,expert_cache_stats[3].kernel_config_records.records[20].config.GROUP_SIZE_M,1
03-partial-auto-kv,expert_cache_stats[3].kernel_config_records.records[20].config.num_stages,4
03-partial-auto-kv,expert_cache_stats[3].kernel_config_records.records[20].config.num_warps,8
