run_id,field,value
01-resident,schema_version,1
01-resident,run_id,01-resident
01-resident,arm,resident
01-resident,status,complete
01-resident,offload_count,0
01-resident,staging_slots,1
01-resident,repetitions_completed,3
01-resident,requested_kv_cache_bytes,
01-resident,exit_code,0
01-resident,launcher_elapsed_s,553.7039147238247
01-resident,smoke_matches_resident,
01-resident,performance_outputs_stable,False
01-resident,contract.batch_size,512
01-resident,contract.context_length,4096
01-resident,contract.output_length,256
01-resident,contract.tensor_parallel_size,4
01-resident,contract.gpu_memory_utilization,0.6
01-resident,contract.seed,20260905
01-resident,contract.warmups,1
01-resident,contract.timing_samples,128
01-resident,contract.max_num_seqs,256
01-resident,contract.max_num_batched_tokens,8192
01-resident,contract.repetitions_requested,3
01-resident,contract.smoke_output_length,8
01-resident,contract.source_request_count,256
01-resident,contract.unique_selected_request_count,224
01-resident,contract.repeated_request_count,288
01-resident,contract.commit,9649784642eff262cb8ddd91da7cd2f0f9a1ceed
01-resident,contract.model_identity_sha256,f197bd16d71c7da5e1472aacaeb3bd213c41d7688695ac857cf30665fe951a59
01-resident,contract.model_config_sha256,2d483c7cabad7c8704478ed4038fa7e7b2eff840bc00a118eccbe38e2b488303
01-resident,contract.dataset_sha256,ae5e2428733c21f39efdd1c6ba45d9dac78e4f00d43a0a930151034eda178445
01-resident,contract.dataset_manifest_sha256,d1fa27a78c422ed77b6e44e7c1b642c8cdf3d1a5b1068d7ee0c4996079f8a75b
01-resident,contract.input_sha256,13abc9130bb2f98f27a3ab9f964d21647d0678ebd78e9f31f8df78363b5feadd
01-resident,contract.engine_policy_sha256,cd382d21c6bd9eaf8488fe2481fbca17ac61e4d1b636dbcfbad18048cadc714c
01-resident,contract.dtype,bfloat16
01-resident,contract.versions.torch,2.8.0+cu128
01-resident,contract.versions.vllm,0.10.2
01-resident,contract.versions.cuda,12.8
01-resident,contract.versions.vllm_commit,01efc7ef781391e744ed08c3292817a773d654e6
01-resident,contract.comparison_backend,expert-cache
01-resident,contract.expert_cache.resident_ratio,0.5
01-resident,contract.expert_cache.cache_policy,decayed-lfu
01-resident,contract.expert_cache.cache_slots,256
01-resident,contract.expert_cache.calibration_count,32
01-resident,contract.expert_cache.timing_samples,128
01-resident,contract.expert_cache.profile_sha256,0c54d62f0f172a2fe11e201125c385bed91db37df7d949dff7a929686b96357e
01-resident,contract.expert_cache.identity.geometry.total_layers,48
01-resident,contract.expert_cache.identity.geometry.num_experts,512
01-resident,contract.expert_cache.identity.geometry.hidden_size,2048
01-resident,contract.expert_cache.identity.geometry.intermediate_size,128
01-resident,contract.expert_cache.identity.tensor_parallel_size,4
01-resident,contract.expert_cache.identity.model_config_sha256,2d483c7cabad7c8704478ed4038fa7e7b2eff840bc00a118eccbe38e2b488303
01-resident,contract.expert_cache.identity.model_identity_sha256,24f6a89ba0e0435caffbb3d056425fb1fe980fca09d5a8749dfb231bd24880d8
01-resident,contract.calibration_count,32
01-resident,contract.evaluation_pool_count,224
01-resident,contract.calibration_input_hashes_sha256,feaa8b330120d2781328031822d540c273fb008c811faa1e05e92e5b18e3958f
01-resident,contract.sampling_policy,heldout-token-hash-first-unique
01-resident,contract.split_scope,full-prompt-token-hashes; source-conversation-disjointness-not-claimed
01-resident,memory[0].rank,0
01-resident,memory[0].total_gpu_bytes,85017493504
01-resident,memory[0].free_gpu_bytes,32914866176
01-resident,memory[0].torch_allocated_bytes,48997714432
01-resident,memory[0].torch_reserved_bytes,49985617920
01-resident,memory[0].torch_peak_allocated_bytes,49565196288
01-resident,memory[0].torch_peak_reserved_bytes,49985617920
01-resident,memory[0].available_kv_cache_bytes,
01-resident,memory[0].model_memory_bytes,39959379968
01-resident,memory[0].kv_cache_allocated_bytes,8970829824
01-resident,memory[0].kv_cache_declared_bytes,8970829824
01-resident,memory[0].num_gpu_blocks,2684
01-resident,memory[0].kv_cache_accounting_consistent,True
01-resident,memory[1].rank,1
01-resident,memory[1].total_gpu_bytes,85017493504
01-resident,memory[1].free_gpu_bytes,32914866176
01-resident,memory[1].torch_allocated_bytes,48997714432
01-resident,memory[1].torch_reserved_bytes,49985617920
01-resident,memory[1].torch_peak_allocated_bytes,49565196288
01-resident,memory[1].torch_peak_reserved_bytes,49985617920
01-resident,memory[1].available_kv_cache_bytes,
01-resident,memory[1].model_memory_bytes,39959379968
01-resident,memory[1].kv_cache_allocated_bytes,8970829824
01-resident,memory[1].kv_cache_declared_bytes,8970829824
01-resident,memory[1].num_gpu_blocks,2684
01-resident,memory[1].kv_cache_accounting_consistent,True
01-resident,memory[2].rank,2
01-resident,memory[2].total_gpu_bytes,85017493504
01-resident,memory[2].free_gpu_bytes,32914866176
01-resident,memory[2].torch_allocated_bytes,48997714432
01-resident,memory[2].torch_reserved_bytes,49985617920
01-resident,memory[2].torch_peak_allocated_bytes,49565196288
01-resident,memory[2].torch_peak_reserved_bytes,49985617920
01-resident,memory[2].available_kv_cache_bytes,
01-resident,memory[2].model_memory_bytes,39959379968
01-resident,memory[2].kv_cache_allocated_bytes,8970829824
01-resident,memory[2].kv_cache_declared_bytes,8970829824
01-resident,memory[2].num_gpu_blocks,2684
01-resident,memory[2].kv_cache_accounting_consistent,True
01-resident,memory[3].rank,3
01-resident,memory[3].total_gpu_bytes,85017493504
01-resident,memory[3].free_gpu_bytes,32914866176
01-resident,memory[3].torch_allocated_bytes,48997714432
01-resident,memory[3].torch_reserved_bytes,49985617920
01-resident,memory[3].torch_peak_allocated_bytes,49565196288
01-resident,memory[3].torch_peak_reserved_bytes,49985617920
01-resident,memory[3].available_kv_cache_bytes,
01-resident,memory[3].model_memory_bytes,39959379968
01-resident,memory[3].kv_cache_allocated_bytes,8970829824
01-resident,memory[3].kv_cache_declared_bytes,8970829824
01-resident,memory[3].num_gpu_blocks,2684
01-resident,memory[3].kv_cache_accounting_consistent,True
01-resident,final_memory[0].rank,0
01-resident,final_memory[0].total_gpu_bytes,85017493504
01-resident,final_memory[0].free_gpu_bytes,29972561920
01-resident,final_memory[0].torch_allocated_bytes,48997736448
01-resident,final_memory[0].torch_reserved_bytes,49985617920
01-resident,final_memory[0].torch_peak_allocated_bytes,49641704448
01-resident,final_memory[0].torch_peak_reserved_bytes,49985617920
01-resident,final_memory[0].available_kv_cache_bytes,
01-resident,final_memory[0].model_memory_bytes,39959379968
01-resident,final_memory[0].kv_cache_allocated_bytes,8970829824
01-resident,final_memory[0].kv_cache_declared_bytes,8970829824
01-resident,final_memory[0].num_gpu_blocks,2684
01-resident,final_memory[0].kv_cache_accounting_consistent,True
01-resident,final_memory[1].rank,1
01-resident,final_memory[1].total_gpu_bytes,85017493504
01-resident,final_memory[1].free_gpu_bytes,29972561920
01-resident,final_memory[1].torch_allocated_bytes,48997736448
01-resident,final_memory[1].torch_reserved_bytes,49985617920
01-resident,final_memory[1].torch_peak_allocated_bytes,49641704448
01-resident,final_memory[1].torch_peak_reserved_bytes,49985617920
01-resident,final_memory[1].available_kv_cache_bytes,
01-resident,final_memory[1].model_memory_bytes,39959379968
01-resident,final_memory[1].kv_cache_allocated_bytes,8970829824
01-resident,final_memory[1].kv_cache_declared_bytes,8970829824
01-resident,final_memory[1].num_gpu_blocks,2684
01-resident,final_memory[1].kv_cache_accounting_consistent,True
01-resident,final_memory[2].rank,2
01-resident,final_memory[2].total_gpu_bytes,85017493504
01-resident,final_memory[2].free_gpu_bytes,29972561920
01-resident,final_memory[2].torch_allocated_bytes,48997736448
01-resident,final_memory[2].torch_reserved_bytes,49985617920
01-resident,final_memory[2].torch_peak_allocated_bytes,49641704448
01-resident,final_memory[2].torch_peak_reserved_bytes,49985617920
01-resident,final_memory[2].available_kv_cache_bytes,
01-resident,final_memory[2].model_memory_bytes,39959379968
01-resident,final_memory[2].kv_cache_allocated_bytes,8970829824
01-resident,final_memory[2].kv_cache_declared_bytes,8970829824
01-resident,final_memory[2].num_gpu_blocks,2684
01-resident,final_memory[2].kv_cache_accounting_consistent,True
01-resident,final_memory[3].rank,3
01-resident,final_memory[3].total_gpu_bytes,85017493504
01-resident,final_memory[3].free_gpu_bytes,29972561920
01-resident,final_memory[3].torch_allocated_bytes,48997736448
01-resident,final_memory[3].torch_reserved_bytes,49985617920
01-resident,final_memory[3].torch_peak_allocated_bytes,49641704448
01-resident,final_memory[3].torch_peak_reserved_bytes,49985617920
01-resident,final_memory[3].available_kv_cache_bytes,
01-resident,final_memory[3].model_memory_bytes,39959379968
01-resident,final_memory[3].kv_cache_allocated_bytes,8970829824
01-resident,final_memory[3].kv_cache_declared_bytes,8970829824
01-resident,final_memory[3].num_gpu_blocks,2684
01-resident,final_memory[3].kv_cache_accounting_consistent,True
01-resident,hardware_budget.total_gpu_bytes_by_rank[0],85017493504
01-resident,hardware_budget.total_gpu_bytes_by_rank[1],85017493504
01-resident,hardware_budget.total_gpu_bytes_by_rank[2],85017493504
01-resident,hardware_budget.total_gpu_bytes_by_rank[3],85017493504
01-resident,hardware_budget.requested_gpu_bytes_by_rank[0],51010496102
01-resident,hardware_budget.requested_gpu_bytes_by_rank[1],51010496102
01-resident,hardware_budget.requested_gpu_bytes_by_rank[2],51010496102
01-resident,hardware_budget.requested_gpu_bytes_by_rank[3],51010496102
01-resident,smoke.elapsed_s,14.667285293806344
01-resident,smoke.generated_tokens,8
01-resident,smoke.request_count,1
01-resident,smoke.output_tokens_per_second,0.5454315396304601
01-resident,smoke.latency_available_requests,0
01-resident,smoke.ttft_available_requests,0
01-resident,smoke.ttft_median_s,
01-resident,smoke.request_latency_median_s,
01-resident,smoke.input_sha256,17f2a44427ea95c77ac3a8fa8b47048c812b09533a104b80986621be6e484bf7
01-resident,smoke.output_sha256,b512fd12a4a5eace21091c769d8bf4d4bf5d2f1a5577411243f4c11e02c6d54d
01-resident,repetitions[0].repetition,0
01-resident,repetitions[0].elapsed_s,104.93484721612185
01-resident,repetitions[0].generated_tokens,131072
01-resident,repetitions[0].request_count,512
01-resident,repetitions[0].output_tokens_per_second,1249.0798193096575
01-resident,repetitions[0].latency_available_requests,0
01-resident,repetitions[0].ttft_available_requests,0
01-resident,repetitions[0].ttft_median_s,
01-resident,repetitions[0].request_latency_median_s,
01-resident,repetitions[0].output_sha256,314fdd11a9a052e134e3b9b9c018aa40b0c26fc910785ffea8e3d1710bda4f8a
01-resident,repetitions[0].timing_available,False
01-resident,repetitions[0].diagnostics.h2d_bytes,0
01-resident,repetitions[0].diagnostics.copy_launches,0
01-resident,repetitions[0].diagnostics.startup_resident_h2d_bytes,0
01-resident,repetitions[0].diagnostics.promotion_d2d_bytes,0
01-resident,repetitions[0].diagnostics.metadata_h2d_bytes,0
01-resident,repetitions[0].diagnostics.unique_demands,0
01-resident,repetitions[0].diagnostics.resident_hits,0
01-resident,repetitions[0].diagnostics.timing.route_d2h_s,0
01-resident,repetitions[0].diagnostics.timing.policy_cpu_s,0
01-resident,repetitions[0].diagnostics.timing.host_reuse_wait_s,0
01-resident,repetitions[0].diagnostics.timing.host_gather_s,0
01-resident,repetitions[0].diagnostics.timing.h2d_enqueue_s,0
01-resident,repetitions[0].diagnostics.timing.compute_enqueue_s,0
01-resident,repetitions[0].diagnostics.timing.cuda_sample_count,0
01-resident,repetitions[0].diagnostics.timing.load_cuda_s,0
01-resident,repetitions[0].diagnostics.timing.compute_cuda_s,0
01-resident,repetitions[0].diagnostics.timing.promotion_cuda_s,0
01-resident,repetitions[0].diagnostics.policy.observations,0
01-resident,repetitions[0].diagnostics.policy.unique_demands,0
01-resident,repetitions[0].diagnostics.policy.completed_forwards,0
01-resident,repetitions[0].diagnostics.policy.decay_events,0
01-resident,repetitions[0].diagnostics.policy.cache_hits,0
01-resident,repetitions[0].diagnostics.policy.cache_misses,0
01-resident,repetitions[0].diagnostics.policy.admissions,0
01-resident,repetitions[0].diagnostics.policy.evictions,0
01-resident,repetitions[0].diagnostics.policy.cache_bypasses,0
01-resident,repetitions[0].diagnostics.policy.reconfigurations,0
01-resident,repetitions[0].diagnostics.policy.cache_hit_ratio,
01-resident,repetitions[0].diagnostics.per_rank[0].h2d_bytes,0
01-resident,repetitions[0].diagnostics.per_rank[0].copy_launches,0
01-resident,repetitions[0].diagnostics.per_rank[0].startup_resident_h2d_bytes,0
01-resident,repetitions[0].diagnostics.per_rank[0].promotion_d2d_bytes,0
01-resident,repetitions[0].diagnostics.per_rank[0].metadata_h2d_bytes,0
01-resident,repetitions[0].diagnostics.per_rank[0].unique_demands,0
01-resident,repetitions[0].diagnostics.per_rank[0].resident_hits,0
01-resident,repetitions[0].diagnostics.per_rank[0].timing.route_d2h_s,0
01-resident,repetitions[0].diagnostics.per_rank[0].timing.policy_cpu_s,0
01-resident,repetitions[0].diagnostics.per_rank[0].timing.host_reuse_wait_s,0
01-resident,repetitions[0].diagnostics.per_rank[0].timing.host_gather_s,0
01-resident,repetitions[0].diagnostics.per_rank[0].timing.h2d_enqueue_s,0
01-resident,repetitions[0].diagnostics.per_rank[0].timing.compute_enqueue_s,0
01-resident,repetitions[0].diagnostics.per_rank[0].timing.cuda_sample_count,0
01-resident,repetitions[0].diagnostics.per_rank[0].timing.load_cuda_s,0
01-resident,repetitions[0].diagnostics.per_rank[0].timing.compute_cuda_s,0
01-resident,repetitions[0].diagnostics.per_rank[0].timing.promotion_cuda_s,0
01-resident,repetitions[0].diagnostics.per_rank[0].policy.observations,0
01-resident,repetitions[0].diagnostics.per_rank[0].policy.unique_demands,0
01-resident,repetitions[0].diagnostics.per_rank[0].policy.completed_forwards,0
01-resident,repetitions[0].diagnostics.per_rank[0].policy.decay_events,0
01-resident,repetitions[0].diagnostics.per_rank[0].policy.cache_hits,0
01-resident,repetitions[0].diagnostics.per_rank[0].policy.cache_misses,0
01-resident,repetitions[0].diagnostics.per_rank[0].policy.admissions,0
01-resident,repetitions[0].diagnostics.per_rank[0].policy.evictions,0
01-resident,repetitions[0].diagnostics.per_rank[0].policy.cache_bypasses,0
01-resident,repetitions[0].diagnostics.per_rank[0].policy.reconfigurations,0
01-resident,repetitions[0].diagnostics.per_rank[0].policy.cache_hit_ratio,
01-resident,repetitions[0].diagnostics.per_rank[0].rank,0
01-resident,repetitions[0].diagnostics.per_rank[1].h2d_bytes,0
01-resident,repetitions[0].diagnostics.per_rank[1].copy_launches,0
01-resident,repetitions[0].diagnostics.per_rank[1].startup_resident_h2d_bytes,0
01-resident,repetitions[0].diagnostics.per_rank[1].promotion_d2d_bytes,0
01-resident,repetitions[0].diagnostics.per_rank[1].metadata_h2d_bytes,0
01-resident,repetitions[0].diagnostics.per_rank[1].unique_demands,0
01-resident,repetitions[0].diagnostics.per_rank[1].resident_hits,0
01-resident,repetitions[0].diagnostics.per_rank[1].timing.route_d2h_s,0
01-resident,repetitions[0].diagnostics.per_rank[1].timing.policy_cpu_s,0
01-resident,repetitions[0].diagnostics.per_rank[1].timing.host_reuse_wait_s,0
01-resident,repetitions[0].diagnostics.per_rank[1].timing.host_gather_s,0
01-resident,repetitions[0].diagnostics.per_rank[1].timing.h2d_enqueue_s,0
01-resident,repetitions[0].diagnostics.per_rank[1].timing.compute_enqueue_s,0
01-resident,repetitions[0].diagnostics.per_rank[1].timing.cuda_sample_count,0
01-resident,repetitions[0].diagnostics.per_rank[1].timing.load_cuda_s,0
01-resident,repetitions[0].diagnostics.per_rank[1].timing.compute_cuda_s,0
01-resident,repetitions[0].diagnostics.per_rank[1].timing.promotion_cuda_s,0
01-resident,repetitions[0].diagnostics.per_rank[1].policy.observations,0
01-resident,repetitions[0].diagnostics.per_rank[1].policy.unique_demands,0
01-resident,repetitions[0].diagnostics.per_rank[1].policy.completed_forwards,0
01-resident,repetitions[0].diagnostics.per_rank[1].policy.decay_events,0
01-resident,repetitions[0].diagnostics.per_rank[1].policy.cache_hits,0
01-resident,repetitions[0].diagnostics.per_rank[1].policy.cache_misses,0
01-resident,repetitions[0].diagnostics.per_rank[1].policy.admissions,0
01-resident,repetitions[0].diagnostics.per_rank[1].policy.evictions,0
01-resident,repetitions[0].diagnostics.per_rank[1].policy.cache_bypasses,0
01-resident,repetitions[0].diagnostics.per_rank[1].policy.reconfigurations,0
01-resident,repetitions[0].diagnostics.per_rank[1].policy.cache_hit_ratio,
01-resident,repetitions[0].diagnostics.per_rank[1].rank,1
01-resident,repetitions[0].diagnostics.per_rank[2].h2d_bytes,0
01-resident,repetitions[0].diagnostics.per_rank[2].copy_launches,0
01-resident,repetitions[0].diagnostics.per_rank[2].startup_resident_h2d_bytes,0
01-resident,repetitions[0].diagnostics.per_rank[2].promotion_d2d_bytes,0
01-resident,repetitions[0].diagnostics.per_rank[2].metadata_h2d_bytes,0
01-resident,repetitions[0].diagnostics.per_rank[2].unique_demands,0
01-resident,repetitions[0].diagnostics.per_rank[2].resident_hits,0
01-resident,repetitions[0].diagnostics.per_rank[2].timing.route_d2h_s,0
01-resident,repetitions[0].diagnostics.per_rank[2].timing.policy_cpu_s,0
01-resident,repetitions[0].diagnostics.per_rank[2].timing.host_reuse_wait_s,0
01-resident,repetitions[0].diagnostics.per_rank[2].timing.host_gather_s,0
01-resident,repetitions[0].diagnostics.per_rank[2].timing.h2d_enqueue_s,0
01-resident,repetitions[0].diagnostics.per_rank[2].timing.compute_enqueue_s,0
01-resident,repetitions[0].diagnostics.per_rank[2].timing.cuda_sample_count,0
01-resident,repetitions[0].diagnostics.per_rank[2].timing.load_cuda_s,0
01-resident,repetitions[0].diagnostics.per_rank[2].timing.compute_cuda_s,0
01-resident,repetitions[0].diagnostics.per_rank[2].timing.promotion_cuda_s,0
01-resident,repetitions[0].diagnostics.per_rank[2].policy.observations,0
01-resident,repetitions[0].diagnostics.per_rank[2].policy.unique_demands,0
01-resident,repetitions[0].diagnostics.per_rank[2].policy.completed_forwards,0
01-resident,repetitions[0].diagnostics.per_rank[2].policy.decay_events,0
01-resident,repetitions[0].diagnostics.per_rank[2].policy.cache_hits,0
01-resident,repetitions[0].diagnostics.per_rank[2].policy.cache_misses,0
01-resident,repetitions[0].diagnostics.per_rank[2].policy.admissions,0
01-resident,repetitions[0].diagnostics.per_rank[2].policy.evictions,0
01-resident,repetitions[0].diagnostics.per_rank[2].policy.cache_bypasses,0
01-resident,repetitions[0].diagnostics.per_rank[2].policy.reconfigurations,0
01-resident,repetitions[0].diagnostics.per_rank[2].policy.cache_hit_ratio,
01-resident,repetitions[0].diagnostics.per_rank[2].rank,2
01-resident,repetitions[0].diagnostics.per_rank[3].h2d_bytes,0
01-resident,repetitions[0].diagnostics.per_rank[3].copy_launches,0
01-resident,repetitions[0].diagnostics.per_rank[3].startup_resident_h2d_bytes,0
01-resident,repetitions[0].diagnostics.per_rank[3].promotion_d2d_bytes,0
01-resident,repetitions[0].diagnostics.per_rank[3].metadata_h2d_bytes,0
01-resident,repetitions[0].diagnostics.per_rank[3].unique_demands,0
01-resident,repetitions[0].diagnostics.per_rank[3].resident_hits,0
01-resident,repetitions[0].diagnostics.per_rank[3].timing.route_d2h_s,0
01-resident,repetitions[0].diagnostics.per_rank[3].timing.policy_cpu_s,0
01-resident,repetitions[0].diagnostics.per_rank[3].timing.host_reuse_wait_s,0
01-resident,repetitions[0].diagnostics.per_rank[3].timing.host_gather_s,0
01-resident,repetitions[0].diagnostics.per_rank[3].timing.h2d_enqueue_s,0
01-resident,repetitions[0].diagnostics.per_rank[3].timing.compute_enqueue_s,0
01-resident,repetitions[0].diagnostics.per_rank[3].timing.cuda_sample_count,0
01-resident,repetitions[0].diagnostics.per_rank[3].timing.load_cuda_s,0
01-resident,repetitions[0].diagnostics.per_rank[3].timing.compute_cuda_s,0
01-resident,repetitions[0].diagnostics.per_rank[3].timing.promotion_cuda_s,0
01-resident,repetitions[0].diagnostics.per_rank[3].policy.observations,0
01-resident,repetitions[0].diagnostics.per_rank[3].policy.unique_demands,0
01-resident,repetitions[0].diagnostics.per_rank[3].policy.completed_forwards,0
01-resident,repetitions[0].diagnostics.per_rank[3].policy.decay_events,0
01-resident,repetitions[0].diagnostics.per_rank[3].policy.cache_hits,0
01-resident,repetitions[0].diagnostics.per_rank[3].policy.cache_misses,0
01-resident,repetitions[0].diagnostics.per_rank[3].policy.admissions,0
01-resident,repetitions[0].diagnostics.per_rank[3].policy.evictions,0
01-resident,repetitions[0].diagnostics.per_rank[3].policy.cache_bypasses,0
01-resident,repetitions[0].diagnostics.per_rank[3].policy.reconfigurations,0
01-resident,repetitions[0].diagnostics.per_rank[3].policy.cache_hit_ratio,
01-resident,repetitions[0].diagnostics.per_rank[3].rank,3
01-resident,repetitions[0].memory[0].rank,0
01-resident,repetitions[0].memory[0].total_gpu_bytes,85017493504
01-resident,repetitions[0].memory[0].free_gpu_bytes,29972561920
01-resident,repetitions[0].memory[0].torch_allocated_bytes,48997736448
01-resident,repetitions[0].memory[0].torch_reserved_bytes,49985617920
01-resident,repetitions[0].memory[0].torch_peak_allocated_bytes,49641704448
01-resident,repetitions[0].memory[0].torch_peak_reserved_bytes,49985617920
01-resident,repetitions[0].memory[0].kv_cache_allocated_bytes,8970829824
01-resident,repetitions[0].memory[0].num_gpu_blocks,2684
01-resident,repetitions[0].memory[0].kv_cache_declared_bytes,8970829824
01-resident,repetitions[0].memory[0].kv_cache_accounting_consistent,True
01-resident,repetitions[0].memory[1].rank,1
01-resident,repetitions[0].memory[1].total_gpu_bytes,85017493504
01-resident,repetitions[0].memory[1].free_gpu_bytes,29972561920
01-resident,repetitions[0].memory[1].torch_allocated_bytes,48997736448
01-resident,repetitions[0].memory[1].torch_reserved_bytes,49985617920
01-resident,repetitions[0].memory[1].torch_peak_allocated_bytes,49641704448
01-resident,repetitions[0].memory[1].torch_peak_reserved_bytes,49985617920
01-resident,repetitions[0].memory[1].kv_cache_allocated_bytes,8970829824
01-resident,repetitions[0].memory[1].num_gpu_blocks,2684
01-resident,repetitions[0].memory[1].kv_cache_declared_bytes,8970829824
01-resident,repetitions[0].memory[1].kv_cache_accounting_consistent,True
01-resident,repetitions[0].memory[2].rank,2
01-resident,repetitions[0].memory[2].total_gpu_bytes,85017493504
01-resident,repetitions[0].memory[2].free_gpu_bytes,29972561920
01-resident,repetitions[0].memory[2].torch_allocated_bytes,48997736448
01-resident,repetitions[0].memory[2].torch_reserved_bytes,49985617920
01-resident,repetitions[0].memory[2].torch_peak_allocated_bytes,49641704448
01-resident,repetitions[0].memory[2].torch_peak_reserved_bytes,49985617920
01-resident,repetitions[0].memory[2].kv_cache_allocated_bytes,8970829824
01-resident,repetitions[0].memory[2].num_gpu_blocks,2684
01-resident,repetitions[0].memory[2].kv_cache_declared_bytes,8970829824
01-resident,repetitions[0].memory[2].kv_cache_accounting_consistent,True
01-resident,repetitions[0].memory[3].rank,3
01-resident,repetitions[0].memory[3].total_gpu_bytes,85017493504
01-resident,repetitions[0].memory[3].free_gpu_bytes,29972561920
01-resident,repetitions[0].memory[3].torch_allocated_bytes,48997736448
01-resident,repetitions[0].memory[3].torch_reserved_bytes,49985617920
01-resident,repetitions[0].memory[3].torch_peak_allocated_bytes,49641704448
01-resident,repetitions[0].memory[3].torch_peak_reserved_bytes,49985617920
01-resident,repetitions[0].memory[3].kv_cache_allocated_bytes,8970829824
01-resident,repetitions[0].memory[3].num_gpu_blocks,2684
01-resident,repetitions[0].memory[3].kv_cache_declared_bytes,8970829824
01-resident,repetitions[0].memory[3].kv_cache_accounting_consistent,True
01-resident,repetitions[0].memory_peak_scope,measured-generate-after-synchronized-reset
01-resident,repetitions[1].repetition,1
01-resident,repetitions[1].elapsed_s,104.66972786420956
01-resident,repetitions[1].generated_tokens,131072
01-resident,repetitions[1].request_count,512
01-resident,repetitions[1].output_tokens_per_second,1252.243630269515
01-resident,repetitions[1].latency_available_requests,0
01-resident,repetitions[1].ttft_available_requests,0
01-resident,repetitions[1].ttft_median_s,
01-resident,repetitions[1].request_latency_median_s,
01-resident,repetitions[1].output_sha256,abc7a96db356d42aff7d9b51cebb65ac41f5d9ad1ed044c2cea1987abd780d72
01-resident,repetitions[1].timing_available,False
01-resident,repetitions[1].diagnostics.h2d_bytes,0
01-resident,repetitions[1].diagnostics.copy_launches,0
01-resident,repetitions[1].diagnostics.startup_resident_h2d_bytes,0
01-resident,repetitions[1].diagnostics.promotion_d2d_bytes,0
01-resident,repetitions[1].diagnostics.metadata_h2d_bytes,0
01-resident,repetitions[1].diagnostics.unique_demands,0
01-resident,repetitions[1].diagnostics.resident_hits,0
01-resident,repetitions[1].diagnostics.timing.route_d2h_s,0
01-resident,repetitions[1].diagnostics.timing.policy_cpu_s,0
01-resident,repetitions[1].diagnostics.timing.host_reuse_wait_s,0
01-resident,repetitions[1].diagnostics.timing.host_gather_s,0
01-resident,repetitions[1].diagnostics.timing.h2d_enqueue_s,0
01-resident,repetitions[1].diagnostics.timing.compute_enqueue_s,0
01-resident,repetitions[1].diagnostics.timing.cuda_sample_count,0
01-resident,repetitions[1].diagnostics.timing.load_cuda_s,0
01-resident,repetitions[1].diagnostics.timing.compute_cuda_s,0
01-resident,repetitions[1].diagnostics.timing.promotion_cuda_s,0
01-resident,repetitions[1].diagnostics.policy.observations,0
01-resident,repetitions[1].diagnostics.policy.unique_demands,0
01-resident,repetitions[1].diagnostics.policy.completed_forwards,0
01-resident,repetitions[1].diagnostics.policy.decay_events,0
01-resident,repetitions[1].diagnostics.policy.cache_hits,0
01-resident,repetitions[1].diagnostics.policy.cache_misses,0
01-resident,repetitions[1].diagnostics.policy.admissions,0
01-resident,repetitions[1].diagnostics.policy.evictions,0
01-resident,repetitions[1].diagnostics.policy.cache_bypasses,0
01-resident,repetitions[1].diagnostics.policy.reconfigurations,0
01-resident,repetitions[1].diagnostics.policy.cache_hit_ratio,
01-resident,repetitions[1].diagnostics.per_rank[0].h2d_bytes,0
01-resident,repetitions[1].diagnostics.per_rank[0].copy_launches,0
01-resident,repetitions[1].diagnostics.per_rank[0].startup_resident_h2d_bytes,0
01-resident,repetitions[1].diagnostics.per_rank[0].promotion_d2d_bytes,0
01-resident,repetitions[1].diagnostics.per_rank[0].metadata_h2d_bytes,0
01-resident,repetitions[1].diagnostics.per_rank[0].unique_demands,0
01-resident,repetitions[1].diagnostics.per_rank[0].resident_hits,0
01-resident,repetitions[1].diagnostics.per_rank[0].timing.route_d2h_s,0
01-resident,repetitions[1].diagnostics.per_rank[0].timing.policy_cpu_s,0
01-resident,repetitions[1].diagnostics.per_rank[0].timing.host_reuse_wait_s,0
01-resident,repetitions[1].diagnostics.per_rank[0].timing.host_gather_s,0
01-resident,repetitions[1].diagnostics.per_rank[0].timing.h2d_enqueue_s,0
01-resident,repetitions[1].diagnostics.per_rank[0].timing.compute_enqueue_s,0
01-resident,repetitions[1].diagnostics.per_rank[0].timing.cuda_sample_count,0
01-resident,repetitions[1].diagnostics.per_rank[0].timing.load_cuda_s,0
01-resident,repetitions[1].diagnostics.per_rank[0].timing.compute_cuda_s,0
01-resident,repetitions[1].diagnostics.per_rank[0].timing.promotion_cuda_s,0
01-resident,repetitions[1].diagnostics.per_rank[0].policy.observations,0
01-resident,repetitions[1].diagnostics.per_rank[0].policy.unique_demands,0
01-resident,repetitions[1].diagnostics.per_rank[0].policy.completed_forwards,0
01-resident,repetitions[1].diagnostics.per_rank[0].policy.decay_events,0
01-resident,repetitions[1].diagnostics.per_rank[0].policy.cache_hits,0
01-resident,repetitions[1].diagnostics.per_rank[0].policy.cache_misses,0
01-resident,repetitions[1].diagnostics.per_rank[0].policy.admissions,0
01-resident,repetitions[1].diagnostics.per_rank[0].policy.evictions,0
01-resident,repetitions[1].diagnostics.per_rank[0].policy.cache_bypasses,0
01-resident,repetitions[1].diagnostics.per_rank[0].policy.reconfigurations,0
01-resident,repetitions[1].diagnostics.per_rank[0].policy.cache_hit_ratio,
01-resident,repetitions[1].diagnostics.per_rank[0].rank,0
01-resident,repetitions[1].diagnostics.per_rank[1].h2d_bytes,0
01-resident,repetitions[1].diagnostics.per_rank[1].copy_launches,0
01-resident,repetitions[1].diagnostics.per_rank[1].startup_resident_h2d_bytes,0
01-resident,repetitions[1].diagnostics.per_rank[1].promotion_d2d_bytes,0
01-resident,repetitions[1].diagnostics.per_rank[1].metadata_h2d_bytes,0
01-resident,repetitions[1].diagnostics.per_rank[1].unique_demands,0
01-resident,repetitions[1].diagnostics.per_rank[1].resident_hits,0
01-resident,repetitions[1].diagnostics.per_rank[1].timing.route_d2h_s,0
01-resident,repetitions[1].diagnostics.per_rank[1].timing.policy_cpu_s,0
01-resident,repetitions[1].diagnostics.per_rank[1].timing.host_reuse_wait_s,0
01-resident,repetitions[1].diagnostics.per_rank[1].timing.host_gather_s,0
01-resident,repetitions[1].diagnostics.per_rank[1].timing.h2d_enqueue_s,0
01-resident,repetitions[1].diagnostics.per_rank[1].timing.compute_enqueue_s,0
01-resident,repetitions[1].diagnostics.per_rank[1].timing.cuda_sample_count,0
01-resident,repetitions[1].diagnostics.per_rank[1].timing.load_cuda_s,0
01-resident,repetitions[1].diagnostics.per_rank[1].timing.compute_cuda_s,0
01-resident,repetitions[1].diagnostics.per_rank[1].timing.promotion_cuda_s,0
01-resident,repetitions[1].diagnostics.per_rank[1].policy.observations,0
01-resident,repetitions[1].diagnostics.per_rank[1].policy.unique_demands,0
01-resident,repetitions[1].diagnostics.per_rank[1].policy.completed_forwards,0
01-resident,repetitions[1].diagnostics.per_rank[1].policy.decay_events,0
01-resident,repetitions[1].diagnostics.per_rank[1].policy.cache_hits,0
01-resident,repetitions[1].diagnostics.per_rank[1].policy.cache_misses,0
01-resident,repetitions[1].diagnostics.per_rank[1].policy.admissions,0
01-resident,repetitions[1].diagnostics.per_rank[1].policy.evictions,0
01-resident,repetitions[1].diagnostics.per_rank[1].policy.cache_bypasses,0
01-resident,repetitions[1].diagnostics.per_rank[1].policy.reconfigurations,0
01-resident,repetitions[1].diagnostics.per_rank[1].policy.cache_hit_ratio,
01-resident,repetitions[1].diagnostics.per_rank[1].rank,1
01-resident,repetitions[1].diagnostics.per_rank[2].h2d_bytes,0
01-resident,repetitions[1].diagnostics.per_rank[2].copy_launches,0
01-resident,repetitions[1].diagnostics.per_rank[2].startup_resident_h2d_bytes,0
01-resident,repetitions[1].diagnostics.per_rank[2].promotion_d2d_bytes,0
01-resident,repetitions[1].diagnostics.per_rank[2].metadata_h2d_bytes,0
01-resident,repetitions[1].diagnostics.per_rank[2].unique_demands,0
01-resident,repetitions[1].diagnostics.per_rank[2].resident_hits,0
01-resident,repetitions[1].diagnostics.per_rank[2].timing.route_d2h_s,0
01-resident,repetitions[1].diagnostics.per_rank[2].timing.policy_cpu_s,0
01-resident,repetitions[1].diagnostics.per_rank[2].timing.host_reuse_wait_s,0
01-resident,repetitions[1].diagnostics.per_rank[2].timing.host_gather_s,0
01-resident,repetitions[1].diagnostics.per_rank[2].timing.h2d_enqueue_s,0
01-resident,repetitions[1].diagnostics.per_rank[2].timing.compute_enqueue_s,0
01-resident,repetitions[1].diagnostics.per_rank[2].timing.cuda_sample_count,0
01-resident,repetitions[1].diagnostics.per_rank[2].timing.load_cuda_s,0
01-resident,repetitions[1].diagnostics.per_rank[2].timing.compute_cuda_s,0
01-resident,repetitions[1].diagnostics.per_rank[2].timing.promotion_cuda_s,0
01-resident,repetitions[1].diagnostics.per_rank[2].policy.observations,0
01-resident,repetitions[1].diagnostics.per_rank[2].policy.unique_demands,0
01-resident,repetitions[1].diagnostics.per_rank[2].policy.completed_forwards,0
01-resident,repetitions[1].diagnostics.per_rank[2].policy.decay_events,0
01-resident,repetitions[1].diagnostics.per_rank[2].policy.cache_hits,0
01-resident,repetitions[1].diagnostics.per_rank[2].policy.cache_misses,0
01-resident,repetitions[1].diagnostics.per_rank[2].policy.admissions,0
01-resident,repetitions[1].diagnostics.per_rank[2].policy.evictions,0
01-resident,repetitions[1].diagnostics.per_rank[2].policy.cache_bypasses,0
01-resident,repetitions[1].diagnostics.per_rank[2].policy.reconfigurations,0
01-resident,repetitions[1].diagnostics.per_rank[2].policy.cache_hit_ratio,
01-resident,repetitions[1].diagnostics.per_rank[2].rank,2
01-resident,repetitions[1].diagnostics.per_rank[3].h2d_bytes,0
01-resident,repetitions[1].diagnostics.per_rank[3].copy_launches,0
01-resident,repetitions[1].diagnostics.per_rank[3].startup_resident_h2d_bytes,0
01-resident,repetitions[1].diagnostics.per_rank[3].promotion_d2d_bytes,0
01-resident,repetitions[1].diagnostics.per_rank[3].metadata_h2d_bytes,0
01-resident,repetitions[1].diagnostics.per_rank[3].unique_demands,0
01-resident,repetitions[1].diagnostics.per_rank[3].resident_hits,0
01-resident,repetitions[1].diagnostics.per_rank[3].timing.route_d2h_s,0
01-resident,repetitions[1].diagnostics.per_rank[3].timing.policy_cpu_s,0
01-resident,repetitions[1].diagnostics.per_rank[3].timing.host_reuse_wait_s,0
01-resident,repetitions[1].diagnostics.per_rank[3].timing.host_gather_s,0
01-resident,repetitions[1].diagnostics.per_rank[3].timing.h2d_enqueue_s,0
01-resident,repetitions[1].diagnostics.per_rank[3].timing.compute_enqueue_s,0
01-resident,repetitions[1].diagnostics.per_rank[3].timing.cuda_sample_count,0
01-resident,repetitions[1].diagnostics.per_rank[3].timing.load_cuda_s,0
01-resident,repetitions[1].diagnostics.per_rank[3].timing.compute_cuda_s,0
01-resident,repetitions[1].diagnostics.per_rank[3].timing.promotion_cuda_s,0
01-resident,repetitions[1].diagnostics.per_rank[3].policy.observations,0
01-resident,repetitions[1].diagnostics.per_rank[3].policy.unique_demands,0
01-resident,repetitions[1].diagnostics.per_rank[3].policy.completed_forwards,0
01-resident,repetitions[1].diagnostics.per_rank[3].policy.decay_events,0
01-resident,repetitions[1].diagnostics.per_rank[3].policy.cache_hits,0
01-resident,repetitions[1].diagnostics.per_rank[3].policy.cache_misses,0
01-resident,repetitions[1].diagnostics.per_rank[3].policy.admissions,0
01-resident,repetitions[1].diagnostics.per_rank[3].policy.evictions,0
01-resident,repetitions[1].diagnostics.per_rank[3].policy.cache_bypasses,0
01-resident,repetitions[1].diagnostics.per_rank[3].policy.reconfigurations,0
01-resident,repetitions[1].diagnostics.per_rank[3].policy.cache_hit_ratio,
01-resident,repetitions[1].diagnostics.per_rank[3].rank,3
01-resident,repetitions[1].memory[0].rank,0
01-resident,repetitions[1].memory[0].total_gpu_bytes,85017493504
01-resident,repetitions[1].memory[0].free_gpu_bytes,29972561920
01-resident,repetitions[1].memory[0].torch_allocated_bytes,48997736448
01-resident,repetitions[1].memory[0].torch_reserved_bytes,49985617920
01-resident,repetitions[1].memory[0].torch_peak_allocated_bytes,49641704448
01-resident,repetitions[1].memory[0].torch_peak_reserved_bytes,49985617920
01-resident,repetitions[1].memory[0].kv_cache_allocated_bytes,8970829824
01-resident,repetitions[1].memory[0].num_gpu_blocks,2684
01-resident,repetitions[1].memory[0].kv_cache_declared_bytes,8970829824
01-resident,repetitions[1].memory[0].kv_cache_accounting_consistent,True
01-resident,repetitions[1].memory[1].rank,1
01-resident,repetitions[1].memory[1].total_gpu_bytes,85017493504
01-resident,repetitions[1].memory[1].free_gpu_bytes,29972561920
01-resident,repetitions[1].memory[1].torch_allocated_bytes,48997736448
01-resident,repetitions[1].memory[1].torch_reserved_bytes,49985617920
01-resident,repetitions[1].memory[1].torch_peak_allocated_bytes,49641704448
01-resident,repetitions[1].memory[1].torch_peak_reserved_bytes,49985617920
01-resident,repetitions[1].memory[1].kv_cache_allocated_bytes,8970829824
01-resident,repetitions[1].memory[1].num_gpu_blocks,2684
01-resident,repetitions[1].memory[1].kv_cache_declared_bytes,8970829824
01-resident,repetitions[1].memory[1].kv_cache_accounting_consistent,True
01-resident,repetitions[1].memory[2].rank,2
01-resident,repetitions[1].memory[2].total_gpu_bytes,85017493504
01-resident,repetitions[1].memory[2].free_gpu_bytes,29972561920
01-resident,repetitions[1].memory[2].torch_allocated_bytes,48997736448
01-resident,repetitions[1].memory[2].torch_reserved_bytes,49985617920
01-resident,repetitions[1].memory[2].torch_peak_allocated_bytes,49641704448
01-resident,repetitions[1].memory[2].torch_peak_reserved_bytes,49985617920
01-resident,repetitions[1].memory[2].kv_cache_allocated_bytes,8970829824
01-resident,repetitions[1].memory[2].num_gpu_blocks,2684
01-resident,repetitions[1].memory[2].kv_cache_declared_bytes,8970829824
01-resident,repetitions[1].memory[2].kv_cache_accounting_consistent,True
01-resident,repetitions[1].memory[3].rank,3
01-resident,repetitions[1].memory[3].total_gpu_bytes,85017493504
01-resident,repetitions[1].memory[3].free_gpu_bytes,29972561920
01-resident,repetitions[1].memory[3].torch_allocated_bytes,48997736448
01-resident,repetitions[1].memory[3].torch_reserved_bytes,49985617920
01-resident,repetitions[1].memory[3].torch_peak_allocated_bytes,49641704448
01-resident,repetitions[1].memory[3].torch_peak_reserved_bytes,49985617920
01-resident,repetitions[1].memory[3].kv_cache_allocated_bytes,8970829824
01-resident,repetitions[1].memory[3].num_gpu_blocks,2684
01-resident,repetitions[1].memory[3].kv_cache_declared_bytes,8970829824
01-resident,repetitions[1].memory[3].kv_cache_accounting_consistent,True
01-resident,repetitions[1].memory_peak_scope,measured-generate-after-synchronized-reset
01-resident,repetitions[2].repetition,2
01-resident,repetitions[2].elapsed_s,104.80157807702199
01-resident,repetitions[2].generated_tokens,131072
01-resident,repetitions[2].request_count,512
01-resident,repetitions[2].output_tokens_per_second,1250.668190355598
01-resident,repetitions[2].latency_available_requests,0
01-resident,repetitions[2].ttft_available_requests,0
01-resident,repetitions[2].ttft_median_s,
01-resident,repetitions[2].request_latency_median_s,
01-resident,repetitions[2].output_sha256,7803806cf6c4f93366b276de4deffa0a01da2fb714139d4556bf156f298d13a7
01-resident,repetitions[2].timing_available,False
01-resident,repetitions[2].diagnostics.h2d_bytes,0
01-resident,repetitions[2].diagnostics.copy_launches,0
01-resident,repetitions[2].diagnostics.startup_resident_h2d_bytes,0
01-resident,repetitions[2].diagnostics.promotion_d2d_bytes,0
01-resident,repetitions[2].diagnostics.metadata_h2d_bytes,0
01-resident,repetitions[2].diagnostics.unique_demands,0
01-resident,repetitions[2].diagnostics.resident_hits,0
01-resident,repetitions[2].diagnostics.timing.route_d2h_s,0
01-resident,repetitions[2].diagnostics.timing.policy_cpu_s,0
01-resident,repetitions[2].diagnostics.timing.host_reuse_wait_s,0
01-resident,repetitions[2].diagnostics.timing.host_gather_s,0
01-resident,repetitions[2].diagnostics.timing.h2d_enqueue_s,0
01-resident,repetitions[2].diagnostics.timing.compute_enqueue_s,0
01-resident,repetitions[2].diagnostics.timing.cuda_sample_count,0
01-resident,repetitions[2].diagnostics.timing.load_cuda_s,0
01-resident,repetitions[2].diagnostics.timing.compute_cuda_s,0
01-resident,repetitions[2].diagnostics.timing.promotion_cuda_s,0
01-resident,repetitions[2].diagnostics.policy.observations,0
01-resident,repetitions[2].diagnostics.policy.unique_demands,0
01-resident,repetitions[2].diagnostics.policy.completed_forwards,0
01-resident,repetitions[2].diagnostics.policy.decay_events,0
01-resident,repetitions[2].diagnostics.policy.cache_hits,0
01-resident,repetitions[2].diagnostics.policy.cache_misses,0
01-resident,repetitions[2].diagnostics.policy.admissions,0
01-resident,repetitions[2].diagnostics.policy.evictions,0
01-resident,repetitions[2].diagnostics.policy.cache_bypasses,0
01-resident,repetitions[2].diagnostics.policy.reconfigurations,0
01-resident,repetitions[2].diagnostics.policy.cache_hit_ratio,
01-resident,repetitions[2].diagnostics.per_rank[0].h2d_bytes,0
01-resident,repetitions[2].diagnostics.per_rank[0].copy_launches,0
01-resident,repetitions[2].diagnostics.per_rank[0].startup_resident_h2d_bytes,0
01-resident,repetitions[2].diagnostics.per_rank[0].promotion_d2d_bytes,0
01-resident,repetitions[2].diagnostics.per_rank[0].metadata_h2d_bytes,0
01-resident,repetitions[2].diagnostics.per_rank[0].unique_demands,0
01-resident,repetitions[2].diagnostics.per_rank[0].resident_hits,0
01-resident,repetitions[2].diagnostics.per_rank[0].timing.route_d2h_s,0
01-resident,repetitions[2].diagnostics.per_rank[0].timing.policy_cpu_s,0
01-resident,repetitions[2].diagnostics.per_rank[0].timing.host_reuse_wait_s,0
01-resident,repetitions[2].diagnostics.per_rank[0].timing.host_gather_s,0
01-resident,repetitions[2].diagnostics.per_rank[0].timing.h2d_enqueue_s,0
01-resident,repetitions[2].diagnostics.per_rank[0].timing.compute_enqueue_s,0
01-resident,repetitions[2].diagnostics.per_rank[0].timing.cuda_sample_count,0
01-resident,repetitions[2].diagnostics.per_rank[0].timing.load_cuda_s,0
01-resident,repetitions[2].diagnostics.per_rank[0].timing.compute_cuda_s,0
01-resident,repetitions[2].diagnostics.per_rank[0].timing.promotion_cuda_s,0
01-resident,repetitions[2].diagnostics.per_rank[0].policy.observations,0
01-resident,repetitions[2].diagnostics.per_rank[0].policy.unique_demands,0
01-resident,repetitions[2].diagnostics.per_rank[0].policy.completed_forwards,0
01-resident,repetitions[2].diagnostics.per_rank[0].policy.decay_events,0
01-resident,repetitions[2].diagnostics.per_rank[0].policy.cache_hits,0
01-resident,repetitions[2].diagnostics.per_rank[0].policy.cache_misses,0
01-resident,repetitions[2].diagnostics.per_rank[0].policy.admissions,0
01-resident,repetitions[2].diagnostics.per_rank[0].policy.evictions,0
01-resident,repetitions[2].diagnostics.per_rank[0].policy.cache_bypasses,0
01-resident,repetitions[2].diagnostics.per_rank[0].policy.reconfigurations,0
01-resident,repetitions[2].diagnostics.per_rank[0].policy.cache_hit_ratio,
01-resident,repetitions[2].diagnostics.per_rank[0].rank,0
01-resident,repetitions[2].diagnostics.per_rank[1].h2d_bytes,0
01-resident,repetitions[2].diagnostics.per_rank[1].copy_launches,0
01-resident,repetitions[2].diagnostics.per_rank[1].startup_resident_h2d_bytes,0
01-resident,repetitions[2].diagnostics.per_rank[1].promotion_d2d_bytes,0
01-resident,repetitions[2].diagnostics.per_rank[1].metadata_h2d_bytes,0
01-resident,repetitions[2].diagnostics.per_rank[1].unique_demands,0
01-resident,repetitions[2].diagnostics.per_rank[1].resident_hits,0
01-resident,repetitions[2].diagnostics.per_rank[1].timing.route_d2h_s,0
01-resident,repetitions[2].diagnostics.per_rank[1].timing.policy_cpu_s,0
01-resident,repetitions[2].diagnostics.per_rank[1].timing.host_reuse_wait_s,0
01-resident,repetitions[2].diagnostics.per_rank[1].timing.host_gather_s,0
01-resident,repetitions[2].diagnostics.per_rank[1].timing.h2d_enqueue_s,0
01-resident,repetitions[2].diagnostics.per_rank[1].timing.compute_enqueue_s,0
01-resident,repetitions[2].diagnostics.per_rank[1].timing.cuda_sample_count,0
01-resident,repetitions[2].diagnostics.per_rank[1].timing.load_cuda_s,0
01-resident,repetitions[2].diagnostics.per_rank[1].timing.compute_cuda_s,0
01-resident,repetitions[2].diagnostics.per_rank[1].timing.promotion_cuda_s,0
01-resident,repetitions[2].diagnostics.per_rank[1].policy.observations,0
01-resident,repetitions[2].diagnostics.per_rank[1].policy.unique_demands,0
01-resident,repetitions[2].diagnostics.per_rank[1].policy.completed_forwards,0
01-resident,repetitions[2].diagnostics.per_rank[1].policy.decay_events,0
01-resident,repetitions[2].diagnostics.per_rank[1].policy.cache_hits,0
01-resident,repetitions[2].diagnostics.per_rank[1].policy.cache_misses,0
01-resident,repetitions[2].diagnostics.per_rank[1].policy.admissions,0
01-resident,repetitions[2].diagnostics.per_rank[1].policy.evictions,0
01-resident,repetitions[2].diagnostics.per_rank[1].policy.cache_bypasses,0
01-resident,repetitions[2].diagnostics.per_rank[1].policy.reconfigurations,0
01-resident,repetitions[2].diagnostics.per_rank[1].policy.cache_hit_ratio,
01-resident,repetitions[2].diagnostics.per_rank[1].rank,1
01-resident,repetitions[2].diagnostics.per_rank[2].h2d_bytes,0
01-resident,repetitions[2].diagnostics.per_rank[2].copy_launches,0
01-resident,repetitions[2].diagnostics.per_rank[2].startup_resident_h2d_bytes,0
01-resident,repetitions[2].diagnostics.per_rank[2].promotion_d2d_bytes,0
01-resident,repetitions[2].diagnostics.per_rank[2].metadata_h2d_bytes,0
01-resident,repetitions[2].diagnostics.per_rank[2].unique_demands,0
01-resident,repetitions[2].diagnostics.per_rank[2].resident_hits,0
01-resident,repetitions[2].diagnostics.per_rank[2].timing.route_d2h_s,0
01-resident,repetitions[2].diagnostics.per_rank[2].timing.policy_cpu_s,0
01-resident,repetitions[2].diagnostics.per_rank[2].timing.host_reuse_wait_s,0
01-resident,repetitions[2].diagnostics.per_rank[2].timing.host_gather_s,0
01-resident,repetitions[2].diagnostics.per_rank[2].timing.h2d_enqueue_s,0
01-resident,repetitions[2].diagnostics.per_rank[2].timing.compute_enqueue_s,0
01-resident,repetitions[2].diagnostics.per_rank[2].timing.cuda_sample_count,0
01-resident,repetitions[2].diagnostics.per_rank[2].timing.load_cuda_s,0
01-resident,repetitions[2].diagnostics.per_rank[2].timing.compute_cuda_s,0
01-resident,repetitions[2].diagnostics.per_rank[2].timing.promotion_cuda_s,0
01-resident,repetitions[2].diagnostics.per_rank[2].policy.observations,0
01-resident,repetitions[2].diagnostics.per_rank[2].policy.unique_demands,0
01-resident,repetitions[2].diagnostics.per_rank[2].policy.completed_forwards,0
01-resident,repetitions[2].diagnostics.per_rank[2].policy.decay_events,0
01-resident,repetitions[2].diagnostics.per_rank[2].policy.cache_hits,0
01-resident,repetitions[2].diagnostics.per_rank[2].policy.cache_misses,0
01-resident,repetitions[2].diagnostics.per_rank[2].policy.admissions,0
01-resident,repetitions[2].diagnostics.per_rank[2].policy.evictions,0
01-resident,repetitions[2].diagnostics.per_rank[2].policy.cache_bypasses,0
01-resident,repetitions[2].diagnostics.per_rank[2].policy.reconfigurations,0
01-resident,repetitions[2].diagnostics.per_rank[2].policy.cache_hit_ratio,
01-resident,repetitions[2].diagnostics.per_rank[2].rank,2
01-resident,repetitions[2].diagnostics.per_rank[3].h2d_bytes,0
01-resident,repetitions[2].diagnostics.per_rank[3].copy_launches,0
01-resident,repetitions[2].diagnostics.per_rank[3].startup_resident_h2d_bytes,0
01-resident,repetitions[2].diagnostics.per_rank[3].promotion_d2d_bytes,0
01-resident,repetitions[2].diagnostics.per_rank[3].metadata_h2d_bytes,0
01-resident,repetitions[2].diagnostics.per_rank[3].unique_demands,0
01-resident,repetitions[2].diagnostics.per_rank[3].resident_hits,0
01-resident,repetitions[2].diagnostics.per_rank[3].timing.route_d2h_s,0
01-resident,repetitions[2].diagnostics.per_rank[3].timing.policy_cpu_s,0
01-resident,repetitions[2].diagnostics.per_rank[3].timing.host_reuse_wait_s,0
01-resident,repetitions[2].diagnostics.per_rank[3].timing.host_gather_s,0
01-resident,repetitions[2].diagnostics.per_rank[3].timing.h2d_enqueue_s,0
01-resident,repetitions[2].diagnostics.per_rank[3].timing.compute_enqueue_s,0
01-resident,repetitions[2].diagnostics.per_rank[3].timing.cuda_sample_count,0
01-resident,repetitions[2].diagnostics.per_rank[3].timing.load_cuda_s,0
01-resident,repetitions[2].diagnostics.per_rank[3].timing.compute_cuda_s,0
01-resident,repetitions[2].diagnostics.per_rank[3].timing.promotion_cuda_s,0
01-resident,repetitions[2].diagnostics.per_rank[3].policy.observations,0
01-resident,repetitions[2].diagnostics.per_rank[3].policy.unique_demands,0
01-resident,repetitions[2].diagnostics.per_rank[3].policy.completed_forwards,0
01-resident,repetitions[2].diagnostics.per_rank[3].policy.decay_events,0
01-resident,repetitions[2].diagnostics.per_rank[3].policy.cache_hits,0
01-resident,repetitions[2].diagnostics.per_rank[3].policy.cache_misses,0
01-resident,repetitions[2].diagnostics.per_rank[3].policy.admissions,0
01-resident,repetitions[2].diagnostics.per_rank[3].policy.evictions,0
01-resident,repetitions[2].diagnostics.per_rank[3].policy.cache_bypasses,0
01-resident,repetitions[2].diagnostics.per_rank[3].policy.reconfigurations,0
01-resident,repetitions[2].diagnostics.per_rank[3].policy.cache_hit_ratio,
01-resident,repetitions[2].diagnostics.per_rank[3].rank,3
01-resident,repetitions[2].memory[0].rank,0
01-resident,repetitions[2].memory[0].total_gpu_bytes,85017493504
01-resident,repetitions[2].memory[0].free_gpu_bytes,29972561920
01-resident,repetitions[2].memory[0].torch_allocated_bytes,48997736448
01-resident,repetitions[2].memory[0].torch_reserved_bytes,49985617920
01-resident,repetitions[2].memory[0].torch_peak_allocated_bytes,49641704448
01-resident,repetitions[2].memory[0].torch_peak_reserved_bytes,49985617920
01-resident,repetitions[2].memory[0].kv_cache_allocated_bytes,8970829824
01-resident,repetitions[2].memory[0].num_gpu_blocks,2684
01-resident,repetitions[2].memory[0].kv_cache_declared_bytes,8970829824
01-resident,repetitions[2].memory[0].kv_cache_accounting_consistent,True
01-resident,repetitions[2].memory[1].rank,1
01-resident,repetitions[2].memory[1].total_gpu_bytes,85017493504
01-resident,repetitions[2].memory[1].free_gpu_bytes,29972561920
01-resident,repetitions[2].memory[1].torch_allocated_bytes,48997736448
01-resident,repetitions[2].memory[1].torch_reserved_bytes,49985617920
01-resident,repetitions[2].memory[1].torch_peak_allocated_bytes,49641704448
01-resident,repetitions[2].memory[1].torch_peak_reserved_bytes,49985617920
01-resident,repetitions[2].memory[1].kv_cache_allocated_bytes,8970829824
01-resident,repetitions[2].memory[1].num_gpu_blocks,2684
01-resident,repetitions[2].memory[1].kv_cache_declared_bytes,8970829824
01-resident,repetitions[2].memory[1].kv_cache_accounting_consistent,True
01-resident,repetitions[2].memory[2].rank,2
01-resident,repetitions[2].memory[2].total_gpu_bytes,85017493504
01-resident,repetitions[2].memory[2].free_gpu_bytes,29972561920
01-resident,repetitions[2].memory[2].torch_allocated_bytes,48997736448
01-resident,repetitions[2].memory[2].torch_reserved_bytes,49985617920
01-resident,repetitions[2].memory[2].torch_peak_allocated_bytes,49641704448
01-resident,repetitions[2].memory[2].torch_peak_reserved_bytes,49985617920
01-resident,repetitions[2].memory[2].kv_cache_allocated_bytes,8970829824
01-resident,repetitions[2].memory[2].num_gpu_blocks,2684
01-resident,repetitions[2].memory[2].kv_cache_declared_bytes,8970829824
01-resident,repetitions[2].memory[2].kv_cache_accounting_consistent,True
01-resident,repetitions[2].memory[3].rank,3
01-resident,repetitions[2].memory[3].total_gpu_bytes,85017493504
01-resident,repetitions[2].memory[3].free_gpu_bytes,29972561920
01-resident,repetitions[2].memory[3].torch_allocated_bytes,48997736448
01-resident,repetitions[2].memory[3].torch_reserved_bytes,49985617920
01-resident,repetitions[2].memory[3].torch_peak_allocated_bytes,49641704448
01-resident,repetitions[2].memory[3].torch_peak_reserved_bytes,49985617920
01-resident,repetitions[2].memory[3].kv_cache_allocated_bytes,8970829824
01-resident,repetitions[2].memory[3].num_gpu_blocks,2684
01-resident,repetitions[2].memory[3].kv_cache_declared_bytes,8970829824
01-resident,repetitions[2].memory[3].kv_cache_accounting_consistent,True
01-resident,repetitions[2].memory_peak_scope,measured-generate-after-synchronized-reset
01-resident,storage_backend,native
01-resident,expert_cache_stats[0].storage_backend,native
01-resident,expert_cache_stats[0].rank,0
01-resident,expert_cache_stats[0].h2d_bytes,0
01-resident,expert_cache_stats[0].copy_launches,0
01-resident,expert_cache_stats[0].startup_resident_h2d_bytes,0
01-resident,expert_cache_stats[0].promotion_d2d_bytes,0
01-resident,expert_cache_stats[0].metadata_h2d_bytes,0
01-resident,expert_cache_stats[0].unique_demands,0
01-resident,expert_cache_stats[0].resident_hits,0
01-resident,expert_cache_stats[0].timing.route_d2h_s,0
01-resident,expert_cache_stats[0].timing.policy_cpu_s,0
01-resident,expert_cache_stats[0].timing.host_reuse_wait_s,0
01-resident,expert_cache_stats[0].timing.host_gather_s,0
01-resident,expert_cache_stats[0].timing.h2d_enqueue_s,0
01-resident,expert_cache_stats[0].timing.compute_enqueue_s,0
01-resident,expert_cache_stats[0].timing.cuda_sample_count,0
01-resident,expert_cache_stats[0].timing.load_cuda_s,0
01-resident,expert_cache_stats[0].timing.compute_cuda_s,0
01-resident,expert_cache_stats[0].timing.promotion_cuda_s,0
01-resident,expert_cache_stats[0].policy.observations,0
01-resident,expert_cache_stats[0].policy.unique_demands,0
01-resident,expert_cache_stats[0].policy.completed_forwards,0
01-resident,expert_cache_stats[0].policy.decay_events,0
01-resident,expert_cache_stats[0].policy.cache_hits,0
01-resident,expert_cache_stats[0].policy.cache_misses,0
01-resident,expert_cache_stats[0].policy.admissions,0
01-resident,expert_cache_stats[0].policy.evictions,0
01-resident,expert_cache_stats[0].policy.cache_bypasses,0
01-resident,expert_cache_stats[0].policy.reconfigurations,0
01-resident,expert_cache_stats[1].storage_backend,native
01-resident,expert_cache_stats[1].rank,1
01-resident,expert_cache_stats[1].h2d_bytes,0
01-resident,expert_cache_stats[1].copy_launches,0
01-resident,expert_cache_stats[1].startup_resident_h2d_bytes,0
01-resident,expert_cache_stats[1].promotion_d2d_bytes,0
01-resident,expert_cache_stats[1].metadata_h2d_bytes,0
01-resident,expert_cache_stats[1].unique_demands,0
01-resident,expert_cache_stats[1].resident_hits,0
01-resident,expert_cache_stats[1].timing.route_d2h_s,0
01-resident,expert_cache_stats[1].timing.policy_cpu_s,0
01-resident,expert_cache_stats[1].timing.host_reuse_wait_s,0
01-resident,expert_cache_stats[1].timing.host_gather_s,0
01-resident,expert_cache_stats[1].timing.h2d_enqueue_s,0
01-resident,expert_cache_stats[1].timing.compute_enqueue_s,0
01-resident,expert_cache_stats[1].timing.cuda_sample_count,0
01-resident,expert_cache_stats[1].timing.load_cuda_s,0
01-resident,expert_cache_stats[1].timing.compute_cuda_s,0
01-resident,expert_cache_stats[1].timing.promotion_cuda_s,0
01-resident,expert_cache_stats[1].policy.observations,0
01-resident,expert_cache_stats[1].policy.unique_demands,0
01-resident,expert_cache_stats[1].policy.completed_forwards,0
01-resident,expert_cache_stats[1].policy.decay_events,0
01-resident,expert_cache_stats[1].policy.cache_hits,0
01-resident,expert_cache_stats[1].policy.cache_misses,0
01-resident,expert_cache_stats[1].policy.admissions,0
01-resident,expert_cache_stats[1].policy.evictions,0
01-resident,expert_cache_stats[1].policy.cache_bypasses,0
01-resident,expert_cache_stats[1].policy.reconfigurations,0
01-resident,expert_cache_stats[2].storage_backend,native
01-resident,expert_cache_stats[2].rank,2
01-resident,expert_cache_stats[2].h2d_bytes,0
01-resident,expert_cache_stats[2].copy_launches,0
01-resident,expert_cache_stats[2].startup_resident_h2d_bytes,0
01-resident,expert_cache_stats[2].promotion_d2d_bytes,0
01-resident,expert_cache_stats[2].metadata_h2d_bytes,0
01-resident,expert_cache_stats[2].unique_demands,0
01-resident,expert_cache_stats[2].resident_hits,0
01-resident,expert_cache_stats[2].timing.route_d2h_s,0
01-resident,expert_cache_stats[2].timing.policy_cpu_s,0
01-resident,expert_cache_stats[2].timing.host_reuse_wait_s,0
01-resident,expert_cache_stats[2].timing.host_gather_s,0
01-resident,expert_cache_stats[2].timing.h2d_enqueue_s,0
01-resident,expert_cache_stats[2].timing.compute_enqueue_s,0
01-resident,expert_cache_stats[2].timing.cuda_sample_count,0
01-resident,expert_cache_stats[2].timing.load_cuda_s,0
01-resident,expert_cache_stats[2].timing.compute_cuda_s,0
01-resident,expert_cache_stats[2].timing.promotion_cuda_s,0
01-resident,expert_cache_stats[2].policy.observations,0
01-resident,expert_cache_stats[2].policy.unique_demands,0
01-resident,expert_cache_stats[2].policy.completed_forwards,0
01-resident,expert_cache_stats[2].policy.decay_events,0
01-resident,expert_cache_stats[2].policy.cache_hits,0
01-resident,expert_cache_stats[2].policy.cache_misses,0
01-resident,expert_cache_stats[2].policy.admissions,0
01-resident,expert_cache_stats[2].policy.evictions,0
01-resident,expert_cache_stats[2].policy.cache_bypasses,0
01-resident,expert_cache_stats[2].policy.reconfigurations,0
01-resident,expert_cache_stats[3].storage_backend,native
01-resident,expert_cache_stats[3].rank,3
01-resident,expert_cache_stats[3].h2d_bytes,0
01-resident,expert_cache_stats[3].copy_launches,0
01-resident,expert_cache_stats[3].startup_resident_h2d_bytes,0
01-resident,expert_cache_stats[3].promotion_d2d_bytes,0
01-resident,expert_cache_stats[3].metadata_h2d_bytes,0
01-resident,expert_cache_stats[3].unique_demands,0
01-resident,expert_cache_stats[3].resident_hits,0
01-resident,expert_cache_stats[3].timing.route_d2h_s,0
01-resident,expert_cache_stats[3].timing.policy_cpu_s,0
01-resident,expert_cache_stats[3].timing.host_reuse_wait_s,0
01-resident,expert_cache_stats[3].timing.host_gather_s,0
01-resident,expert_cache_stats[3].timing.h2d_enqueue_s,0
01-resident,expert_cache_stats[3].timing.compute_enqueue_s,0
01-resident,expert_cache_stats[3].timing.cuda_sample_count,0
01-resident,expert_cache_stats[3].timing.load_cuda_s,0
01-resident,expert_cache_stats[3].timing.compute_cuda_s,0
01-resident,expert_cache_stats[3].timing.promotion_cuda_s,0
01-resident,expert_cache_stats[3].policy.observations,0
01-resident,expert_cache_stats[3].policy.unique_demands,0
01-resident,expert_cache_stats[3].policy.completed_forwards,0
01-resident,expert_cache_stats[3].policy.decay_events,0
01-resident,expert_cache_stats[3].policy.cache_hits,0
01-resident,expert_cache_stats[3].policy.cache_misses,0
01-resident,expert_cache_stats[3].policy.admissions,0
01-resident,expert_cache_stats[3].policy.evictions,0
01-resident,expert_cache_stats[3].policy.cache_bypasses,0
01-resident,expert_cache_stats[3].policy.reconfigurations,0
02-partial-fixed-kv,schema_version,1
02-partial-fixed-kv,run_id,02-partial-fixed-kv
02-partial-fixed-kv,arm,partial-fixed-kv
02-partial-fixed-kv,status,failed
02-partial-fixed-kv,offload_count,0
02-partial-fixed-kv,staging_slots,1
02-partial-fixed-kv,repetitions_completed,0
02-partial-fixed-kv,requested_kv_cache_bytes,8970829824
02-partial-fixed-kv,exit_code,143
02-partial-fixed-kv,launcher_elapsed_s,1238.580667251721
02-partial-fixed-kv,smoke_matches_resident,
02-partial-fixed-kv,contract.batch_size,512
02-partial-fixed-kv,contract.context_length,4096
02-partial-fixed-kv,contract.output_length,256
02-partial-fixed-kv,contract.tensor_parallel_size,4
02-partial-fixed-kv,contract.gpu_memory_utilization,0.6
02-partial-fixed-kv,contract.seed,20260905
02-partial-fixed-kv,contract.warmups,1
02-partial-fixed-kv,contract.timing_samples,128
02-partial-fixed-kv,contract.max_num_seqs,256
02-partial-fixed-kv,contract.max_num_batched_tokens,8192
02-partial-fixed-kv,contract.repetitions_requested,3
02-partial-fixed-kv,contract.smoke_output_length,8
02-partial-fixed-kv,contract.source_request_count,256
02-partial-fixed-kv,contract.unique_selected_request_count,224
02-partial-fixed-kv,contract.repeated_request_count,288
02-partial-fixed-kv,contract.commit,9649784642eff262cb8ddd91da7cd2f0f9a1ceed
02-partial-fixed-kv,contract.model_identity_sha256,f197bd16d71c7da5e1472aacaeb3bd213c41d7688695ac857cf30665fe951a59
02-partial-fixed-kv,contract.model_config_sha256,2d483c7cabad7c8704478ed4038fa7e7b2eff840bc00a118eccbe38e2b488303
02-partial-fixed-kv,contract.dataset_sha256,ae5e2428733c21f39efdd1c6ba45d9dac78e4f00d43a0a930151034eda178445
02-partial-fixed-kv,contract.dataset_manifest_sha256,d1fa27a78c422ed77b6e44e7c1b642c8cdf3d1a5b1068d7ee0c4996079f8a75b
02-partial-fixed-kv,contract.input_sha256,13abc9130bb2f98f27a3ab9f964d21647d0678ebd78e9f31f8df78363b5feadd
02-partial-fixed-kv,contract.engine_policy_sha256,cd382d21c6bd9eaf8488fe2481fbca17ac61e4d1b636dbcfbad18048cadc714c
02-partial-fixed-kv,contract.dtype,bfloat16
02-partial-fixed-kv,contract.versions.torch,2.8.0+cu128
02-partial-fixed-kv,contract.versions.vllm,0.10.2
02-partial-fixed-kv,contract.versions.cuda,12.8
02-partial-fixed-kv,contract.versions.vllm_commit,01efc7ef781391e744ed08c3292817a773d654e6
02-partial-fixed-kv,contract.comparison_backend,expert-cache
02-partial-fixed-kv,contract.expert_cache.resident_ratio,0.5
02-partial-fixed-kv,contract.expert_cache.cache_policy,decayed-lfu
02-partial-fixed-kv,contract.expert_cache.cache_slots,256
02-partial-fixed-kv,contract.expert_cache.calibration_count,32
02-partial-fixed-kv,contract.expert_cache.timing_samples,128
02-partial-fixed-kv,contract.expert_cache.profile_sha256,0c54d62f0f172a2fe11e201125c385bed91db37df7d949dff7a929686b96357e
02-partial-fixed-kv,contract.expert_cache.identity.geometry.total_layers,48
02-partial-fixed-kv,contract.expert_cache.identity.geometry.num_experts,512
02-partial-fixed-kv,contract.expert_cache.identity.geometry.hidden_size,2048
02-partial-fixed-kv,contract.expert_cache.identity.geometry.intermediate_size,128
02-partial-fixed-kv,contract.expert_cache.identity.tensor_parallel_size,4
02-partial-fixed-kv,contract.expert_cache.identity.model_config_sha256,2d483c7cabad7c8704478ed4038fa7e7b2eff840bc00a118eccbe38e2b488303
02-partial-fixed-kv,contract.expert_cache.identity.model_identity_sha256,24f6a89ba0e0435caffbb3d056425fb1fe980fca09d5a8749dfb231bd24880d8
02-partial-fixed-kv,contract.calibration_count,32
02-partial-fixed-kv,contract.evaluation_pool_count,224
02-partial-fixed-kv,contract.calibration_input_hashes_sha256,feaa8b330120d2781328031822d540c273fb008c811faa1e05e92e5b18e3958f
02-partial-fixed-kv,contract.sampling_policy,heldout-token-hash-first-unique
02-partial-fixed-kv,contract.split_scope,full-prompt-token-hashes; source-conversation-disjointness-not-claimed
02-partial-fixed-kv,memory[0].rank,0
02-partial-fixed-kv,memory[0].total_gpu_bytes,85017493504
02-partial-fixed-kv,memory[0].free_gpu_bytes,50986024960
02-partial-fixed-kv,memory[0].torch_allocated_bytes,30878327296
02-partial-fixed-kv,memory[0].torch_reserved_bytes,31912361984
02-partial-fixed-kv,memory[0].torch_peak_allocated_bytes,31479374848
02-partial-fixed-kv,memory[0].torch_peak_reserved_bytes,31912361984
02-partial-fixed-kv,memory[0].available_kv_cache_bytes,8970829824
02-partial-fixed-kv,memory[0].model_memory_bytes,21839992832
02-partial-fixed-kv,memory[0].kv_cache_allocated_bytes,8970829824
02-partial-fixed-kv,memory[0].kv_cache_declared_bytes,8970829824
02-partial-fixed-kv,memory[0].num_gpu_blocks,2684
02-partial-fixed-kv,memory[0].kv_cache_accounting_consistent,True
02-partial-fixed-kv,memory[1].rank,1
02-partial-fixed-kv,memory[1].total_gpu_bytes,85017493504
02-partial-fixed-kv,memory[1].free_gpu_bytes,50986024960
02-partial-fixed-kv,memory[1].torch_allocated_bytes,30878327296
02-partial-fixed-kv,memory[1].torch_reserved_bytes,31912361984
02-partial-fixed-kv,memory[1].torch_peak_allocated_bytes,31479374848
02-partial-fixed-kv,memory[1].torch_peak_reserved_bytes,31912361984
02-partial-fixed-kv,memory[1].available_kv_cache_bytes,8970829824
02-partial-fixed-kv,memory[1].model_memory_bytes,21839992832
02-partial-fixed-kv,memory[1].kv_cache_allocated_bytes,8970829824
02-partial-fixed-kv,memory[1].kv_cache_declared_bytes,8970829824
02-partial-fixed-kv,memory[1].num_gpu_blocks,2684
02-partial-fixed-kv,memory[1].kv_cache_accounting_consistent,True
02-partial-fixed-kv,memory[2].rank,2
02-partial-fixed-kv,memory[2].total_gpu_bytes,85017493504
02-partial-fixed-kv,memory[2].free_gpu_bytes,50986024960
02-partial-fixed-kv,memory[2].torch_allocated_bytes,30878327296
02-partial-fixed-kv,memory[2].torch_reserved_bytes,31912361984
02-partial-fixed-kv,memory[2].torch_peak_allocated_bytes,31479374848
02-partial-fixed-kv,memory[2].torch_peak_reserved_bytes,31912361984
02-partial-fixed-kv,memory[2].available_kv_cache_bytes,8970829824
02-partial-fixed-kv,memory[2].model_memory_bytes,21839992832
02-partial-fixed-kv,memory[2].kv_cache_allocated_bytes,8970829824
02-partial-fixed-kv,memory[2].kv_cache_declared_bytes,8970829824
02-partial-fixed-kv,memory[2].num_gpu_blocks,2684
02-partial-fixed-kv,memory[2].kv_cache_accounting_consistent,True
02-partial-fixed-kv,memory[3].rank,3
02-partial-fixed-kv,memory[3].total_gpu_bytes,85017493504
02-partial-fixed-kv,memory[3].free_gpu_bytes,50986024960
02-partial-fixed-kv,memory[3].torch_allocated_bytes,30878327296
02-partial-fixed-kv,memory[3].torch_reserved_bytes,31912361984
02-partial-fixed-kv,memory[3].torch_peak_allocated_bytes,31479374848
02-partial-fixed-kv,memory[3].torch_peak_reserved_bytes,31912361984
02-partial-fixed-kv,memory[3].available_kv_cache_bytes,8970829824
02-partial-fixed-kv,memory[3].model_memory_bytes,21839992832
02-partial-fixed-kv,memory[3].kv_cache_allocated_bytes,8970829824
02-partial-fixed-kv,memory[3].kv_cache_declared_bytes,8970829824
02-partial-fixed-kv,memory[3].num_gpu_blocks,2684
02-partial-fixed-kv,memory[3].kv_cache_accounting_consistent,True
02-partial-fixed-kv,hardware_budget.total_gpu_bytes_by_rank[0],85017493504
02-partial-fixed-kv,hardware_budget.total_gpu_bytes_by_rank[1],85017493504
02-partial-fixed-kv,hardware_budget.total_gpu_bytes_by_rank[2],85017493504
02-partial-fixed-kv,hardware_budget.total_gpu_bytes_by_rank[3],85017493504
02-partial-fixed-kv,hardware_budget.requested_gpu_bytes_by_rank[0],51010496102
02-partial-fixed-kv,hardware_budget.requested_gpu_bytes_by_rank[1],51010496102
02-partial-fixed-kv,hardware_budget.requested_gpu_bytes_by_rank[2],51010496102
02-partial-fixed-kv,hardware_budget.requested_gpu_bytes_by_rank[3],51010496102
02-partial-fixed-kv,storage_backend,expert-cache
02-partial-fixed-kv,expert_cache_stats[0].schema_version,1
02-partial-fixed-kv,expert_cache_stats[0].rank,0
02-partial-fixed-kv,expert_cache_stats[0].tensor_parallel_size,4
02-partial-fixed-kv,expert_cache_stats[0].total_layers,48
02-partial-fixed-kv,expert_cache_stats[0].num_experts,512
02-partial-fixed-kv,expert_cache_stats[0].physical_slots,13056
02-partial-fixed-kv,expert_cache_stats[0].resident_slots,12288
02-partial-fixed-kv,expert_cache_stats[0].cache_slots,256
02-partial-fixed-kv,expert_cache_stats[0].ingress_slots,512
02-partial-fixed-kv,expert_cache_stats[0].expert_bytes,1572864
02-partial-fixed-kv,expert_cache_stats[0].host_source_bytes,38654705664
02-partial-fixed-kv,expert_cache_stats[0].pinned_gather_bytes,805306368
02-partial-fixed-kv,expert_cache_stats[0].gpu_pool_bytes,20535312384
02-partial-fixed-kv,expert_cache_stats[0].gpu_resident_bytes,19327352832
02-partial-fixed-kv,expert_cache_stats[0].gpu_cache_bytes,402653184
02-partial-fixed-kv,expert_cache_stats[0].gpu_ingress_bytes,805306368
02-partial-fixed-kv,expert_cache_stats[0].gpu_metadata_bytes,6144
02-partial-fixed-kv,expert_cache_stats[0].pinned_metadata_bytes,6144
02-partial-fixed-kv,expert_cache_stats[0].net_freed_bytes,18119387136
02-partial-fixed-kv,expert_cache_stats[0].weights_verified,0
02-partial-fixed-kv,expert_cache_stats[0].cuda_timing_capacity,128
02-partial-fixed-kv,expert_cache_stats[0].h2d_bytes,783286272
02-partial-fixed-kv,expert_cache_stats[0].copy_launches,248
02-partial-fixed-kv,expert_cache_stats[0].startup_resident_h2d_bytes,19327352832
02-partial-fixed-kv,expert_cache_stats[0].promotion_d2d_bytes,637009920
02-partial-fixed-kv,expert_cache_stats[0].metadata_h2d_bytes,298152
02-partial-fixed-kv,expert_cache_stats[0].unique_demands,1666
02-partial-fixed-kv,expert_cache_stats[0].resident_hits,1151
02-partial-fixed-kv,expert_cache_stats[0].max_unique_per_forward,31
02-partial-fixed-kv,expert_cache_stats[0].mean_unique_coverage,0.022596571180555556
02-partial-fixed-kv,expert_cache_stats[0].resident_ratio,0.5
02-partial-fixed-kv,expert_cache_stats[0].policy.observations,144
02-partial-fixed-kv,expert_cache_stats[0].policy.unique_demands,1666
02-partial-fixed-kv,expert_cache_stats[0].policy.completed_forwards,3
02-partial-fixed-kv,expert_cache_stats[0].policy.decay_events,0
02-partial-fixed-kv,expert_cache_stats[0].policy.cache_hits,17
02-partial-fixed-kv,expert_cache_stats[0].policy.cache_misses,498
02-partial-fixed-kv,expert_cache_stats[0].policy.admissions,405
02-partial-fixed-kv,expert_cache_stats[0].policy.evictions,149
02-partial-fixed-kv,expert_cache_stats[0].policy.cache_bypasses,93
02-partial-fixed-kv,expert_cache_stats[0].policy.reconfigurations,0
02-partial-fixed-kv,expert_cache_stats[0].policy.resident_experts,12288
02-partial-fixed-kv,expert_cache_stats[0].policy.cache_slots,256
02-partial-fixed-kv,expert_cache_stats[0].policy.cache_entries,256
02-partial-fixed-kv,expert_cache_stats[0].policy.cache_hit_ratio,0.03300970873786408
02-partial-fixed-kv,expert_cache_stats[0].timing.route_d2h_s,1.3147562816739082
02-partial-fixed-kv,expert_cache_stats[0].timing.policy_cpu_s,0.009722138289362192
02-partial-fixed-kv,expert_cache_stats[0].timing.host_reuse_wait_s,0.0008237692527472973
02-partial-fixed-kv,expert_cache_stats[0].timing.host_gather_s,0.3755315691232681
02-partial-fixed-kv,expert_cache_stats[0].timing.h2d_enqueue_s,0.010142832063138485
02-partial-fixed-kv,expert_cache_stats[0].timing.compute_enqueue_s,0.24242121679708362
02-partial-fixed-kv,expert_cache_stats[0].timing.cuda_sample_count,5
02-partial-fixed-kv,expert_cache_stats[0].timing.load_cuda_s,0.0005922559946775436
02-partial-fixed-kv,expert_cache_stats[0].timing.compute_cuda_s,0.15898298251628876
02-partial-fixed-kv,expert_cache_stats[0].timing.promotion_cuda_s,0.00014524800051003695
02-partial-fixed-kv,expert_cache_stats[0].forward_counts[0],3
02-partial-fixed-kv,expert_cache_stats[0].forward_counts[1],3
02-partial-fixed-kv,expert_cache_stats[0].forward_counts[2],3
02-partial-fixed-kv,expert_cache_stats[0].forward_counts[3],3
02-partial-fixed-kv,expert_cache_stats[0].forward_counts[4],3
02-partial-fixed-kv,expert_cache_stats[0].forward_counts[5],3
02-partial-fixed-kv,expert_cache_stats[0].forward_counts[6],3
02-partial-fixed-kv,expert_cache_stats[0].forward_counts[7],3
02-partial-fixed-kv,expert_cache_stats[0].forward_counts[8],3
02-partial-fixed-kv,expert_cache_stats[0].forward_counts[9],3
02-partial-fixed-kv,expert_cache_stats[0].forward_counts[10],3
02-partial-fixed-kv,expert_cache_stats[0].forward_counts[11],3
02-partial-fixed-kv,expert_cache_stats[0].forward_counts[12],3
02-partial-fixed-kv,expert_cache_stats[0].forward_counts[13],3
02-partial-fixed-kv,expert_cache_stats[0].forward_counts[14],3
02-partial-fixed-kv,expert_cache_stats[0].forward_counts[15],3
02-partial-fixed-kv,expert_cache_stats[0].forward_counts[16],3
02-partial-fixed-kv,expert_cache_stats[0].forward_counts[17],3
02-partial-fixed-kv,expert_cache_stats[0].forward_counts[18],3
02-partial-fixed-kv,expert_cache_stats[0].forward_counts[19],3
02-partial-fixed-kv,expert_cache_stats[0].forward_counts[20],3
02-partial-fixed-kv,expert_cache_stats[0].forward_counts[21],3
02-partial-fixed-kv,expert_cache_stats[0].forward_counts[22],3
02-partial-fixed-kv,expert_cache_stats[0].forward_counts[23],3
02-partial-fixed-kv,expert_cache_stats[0].forward_counts[24],3
02-partial-fixed-kv,expert_cache_stats[0].forward_counts[25],3
02-partial-fixed-kv,expert_cache_stats[0].forward_counts[26],3
02-partial-fixed-kv,expert_cache_stats[0].forward_counts[27],3
02-partial-fixed-kv,expert_cache_stats[0].forward_counts[28],3
02-partial-fixed-kv,expert_cache_stats[0].forward_counts[29],3
02-partial-fixed-kv,expert_cache_stats[0].forward_counts[30],3
02-partial-fixed-kv,expert_cache_stats[0].forward_counts[31],3
02-partial-fixed-kv,expert_cache_stats[0].forward_counts[32],3
02-partial-fixed-kv,expert_cache_stats[0].forward_counts[33],3
02-partial-fixed-kv,expert_cache_stats[0].forward_counts[34],3
02-partial-fixed-kv,expert_cache_stats[0].forward_counts[35],3
02-partial-fixed-kv,expert_cache_stats[0].forward_counts[36],3
02-partial-fixed-kv,expert_cache_stats[0].forward_counts[37],3
02-partial-fixed-kv,expert_cache_stats[0].forward_counts[38],3
02-partial-fixed-kv,expert_cache_stats[0].forward_counts[39],3
02-partial-fixed-kv,expert_cache_stats[0].forward_counts[40],3
02-partial-fixed-kv,expert_cache_stats[0].forward_counts[41],3
02-partial-fixed-kv,expert_cache_stats[0].forward_counts[42],3
02-partial-fixed-kv,expert_cache_stats[0].forward_counts[43],3
02-partial-fixed-kv,expert_cache_stats[0].forward_counts[44],3
02-partial-fixed-kv,expert_cache_stats[0].forward_counts[45],3
02-partial-fixed-kv,expert_cache_stats[0].forward_counts[46],3
02-partial-fixed-kv,expert_cache_stats[0].forward_counts[47],3
02-partial-fixed-kv,expert_cache_stats[0].per_layer_unique_demands[0],30
02-partial-fixed-kv,expert_cache_stats[0].per_layer_unique_demands[1],30
02-partial-fixed-kv,expert_cache_stats[0].per_layer_unique_demands[2],31
02-partial-fixed-kv,expert_cache_stats[0].per_layer_unique_demands[3],32
02-partial-fixed-kv,expert_cache_stats[0].per_layer_unique_demands[4],30
02-partial-fixed-kv,expert_cache_stats[0].per_layer_unique_demands[5],31
02-partial-fixed-kv,expert_cache_stats[0].per_layer_unique_demands[6],31
02-partial-fixed-kv,expert_cache_stats[0].per_layer_unique_demands[7],31
02-partial-fixed-kv,expert_cache_stats[0].per_layer_unique_demands[8],33
02-partial-fixed-kv,expert_cache_stats[0].per_layer_unique_demands[9],32
02-partial-fixed-kv,expert_cache_stats[0].per_layer_unique_demands[10],32
02-partial-fixed-kv,expert_cache_stats[0].per_layer_unique_demands[11],32
02-partial-fixed-kv,expert_cache_stats[0].per_layer_unique_demands[12],30
02-partial-fixed-kv,expert_cache_stats[0].per_layer_unique_demands[13],32
02-partial-fixed-kv,expert_cache_stats[0].per_layer_unique_demands[14],32
02-partial-fixed-kv,expert_cache_stats[0].per_layer_unique_demands[15],30
02-partial-fixed-kv,expert_cache_stats[0].per_layer_unique_demands[16],31
02-partial-fixed-kv,expert_cache_stats[0].per_layer_unique_demands[17],33
02-partial-fixed-kv,expert_cache_stats[0].per_layer_unique_demands[18],31
02-partial-fixed-kv,expert_cache_stats[0].per_layer_unique_demands[19],34
02-partial-fixed-kv,expert_cache_stats[0].per_layer_unique_demands[20],32
02-partial-fixed-kv,expert_cache_stats[0].per_layer_unique_demands[21],33
02-partial-fixed-kv,expert_cache_stats[0].per_layer_unique_demands[22],36
02-partial-fixed-kv,expert_cache_stats[0].per_layer_unique_demands[23],33
02-partial-fixed-kv,expert_cache_stats[0].per_layer_unique_demands[24],33
02-partial-fixed-kv,expert_cache_stats[0].per_layer_unique_demands[25],31
02-partial-fixed-kv,expert_cache_stats[0].per_layer_unique_demands[26],35
02-partial-fixed-kv,expert_cache_stats[0].per_layer_unique_demands[27],36
02-partial-fixed-kv,expert_cache_stats[0].per_layer_unique_demands[28],37
02-partial-fixed-kv,expert_cache_stats[0].per_layer_unique_demands[29],34
02-partial-fixed-kv,expert_cache_stats[0].per_layer_unique_demands[30],36
02-partial-fixed-kv,expert_cache_stats[0].per_layer_unique_demands[31],35
02-partial-fixed-kv,expert_cache_stats[0].per_layer_unique_demands[32],37
02-partial-fixed-kv,expert_cache_stats[0].per_layer_unique_demands[33],38
02-partial-fixed-kv,expert_cache_stats[0].per_layer_unique_demands[34],35
02-partial-fixed-kv,expert_cache_stats[0].per_layer_unique_demands[35],33
02-partial-fixed-kv,expert_cache_stats[0].per_layer_unique_demands[36],36
02-partial-fixed-kv,expert_cache_stats[0].per_layer_unique_demands[37],34
02-partial-fixed-kv,expert_cache_stats[0].per_layer_unique_demands[38],38
02-partial-fixed-kv,expert_cache_stats[0].per_layer_unique_demands[39],33
02-partial-fixed-kv,expert_cache_stats[0].per_layer_unique_demands[40],34
02-partial-fixed-kv,expert_cache_stats[0].per_layer_unique_demands[41],34
02-partial-fixed-kv,expert_cache_stats[0].per_layer_unique_demands[42],39
02-partial-fixed-kv,expert_cache_stats[0].per_layer_unique_demands[43],46
02-partial-fixed-kv,expert_cache_stats[0].per_layer_unique_demands[44],39
02-partial-fixed-kv,expert_cache_stats[0].per_layer_unique_demands[45],45
02-partial-fixed-kv,expert_cache_stats[0].per_layer_unique_demands[46],55
02-partial-fixed-kv,expert_cache_stats[0].per_layer_unique_demands[47],51
02-partial-fixed-kv,expert_cache_stats[0].per_layer_max_unique_per_forward[0],10
02-partial-fixed-kv,expert_cache_stats[0].per_layer_max_unique_per_forward[1],10
02-partial-fixed-kv,expert_cache_stats[0].per_layer_max_unique_per_forward[2],11
02-partial-fixed-kv,expert_cache_stats[0].per_layer_max_unique_per_forward[3],12
02-partial-fixed-kv,expert_cache_stats[0].per_layer_max_unique_per_forward[4],10
02-partial-fixed-kv,expert_cache_stats[0].per_layer_max_unique_per_forward[5],11
02-partial-fixed-kv,expert_cache_stats[0].per_layer_max_unique_per_forward[6],11
02-partial-fixed-kv,expert_cache_stats[0].per_layer_max_unique_per_forward[7],11
02-partial-fixed-kv,expert_cache_stats[0].per_layer_max_unique_per_forward[8],13
02-partial-fixed-kv,expert_cache_stats[0].per_layer_max_unique_per_forward[9],12
02-partial-fixed-kv,expert_cache_stats[0].per_layer_max_unique_per_forward[10],11
02-partial-fixed-kv,expert_cache_stats[0].per_layer_max_unique_per_forward[11],11
02-partial-fixed-kv,expert_cache_stats[0].per_layer_max_unique_per_forward[12],10
02-partial-fixed-kv,expert_cache_stats[0].per_layer_max_unique_per_forward[13],11
02-partial-fixed-kv,expert_cache_stats[0].per_layer_max_unique_per_forward[14],11
02-partial-fixed-kv,expert_cache_stats[0].per_layer_max_unique_per_forward[15],10
02-partial-fixed-kv,expert_cache_stats[0].per_layer_max_unique_per_forward[16],11
02-partial-fixed-kv,expert_cache_stats[0].per_layer_max_unique_per_forward[17],12
02-partial-fixed-kv,expert_cache_stats[0].per_layer_max_unique_per_forward[18],11
02-partial-fixed-kv,expert_cache_stats[0].per_layer_max_unique_per_forward[19],13
02-partial-fixed-kv,expert_cache_stats[0].per_layer_max_unique_per_forward[20],12
02-partial-fixed-kv,expert_cache_stats[0].per_layer_max_unique_per_forward[21],12
02-partial-fixed-kv,expert_cache_stats[0].per_layer_max_unique_per_forward[22],14
02-partial-fixed-kv,expert_cache_stats[0].per_layer_max_unique_per_forward[23],12
02-partial-fixed-kv,expert_cache_stats[0].per_layer_max_unique_per_forward[24],12
02-partial-fixed-kv,expert_cache_stats[0].per_layer_max_unique_per_forward[25],11
02-partial-fixed-kv,expert_cache_stats[0].per_layer_max_unique_per_forward[26],13
02-partial-fixed-kv,expert_cache_stats[0].per_layer_max_unique_per_forward[27],15
02-partial-fixed-kv,expert_cache_stats[0].per_layer_max_unique_per_forward[28],14
02-partial-fixed-kv,expert_cache_stats[0].per_layer_max_unique_per_forward[29],12
02-partial-fixed-kv,expert_cache_stats[0].per_layer_max_unique_per_forward[30],14
02-partial-fixed-kv,expert_cache_stats[0].per_layer_max_unique_per_forward[31],14
02-partial-fixed-kv,expert_cache_stats[0].per_layer_max_unique_per_forward[32],14
02-partial-fixed-kv,expert_cache_stats[0].per_layer_max_unique_per_forward[33],14
02-partial-fixed-kv,expert_cache_stats[0].per_layer_max_unique_per_forward[34],13
02-partial-fixed-kv,expert_cache_stats[0].per_layer_max_unique_per_forward[35],12
02-partial-fixed-kv,expert_cache_stats[0].per_layer_max_unique_per_forward[36],15
02-partial-fixed-kv,expert_cache_stats[0].per_layer_max_unique_per_forward[37],12
02-partial-fixed-kv,expert_cache_stats[0].per_layer_max_unique_per_forward[38],15
02-partial-fixed-kv,expert_cache_stats[0].per_layer_max_unique_per_forward[39],12
02-partial-fixed-kv,expert_cache_stats[0].per_layer_max_unique_per_forward[40],12
02-partial-fixed-kv,expert_cache_stats[0].per_layer_max_unique_per_forward[41],13
02-partial-fixed-kv,expert_cache_stats[0].per_layer_max_unique_per_forward[42],15
02-partial-fixed-kv,expert_cache_stats[0].per_layer_max_unique_per_forward[43],19
02-partial-fixed-kv,expert_cache_stats[0].per_layer_max_unique_per_forward[44],16
02-partial-fixed-kv,expert_cache_stats[0].per_layer_max_unique_per_forward[45],19
02-partial-fixed-kv,expert_cache_stats[0].per_layer_max_unique_per_forward[46],31
02-partial-fixed-kv,expert_cache_stats[0].per_layer_max_unique_per_forward[47],28
02-partial-fixed-kv,expert_cache_stats[0].identity.geometry.total_layers,48
02-partial-fixed-kv,expert_cache_stats[0].identity.geometry.num_experts,512
02-partial-fixed-kv,expert_cache_stats[0].identity.geometry.hidden_size,2048
02-partial-fixed-kv,expert_cache_stats[0].identity.geometry.intermediate_size,128
02-partial-fixed-kv,expert_cache_stats[0].identity.tensor_parallel_size,4
02-partial-fixed-kv,expert_cache_stats[0].identity.model_config_sha256,2d483c7cabad7c8704478ed4038fa7e7b2eff840bc00a118eccbe38e2b488303
02-partial-fixed-kv,expert_cache_stats[0].identity.model_identity_sha256,24f6a89ba0e0435caffbb3d056425fb1fe980fca09d5a8749dfb231bd24880d8
02-partial-fixed-kv,expert_cache_stats[0].profile_sha256,0c54d62f0f172a2fe11e201125c385bed91db37df7d949dff7a929686b96357e
02-partial-fixed-kv,expert_cache_stats[0].cache_policy,decayed-lfu
02-partial-fixed-kv,expert_cache_stats[0].failed,False
02-partial-fixed-kv,expert_cache_stats[0].weight_verification_scope,CUDA parity tests required; no runtime weight D2H verification
02-partial-fixed-kv,expert_cache_stats[0].temporary_memory_scope,native fused kernel workspace/output and CPU route IDs scale with scheduled tokens; no weight-sized GPU gather temporary
02-partial-fixed-kv,expert_cache_stats[0].memory_accounting_scope,"tensor payload bytes; excludes allocator rounding, CUDA event driver memory and Python policy metadata; native/chunk output workspace must be included in vLLM measured profiling peak"
02-partial-fixed-kv,expert_cache_stats[0].kernel_config_scope,native logical E geometry per actual native chunk size
02-partial-fixed-kv,expert_cache_stats[0].transfer_schedule,demand-critical H2D on compute stream; no speculative prefetch
02-partial-fixed-kv,expert_cache_stats[0].kernel_config_records.capacity,64
02-partial-fixed-kv,expert_cache_stats[0].kernel_config_records.unrecorded_selections,0
02-partial-fixed-kv,expert_cache_stats[0].kernel_config_records.records[0].chunk_tokens,8192
02-partial-fixed-kv,expert_cache_stats[0].kernel_config_records.records[0].top_k,10
02-partial-fixed-kv,expert_cache_stats[0].kernel_config_records.records[0].selections,96
02-partial-fixed-kv,expert_cache_stats[0].kernel_config_records.records[0].w13_shape[0],512
02-partial-fixed-kv,expert_cache_stats[0].kernel_config_records.records[0].w13_shape[1],256
02-partial-fixed-kv,expert_cache_stats[0].kernel_config_records.records[0].w13_shape[2],2048
02-partial-fixed-kv,expert_cache_stats[0].kernel_config_records.records[0].w2_shape[0],512
02-partial-fixed-kv,expert_cache_stats[0].kernel_config_records.records[0].w2_shape[1],2048
02-partial-fixed-kv,expert_cache_stats[0].kernel_config_records.records[0].w2_shape[2],128
02-partial-fixed-kv,expert_cache_stats[0].kernel_config_records.records[0].config.BLOCK_SIZE_K,64
02-partial-fixed-kv,expert_cache_stats[0].kernel_config_records.records[0].config.BLOCK_SIZE_M,128
02-partial-fixed-kv,expert_cache_stats[0].kernel_config_records.records[0].config.BLOCK_SIZE_N,128
02-partial-fixed-kv,expert_cache_stats[0].kernel_config_records.records[0].config.GROUP_SIZE_M,64
02-partial-fixed-kv,expert_cache_stats[0].kernel_config_records.records[0].config.num_stages,3
02-partial-fixed-kv,expert_cache_stats[0].kernel_config_records.records[0].config.num_warps,8
02-partial-fixed-kv,expert_cache_stats[0].kernel_config_records.records[1].chunk_tokens,256
02-partial-fixed-kv,expert_cache_stats[0].kernel_config_records.records[1].top_k,10
02-partial-fixed-kv,expert_cache_stats[0].kernel_config_records.records[1].selections,48
02-partial-fixed-kv,expert_cache_stats[0].kernel_config_records.records[1].w13_shape[0],512
02-partial-fixed-kv,expert_cache_stats[0].kernel_config_records.records[1].w13_shape[1],256
02-partial-fixed-kv,expert_cache_stats[0].kernel_config_records.records[1].w13_shape[2],2048
02-partial-fixed-kv,expert_cache_stats[0].kernel_config_records.records[1].w2_shape[0],512
02-partial-fixed-kv,expert_cache_stats[0].kernel_config_records.records[1].w2_shape[1],2048
02-partial-fixed-kv,expert_cache_stats[0].kernel_config_records.records[1].w2_shape[2],128
02-partial-fixed-kv,expert_cache_stats[0].kernel_config_records.records[1].config.BLOCK_SIZE_K,64
02-partial-fixed-kv,expert_cache_stats[0].kernel_config_records.records[1].config.BLOCK_SIZE_M,16
02-partial-fixed-kv,expert_cache_stats[0].kernel_config_records.records[1].config.BLOCK_SIZE_N,128
02-partial-fixed-kv,expert_cache_stats[0].kernel_config_records.records[1].config.GROUP_SIZE_M,1
02-partial-fixed-kv,expert_cache_stats[0].kernel_config_records.records[1].config.num_stages,3
02-partial-fixed-kv,expert_cache_stats[0].kernel_config_records.records[1].config.num_warps,8
02-partial-fixed-kv,expert_cache_stats[1].schema_version,1
02-partial-fixed-kv,expert_cache_stats[1].rank,1
02-partial-fixed-kv,expert_cache_stats[1].tensor_parallel_size,4
02-partial-fixed-kv,expert_cache_stats[1].total_layers,48
02-partial-fixed-kv,expert_cache_stats[1].num_experts,512
02-partial-fixed-kv,expert_cache_stats[1].physical_slots,13056
02-partial-fixed-kv,expert_cache_stats[1].resident_slots,12288
02-partial-fixed-kv,expert_cache_stats[1].cache_slots,256
02-partial-fixed-kv,expert_cache_stats[1].ingress_slots,512
02-partial-fixed-kv,expert_cache_stats[1].expert_bytes,1572864
02-partial-fixed-kv,expert_cache_stats[1].host_source_bytes,38654705664
02-partial-fixed-kv,expert_cache_stats[1].pinned_gather_bytes,805306368
02-partial-fixed-kv,expert_cache_stats[1].gpu_pool_bytes,20535312384
02-partial-fixed-kv,expert_cache_stats[1].gpu_resident_bytes,19327352832
02-partial-fixed-kv,expert_cache_stats[1].gpu_cache_bytes,402653184
02-partial-fixed-kv,expert_cache_stats[1].gpu_ingress_bytes,805306368
02-partial-fixed-kv,expert_cache_stats[1].gpu_metadata_bytes,6144
02-partial-fixed-kv,expert_cache_stats[1].pinned_metadata_bytes,6144
02-partial-fixed-kv,expert_cache_stats[1].net_freed_bytes,18119387136
02-partial-fixed-kv,expert_cache_stats[1].weights_verified,0
02-partial-fixed-kv,expert_cache_stats[1].cuda_timing_capacity,128
02-partial-fixed-kv,expert_cache_stats[1].h2d_bytes,764411904
02-partial-fixed-kv,expert_cache_stats[1].copy_launches,248
02-partial-fixed-kv,expert_cache_stats[1].startup_resident_h2d_bytes,19327352832
02-partial-fixed-kv,expert_cache_stats[1].promotion_d2d_bytes,629145600
02-partial-fixed-kv,expert_cache_stats[1].metadata_h2d_bytes,298112
02-partial-fixed-kv,expert_cache_stats[1].unique_demands,1701
02-partial-fixed-kv,expert_cache_stats[1].resident_hits,1200
02-partial-fixed-kv,expert_cache_stats[1].max_unique_per_forward,31
02-partial-fixed-kv,expert_cache_stats[1].mean_unique_coverage,0.0230712890625
02-partial-fixed-kv,expert_cache_stats[1].resident_ratio,0.5
02-partial-fixed-kv,expert_cache_stats[1].policy.observations,144
02-partial-fixed-kv,expert_cache_stats[1].policy.unique_demands,1701
02-partial-fixed-kv,expert_cache_stats[1].policy.completed_forwards,3
02-partial-fixed-kv,expert_cache_stats[1].policy.decay_events,0
02-partial-fixed-kv,expert_cache_stats[1].policy.cache_hits,15
02-partial-fixed-kv,expert_cache_stats[1].policy.cache_misses,486
02-partial-fixed-kv,expert_cache_stats[1].policy.admissions,400
02-partial-fixed-kv,expert_cache_stats[1].policy.evictions,144
02-partial-fixed-kv,expert_cache_stats[1].policy.cache_bypasses,86
02-partial-fixed-kv,expert_cache_stats[1].policy.reconfigurations,0
02-partial-fixed-kv,expert_cache_stats[1].policy.resident_experts,12288
02-partial-fixed-kv,expert_cache_stats[1].policy.cache_slots,256
02-partial-fixed-kv,expert_cache_stats[1].policy.cache_entries,256
02-partial-fixed-kv,expert_cache_stats[1].policy.cache_hit_ratio,0.029940119760479042
02-partial-fixed-kv,expert_cache_stats[1].timing.route_d2h_s,3.41019984241575
02-partial-fixed-kv,expert_cache_stats[1].timing.policy_cpu_s,0.010456553660333157
02-partial-fixed-kv,expert_cache_stats[1].timing.host_reuse_wait_s,0.0009079934097826481
02-partial-fixed-kv,expert_cache_stats[1].timing.host_gather_s,0.29133409122005105
02-partial-fixed-kv,expert_cache_stats[1].timing.h2d_enqueue_s,0.011323141865432262
02-partial-fixed-kv,expert_cache_stats[1].timing.compute_enqueue_s,0.21224006917327642
02-partial-fixed-kv,expert_cache_stats[1].timing.cuda_sample_count,5
02-partial-fixed-kv,expert_cache_stats[1].timing.load_cuda_s,0.0005850239992141724
02-partial-fixed-kv,expert_cache_stats[1].timing.compute_cuda_s,0.10734518739581107
02-partial-fixed-kv,expert_cache_stats[1].timing.promotion_cuda_s,0.00015228800009936094
02-partial-fixed-kv,expert_cache_stats[1].forward_counts[0],3
02-partial-fixed-kv,expert_cache_stats[1].forward_counts[1],3
02-partial-fixed-kv,expert_cache_stats[1].forward_counts[2],3
02-partial-fixed-kv,expert_cache_stats[1].forward_counts[3],3
02-partial-fixed-kv,expert_cache_stats[1].forward_counts[4],3
02-partial-fixed-kv,expert_cache_stats[1].forward_counts[5],3
02-partial-fixed-kv,expert_cache_stats[1].forward_counts[6],3
02-partial-fixed-kv,expert_cache_stats[1].forward_counts[7],3
02-partial-fixed-kv,expert_cache_stats[1].forward_counts[8],3
02-partial-fixed-kv,expert_cache_stats[1].forward_counts[9],3
02-partial-fixed-kv,expert_cache_stats[1].forward_counts[10],3
02-partial-fixed-kv,expert_cache_stats[1].forward_counts[11],3
02-partial-fixed-kv,expert_cache_stats[1].forward_counts[12],3
02-partial-fixed-kv,expert_cache_stats[1].forward_counts[13],3
02-partial-fixed-kv,expert_cache_stats[1].forward_counts[14],3
02-partial-fixed-kv,expert_cache_stats[1].forward_counts[15],3
02-partial-fixed-kv,expert_cache_stats[1].forward_counts[16],3
02-partial-fixed-kv,expert_cache_stats[1].forward_counts[17],3
02-partial-fixed-kv,expert_cache_stats[1].forward_counts[18],3
02-partial-fixed-kv,expert_cache_stats[1].forward_counts[19],3
02-partial-fixed-kv,expert_cache_stats[1].forward_counts[20],3
02-partial-fixed-kv,expert_cache_stats[1].forward_counts[21],3
02-partial-fixed-kv,expert_cache_stats[1].forward_counts[22],3
02-partial-fixed-kv,expert_cache_stats[1].forward_counts[23],3
02-partial-fixed-kv,expert_cache_stats[1].forward_counts[24],3
02-partial-fixed-kv,expert_cache_stats[1].forward_counts[25],3
02-partial-fixed-kv,expert_cache_stats[1].forward_counts[26],3
02-partial-fixed-kv,expert_cache_stats[1].forward_counts[27],3
02-partial-fixed-kv,expert_cache_stats[1].forward_counts[28],3
02-partial-fixed-kv,expert_cache_stats[1].forward_counts[29],3
02-partial-fixed-kv,expert_cache_stats[1].forward_counts[30],3
02-partial-fixed-kv,expert_cache_stats[1].forward_counts[31],3
02-partial-fixed-kv,expert_cache_stats[1].forward_counts[32],3
02-partial-fixed-kv,expert_cache_stats[1].forward_counts[33],3
02-partial-fixed-kv,expert_cache_stats[1].forward_counts[34],3
02-partial-fixed-kv,expert_cache_stats[1].forward_counts[35],3
02-partial-fixed-kv,expert_cache_stats[1].forward_counts[36],3
02-partial-fixed-kv,expert_cache_stats[1].forward_counts[37],3
02-partial-fixed-kv,expert_cache_stats[1].forward_counts[38],3
02-partial-fixed-kv,expert_cache_stats[1].forward_counts[39],3
02-partial-fixed-kv,expert_cache_stats[1].forward_counts[40],3
02-partial-fixed-kv,expert_cache_stats[1].forward_counts[41],3
02-partial-fixed-kv,expert_cache_stats[1].forward_counts[42],3
02-partial-fixed-kv,expert_cache_stats[1].forward_counts[43],3
02-partial-fixed-kv,expert_cache_stats[1].forward_counts[44],3
02-partial-fixed-kv,expert_cache_stats[1].forward_counts[45],3
02-partial-fixed-kv,expert_cache_stats[1].forward_counts[46],3
02-partial-fixed-kv,expert_cache_stats[1].forward_counts[47],3
02-partial-fixed-kv,expert_cache_stats[1].per_layer_unique_demands[0],30
02-partial-fixed-kv,expert_cache_stats[1].per_layer_unique_demands[1],30
02-partial-fixed-kv,expert_cache_stats[1].per_layer_unique_demands[2],31
02-partial-fixed-kv,expert_cache_stats[1].per_layer_unique_demands[3],33
02-partial-fixed-kv,expert_cache_stats[1].per_layer_unique_demands[4],30
02-partial-fixed-kv,expert_cache_stats[1].per_layer_unique_demands[5],31
02-partial-fixed-kv,expert_cache_stats[1].per_layer_unique_demands[6],31
02-partial-fixed-kv,expert_cache_stats[1].per_layer_unique_demands[7],31
02-partial-fixed-kv,expert_cache_stats[1].per_layer_unique_demands[8],33
02-partial-fixed-kv,expert_cache_stats[1].per_layer_unique_demands[9],32
02-partial-fixed-kv,expert_cache_stats[1].per_layer_unique_demands[10],31
02-partial-fixed-kv,expert_cache_stats[1].per_layer_unique_demands[11],31
02-partial-fixed-kv,expert_cache_stats[1].per_layer_unique_demands[12],30
02-partial-fixed-kv,expert_cache_stats[1].per_layer_unique_demands[13],33
02-partial-fixed-kv,expert_cache_stats[1].per_layer_unique_demands[14],33
02-partial-fixed-kv,expert_cache_stats[1].per_layer_unique_demands[15],32
02-partial-fixed-kv,expert_cache_stats[1].per_layer_unique_demands[16],32
02-partial-fixed-kv,expert_cache_stats[1].per_layer_unique_demands[17],34
02-partial-fixed-kv,expert_cache_stats[1].per_layer_unique_demands[18],30
02-partial-fixed-kv,expert_cache_stats[1].per_layer_unique_demands[19],34
02-partial-fixed-kv,expert_cache_stats[1].per_layer_unique_demands[20],36
02-partial-fixed-kv,expert_cache_stats[1].per_layer_unique_demands[21],34
02-partial-fixed-kv,expert_cache_stats[1].per_layer_unique_demands[22],35
02-partial-fixed-kv,expert_cache_stats[1].per_layer_unique_demands[23],32
02-partial-fixed-kv,expert_cache_stats[1].per_layer_unique_demands[24],35
02-partial-fixed-kv,expert_cache_stats[1].per_layer_unique_demands[25],33
02-partial-fixed-kv,expert_cache_stats[1].per_layer_unique_demands[26],37
02-partial-fixed-kv,expert_cache_stats[1].per_layer_unique_demands[27],38
02-partial-fixed-kv,expert_cache_stats[1].per_layer_unique_demands[28],37
02-partial-fixed-kv,expert_cache_stats[1].per_layer_unique_demands[29],35
02-partial-fixed-kv,expert_cache_stats[1].per_layer_unique_demands[30],36
02-partial-fixed-kv,expert_cache_stats[1].per_layer_unique_demands[31],37
02-partial-fixed-kv,expert_cache_stats[1].per_layer_unique_demands[32],38
02-partial-fixed-kv,expert_cache_stats[1].per_layer_unique_demands[33],38
02-partial-fixed-kv,expert_cache_stats[1].per_layer_unique_demands[34],37
02-partial-fixed-kv,expert_cache_stats[1].per_layer_unique_demands[35],33
02-partial-fixed-kv,expert_cache_stats[1].per_layer_unique_demands[36],37
02-partial-fixed-kv,expert_cache_stats[1].per_layer_unique_demands[37],39
02-partial-fixed-kv,expert_cache_stats[1].per_layer_unique_demands[38],39
02-partial-fixed-kv,expert_cache_stats[1].per_layer_unique_demands[39],35
02-partial-fixed-kv,expert_cache_stats[1].per_layer_unique_demands[40],35
02-partial-fixed-kv,expert_cache_stats[1].per_layer_unique_demands[41],35
02-partial-fixed-kv,expert_cache_stats[1].per_layer_unique_demands[42],39
02-partial-fixed-kv,expert_cache_stats[1].per_layer_unique_demands[43],47
02-partial-fixed-kv,expert_cache_stats[1].per_layer_unique_demands[44],43
02-partial-fixed-kv,expert_cache_stats[1].per_layer_unique_demands[45],43
02-partial-fixed-kv,expert_cache_stats[1].per_layer_unique_demands[46],55
02-partial-fixed-kv,expert_cache_stats[1].per_layer_unique_demands[47],51
02-partial-fixed-kv,expert_cache_stats[1].per_layer_max_unique_per_forward[0],10
02-partial-fixed-kv,expert_cache_stats[1].per_layer_max_unique_per_forward[1],10
02-partial-fixed-kv,expert_cache_stats[1].per_layer_max_unique_per_forward[2],11
02-partial-fixed-kv,expert_cache_stats[1].per_layer_max_unique_per_forward[3],12
02-partial-fixed-kv,expert_cache_stats[1].per_layer_max_unique_per_forward[4],10
02-partial-fixed-kv,expert_cache_stats[1].per_layer_max_unique_per_forward[5],11
02-partial-fixed-kv,expert_cache_stats[1].per_layer_max_unique_per_forward[6],11
02-partial-fixed-kv,expert_cache_stats[1].per_layer_max_unique_per_forward[7],11
02-partial-fixed-kv,expert_cache_stats[1].per_layer_max_unique_per_forward[8],13
02-partial-fixed-kv,expert_cache_stats[1].per_layer_max_unique_per_forward[9],12
02-partial-fixed-kv,expert_cache_stats[1].per_layer_max_unique_per_forward[10],11
02-partial-fixed-kv,expert_cache_stats[1].per_layer_max_unique_per_forward[11],11
02-partial-fixed-kv,expert_cache_stats[1].per_layer_max_unique_per_forward[12],10
02-partial-fixed-kv,expert_cache_stats[1].per_layer_max_unique_per_forward[13],12
02-partial-fixed-kv,expert_cache_stats[1].per_layer_max_unique_per_forward[14],12
02-partial-fixed-kv,expert_cache_stats[1].per_layer_max_unique_per_forward[15],12
02-partial-fixed-kv,expert_cache_stats[1].per_layer_max_unique_per_forward[16],11
02-partial-fixed-kv,expert_cache_stats[1].per_layer_max_unique_per_forward[17],12
02-partial-fixed-kv,expert_cache_stats[1].per_layer_max_unique_per_forward[18],10
02-partial-fixed-kv,expert_cache_stats[1].per_layer_max_unique_per_forward[19],13
02-partial-fixed-kv,expert_cache_stats[1].per_layer_max_unique_per_forward[20],14
02-partial-fixed-kv,expert_cache_stats[1].per_layer_max_unique_per_forward[21],12
02-partial-fixed-kv,expert_cache_stats[1].per_layer_max_unique_per_forward[22],14
02-partial-fixed-kv,expert_cache_stats[1].per_layer_max_unique_per_forward[23],11
02-partial-fixed-kv,expert_cache_stats[1].per_layer_max_unique_per_forward[24],13
02-partial-fixed-kv,expert_cache_stats[1].per_layer_max_unique_per_forward[25],12
02-partial-fixed-kv,expert_cache_stats[1].per_layer_max_unique_per_forward[26],13
02-partial-fixed-kv,expert_cache_stats[1].per_layer_max_unique_per_forward[27],15
02-partial-fixed-kv,expert_cache_stats[1].per_layer_max_unique_per_forward[28],14
02-partial-fixed-kv,expert_cache_stats[1].per_layer_max_unique_per_forward[29],13
02-partial-fixed-kv,expert_cache_stats[1].per_layer_max_unique_per_forward[30],14
02-partial-fixed-kv,expert_cache_stats[1].per_layer_max_unique_per_forward[31],16
02-partial-fixed-kv,expert_cache_stats[1].per_layer_max_unique_per_forward[32],14
02-partial-fixed-kv,expert_cache_stats[1].per_layer_max_unique_per_forward[33],14
02-partial-fixed-kv,expert_cache_stats[1].per_layer_max_unique_per_forward[34],14
02-partial-fixed-kv,expert_cache_stats[1].per_layer_max_unique_per_forward[35],12
02-partial-fixed-kv,expert_cache_stats[1].per_layer_max_unique_per_forward[36],15
02-partial-fixed-kv,expert_cache_stats[1].per_layer_max_unique_per_forward[37],17
02-partial-fixed-kv,expert_cache_stats[1].per_layer_max_unique_per_forward[38],16
02-partial-fixed-kv,expert_cache_stats[1].per_layer_max_unique_per_forward[39],14
02-partial-fixed-kv,expert_cache_stats[1].per_layer_max_unique_per_forward[40],13
02-partial-fixed-kv,expert_cache_stats[1].per_layer_max_unique_per_forward[41],14
02-partial-fixed-kv,expert_cache_stats[1].per_layer_max_unique_per_forward[42],15
02-partial-fixed-kv,expert_cache_stats[1].per_layer_max_unique_per_forward[43],20
02-partial-fixed-kv,expert_cache_stats[1].per_layer_max_unique_per_forward[44],20
02-partial-fixed-kv,expert_cache_stats[1].per_layer_max_unique_per_forward[45],17
02-partial-fixed-kv,expert_cache_stats[1].per_layer_max_unique_per_forward[46],31
02-partial-fixed-kv,expert_cache_stats[1].per_layer_max_unique_per_forward[47],28
02-partial-fixed-kv,expert_cache_stats[1].identity.geometry.total_layers,48
02-partial-fixed-kv,expert_cache_stats[1].identity.geometry.num_experts,512
02-partial-fixed-kv,expert_cache_stats[1].identity.geometry.hidden_size,2048
02-partial-fixed-kv,expert_cache_stats[1].identity.geometry.intermediate_size,128
02-partial-fixed-kv,expert_cache_stats[1].identity.tensor_parallel_size,4
02-partial-fixed-kv,expert_cache_stats[1].identity.model_config_sha256,2d483c7cabad7c8704478ed4038fa7e7b2eff840bc00a118eccbe38e2b488303
02-partial-fixed-kv,expert_cache_stats[1].identity.model_identity_sha256,24f6a89ba0e0435caffbb3d056425fb1fe980fca09d5a8749dfb231bd24880d8
02-partial-fixed-kv,expert_cache_stats[1].profile_sha256,0c54d62f0f172a2fe11e201125c385bed91db37df7d949dff7a929686b96357e
02-partial-fixed-kv,expert_cache_stats[1].cache_policy,decayed-lfu
02-partial-fixed-kv,expert_cache_stats[1].failed,False
02-partial-fixed-kv,expert_cache_stats[1].weight_verification_scope,CUDA parity tests required; no runtime weight D2H verification
02-partial-fixed-kv,expert_cache_stats[1].temporary_memory_scope,native fused kernel workspace/output and CPU route IDs scale with scheduled tokens; no weight-sized GPU gather temporary
02-partial-fixed-kv,expert_cache_stats[1].memory_accounting_scope,"tensor payload bytes; excludes allocator rounding, CUDA event driver memory and Python policy metadata; native/chunk output workspace must be included in vLLM measured profiling peak"
02-partial-fixed-kv,expert_cache_stats[1].kernel_config_scope,native logical E geometry per actual native chunk size
02-partial-fixed-kv,expert_cache_stats[1].transfer_schedule,demand-critical H2D on compute stream; no speculative prefetch
02-partial-fixed-kv,expert_cache_stats[1].kernel_config_records.capacity,64
02-partial-fixed-kv,expert_cache_stats[1].kernel_config_records.unrecorded_selections,0
02-partial-fixed-kv,expert_cache_stats[1].kernel_config_records.records[0].chunk_tokens,8192
02-partial-fixed-kv,expert_cache_stats[1].kernel_config_records.records[0].top_k,10
02-partial-fixed-kv,expert_cache_stats[1].kernel_config_records.records[0].selections,96
02-partial-fixed-kv,expert_cache_stats[1].kernel_config_records.records[0].w13_shape[0],512
02-partial-fixed-kv,expert_cache_stats[1].kernel_config_records.records[0].w13_shape[1],256
02-partial-fixed-kv,expert_cache_stats[1].kernel_config_records.records[0].w13_shape[2],2048
02-partial-fixed-kv,expert_cache_stats[1].kernel_config_records.records[0].w2_shape[0],512
02-partial-fixed-kv,expert_cache_stats[1].kernel_config_records.records[0].w2_shape[1],2048
02-partial-fixed-kv,expert_cache_stats[1].kernel_config_records.records[0].w2_shape[2],128
02-partial-fixed-kv,expert_cache_stats[1].kernel_config_records.records[0].config.BLOCK_SIZE_K,64
02-partial-fixed-kv,expert_cache_stats[1].kernel_config_records.records[0].config.BLOCK_SIZE_M,128
02-partial-fixed-kv,expert_cache_stats[1].kernel_config_records.records[0].config.BLOCK_SIZE_N,128
02-partial-fixed-kv,expert_cache_stats[1].kernel_config_records.records[0].config.GROUP_SIZE_M,64
02-partial-fixed-kv,expert_cache_stats[1].kernel_config_records.records[0].config.num_stages,3
02-partial-fixed-kv,expert_cache_stats[1].kernel_config_records.records[0].config.num_warps,8
02-partial-fixed-kv,expert_cache_stats[1].kernel_config_records.records[1].chunk_tokens,256
02-partial-fixed-kv,expert_cache_stats[1].kernel_config_records.records[1].top_k,10
02-partial-fixed-kv,expert_cache_stats[1].kernel_config_records.records[1].selections,48
02-partial-fixed-kv,expert_cache_stats[1].kernel_config_records.records[1].w13_shape[0],512
02-partial-fixed-kv,expert_cache_stats[1].kernel_config_records.records[1].w13_shape[1],256
02-partial-fixed-kv,expert_cache_stats[1].kernel_config_records.records[1].w13_shape[2],2048
02-partial-fixed-kv,expert_cache_stats[1].kernel_config_records.records[1].w2_shape[0],512
02-partial-fixed-kv,expert_cache_stats[1].kernel_config_records.records[1].w2_shape[1],2048
02-partial-fixed-kv,expert_cache_stats[1].kernel_config_records.records[1].w2_shape[2],128
02-partial-fixed-kv,expert_cache_stats[1].kernel_config_records.records[1].config.BLOCK_SIZE_K,64
02-partial-fixed-kv,expert_cache_stats[1].kernel_config_records.records[1].config.BLOCK_SIZE_M,16
02-partial-fixed-kv,expert_cache_stats[1].kernel_config_records.records[1].config.BLOCK_SIZE_N,128
02-partial-fixed-kv,expert_cache_stats[1].kernel_config_records.records[1].config.GROUP_SIZE_M,1
02-partial-fixed-kv,expert_cache_stats[1].kernel_config_records.records[1].config.num_stages,3
02-partial-fixed-kv,expert_cache_stats[1].kernel_config_records.records[1].config.num_warps,8
02-partial-fixed-kv,expert_cache_stats[2].schema_version,1
02-partial-fixed-kv,expert_cache_stats[2].rank,2
02-partial-fixed-kv,expert_cache_stats[2].tensor_parallel_size,4
02-partial-fixed-kv,expert_cache_stats[2].total_layers,48
02-partial-fixed-kv,expert_cache_stats[2].num_experts,512
02-partial-fixed-kv,expert_cache_stats[2].physical_slots,13056
02-partial-fixed-kv,expert_cache_stats[2].resident_slots,12288
02-partial-fixed-kv,expert_cache_stats[2].cache_slots,256
02-partial-fixed-kv,expert_cache_stats[2].ingress_slots,512
02-partial-fixed-kv,expert_cache_stats[2].expert_bytes,1572864
02-partial-fixed-kv,expert_cache_stats[2].host_source_bytes,38654705664
02-partial-fixed-kv,expert_cache_stats[2].pinned_gather_bytes,805306368
02-partial-fixed-kv,expert_cache_stats[2].gpu_pool_bytes,20535312384
02-partial-fixed-kv,expert_cache_stats[2].gpu_resident_bytes,19327352832
02-partial-fixed-kv,expert_cache_stats[2].gpu_cache_bytes,402653184
02-partial-fixed-kv,expert_cache_stats[2].gpu_ingress_bytes,805306368
02-partial-fixed-kv,expert_cache_stats[2].gpu_metadata_bytes,6144
02-partial-fixed-kv,expert_cache_stats[2].pinned_metadata_bytes,6144
02-partial-fixed-kv,expert_cache_stats[2].net_freed_bytes,18119387136
02-partial-fixed-kv,expert_cache_stats[2].weights_verified,0
02-partial-fixed-kv,expert_cache_stats[2].cuda_timing_capacity,128
02-partial-fixed-kv,expert_cache_stats[2].h2d_bytes,810024960
02-partial-fixed-kv,expert_cache_stats[2].copy_launches,248
02-partial-fixed-kv,expert_cache_stats[2].startup_resident_h2d_bytes,19327352832
02-partial-fixed-kv,expert_cache_stats[2].promotion_d2d_bytes,649592832
02-partial-fixed-kv,expert_cache_stats[2].metadata_h2d_bytes,298216
02-partial-fixed-kv,expert_cache_stats[2].unique_demands,1732
02-partial-fixed-kv,expert_cache_stats[2].resident_hits,1202
02-partial-fixed-kv,expert_cache_stats[2].max_unique_per_forward,37
02-partial-fixed-kv,expert_cache_stats[2].mean_unique_coverage,0.023491753472222224
02-partial-fixed-kv,expert_cache_stats[2].resident_ratio,0.5
02-partial-fixed-kv,expert_cache_stats[2].policy.observations,144
02-partial-fixed-kv,expert_cache_stats[2].policy.unique_demands,1732
02-partial-fixed-kv,expert_cache_stats[2].policy.completed_forwards,3
02-partial-fixed-kv,expert_cache_stats[2].policy.decay_events,0
02-partial-fixed-kv,expert_cache_stats[2].policy.cache_hits,15
02-partial-fixed-kv,expert_cache_stats[2].policy.cache_misses,515
02-partial-fixed-kv,expert_cache_stats[2].policy.admissions,413
02-partial-fixed-kv,expert_cache_stats[2].policy.evictions,157
02-partial-fixed-kv,expert_cache_stats[2].policy.cache_bypasses,102
02-partial-fixed-kv,expert_cache_stats[2].policy.reconfigurations,0
02-partial-fixed-kv,expert_cache_stats[2].policy.resident_experts,12288
02-partial-fixed-kv,expert_cache_stats[2].policy.cache_slots,256
02-partial-fixed-kv,expert_cache_stats[2].policy.cache_entries,256
02-partial-fixed-kv,expert_cache_stats[2].policy.cache_hit_ratio,0.02830188679245283
02-partial-fixed-kv,expert_cache_stats[2].timing.route_d2h_s,0.1883972310461104
02-partial-fixed-kv,expert_cache_stats[2].timing.policy_cpu_s,0.009969315957278013
02-partial-fixed-kv,expert_cache_stats[2].timing.host_reuse_wait_s,0.0009029703214764595
02-partial-fixed-kv,expert_cache_stats[2].timing.host_gather_s,0.4254740756005049
02-partial-fixed-kv,expert_cache_stats[2].timing.h2d_enqueue_s,0.011305212043225765
02-partial-fixed-kv,expert_cache_stats[2].timing.compute_enqueue_s,0.14619075413793325
02-partial-fixed-kv,expert_cache_stats[2].timing.cuda_sample_count,5
02-partial-fixed-kv,expert_cache_stats[2].timing.load_cuda_s,0.0006338879913091659
02-partial-fixed-kv,expert_cache_stats[2].timing.compute_cuda_s,0.06443068611621856
02-partial-fixed-kv,expert_cache_stats[2].timing.promotion_cuda_s,0.00011036800034344197
02-partial-fixed-kv,expert_cache_stats[2].forward_counts[0],3
02-partial-fixed-kv,expert_cache_stats[2].forward_counts[1],3
02-partial-fixed-kv,expert_cache_stats[2].forward_counts[2],3
02-partial-fixed-kv,expert_cache_stats[2].forward_counts[3],3
02-partial-fixed-kv,expert_cache_stats[2].forward_counts[4],3
02-partial-fixed-kv,expert_cache_stats[2].forward_counts[5],3
02-partial-fixed-kv,expert_cache_stats[2].forward_counts[6],3
02-partial-fixed-kv,expert_cache_stats[2].forward_counts[7],3
02-partial-fixed-kv,expert_cache_stats[2].forward_counts[8],3
02-partial-fixed-kv,expert_cache_stats[2].forward_counts[9],3
02-partial-fixed-kv,expert_cache_stats[2].forward_counts[10],3
02-partial-fixed-kv,expert_cache_stats[2].forward_counts[11],3
02-partial-fixed-kv,expert_cache_stats[2].forward_counts[12],3
02-partial-fixed-kv,expert_cache_stats[2].forward_counts[13],3
02-partial-fixed-kv,expert_cache_stats[2].forward_counts[14],3
02-partial-fixed-kv,expert_cache_stats[2].forward_counts[15],3
02-partial-fixed-kv,expert_cache_stats[2].forward_counts[16],3
02-partial-fixed-kv,expert_cache_stats[2].forward_counts[17],3
02-partial-fixed-kv,expert_cache_stats[2].forward_counts[18],3
02-partial-fixed-kv,expert_cache_stats[2].forward_counts[19],3
02-partial-fixed-kv,expert_cache_stats[2].forward_counts[20],3
02-partial-fixed-kv,expert_cache_stats[2].forward_counts[21],3
02-partial-fixed-kv,expert_cache_stats[2].forward_counts[22],3
02-partial-fixed-kv,expert_cache_stats[2].forward_counts[23],3
02-partial-fixed-kv,expert_cache_stats[2].forward_counts[24],3
02-partial-fixed-kv,expert_cache_stats[2].forward_counts[25],3
02-partial-fixed-kv,expert_cache_stats[2].forward_counts[26],3
02-partial-fixed-kv,expert_cache_stats[2].forward_counts[27],3
02-partial-fixed-kv,expert_cache_stats[2].forward_counts[28],3
02-partial-fixed-kv,expert_cache_stats[2].forward_counts[29],3
02-partial-fixed-kv,expert_cache_stats[2].forward_counts[30],3
02-partial-fixed-kv,expert_cache_stats[2].forward_counts[31],3
02-partial-fixed-kv,expert_cache_stats[2].forward_counts[32],3
02-partial-fixed-kv,expert_cache_stats[2].forward_counts[33],3
02-partial-fixed-kv,expert_cache_stats[2].forward_counts[34],3
02-partial-fixed-kv,expert_cache_stats[2].forward_counts[35],3
02-partial-fixed-kv,expert_cache_stats[2].forward_counts[36],3
02-partial-fixed-kv,expert_cache_stats[2].forward_counts[37],3
02-partial-fixed-kv,expert_cache_stats[2].forward_counts[38],3
02-partial-fixed-kv,expert_cache_stats[2].forward_counts[39],3
02-partial-fixed-kv,expert_cache_stats[2].forward_counts[40],3
02-partial-fixed-kv,expert_cache_stats[2].forward_counts[41],3
02-partial-fixed-kv,expert_cache_stats[2].forward_counts[42],3
02-partial-fixed-kv,expert_cache_stats[2].forward_counts[43],3
02-partial-fixed-kv,expert_cache_stats[2].forward_counts[44],3
02-partial-fixed-kv,expert_cache_stats[2].forward_counts[45],3
02-partial-fixed-kv,expert_cache_stats[2].forward_counts[46],3
02-partial-fixed-kv,expert_cache_stats[2].forward_counts[47],3
02-partial-fixed-kv,expert_cache_stats[2].per_layer_unique_demands[0],30
02-partial-fixed-kv,expert_cache_stats[2].per_layer_unique_demands[1],30
02-partial-fixed-kv,expert_cache_stats[2].per_layer_unique_demands[2],31
02-partial-fixed-kv,expert_cache_stats[2].per_layer_unique_demands[3],32
02-partial-fixed-kv,expert_cache_stats[2].per_layer_unique_demands[4],31
02-partial-fixed-kv,expert_cache_stats[2].per_layer_unique_demands[5],31
02-partial-fixed-kv,expert_cache_stats[2].per_layer_unique_demands[6],31
02-partial-fixed-kv,expert_cache_stats[2].per_layer_unique_demands[7],32
02-partial-fixed-kv,expert_cache_stats[2].per_layer_unique_demands[8],34
02-partial-fixed-kv,expert_cache_stats[2].per_layer_unique_demands[9],32
02-partial-fixed-kv,expert_cache_stats[2].per_layer_unique_demands[10],31
02-partial-fixed-kv,expert_cache_stats[2].per_layer_unique_demands[11],32
02-partial-fixed-kv,expert_cache_stats[2].per_layer_unique_demands[12],30
02-partial-fixed-kv,expert_cache_stats[2].per_layer_unique_demands[13],32
02-partial-fixed-kv,expert_cache_stats[2].per_layer_unique_demands[14],31
02-partial-fixed-kv,expert_cache_stats[2].per_layer_unique_demands[15],31
02-partial-fixed-kv,expert_cache_stats[2].per_layer_unique_demands[16],32
02-partial-fixed-kv,expert_cache_stats[2].per_layer_unique_demands[17],33
02-partial-fixed-kv,expert_cache_stats[2].per_layer_unique_demands[18],31
02-partial-fixed-kv,expert_cache_stats[2].per_layer_unique_demands[19],34
02-partial-fixed-kv,expert_cache_stats[2].per_layer_unique_demands[20],33
02-partial-fixed-kv,expert_cache_stats[2].per_layer_unique_demands[21],34
02-partial-fixed-kv,expert_cache_stats[2].per_layer_unique_demands[22],36
02-partial-fixed-kv,expert_cache_stats[2].per_layer_unique_demands[23],33
02-partial-fixed-kv,expert_cache_stats[2].per_layer_unique_demands[24],35
02-partial-fixed-kv,expert_cache_stats[2].per_layer_unique_demands[25],33
02-partial-fixed-kv,expert_cache_stats[2].per_layer_unique_demands[26],38
02-partial-fixed-kv,expert_cache_stats[2].per_layer_unique_demands[27],35
02-partial-fixed-kv,expert_cache_stats[2].per_layer_unique_demands[28],37
02-partial-fixed-kv,expert_cache_stats[2].per_layer_unique_demands[29],36
02-partial-fixed-kv,expert_cache_stats[2].per_layer_unique_demands[30],38
02-partial-fixed-kv,expert_cache_stats[2].per_layer_unique_demands[31],36
02-partial-fixed-kv,expert_cache_stats[2].per_layer_unique_demands[32],38
02-partial-fixed-kv,expert_cache_stats[2].per_layer_unique_demands[33],39
02-partial-fixed-kv,expert_cache_stats[2].per_layer_unique_demands[34],36
02-partial-fixed-kv,expert_cache_stats[2].per_layer_unique_demands[35],34
02-partial-fixed-kv,expert_cache_stats[2].per_layer_unique_demands[36],38
02-partial-fixed-kv,expert_cache_stats[2].per_layer_unique_demands[37],38
02-partial-fixed-kv,expert_cache_stats[2].per_layer_unique_demands[38],38
02-partial-fixed-kv,expert_cache_stats[2].per_layer_unique_demands[39],36
02-partial-fixed-kv,expert_cache_stats[2].per_layer_unique_demands[40],36
02-partial-fixed-kv,expert_cache_stats[2].per_layer_unique_demands[41],37
02-partial-fixed-kv,expert_cache_stats[2].per_layer_unique_demands[42],42
02-partial-fixed-kv,expert_cache_stats[2].per_layer_unique_demands[43],46
02-partial-fixed-kv,expert_cache_stats[2].per_layer_unique_demands[44],44
02-partial-fixed-kv,expert_cache_stats[2].per_layer_unique_demands[45],59
02-partial-fixed-kv,expert_cache_stats[2].per_layer_unique_demands[46],56
02-partial-fixed-kv,expert_cache_stats[2].per_layer_unique_demands[47],60
02-partial-fixed-kv,expert_cache_stats[2].per_layer_max_unique_per_forward[0],10
02-partial-fixed-kv,expert_cache_stats[2].per_layer_max_unique_per_forward[1],10
02-partial-fixed-kv,expert_cache_stats[2].per_layer_max_unique_per_forward[2],11
02-partial-fixed-kv,expert_cache_stats[2].per_layer_max_unique_per_forward[3],12
02-partial-fixed-kv,expert_cache_stats[2].per_layer_max_unique_per_forward[4],11
02-partial-fixed-kv,expert_cache_stats[2].per_layer_max_unique_per_forward[5],11
02-partial-fixed-kv,expert_cache_stats[2].per_layer_max_unique_per_forward[6],11
02-partial-fixed-kv,expert_cache_stats[2].per_layer_max_unique_per_forward[7],11
02-partial-fixed-kv,expert_cache_stats[2].per_layer_max_unique_per_forward[8],13
02-partial-fixed-kv,expert_cache_stats[2].per_layer_max_unique_per_forward[9],12
02-partial-fixed-kv,expert_cache_stats[2].per_layer_max_unique_per_forward[10],11
02-partial-fixed-kv,expert_cache_stats[2].per_layer_max_unique_per_forward[11],11
02-partial-fixed-kv,expert_cache_stats[2].per_layer_max_unique_per_forward[12],10
02-partial-fixed-kv,expert_cache_stats[2].per_layer_max_unique_per_forward[13],11
02-partial-fixed-kv,expert_cache_stats[2].per_layer_max_unique_per_forward[14],11
02-partial-fixed-kv,expert_cache_stats[2].per_layer_max_unique_per_forward[15],11
02-partial-fixed-kv,expert_cache_stats[2].per_layer_max_unique_per_forward[16],11
02-partial-fixed-kv,expert_cache_stats[2].per_layer_max_unique_per_forward[17],12
02-partial-fixed-kv,expert_cache_stats[2].per_layer_max_unique_per_forward[18],11
02-partial-fixed-kv,expert_cache_stats[2].per_layer_max_unique_per_forward[19],13
02-partial-fixed-kv,expert_cache_stats[2].per_layer_max_unique_per_forward[20],12
02-partial-fixed-kv,expert_cache_stats[2].per_layer_max_unique_per_forward[21],12
02-partial-fixed-kv,expert_cache_stats[2].per_layer_max_unique_per_forward[22],14
02-partial-fixed-kv,expert_cache_stats[2].per_layer_max_unique_per_forward[23],12
02-partial-fixed-kv,expert_cache_stats[2].per_layer_max_unique_per_forward[24],13
02-partial-fixed-kv,expert_cache_stats[2].per_layer_max_unique_per_forward[25],12
02-partial-fixed-kv,expert_cache_stats[2].per_layer_max_unique_per_forward[26],14
02-partial-fixed-kv,expert_cache_stats[2].per_layer_max_unique_per_forward[27],15
02-partial-fixed-kv,expert_cache_stats[2].per_layer_max_unique_per_forward[28],14
02-partial-fixed-kv,expert_cache_stats[2].per_layer_max_unique_per_forward[29],14
02-partial-fixed-kv,expert_cache_stats[2].per_layer_max_unique_per_forward[30],16
02-partial-fixed-kv,expert_cache_stats[2].per_layer_max_unique_per_forward[31],15
02-partial-fixed-kv,expert_cache_stats[2].per_layer_max_unique_per_forward[32],14
02-partial-fixed-kv,expert_cache_stats[2].per_layer_max_unique_per_forward[33],15
02-partial-fixed-kv,expert_cache_stats[2].per_layer_max_unique_per_forward[34],13
02-partial-fixed-kv,expert_cache_stats[2].per_layer_max_unique_per_forward[35],13
02-partial-fixed-kv,expert_cache_stats[2].per_layer_max_unique_per_forward[36],15
02-partial-fixed-kv,expert_cache_stats[2].per_layer_max_unique_per_forward[37],16
02-partial-fixed-kv,expert_cache_stats[2].per_layer_max_unique_per_forward[38],15
02-partial-fixed-kv,expert_cache_stats[2].per_layer_max_unique_per_forward[39],15
02-partial-fixed-kv,expert_cache_stats[2].per_layer_max_unique_per_forward[40],14
02-partial-fixed-kv,expert_cache_stats[2].per_layer_max_unique_per_forward[41],16
02-partial-fixed-kv,expert_cache_stats[2].per_layer_max_unique_per_forward[42],18
02-partial-fixed-kv,expert_cache_stats[2].per_layer_max_unique_per_forward[43],19
02-partial-fixed-kv,expert_cache_stats[2].per_layer_max_unique_per_forward[44],21
02-partial-fixed-kv,expert_cache_stats[2].per_layer_max_unique_per_forward[45],33
02-partial-fixed-kv,expert_cache_stats[2].per_layer_max_unique_per_forward[46],32
02-partial-fixed-kv,expert_cache_stats[2].per_layer_max_unique_per_forward[47],37
02-partial-fixed-kv,expert_cache_stats[2].identity.geometry.total_layers,48
02-partial-fixed-kv,expert_cache_stats[2].identity.geometry.num_experts,512
02-partial-fixed-kv,expert_cache_stats[2].identity.geometry.hidden_size,2048
02-partial-fixed-kv,expert_cache_stats[2].identity.geometry.intermediate_size,128
02-partial-fixed-kv,expert_cache_stats[2].identity.tensor_parallel_size,4
02-partial-fixed-kv,expert_cache_stats[2].identity.model_config_sha256,2d483c7cabad7c8704478ed4038fa7e7b2eff840bc00a118eccbe38e2b488303
02-partial-fixed-kv,expert_cache_stats[2].identity.model_identity_sha256,24f6a89ba0e0435caffbb3d056425fb1fe980fca09d5a8749dfb231bd24880d8
02-partial-fixed-kv,expert_cache_stats[2].profile_sha256,0c54d62f0f172a2fe11e201125c385bed91db37df7d949dff7a929686b96357e
02-partial-fixed-kv,expert_cache_stats[2].cache_policy,decayed-lfu
02-partial-fixed-kv,expert_cache_stats[2].failed,False
02-partial-fixed-kv,expert_cache_stats[2].weight_verification_scope,CUDA parity tests required; no runtime weight D2H verification
02-partial-fixed-kv,expert_cache_stats[2].temporary_memory_scope,native fused kernel workspace/output and CPU route IDs scale with scheduled tokens; no weight-sized GPU gather temporary
02-partial-fixed-kv,expert_cache_stats[2].memory_accounting_scope,"tensor payload bytes; excludes allocator rounding, CUDA event driver memory and Python policy metadata; native/chunk output workspace must be included in vLLM measured profiling peak"
02-partial-fixed-kv,expert_cache_stats[2].kernel_config_scope,native logical E geometry per actual native chunk size
02-partial-fixed-kv,expert_cache_stats[2].transfer_schedule,demand-critical H2D on compute stream; no speculative prefetch
02-partial-fixed-kv,expert_cache_stats[2].kernel_config_records.capacity,64
02-partial-fixed-kv,expert_cache_stats[2].kernel_config_records.unrecorded_selections,0
02-partial-fixed-kv,expert_cache_stats[2].kernel_config_records.records[0].chunk_tokens,8192
02-partial-fixed-kv,expert_cache_stats[2].kernel_config_records.records[0].top_k,10
02-partial-fixed-kv,expert_cache_stats[2].kernel_config_records.records[0].selections,96
02-partial-fixed-kv,expert_cache_stats[2].kernel_config_records.records[0].w13_shape[0],512
02-partial-fixed-kv,expert_cache_stats[2].kernel_config_records.records[0].w13_shape[1],256
02-partial-fixed-kv,expert_cache_stats[2].kernel_config_records.records[0].w13_shape[2],2048
02-partial-fixed-kv,expert_cache_stats[2].kernel_config_records.records[0].w2_shape[0],512
02-partial-fixed-kv,expert_cache_stats[2].kernel_config_records.records[0].w2_shape[1],2048
02-partial-fixed-kv,expert_cache_stats[2].kernel_config_records.records[0].w2_shape[2],128
02-partial-fixed-kv,expert_cache_stats[2].kernel_config_records.records[0].config.BLOCK_SIZE_K,64
02-partial-fixed-kv,expert_cache_stats[2].kernel_config_records.records[0].config.BLOCK_SIZE_M,128
02-partial-fixed-kv,expert_cache_stats[2].kernel_config_records.records[0].config.BLOCK_SIZE_N,128
02-partial-fixed-kv,expert_cache_stats[2].kernel_config_records.records[0].config.GROUP_SIZE_M,64
02-partial-fixed-kv,expert_cache_stats[2].kernel_config_records.records[0].config.num_stages,3
02-partial-fixed-kv,expert_cache_stats[2].kernel_config_records.records[0].config.num_warps,8
02-partial-fixed-kv,expert_cache_stats[2].kernel_config_records.records[1].chunk_tokens,256
02-partial-fixed-kv,expert_cache_stats[2].kernel_config_records.records[1].top_k,10
02-partial-fixed-kv,expert_cache_stats[2].kernel_config_records.records[1].selections,48
02-partial-fixed-kv,expert_cache_stats[2].kernel_config_records.records[1].w13_shape[0],512
02-partial-fixed-kv,expert_cache_stats[2].kernel_config_records.records[1].w13_shape[1],256
02-partial-fixed-kv,expert_cache_stats[2].kernel_config_records.records[1].w13_shape[2],2048
02-partial-fixed-kv,expert_cache_stats[2].kernel_config_records.records[1].w2_shape[0],512
02-partial-fixed-kv,expert_cache_stats[2].kernel_config_records.records[1].w2_shape[1],2048
02-partial-fixed-kv,expert_cache_stats[2].kernel_config_records.records[1].w2_shape[2],128
02-partial-fixed-kv,expert_cache_stats[2].kernel_config_records.records[1].config.BLOCK_SIZE_K,64
02-partial-fixed-kv,expert_cache_stats[2].kernel_config_records.records[1].config.BLOCK_SIZE_M,16
02-partial-fixed-kv,expert_cache_stats[2].kernel_config_records.records[1].config.BLOCK_SIZE_N,128
02-partial-fixed-kv,expert_cache_stats[2].kernel_config_records.records[1].config.GROUP_SIZE_M,1
02-partial-fixed-kv,expert_cache_stats[2].kernel_config_records.records[1].config.num_stages,3
02-partial-fixed-kv,expert_cache_stats[2].kernel_config_records.records[1].config.num_warps,8
02-partial-fixed-kv,expert_cache_stats[3].schema_version,1
02-partial-fixed-kv,expert_cache_stats[3].rank,3
02-partial-fixed-kv,expert_cache_stats[3].tensor_parallel_size,4
02-partial-fixed-kv,expert_cache_stats[3].total_layers,48
02-partial-fixed-kv,expert_cache_stats[3].num_experts,512
02-partial-fixed-kv,expert_cache_stats[3].physical_slots,13056
02-partial-fixed-kv,expert_cache_stats[3].resident_slots,12288
02-partial-fixed-kv,expert_cache_stats[3].cache_slots,256
02-partial-fixed-kv,expert_cache_stats[3].ingress_slots,512
02-partial-fixed-kv,expert_cache_stats[3].expert_bytes,1572864
02-partial-fixed-kv,expert_cache_stats[3].host_source_bytes,38654705664
02-partial-fixed-kv,expert_cache_stats[3].pinned_gather_bytes,805306368
02-partial-fixed-kv,expert_cache_stats[3].gpu_pool_bytes,20535312384
02-partial-fixed-kv,expert_cache_stats[3].gpu_resident_bytes,19327352832
02-partial-fixed-kv,expert_cache_stats[3].gpu_cache_bytes,402653184
02-partial-fixed-kv,expert_cache_stats[3].gpu_ingress_bytes,805306368
02-partial-fixed-kv,expert_cache_stats[3].gpu_metadata_bytes,6144
02-partial-fixed-kv,expert_cache_stats[3].pinned_metadata_bytes,6144
02-partial-fixed-kv,expert_cache_stats[3].net_freed_bytes,18119387136
02-partial-fixed-kv,expert_cache_stats[3].weights_verified,0
02-partial-fixed-kv,expert_cache_stats[3].cuda_timing_capacity,128
02-partial-fixed-kv,expert_cache_stats[3].h2d_bytes,758120448
02-partial-fixed-kv,expert_cache_stats[3].copy_launches,248
02-partial-fixed-kv,expert_cache_stats[3].startup_resident_h2d_bytes,19327352832
02-partial-fixed-kv,expert_cache_stats[3].promotion_d2d_bytes,633864192
02-partial-fixed-kv,expert_cache_stats[3].metadata_h2d_bytes,298136
02-partial-fixed-kv,expert_cache_stats[3].unique_demands,1702
02-partial-fixed-kv,expert_cache_stats[3].resident_hits,1203
02-partial-fixed-kv,expert_cache_stats[3].max_unique_per_forward,36
02-partial-fixed-kv,expert_cache_stats[3].mean_unique_coverage,0.023084852430555556
02-partial-fixed-kv,expert_cache_stats[3].resident_ratio,0.5
02-partial-fixed-kv,expert_cache_stats[3].policy.observations,144
02-partial-fixed-kv,expert_cache_stats[3].policy.unique_demands,1702
02-partial-fixed-kv,expert_cache_stats[3].policy.completed_forwards,3
02-partial-fixed-kv,expert_cache_stats[3].policy.decay_events,0
02-partial-fixed-kv,expert_cache_stats[3].policy.cache_hits,17
02-partial-fixed-kv,expert_cache_stats[3].policy.cache_misses,482
02-partial-fixed-kv,expert_cache_stats[3].policy.admissions,403
02-partial-fixed-kv,expert_cache_stats[3].policy.evictions,147
02-partial-fixed-kv,expert_cache_stats[3].policy.cache_bypasses,79
02-partial-fixed-kv,expert_cache_stats[3].policy.reconfigurations,0
02-partial-fixed-kv,expert_cache_stats[3].policy.resident_experts,12288
02-partial-fixed-kv,expert_cache_stats[3].policy.cache_slots,256
02-partial-fixed-kv,expert_cache_stats[3].policy.cache_entries,256
02-partial-fixed-kv,expert_cache_stats[3].policy.cache_hit_ratio,0.03406813627254509
02-partial-fixed-kv,expert_cache_stats[3].timing.route_d2h_s,3.2277017775923014
02-partial-fixed-kv,expert_cache_stats[3].timing.policy_cpu_s,0.010219441261142492
02-partial-fixed-kv,expert_cache_stats[3].timing.host_reuse_wait_s,0.0008652093820273876
02-partial-fixed-kv,expert_cache_stats[3].timing.host_gather_s,0.2963824486359954
02-partial-fixed-kv,expert_cache_stats[3].timing.h2d_enqueue_s,0.010890631936490536
02-partial-fixed-kv,expert_cache_stats[3].timing.compute_enqueue_s,0.2398859327659011
02-partial-fixed-kv,expert_cache_stats[3].timing.cuda_sample_count,5
02-partial-fixed-kv,expert_cache_stats[3].timing.load_cuda_s,0.000624704010784626
02-partial-fixed-kv,expert_cache_stats[3].timing.compute_cuda_s,0.15095587116479872
02-partial-fixed-kv,expert_cache_stats[3].timing.promotion_cuda_s,0.00013536000158637763
02-partial-fixed-kv,expert_cache_stats[3].forward_counts[0],3
02-partial-fixed-kv,expert_cache_stats[3].forward_counts[1],3
02-partial-fixed-kv,expert_cache_stats[3].forward_counts[2],3
02-partial-fixed-kv,expert_cache_stats[3].forward_counts[3],3
02-partial-fixed-kv,expert_cache_stats[3].forward_counts[4],3
02-partial-fixed-kv,expert_cache_stats[3].forward_counts[5],3
02-partial-fixed-kv,expert_cache_stats[3].forward_counts[6],3
02-partial-fixed-kv,expert_cache_stats[3].forward_counts[7],3
02-partial-fixed-kv,expert_cache_stats[3].forward_counts[8],3
02-partial-fixed-kv,expert_cache_stats[3].forward_counts[9],3
02-partial-fixed-kv,expert_cache_stats[3].forward_counts[10],3
02-partial-fixed-kv,expert_cache_stats[3].forward_counts[11],3
02-partial-fixed-kv,expert_cache_stats[3].forward_counts[12],3
02-partial-fixed-kv,expert_cache_stats[3].forward_counts[13],3
02-partial-fixed-kv,expert_cache_stats[3].forward_counts[14],3
02-partial-fixed-kv,expert_cache_stats[3].forward_counts[15],3
02-partial-fixed-kv,expert_cache_stats[3].forward_counts[16],3
02-partial-fixed-kv,expert_cache_stats[3].forward_counts[17],3
02-partial-fixed-kv,expert_cache_stats[3].forward_counts[18],3
02-partial-fixed-kv,expert_cache_stats[3].forward_counts[19],3
02-partial-fixed-kv,expert_cache_stats[3].forward_counts[20],3
02-partial-fixed-kv,expert_cache_stats[3].forward_counts[21],3
02-partial-fixed-kv,expert_cache_stats[3].forward_counts[22],3
02-partial-fixed-kv,expert_cache_stats[3].forward_counts[23],3
02-partial-fixed-kv,expert_cache_stats[3].forward_counts[24],3
02-partial-fixed-kv,expert_cache_stats[3].forward_counts[25],3
02-partial-fixed-kv,expert_cache_stats[3].forward_counts[26],3
02-partial-fixed-kv,expert_cache_stats[3].forward_counts[27],3
02-partial-fixed-kv,expert_cache_stats[3].forward_counts[28],3
02-partial-fixed-kv,expert_cache_stats[3].forward_counts[29],3
02-partial-fixed-kv,expert_cache_stats[3].forward_counts[30],3
02-partial-fixed-kv,expert_cache_stats[3].forward_counts[31],3
02-partial-fixed-kv,expert_cache_stats[3].forward_counts[32],3
02-partial-fixed-kv,expert_cache_stats[3].forward_counts[33],3
02-partial-fixed-kv,expert_cache_stats[3].forward_counts[34],3
02-partial-fixed-kv,expert_cache_stats[3].forward_counts[35],3
02-partial-fixed-kv,expert_cache_stats[3].forward_counts[36],3
02-partial-fixed-kv,expert_cache_stats[3].forward_counts[37],3
02-partial-fixed-kv,expert_cache_stats[3].forward_counts[38],3
02-partial-fixed-kv,expert_cache_stats[3].forward_counts[39],3
02-partial-fixed-kv,expert_cache_stats[3].forward_counts[40],3
02-partial-fixed-kv,expert_cache_stats[3].forward_counts[41],3
02-partial-fixed-kv,expert_cache_stats[3].forward_counts[42],3
02-partial-fixed-kv,expert_cache_stats[3].forward_counts[43],3
02-partial-fixed-kv,expert_cache_stats[3].forward_counts[44],3
02-partial-fixed-kv,expert_cache_stats[3].forward_counts[45],3
02-partial-fixed-kv,expert_cache_stats[3].forward_counts[46],3
02-partial-fixed-kv,expert_cache_stats[3].forward_counts[47],3
02-partial-fixed-kv,expert_cache_stats[3].per_layer_unique_demands[0],30
02-partial-fixed-kv,expert_cache_stats[3].per_layer_unique_demands[1],30
02-partial-fixed-kv,expert_cache_stats[3].per_layer_unique_demands[2],31
02-partial-fixed-kv,expert_cache_stats[3].per_layer_unique_demands[3],33
02-partial-fixed-kv,expert_cache_stats[3].per_layer_unique_demands[4],30
02-partial-fixed-kv,expert_cache_stats[3].per_layer_unique_demands[5],31
02-partial-fixed-kv,expert_cache_stats[3].per_layer_unique_demands[6],32
02-partial-fixed-kv,expert_cache_stats[3].per_layer_unique_demands[7],32
02-partial-fixed-kv,expert_cache_stats[3].per_layer_unique_demands[8],33
02-partial-fixed-kv,expert_cache_stats[3].per_layer_unique_demands[9],32
02-partial-fixed-kv,expert_cache_stats[3].per_layer_unique_demands[10],33
02-partial-fixed-kv,expert_cache_stats[3].per_layer_unique_demands[11],31
02-partial-fixed-kv,expert_cache_stats[3].per_layer_unique_demands[12],30
02-partial-fixed-kv,expert_cache_stats[3].per_layer_unique_demands[13],32
02-partial-fixed-kv,expert_cache_stats[3].per_layer_unique_demands[14],32
02-partial-fixed-kv,expert_cache_stats[3].per_layer_unique_demands[15],31
02-partial-fixed-kv,expert_cache_stats[3].per_layer_unique_demands[16],33
02-partial-fixed-kv,expert_cache_stats[3].per_layer_unique_demands[17],32
02-partial-fixed-kv,expert_cache_stats[3].per_layer_unique_demands[18],31
02-partial-fixed-kv,expert_cache_stats[3].per_layer_unique_demands[19],33
02-partial-fixed-kv,expert_cache_stats[3].per_layer_unique_demands[20],33
02-partial-fixed-kv,expert_cache_stats[3].per_layer_unique_demands[21],35
02-partial-fixed-kv,expert_cache_stats[3].per_layer_unique_demands[22],37
02-partial-fixed-kv,expert_cache_stats[3].per_layer_unique_demands[23],33
02-partial-fixed-kv,expert_cache_stats[3].per_layer_unique_demands[24],34
02-partial-fixed-kv,expert_cache_stats[3].per_layer_unique_demands[25],33
02-partial-fixed-kv,expert_cache_stats[3].per_layer_unique_demands[26],37
02-partial-fixed-kv,expert_cache_stats[3].per_layer_unique_demands[27],36
02-partial-fixed-kv,expert_cache_stats[3].per_layer_unique_demands[28],39
02-partial-fixed-kv,expert_cache_stats[3].per_layer_unique_demands[29],33
02-partial-fixed-kv,expert_cache_stats[3].per_layer_unique_demands[30],33
02-partial-fixed-kv,expert_cache_stats[3].per_layer_unique_demands[31],32
02-partial-fixed-kv,expert_cache_stats[3].per_layer_unique_demands[32],39
02-partial-fixed-kv,expert_cache_stats[3].per_layer_unique_demands[33],38
02-partial-fixed-kv,expert_cache_stats[3].per_layer_unique_demands[34],37
02-partial-fixed-kv,expert_cache_stats[3].per_layer_unique_demands[35],33
02-partial-fixed-kv,expert_cache_stats[3].per_layer_unique_demands[36],39
02-partial-fixed-kv,expert_cache_stats[3].per_layer_unique_demands[37],36
02-partial-fixed-kv,expert_cache_stats[3].per_layer_unique_demands[38],37
02-partial-fixed-kv,expert_cache_stats[3].per_layer_unique_demands[39],33
02-partial-fixed-kv,expert_cache_stats[3].per_layer_unique_demands[40],34
02-partial-fixed-kv,expert_cache_stats[3].per_layer_unique_demands[41],34
02-partial-fixed-kv,expert_cache_stats[3].per_layer_unique_demands[42],45
02-partial-fixed-kv,expert_cache_stats[3].per_layer_unique_demands[43],42
02-partial-fixed-kv,expert_cache_stats[3].per_layer_unique_demands[44],47
02-partial-fixed-kv,expert_cache_stats[3].per_layer_unique_demands[45],49
02-partial-fixed-kv,expert_cache_stats[3].per_layer_unique_demands[46],53
02-partial-fixed-kv,expert_cache_stats[3].per_layer_unique_demands[47],59
02-partial-fixed-kv,expert_cache_stats[3].per_layer_max_unique_per_forward[0],10
02-partial-fixed-kv,expert_cache_stats[3].per_layer_max_unique_per_forward[1],10
02-partial-fixed-kv,expert_cache_stats[3].per_layer_max_unique_per_forward[2],11
02-partial-fixed-kv,expert_cache_stats[3].per_layer_max_unique_per_forward[3],12
02-partial-fixed-kv,expert_cache_stats[3].per_layer_max_unique_per_forward[4],10
02-partial-fixed-kv,expert_cache_stats[3].per_layer_max_unique_per_forward[5],11
02-partial-fixed-kv,expert_cache_stats[3].per_layer_max_unique_per_forward[6],11
02-partial-fixed-kv,expert_cache_stats[3].per_layer_max_unique_per_forward[7],11
02-partial-fixed-kv,expert_cache_stats[3].per_layer_max_unique_per_forward[8],13
02-partial-fixed-kv,expert_cache_stats[3].per_layer_max_unique_per_forward[9],12
02-partial-fixed-kv,expert_cache_stats[3].per_layer_max_unique_per_forward[10],12
02-partial-fixed-kv,expert_cache_stats[3].per_layer_max_unique_per_forward[11],11
02-partial-fixed-kv,expert_cache_stats[3].per_layer_max_unique_per_forward[12],10
02-partial-fixed-kv,expert_cache_stats[3].per_layer_max_unique_per_forward[13],11
02-partial-fixed-kv,expert_cache_stats[3].per_layer_max_unique_per_forward[14],11
02-partial-fixed-kv,expert_cache_stats[3].per_layer_max_unique_per_forward[15],11
02-partial-fixed-kv,expert_cache_stats[3].per_layer_max_unique_per_forward[16],12
02-partial-fixed-kv,expert_cache_stats[3].per_layer_max_unique_per_forward[17],12
02-partial-fixed-kv,expert_cache_stats[3].per_layer_max_unique_per_forward[18],11
02-partial-fixed-kv,expert_cache_stats[3].per_layer_max_unique_per_forward[19],13
02-partial-fixed-kv,expert_cache_stats[3].per_layer_max_unique_per_forward[20],12
02-partial-fixed-kv,expert_cache_stats[3].per_layer_max_unique_per_forward[21],13
02-partial-fixed-kv,expert_cache_stats[3].per_layer_max_unique_per_forward[22],14
02-partial-fixed-kv,expert_cache_stats[3].per_layer_max_unique_per_forward[23],12
02-partial-fixed-kv,expert_cache_stats[3].per_layer_max_unique_per_forward[24],12
02-partial-fixed-kv,expert_cache_stats[3].per_layer_max_unique_per_forward[25],12
02-partial-fixed-kv,expert_cache_stats[3].per_layer_max_unique_per_forward[26],13
02-partial-fixed-kv,expert_cache_stats[3].per_layer_max_unique_per_forward[27],15
02-partial-fixed-kv,expert_cache_stats[3].per_layer_max_unique_per_forward[28],15
02-partial-fixed-kv,expert_cache_stats[3].per_layer_max_unique_per_forward[29],12
02-partial-fixed-kv,expert_cache_stats[3].per_layer_max_unique_per_forward[30],11
02-partial-fixed-kv,expert_cache_stats[3].per_layer_max_unique_per_forward[31],11
02-partial-fixed-kv,expert_cache_stats[3].per_layer_max_unique_per_forward[32],15
02-partial-fixed-kv,expert_cache_stats[3].per_layer_max_unique_per_forward[33],14
02-partial-fixed-kv,expert_cache_stats[3].per_layer_max_unique_per_forward[34],14
02-partial-fixed-kv,expert_cache_stats[3].per_layer_max_unique_per_forward[35],12
02-partial-fixed-kv,expert_cache_stats[3].per_layer_max_unique_per_forward[36],15
02-partial-fixed-kv,expert_cache_stats[3].per_layer_max_unique_per_forward[37],14
02-partial-fixed-kv,expert_cache_stats[3].per_layer_max_unique_per_forward[38],14
02-partial-fixed-kv,expert_cache_stats[3].per_layer_max_unique_per_forward[39],12
02-partial-fixed-kv,expert_cache_stats[3].per_layer_max_unique_per_forward[40],12
02-partial-fixed-kv,expert_cache_stats[3].per_layer_max_unique_per_forward[41],13
02-partial-fixed-kv,expert_cache_stats[3].per_layer_max_unique_per_forward[42],21
02-partial-fixed-kv,expert_cache_stats[3].per_layer_max_unique_per_forward[43],15
02-partial-fixed-kv,expert_cache_stats[3].per_layer_max_unique_per_forward[44],24
02-partial-fixed-kv,expert_cache_stats[3].per_layer_max_unique_per_forward[45],23
02-partial-fixed-kv,expert_cache_stats[3].per_layer_max_unique_per_forward[46],29
02-partial-fixed-kv,expert_cache_stats[3].per_layer_max_unique_per_forward[47],36
02-partial-fixed-kv,expert_cache_stats[3].identity.geometry.total_layers,48
02-partial-fixed-kv,expert_cache_stats[3].identity.geometry.num_experts,512
02-partial-fixed-kv,expert_cache_stats[3].identity.geometry.hidden_size,2048
02-partial-fixed-kv,expert_cache_stats[3].identity.geometry.intermediate_size,128
02-partial-fixed-kv,expert_cache_stats[3].identity.tensor_parallel_size,4
02-partial-fixed-kv,expert_cache_stats[3].identity.model_config_sha256,2d483c7cabad7c8704478ed4038fa7e7b2eff840bc00a118eccbe38e2b488303
02-partial-fixed-kv,expert_cache_stats[3].identity.model_identity_sha256,24f6a89ba0e0435caffbb3d056425fb1fe980fca09d5a8749dfb231bd24880d8
02-partial-fixed-kv,expert_cache_stats[3].profile_sha256,0c54d62f0f172a2fe11e201125c385bed91db37df7d949dff7a929686b96357e
02-partial-fixed-kv,expert_cache_stats[3].cache_policy,decayed-lfu
02-partial-fixed-kv,expert_cache_stats[3].failed,False
02-partial-fixed-kv,expert_cache_stats[3].weight_verification_scope,CUDA parity tests required; no runtime weight D2H verification
02-partial-fixed-kv,expert_cache_stats[3].temporary_memory_scope,native fused kernel workspace/output and CPU route IDs scale with scheduled tokens; no weight-sized GPU gather temporary
02-partial-fixed-kv,expert_cache_stats[3].memory_accounting_scope,"tensor payload bytes; excludes allocator rounding, CUDA event driver memory and Python policy metadata; native/chunk output workspace must be included in vLLM measured profiling peak"
02-partial-fixed-kv,expert_cache_stats[3].kernel_config_scope,native logical E geometry per actual native chunk size
02-partial-fixed-kv,expert_cache_stats[3].transfer_schedule,demand-critical H2D on compute stream; no speculative prefetch
02-partial-fixed-kv,expert_cache_stats[3].kernel_config_records.capacity,64
02-partial-fixed-kv,expert_cache_stats[3].kernel_config_records.unrecorded_selections,0
02-partial-fixed-kv,expert_cache_stats[3].kernel_config_records.records[0].chunk_tokens,8192
02-partial-fixed-kv,expert_cache_stats[3].kernel_config_records.records[0].top_k,10
02-partial-fixed-kv,expert_cache_stats[3].kernel_config_records.records[0].selections,96
02-partial-fixed-kv,expert_cache_stats[3].kernel_config_records.records[0].w13_shape[0],512
02-partial-fixed-kv,expert_cache_stats[3].kernel_config_records.records[0].w13_shape[1],256
02-partial-fixed-kv,expert_cache_stats[3].kernel_config_records.records[0].w13_shape[2],2048
02-partial-fixed-kv,expert_cache_stats[3].kernel_config_records.records[0].w2_shape[0],512
02-partial-fixed-kv,expert_cache_stats[3].kernel_config_records.records[0].w2_shape[1],2048
02-partial-fixed-kv,expert_cache_stats[3].kernel_config_records.records[0].w2_shape[2],128
02-partial-fixed-kv,expert_cache_stats[3].kernel_config_records.records[0].config.BLOCK_SIZE_K,64
02-partial-fixed-kv,expert_cache_stats[3].kernel_config_records.records[0].config.BLOCK_SIZE_M,128
02-partial-fixed-kv,expert_cache_stats[3].kernel_config_records.records[0].config.BLOCK_SIZE_N,128
02-partial-fixed-kv,expert_cache_stats[3].kernel_config_records.records[0].config.GROUP_SIZE_M,64
02-partial-fixed-kv,expert_cache_stats[3].kernel_config_records.records[0].config.num_stages,3
02-partial-fixed-kv,expert_cache_stats[3].kernel_config_records.records[0].config.num_warps,8
02-partial-fixed-kv,expert_cache_stats[3].kernel_config_records.records[1].chunk_tokens,256
02-partial-fixed-kv,expert_cache_stats[3].kernel_config_records.records[1].top_k,10
02-partial-fixed-kv,expert_cache_stats[3].kernel_config_records.records[1].selections,48
02-partial-fixed-kv,expert_cache_stats[3].kernel_config_records.records[1].w13_shape[0],512
02-partial-fixed-kv,expert_cache_stats[3].kernel_config_records.records[1].w13_shape[1],256
02-partial-fixed-kv,expert_cache_stats[3].kernel_config_records.records[1].w13_shape[2],2048
02-partial-fixed-kv,expert_cache_stats[3].kernel_config_records.records[1].w2_shape[0],512
02-partial-fixed-kv,expert_cache_stats[3].kernel_config_records.records[1].w2_shape[1],2048
02-partial-fixed-kv,expert_cache_stats[3].kernel_config_records.records[1].w2_shape[2],128
02-partial-fixed-kv,expert_cache_stats[3].kernel_config_records.records[1].config.BLOCK_SIZE_K,64
02-partial-fixed-kv,expert_cache_stats[3].kernel_config_records.records[1].config.BLOCK_SIZE_M,16
02-partial-fixed-kv,expert_cache_stats[3].kernel_config_records.records[1].config.BLOCK_SIZE_N,128
02-partial-fixed-kv,expert_cache_stats[3].kernel_config_records.records[1].config.GROUP_SIZE_M,1
02-partial-fixed-kv,expert_cache_stats[3].kernel_config_records.records[1].config.num_stages,3
02-partial-fixed-kv,expert_cache_stats[3].kernel_config_records.records[1].config.num_warps,8
