record_index,metric,value
0,record_index,0
0,aggregates[0].bottleneck_bytes_per_s,18038835118.122
0,aggregates[0].bottleneck_rank,3
0,aggregates[0].bottleneck_wall_s,8.719321340322495e-05
0,aggregates[0].contention,isolated
0,aggregates[0].experts_per_batch,1
0,aggregates[0].mode,contiguous
0,aggregates[0].per_rank_payload_bytes,1572864
0,aggregates[0].repetition,0
0,aggregates[1].bottleneck_bytes_per_s,14470977158.534575
0,aggregates[1].bottleneck_rank,0
0,aggregates[1].bottleneck_wall_s,0.00010869093239307404
0,aggregates[1].contention,isolated
0,aggregates[1].experts_per_batch,1
0,aggregates[1].mode,contiguous
0,aggregates[1].per_rank_payload_bytes,1572864
0,aggregates[1].repetition,1
0,aggregates[2].bottleneck_bytes_per_s,14208492708.04745
0,aggregates[2].bottleneck_rank,2
0,aggregates[2].bottleneck_wall_s,0.00011069886386394501
0,aggregates[2].contention,isolated
0,aggregates[2].experts_per_batch,1
0,aggregates[2].mode,contiguous
0,aggregates[2].per_rank_payload_bytes,1572864
0,aggregates[2].repetition,2
0,aggregates[3].bottleneck_bytes_per_s,2968109512.176106
0,aggregates[3].bottleneck_rank,0
0,aggregates[3].bottleneck_wall_s,0.0005299211479723454
0,aggregates[3].contention,isolated
0,aggregates[3].experts_per_batch,1
0,aggregates[3].mode,fragmented
0,aggregates[3].per_rank_payload_bytes,1572864
0,aggregates[3].repetition,0
0,aggregates[4].bottleneck_bytes_per_s,5051249346.521195
0,aggregates[4].bottleneck_rank,2
0,aggregates[4].bottleneck_wall_s,0.00031138118356466293
0,aggregates[4].contention,isolated
0,aggregates[4].experts_per_batch,1
0,aggregates[4].mode,fragmented
0,aggregates[4].per_rank_payload_bytes,1572864
0,aggregates[4].repetition,1
0,aggregates[5].bottleneck_bytes_per_s,5621685391.5189085
0,aggregates[5].bottleneck_rank,2
0,aggregates[5].bottleneck_wall_s,0.0002797851338982582
0,aggregates[5].contention,isolated
0,aggregates[5].experts_per_batch,1
0,aggregates[5].mode,fragmented
0,aggregates[5].per_rank_payload_bytes,1572864
0,aggregates[5].repetition,2
0,aggregates[6].bottleneck_bytes_per_s,73893121.23891479
0,aggregates[6].bottleneck_rank,0
0,aggregates[6].bottleneck_wall_s,0.021285661961883307
0,aggregates[6].contention,isolated
0,aggregates[6].experts_per_batch,1
0,aggregates[6].mode,gather
0,aggregates[6].per_rank_payload_bytes,1572864
0,aggregates[6].repetition,0
0,aggregates[7].bottleneck_bytes_per_s,80278295.27379702
0,aggregates[7].bottleneck_rank,2
0,aggregates[7].bottleneck_wall_s,0.01959264324977994
0,aggregates[7].contention,isolated
0,aggregates[7].experts_per_batch,1
0,aggregates[7].mode,gather
0,aggregates[7].per_rank_payload_bytes,1572864
0,aggregates[7].repetition,1
0,aggregates[8].bottleneck_bytes_per_s,72609417.86872567
0,aggregates[8].bottleneck_rank,1
0,aggregates[8].bottleneck_wall_s,0.021661983337253332
0,aggregates[8].contention,isolated
0,aggregates[8].experts_per_batch,1
0,aggregates[8].mode,gather
0,aggregates[8].per_rank_payload_bytes,1572864
0,aggregates[8].repetition,2
0,aggregates[9].bottleneck_bytes_per_s,28896272327.758644
0,aggregates[9].bottleneck_rank,2
0,aggregates[9].bottleneck_wall_s,0.00043545104563236237
0,aggregates[9].contention,isolated
0,aggregates[9].experts_per_batch,8
0,aggregates[9].mode,contiguous
0,aggregates[9].per_rank_payload_bytes,12582912
0,aggregates[9].repetition,0
0,aggregates[10].bottleneck_bytes_per_s,24954653706.98114
0,aggregates[10].bottleneck_rank,1
0,aggregates[10].bottleneck_wall_s,0.0005042310804128647
0,aggregates[10].contention,isolated
0,aggregates[10].experts_per_batch,8
0,aggregates[10].mode,contiguous
0,aggregates[10].per_rank_payload_bytes,12582912
0,aggregates[10].repetition,1
0,aggregates[11].bottleneck_bytes_per_s,24381320216.64254
0,aggregates[11].bottleneck_rank,1
0,aggregates[11].bottleneck_wall_s,0.0005160882137715816
0,aggregates[11].contention,isolated
0,aggregates[11].experts_per_batch,8
0,aggregates[11].mode,contiguous
0,aggregates[11].per_rank_payload_bytes,12582912
0,aggregates[11].repetition,2
0,aggregates[12].bottleneck_bytes_per_s,30732448753.911533
0,aggregates[12].bottleneck_rank,0
0,aggregates[12].bottleneck_wall_s,0.00040943408384919167
0,aggregates[12].contention,isolated
0,aggregates[12].experts_per_batch,8
0,aggregates[12].mode,fragmented
0,aggregates[12].per_rank_payload_bytes,12582912
0,aggregates[12].repetition,0
0,aggregates[13].bottleneck_bytes_per_s,25882682103.617496
0,aggregates[13].bottleneck_rank,2
0,aggregates[13].bottleneck_wall_s,0.0004861517809331417
0,aggregates[13].contention,isolated
0,aggregates[13].experts_per_batch,8
0,aggregates[13].mode,fragmented
0,aggregates[13].per_rank_payload_bytes,12582912
0,aggregates[13].repetition,1
0,aggregates[14].bottleneck_bytes_per_s,27001427697.73277
0,aggregates[14].bottleneck_rank,3
0,aggregates[14].bottleneck_wall_s,0.00046600913628935814
0,aggregates[14].contention,isolated
0,aggregates[14].experts_per_batch,8
0,aggregates[14].mode,fragmented
0,aggregates[14].per_rank_payload_bytes,12582912
0,aggregates[14].repetition,2
0,aggregates[15].bottleneck_bytes_per_s,71327001.26444836
0,aggregates[15].bottleneck_rank,2
0,aggregates[15].bottleneck_wall_s,0.1764116222038865
0,aggregates[15].contention,isolated
0,aggregates[15].experts_per_batch,8
0,aggregates[15].mode,gather
0,aggregates[15].per_rank_payload_bytes,12582912
0,aggregates[15].repetition,0
0,aggregates[16].bottleneck_bytes_per_s,74488049.91978543
0,aggregates[16].bottleneck_rank,2
0,aggregates[16].bottleneck_wall_s,0.1689252438955009
0,aggregates[16].contention,isolated
0,aggregates[16].experts_per_batch,8
0,aggregates[16].mode,gather
0,aggregates[16].per_rank_payload_bytes,12582912
0,aggregates[16].repetition,1
0,aggregates[17].bottleneck_bytes_per_s,76425494.90026869
0,aggregates[17].bottleneck_rank,3
0,aggregates[17].bottleneck_wall_s,0.16464285925030708
0,aggregates[17].contention,isolated
0,aggregates[17].experts_per_batch,8
0,aggregates[17].mode,gather
0,aggregates[17].per_rank_payload_bytes,12582912
0,aggregates[17].repetition,2
0,aggregates[18].bottleneck_bytes_per_s,33627690260.522003
0,aggregates[18].bottleneck_rank,3
0,aggregates[18].bottleneck_wall_s,0.001496732234954834
0,aggregates[18].contention,isolated
0,aggregates[18].experts_per_batch,32
0,aggregates[18].mode,contiguous
0,aggregates[18].per_rank_payload_bytes,50331648
0,aggregates[18].repetition,0
0,aggregates[19].bottleneck_bytes_per_s,31159106453.281662
0,aggregates[19].bottleneck_rank,3
0,aggregates[19].bottleneck_wall_s,0.0016153110191226006
0,aggregates[19].contention,isolated
0,aggregates[19].experts_per_batch,32
0,aggregates[19].mode,contiguous
0,aggregates[19].per_rank_payload_bytes,50331648
0,aggregates[19].repetition,1
0,aggregates[20].bottleneck_bytes_per_s,30691416468.484352
0,aggregates[20].bottleneck_rank,0
0,aggregates[20].bottleneck_wall_s,0.0016399258747696877
0,aggregates[20].contention,isolated
0,aggregates[20].experts_per_batch,32
0,aggregates[20].mode,contiguous
0,aggregates[20].per_rank_payload_bytes,50331648
0,aggregates[20].repetition,2
0,aggregates[21].bottleneck_bytes_per_s,34626637502.16385
0,aggregates[21].bottleneck_rank,0
0,aggregates[21].bottleneck_wall_s,0.0014535528607666492
0,aggregates[21].contention,isolated
0,aggregates[21].experts_per_batch,32
0,aggregates[21].mode,fragmented
0,aggregates[21].per_rank_payload_bytes,50331648
0,aggregates[21].repetition,0
0,aggregates[22].bottleneck_bytes_per_s,33185914584.141922
0,aggregates[22].bottleneck_rank,0
0,aggregates[22].bottleneck_wall_s,0.0015166569501161575
0,aggregates[22].contention,isolated
0,aggregates[22].experts_per_batch,32
0,aggregates[22].mode,fragmented
0,aggregates[22].per_rank_payload_bytes,50331648
0,aggregates[22].repetition,1
0,aggregates[23].bottleneck_bytes_per_s,33181452350.804928
0,aggregates[23].bottleneck_rank,3
0,aggregates[23].bottleneck_wall_s,0.0015168609097599983
0,aggregates[23].contention,isolated
0,aggregates[23].experts_per_batch,32
0,aggregates[23].mode,fragmented
0,aggregates[23].per_rank_payload_bytes,50331648
0,aggregates[23].repetition,2
0,aggregates[24].bottleneck_bytes_per_s,69915596.02836885
0,aggregates[24].bottleneck_rank,1
0,aggregates[24].bottleneck_wall_s,0.7198915672488511
0,aggregates[24].contention,isolated
0,aggregates[24].experts_per_batch,32
0,aggregates[24].mode,gather
0,aggregates[24].per_rank_payload_bytes,50331648
0,aggregates[24].repetition,0
0,aggregates[25].bottleneck_bytes_per_s,72576509.50058694
0,aggregates[25].bottleneck_rank,3
0,aggregates[25].bottleneck_wall_s,0.6934977769851685
0,aggregates[25].contention,isolated
0,aggregates[25].experts_per_batch,32
0,aggregates[25].mode,gather
0,aggregates[25].per_rank_payload_bytes,50331648
0,aggregates[25].repetition,1
0,aggregates[26].bottleneck_bytes_per_s,78322384.80186825
0,aggregates[26].bottleneck_rank,1
0,aggregates[26].bottleneck_wall_s,0.6426214948296547
0,aggregates[26].contention,isolated
0,aggregates[26].experts_per_batch,32
0,aggregates[26].mode,gather
0,aggregates[26].per_rank_payload_bytes,50331648
0,aggregates[26].repetition,2
0,aggregates[27].bottleneck_bytes_per_s,25200405415.50335
0,aggregates[27].bottleneck_rank,0
0,aggregates[27].bottleneck_wall_s,0.007989021949470043
0,aggregates[27].contention,isolated
0,aggregates[27].experts_per_batch,128
0,aggregates[27].mode,contiguous
0,aggregates[27].per_rank_payload_bytes,201326592
0,aggregates[27].repetition,0
0,aggregates[28].bottleneck_bytes_per_s,24018602885.037827
0,aggregates[28].bottleneck_rank,2
0,aggregates[28].bottleneck_wall_s,0.008382110856473446
0,aggregates[28].contention,isolated
0,aggregates[28].experts_per_batch,128
0,aggregates[28].mode,contiguous
0,aggregates[28].per_rank_payload_bytes,201326592
0,aggregates[28].repetition,1
0,aggregates[29].bottleneck_bytes_per_s,23529069200.80277
0,aggregates[29].bottleneck_rank,3
0,aggregates[29].bottleneck_wall_s,0.008556504733860493
0,aggregates[29].contention,isolated
0,aggregates[29].experts_per_batch,128
0,aggregates[29].mode,contiguous
0,aggregates[29].per_rank_payload_bytes,201326592
0,aggregates[29].repetition,2
0,aggregates[30].bottleneck_bytes_per_s,33242384350.151245
0,aggregates[30].bottleneck_rank,0
0,aggregates[30].bottleneck_wall_s,0.0060563222505152225
0,aggregates[30].contention,isolated
0,aggregates[30].experts_per_batch,128
0,aggregates[30].mode,fragmented
0,aggregates[30].per_rank_payload_bytes,201326592
0,aggregates[30].repetition,0
0,aggregates[31].bottleneck_bytes_per_s,32591656482.569794
0,aggregates[31].bottleneck_rank,0
0,aggregates[31].bottleneck_wall_s,0.006177243310958147
0,aggregates[31].contention,isolated
0,aggregates[31].experts_per_batch,128
0,aggregates[31].mode,fragmented
0,aggregates[31].per_rank_payload_bytes,201326592
0,aggregates[31].repetition,1
0,aggregates[32].bottleneck_bytes_per_s,32216461989.443207
0,aggregates[32].bottleneck_rank,0
0,aggregates[32].bottleneck_wall_s,0.006249183788895607
0,aggregates[32].contention,isolated
0,aggregates[32].experts_per_batch,128
0,aggregates[32].mode,fragmented
0,aggregates[32].per_rank_payload_bytes,201326592
0,aggregates[32].repetition,2
0,aggregates[33].bottleneck_bytes_per_s,83309146.77297023
0,aggregates[33].bottleneck_rank,3
0,aggregates[33].bottleneck_wall_s,2.4166205008514225
0,aggregates[33].contention,isolated
0,aggregates[33].experts_per_batch,128
0,aggregates[33].mode,gather
0,aggregates[33].per_rank_payload_bytes,201326592
0,aggregates[33].repetition,0
0,aggregates[34].bottleneck_bytes_per_s,84929985.77364978
0,aggregates[34].bottleneck_rank,3
0,aggregates[34].bottleneck_wall_s,2.370500714983791
0,aggregates[34].contention,isolated
0,aggregates[34].experts_per_batch,128
0,aggregates[34].mode,gather
0,aggregates[34].per_rank_payload_bytes,201326592
0,aggregates[34].repetition,1
0,aggregates[35].bottleneck_bytes_per_s,90756539.61091204
0,aggregates[35].bottleneck_rank,3
0,aggregates[35].bottleneck_wall_s,2.218314987141639
0,aggregates[35].contention,isolated
0,aggregates[35].experts_per_batch,128
0,aggregates[35].mode,gather
0,aggregates[35].per_rank_payload_bytes,201326592
0,aggregates[35].repetition,2
0,aggregates[36].bottleneck_bytes_per_s,23254992450.72686
0,aggregates[36].bottleneck_rank,0
0,aggregates[36].bottleneck_wall_s,0.034629397094249725
0,aggregates[36].contention,isolated
0,aggregates[36].experts_per_batch,512
0,aggregates[36].mode,contiguous
0,aggregates[36].per_rank_payload_bytes,805306368
0,aggregates[36].repetition,0
0,aggregates[37].bottleneck_bytes_per_s,23221743349.518948
0,aggregates[37].bottleneck_rank,0
0,aggregates[37].bottleneck_wall_s,0.03467897977679968
0,aggregates[37].contention,isolated
0,aggregates[37].experts_per_batch,512
0,aggregates[37].mode,contiguous
0,aggregates[37].per_rank_payload_bytes,805306368
0,aggregates[37].repetition,1
0,aggregates[38].bottleneck_bytes_per_s,23217249389.181927
0,aggregates[38].bottleneck_rank,0
0,aggregates[38].bottleneck_wall_s,0.03468569228425622
0,aggregates[38].contention,isolated
0,aggregates[38].experts_per_batch,512
0,aggregates[38].mode,contiguous
0,aggregates[38].per_rank_payload_bytes,805306368
0,aggregates[38].repetition,2
0,aggregates[39].bottleneck_bytes_per_s,29315219135.210987
0,aggregates[39].bottleneck_rank,0
0,aggregates[39].bottleneck_wall_s,0.027470590081065893
0,aggregates[39].contention,isolated
0,aggregates[39].experts_per_batch,512
0,aggregates[39].mode,fragmented
0,aggregates[39].per_rank_payload_bytes,805306368
0,aggregates[39].repetition,0
0,aggregates[40].bottleneck_bytes_per_s,29303265389.019505
0,aggregates[40].bottleneck_rank,0
0,aggregates[40].bottleneck_wall_s,0.027481796219944954
0,aggregates[40].contention,isolated
0,aggregates[40].experts_per_batch,512
0,aggregates[40].mode,fragmented
0,aggregates[40].per_rank_payload_bytes,805306368
0,aggregates[40].repetition,1
0,aggregates[41].bottleneck_bytes_per_s,29096761030.047188
0,aggregates[41].bottleneck_rank,0
0,aggregates[41].bottleneck_wall_s,0.027676838915795088
0,aggregates[41].contention,isolated
0,aggregates[41].experts_per_batch,512
0,aggregates[41].mode,fragmented
0,aggregates[41].per_rank_payload_bytes,805306368
0,aggregates[41].repetition,2
0,aggregates[42].bottleneck_bytes_per_s,85276323.5137776
0,aggregates[42].bottleneck_rank,3
0,aggregates[42].bottleneck_wall_s,9.443493044935167
0,aggregates[42].contention,isolated
0,aggregates[42].experts_per_batch,512
0,aggregates[42].mode,gather
0,aggregates[42].per_rank_payload_bytes,805306368
0,aggregates[42].repetition,0
0,aggregates[43].bottleneck_bytes_per_s,85541651.93647352
0,aggregates[43].bottleneck_rank,3
0,aggregates[43].bottleneck_wall_s,9.414201734121889
0,aggregates[43].contention,isolated
0,aggregates[43].experts_per_batch,512
0,aggregates[43].mode,gather
0,aggregates[43].per_rank_payload_bytes,805306368
0,aggregates[43].repetition,1
0,aggregates[44].bottleneck_bytes_per_s,94535702.59651488
0,aggregates[44].bottleneck_rank,1
0,aggregates[44].bottleneck_wall_s,8.518542157951742
0,aggregates[44].contention,isolated
0,aggregates[44].experts_per_batch,512
0,aggregates[44].mode,gather
0,aggregates[44].per_rank_payload_bytes,805306368
0,aggregates[44].repetition,2
0,config.contention,isolated
0,config.expert_bytes,1572864
0,contract.benchmark_policy_sha256,a51e2f06eccbbd7e1dbd0dfad28145edbdc58a6bf90f1dd7ceeb46af6ae1eaed
0,contract.commit,2161d80517315fe9835ee3cf32c98f8e6b0343a7
0,contract.hardware_sha256,9791dbc6d311596ecffb3eb44b417020cb7e142e79a148bc73feb7a0573b4bd1
0,contract.tensor_parallel_size,4
0,contract.versions.cuda,12.8
0,contract.versions.python,3.12.11
0,contract.versions.torch,2.8.0+cu128
0,contract.versions.vllm,0.10.2
0,contract.versions.vllm_commit,01efc7ef781391e744ed08c3292817a773d654e6
0,measurements[0].compute_only_components,
0,measurements[0].compute_only_wall_s,
0,measurements[0].compute_s,
0,measurements[0].copy_only_components.compute_s,0.0
0,measurements[0].copy_only_components.copy_s,4.339199885725975e-05
0,measurements[0].copy_only_components.gather_s,0.0
0,measurements[0].copy_only_components.wall_s,7.737288251519203e-05
0,measurements[0].copy_only_wall_s,7.737288251519203e-05
0,measurements[0].copy_s,4.339199885725975e-05
0,measurements[0].experts_per_batch,1
0,measurements[0].gather_s,0.0
0,measurements[0].joint_wall_s,
0,measurements[0].mode,contiguous
0,measurements[0].rank,0
0,measurements[0].repetition,0
0,measurements[0].wall_s,7.737288251519203e-05
0,measurements[1].compute_only_components,
0,measurements[1].compute_only_wall_s,
0,measurements[1].compute_s,
0,measurements[1].copy_only_components.compute_s,0.0
0,measurements[1].copy_only_components.copy_s,6.588800251483917e-05
0,measurements[1].copy_only_components.gather_s,0.0
0,measurements[1].copy_only_components.wall_s,0.00010869093239307404
0,measurements[1].copy_only_wall_s,0.00010869093239307404
0,measurements[1].copy_s,6.588800251483917e-05
0,measurements[1].experts_per_batch,1
0,measurements[1].gather_s,0.0
0,measurements[1].joint_wall_s,
0,measurements[1].mode,contiguous
0,measurements[1].rank,0
0,measurements[1].repetition,1
0,measurements[1].wall_s,0.00010869093239307404
0,measurements[2].compute_only_components,
0,measurements[2].compute_only_wall_s,
0,measurements[2].compute_s,
0,measurements[2].copy_only_components.compute_s,0.0
0,measurements[2].copy_only_components.copy_s,6.639999896287919e-05
0,measurements[2].copy_only_components.gather_s,0.0
0,measurements[2].copy_only_components.wall_s,0.0001067877747118473
0,measurements[2].copy_only_wall_s,0.0001067877747118473
0,measurements[2].copy_s,6.639999896287919e-05
0,measurements[2].experts_per_batch,1
0,measurements[2].gather_s,0.0
0,measurements[2].joint_wall_s,
0,measurements[2].mode,contiguous
0,measurements[2].rank,0
0,measurements[2].repetition,2
0,measurements[2].wall_s,0.0001067877747118473
0,measurements[3].compute_only_components,
0,measurements[3].compute_only_wall_s,
0,measurements[3].compute_s,
0,measurements[3].copy_only_components.compute_s,0.0
0,measurements[3].copy_only_components.copy_s,8.832000195980072e-05
0,measurements[3].copy_only_components.gather_s,0.0
0,measurements[3].copy_only_components.wall_s,0.0005299211479723454
0,measurements[3].copy_only_wall_s,0.0005299211479723454
0,measurements[3].copy_s,8.832000195980072e-05
0,measurements[3].experts_per_batch,1
0,measurements[3].gather_s,0.0
0,measurements[3].joint_wall_s,
0,measurements[3].mode,fragmented
0,measurements[3].rank,0
0,measurements[3].repetition,0
0,measurements[3].wall_s,0.0005299211479723454
0,measurements[4].compute_only_components,
0,measurements[4].compute_only_wall_s,
0,measurements[4].compute_s,
0,measurements[4].copy_only_components.compute_s,0.0
0,measurements[4].copy_only_components.copy_s,0.00013040000200271605
0,measurements[4].copy_only_components.gather_s,0.0
0,measurements[4].copy_only_components.wall_s,0.0002253437414765358
0,measurements[4].copy_only_wall_s,0.0002253437414765358
0,measurements[4].copy_s,0.00013040000200271605
0,measurements[4].experts_per_batch,1
0,measurements[4].gather_s,0.0
0,measurements[4].joint_wall_s,
0,measurements[4].mode,fragmented
0,measurements[4].rank,0
0,measurements[4].repetition,1
0,measurements[4].wall_s,0.0002253437414765358
0,measurements[5].compute_only_components,
0,measurements[5].compute_only_wall_s,
0,measurements[5].compute_s,
0,measurements[5].copy_only_components.compute_s,0.0
0,measurements[5].copy_only_components.copy_s,0.00011747200042009354
0,measurements[5].copy_only_components.gather_s,0.0
0,measurements[5].copy_only_components.wall_s,0.0002042069099843502
0,measurements[5].copy_only_wall_s,0.0002042069099843502
0,measurements[5].copy_s,0.00011747200042009354
0,measurements[5].experts_per_batch,1
0,measurements[5].gather_s,0.0
0,measurements[5].joint_wall_s,
0,measurements[5].mode,fragmented
0,measurements[5].rank,0
0,measurements[5].repetition,2
0,measurements[5].wall_s,0.0002042069099843502
0,measurements[6].compute_only_components,
0,measurements[6].compute_only_wall_s,
0,measurements[6].compute_s,
0,measurements[6].copy_only_components.compute_s,0.0
0,measurements[6].copy_only_components.copy_s,6.937599927186966e-05
0,measurements[6].copy_only_components.gather_s,0.021129068918526173
0,measurements[6].copy_only_components.wall_s,0.021285661961883307
0,measurements[6].copy_only_wall_s,0.021285661961883307
0,measurements[6].copy_s,6.937599927186966e-05
0,measurements[6].experts_per_batch,1
0,measurements[6].gather_s,0.021129068918526173
0,measurements[6].joint_wall_s,
0,measurements[6].mode,gather
0,measurements[6].rank,0
0,measurements[6].repetition,0
0,measurements[6].wall_s,0.021285661961883307
0,measurements[7].compute_only_components,
0,measurements[7].compute_only_wall_s,
0,measurements[7].compute_s,
0,measurements[7].copy_only_components.compute_s,0.0
0,measurements[7].copy_only_components.copy_s,9.276799857616425e-05
0,measurements[7].copy_only_components.gather_s,0.0066487048752605915
0,measurements[7].copy_only_components.wall_s,0.006850044243037701
0,measurements[7].copy_only_wall_s,0.006850044243037701
0,measurements[7].copy_s,9.276799857616425e-05
0,measurements[7].experts_per_batch,1
0,measurements[7].gather_s,0.0066487048752605915
0,measurements[7].joint_wall_s,
0,measurements[7].mode,gather
0,measurements[7].rank,0
0,measurements[7].repetition,1
0,measurements[7].wall_s,0.006850044243037701
0,measurements[8].compute_only_components,
0,measurements[8].compute_only_wall_s,
0,measurements[8].compute_s,
0,measurements[8].copy_only_components.compute_s,0.0
0,measurements[8].copy_only_components.copy_s,8.134400099515915e-05
0,measurements[8].copy_only_components.gather_s,0.00029447395354509354
0,measurements[8].copy_only_components.wall_s,0.00044428370893001556
0,measurements[8].copy_only_wall_s,0.00044428370893001556
0,measurements[8].copy_s,8.134400099515915e-05
0,measurements[8].experts_per_batch,1
0,measurements[8].gather_s,0.00029447395354509354
0,measurements[8].joint_wall_s,
0,measurements[8].mode,gather
0,measurements[8].rank,0
0,measurements[8].repetition,2
0,measurements[8].wall_s,0.00044428370893001556
0,measurements[9].compute_only_components,
0,measurements[9].compute_only_wall_s,
0,measurements[9].compute_s,
0,measurements[9].copy_only_components.compute_s,0.0
0,measurements[9].copy_only_components.copy_s,0.00035676801204681394
0,measurements[9].copy_only_components.gather_s,0.0
0,measurements[9].copy_only_components.wall_s,0.0003949650563299656
0,measurements[9].copy_only_wall_s,0.0003949650563299656
0,measurements[9].copy_s,0.00035676801204681394
0,measurements[9].experts_per_batch,8
0,measurements[9].gather_s,0.0
0,measurements[9].joint_wall_s,
0,measurements[9].mode,contiguous
0,measurements[9].rank,0
0,measurements[9].repetition,0
0,measurements[9].wall_s,0.0003949650563299656
0,measurements[10].compute_only_components,
0,measurements[10].compute_only_wall_s,
0,measurements[10].compute_s,
0,measurements[10].copy_only_components.compute_s,0.0
0,measurements[10].copy_only_components.copy_s,0.00035888001322746275
0,measurements[10].copy_only_components.gather_s,0.0
0,measurements[10].copy_only_components.wall_s,0.00046478211879730225
0,measurements[10].copy_only_wall_s,0.00046478211879730225
0,measurements[10].copy_s,0.00035888001322746275
0,measurements[10].experts_per_batch,8
0,measurements[10].gather_s,0.0
0,measurements[10].joint_wall_s,
0,measurements[10].mode,contiguous
0,measurements[10].rank,0
0,measurements[10].repetition,1
0,measurements[10].wall_s,0.00046478211879730225
0,measurements[11].compute_only_components,
0,measurements[11].compute_only_wall_s,
0,measurements[11].compute_s,
0,measurements[11].copy_only_components.compute_s,0.0
0,measurements[11].copy_only_components.copy_s,0.00036284801363945006
0,measurements[11].copy_only_components.gather_s,0.0
0,measurements[11].copy_only_components.wall_s,0.00046715326607227325
0,measurements[11].copy_only_wall_s,0.00046715326607227325
0,measurements[11].copy_s,0.00036284801363945006
0,measurements[11].experts_per_batch,8
0,measurements[11].gather_s,0.0
0,measurements[11].joint_wall_s,
0,measurements[11].mode,contiguous
0,measurements[11].rank,0
0,measurements[11].repetition,2
0,measurements[11].wall_s,0.00046715326607227325
0,measurements[12].compute_only_components,
0,measurements[12].compute_only_wall_s,
0,measurements[12].compute_s,
0,measurements[12].copy_only_components.compute_s,0.0
0,measurements[12].copy_only_components.copy_s,0.00038198399543762205
0,measurements[12].copy_only_components.gather_s,0.0
0,measurements[12].copy_only_components.wall_s,0.00040943408384919167
0,measurements[12].copy_only_wall_s,0.00040943408384919167
0,measurements[12].copy_s,0.00038198399543762205
0,measurements[12].experts_per_batch,8
0,measurements[12].gather_s,0.0
0,measurements[12].joint_wall_s,
0,measurements[12].mode,fragmented
0,measurements[12].rank,0
0,measurements[12].repetition,0
0,measurements[12].wall_s,0.00040943408384919167
0,measurements[13].compute_only_components,
0,measurements[13].compute_only_wall_s,
0,measurements[13].compute_s,
0,measurements[13].copy_only_components.compute_s,0.0
0,measurements[13].copy_only_components.copy_s,0.0003698880076408386
0,measurements[13].copy_only_components.gather_s,0.0
0,measurements[13].copy_only_components.wall_s,0.00040880125015974045
0,measurements[13].copy_only_wall_s,0.00040880125015974045
0,measurements[13].copy_s,0.0003698880076408386
0,measurements[13].experts_per_batch,8
0,measurements[13].gather_s,0.0
0,measurements[13].joint_wall_s,
0,measurements[13].mode,fragmented
0,measurements[13].rank,0
0,measurements[13].repetition,1
0,measurements[13].wall_s,0.00040880125015974045
0,measurements[14].compute_only_components,
0,measurements[14].compute_only_wall_s,
0,measurements[14].compute_s,
0,measurements[14].copy_only_components.compute_s,0.0
0,measurements[14].copy_only_components.copy_s,0.00033392000198364255
0,measurements[14].copy_only_components.gather_s,0.0
0,measurements[14].copy_only_components.wall_s,0.0003736047074198723
0,measurements[14].copy_only_wall_s,0.0003736047074198723
0,measurements[14].copy_s,0.00033392000198364255
0,measurements[14].experts_per_batch,8
0,measurements[14].gather_s,0.0
0,measurements[14].joint_wall_s,
0,measurements[14].mode,fragmented
0,measurements[14].rank,0
0,measurements[14].repetition,2
0,measurements[14].wall_s,0.0003736047074198723
0,measurements[15].compute_only_components,
0,measurements[15].compute_only_wall_s,
0,measurements[15].compute_s,
0,measurements[15].copy_only_components.compute_s,0.0
0,measurements[15].copy_only_components.copy_s,0.00037110400199890135
0,measurements[15].copy_only_components.gather_s,0.16906622285023332
0,measurements[15].copy_only_components.wall_s,0.1696627871133387
0,measurements[15].copy_only_wall_s,0.1696627871133387
0,measurements[15].copy_s,0.00037110400199890135
0,measurements[15].experts_per_batch,8
0,measurements[15].gather_s,0.16906622285023332
0,measurements[15].joint_wall_s,
0,measurements[15].mode,gather
0,measurements[15].rank,0
0,measurements[15].repetition,0
0,measurements[15].wall_s,0.1696627871133387
0,measurements[16].compute_only_components,
0,measurements[16].compute_only_wall_s,
0,measurements[16].compute_s,
0,measurements[16].copy_only_components.compute_s,0.0
0,measurements[16].copy_only_components.copy_s,0.00034463998675346376
0,measurements[16].copy_only_components.gather_s,0.0616198917850852
0,measurements[16].copy_only_components.wall_s,0.062051478773355484
0,measurements[16].copy_only_wall_s,0.062051478773355484
0,measurements[16].copy_s,0.00034463998675346376
0,measurements[16].experts_per_batch,8
0,measurements[16].gather_s,0.0616198917850852
0,measurements[16].joint_wall_s,
0,measurements[16].mode,gather
0,measurements[16].rank,0
0,measurements[16].repetition,1
0,measurements[16].wall_s,0.062051478773355484
0,measurements[17].compute_only_components,
0,measurements[17].compute_only_wall_s,
0,measurements[17].compute_s,
0,measurements[17].copy_only_components.compute_s,0.0
0,measurements[17].copy_only_components.copy_s,0.00038294398784637453
0,measurements[17].copy_only_components.gather_s,0.14387560123577714
0,measurements[17].copy_only_components.wall_s,0.1445129499770701
0,measurements[17].copy_only_wall_s,0.1445129499770701
0,measurements[17].copy_s,0.00038294398784637453
0,measurements[17].experts_per_batch,8
0,measurements[17].gather_s,0.14387560123577714
0,measurements[17].joint_wall_s,
0,measurements[17].mode,gather
0,measurements[17].rank,0
0,measurements[17].repetition,2
0,measurements[17].wall_s,0.1445129499770701
0,measurements[18].compute_only_components,
0,measurements[18].compute_only_wall_s,
0,measurements[18].compute_s,
0,measurements[18].copy_only_components.compute_s,0.0
0,measurements[18].copy_only_components.copy_s,0.00142684805393219
0,measurements[18].copy_only_components.gather_s,0.0
0,measurements[18].copy_only_components.wall_s,0.0014568162150681019
0,measurements[18].copy_only_wall_s,0.0014568162150681019
0,measurements[18].copy_s,0.00142684805393219
0,measurements[18].experts_per_batch,32
0,measurements[18].gather_s,0.0
0,measurements[18].joint_wall_s,
0,measurements[18].mode,contiguous
0,measurements[18].rank,0
0,measurements[18].repetition,0
0,measurements[18].wall_s,0.0014568162150681019
0,measurements[19].compute_only_components,
0,measurements[19].compute_only_wall_s,
0,measurements[19].compute_s,
0,measurements[19].copy_only_components.compute_s,0.0
0,measurements[19].copy_only_components.copy_s,0.0015540800094604491
0,measurements[19].copy_only_components.gather_s,0.0
0,measurements[19].copy_only_components.wall_s,0.0016023251228034496
0,measurements[19].copy_only_wall_s,0.0016023251228034496
0,measurements[19].copy_s,0.0015540800094604491
0,measurements[19].experts_per_batch,32
0,measurements[19].gather_s,0.0
0,measurements[19].joint_wall_s,
0,measurements[19].mode,contiguous
0,measurements[19].rank,0
0,measurements[19].repetition,1
0,measurements[19].wall_s,0.0016023251228034496
0,measurements[20].compute_only_components,
0,measurements[20].compute_only_wall_s,
0,measurements[20].compute_s,
0,measurements[20].copy_only_components.compute_s,0.0
0,measurements[20].copy_only_components.copy_s,0.0015916800498962402
0,measurements[20].copy_only_components.gather_s,0.0
0,measurements[20].copy_only_components.wall_s,0.0016399258747696877
0,measurements[20].copy_only_wall_s,0.0016399258747696877
0,measurements[20].copy_s,0.0015916800498962402
0,measurements[20].experts_per_batch,32
0,measurements[20].gather_s,0.0
0,measurements[20].joint_wall_s,
0,measurements[20].mode,contiguous
0,measurements[20].rank,0
0,measurements[20].repetition,2
0,measurements[20].wall_s,0.0016399258747696877
0,measurements[21].compute_only_components,
0,measurements[21].compute_only_wall_s,
0,measurements[21].compute_s,
0,measurements[21].copy_only_components.compute_s,0.0
0,measurements[21].copy_only_components.copy_s,0.0014174079895019531
0,measurements[21].copy_only_components.gather_s,0.0
0,measurements[21].copy_only_components.wall_s,0.0014535528607666492
0,measurements[21].copy_only_wall_s,0.0014535528607666492
0,measurements[21].copy_s,0.0014174079895019531
0,measurements[21].experts_per_batch,32
0,measurements[21].gather_s,0.0
0,measurements[21].joint_wall_s,
0,measurements[21].mode,fragmented
0,measurements[21].rank,0
0,measurements[21].repetition,0
0,measurements[21].wall_s,0.0014535528607666492
0,measurements[22].compute_only_components,
0,measurements[22].compute_only_wall_s,
0,measurements[22].compute_s,
0,measurements[22].copy_only_components.compute_s,0.0
0,measurements[22].copy_only_components.copy_s,0.0014726079702377319
0,measurements[22].copy_only_components.gather_s,0.0
0,measurements[22].copy_only_components.wall_s,0.0015166569501161575
0,measurements[22].copy_only_wall_s,0.0015166569501161575
0,measurements[22].copy_s,0.0014726079702377319
0,measurements[22].experts_per_batch,32
0,measurements[22].gather_s,0.0
0,measurements[22].joint_wall_s,
0,measurements[22].mode,fragmented
0,measurements[22].rank,0
0,measurements[22].repetition,1
0,measurements[22].wall_s,0.0015166569501161575
0,measurements[23].compute_only_components,
0,measurements[23].compute_only_wall_s,
0,measurements[23].compute_s,
0,measurements[23].copy_only_components.compute_s,0.0
0,measurements[23].copy_only_components.copy_s,0.0013949760198593139
0,measurements[23].copy_only_components.gather_s,0.0
0,measurements[23].copy_only_components.wall_s,0.0014392188750207424
0,measurements[23].copy_only_wall_s,0.0014392188750207424
0,measurements[23].copy_s,0.0013949760198593139
0,measurements[23].experts_per_batch,32
0,measurements[23].gather_s,0.0
0,measurements[23].joint_wall_s,
0,measurements[23].mode,fragmented
0,measurements[23].rank,0
0,measurements[23].repetition,2
0,measurements[23].wall_s,0.0014392188750207424
0,measurements[24].compute_only_components,
0,measurements[24].compute_only_wall_s,
0,measurements[24].compute_s,
0,measurements[24].copy_only_components.compute_s,0.0
0,measurements[24].copy_only_components.copy_s,0.0010595840215682983
0,measurements[24].copy_only_components.gather_s,0.6789537370204926
0,measurements[24].copy_only_components.wall_s,0.6802255832590163
0,measurements[24].copy_only_wall_s,0.6802255832590163
0,measurements[24].copy_s,0.0010595840215682983
0,measurements[24].experts_per_batch,32
0,measurements[24].gather_s,0.6789537370204926
0,measurements[24].joint_wall_s,
0,measurements[24].mode,gather
0,measurements[24].rank,0
0,measurements[24].repetition,0
0,measurements[24].wall_s,0.6802255832590163
0,measurements[25].compute_only_components,
0,measurements[25].compute_only_wall_s,
0,measurements[25].compute_s,
0,measurements[25].copy_only_components.compute_s,0.0
0,measurements[25].copy_only_components.copy_s,0.001034335970878601
0,measurements[25].copy_only_components.gather_s,0.6814516698941588
0,measurements[25].copy_only_components.wall_s,0.6826739991083741
0,measurements[25].copy_only_wall_s,0.6826739991083741
0,measurements[25].copy_s,0.001034335970878601
0,measurements[25].experts_per_batch,32
0,measurements[25].gather_s,0.6814516698941588
0,measurements[25].joint_wall_s,
0,measurements[25].mode,gather
0,measurements[25].rank,0
0,measurements[25].repetition,1
0,measurements[25].wall_s,0.6826739991083741
0,measurements[26].compute_only_components,
0,measurements[26].compute_only_wall_s,
0,measurements[26].compute_s,
0,measurements[26].copy_only_components.compute_s,0.0
0,measurements[26].copy_only_components.copy_s,0.0010391680002212525
0,measurements[26].copy_only_components.gather_s,0.5920628919266164
0,measurements[26].copy_only_components.wall_s,0.5960014229640365
0,measurements[26].copy_only_wall_s,0.5960014229640365
0,measurements[26].copy_s,0.0010391680002212525
0,measurements[26].experts_per_batch,32
0,measurements[26].gather_s,0.5920628919266164
0,measurements[26].joint_wall_s,
0,measurements[26].mode,gather
0,measurements[26].rank,0
0,measurements[26].repetition,2
0,measurements[26].wall_s,0.5960014229640365
0,measurements[27].compute_only_components,
0,measurements[27].compute_only_wall_s,
0,measurements[27].compute_s,
0,measurements[27].copy_only_components.compute_s,0.0
0,measurements[27].copy_only_components.copy_s,0.007960832118988037
0,measurements[27].copy_only_components.gather_s,0.0
0,measurements[27].copy_only_components.wall_s,0.007989021949470043
0,measurements[27].copy_only_wall_s,0.007989021949470043
0,measurements[27].copy_s,0.007960832118988037
0,measurements[27].experts_per_batch,128
0,measurements[27].gather_s,0.0
0,measurements[27].joint_wall_s,
0,measurements[27].mode,contiguous
0,measurements[27].rank,0
0,measurements[27].repetition,0
0,measurements[27].wall_s,0.007989021949470043
0,measurements[28].compute_only_components,
0,measurements[28].compute_only_wall_s,
0,measurements[28].compute_s,
0,measurements[28].copy_only_components.compute_s,0.0
0,measurements[28].copy_only_components.copy_s,0.008327743530273438
0,measurements[28].copy_only_components.gather_s,0.0
0,measurements[28].copy_only_components.wall_s,0.008369263727217913
0,measurements[28].copy_only_wall_s,0.008369263727217913
0,measurements[28].copy_s,0.008327743530273438
0,measurements[28].experts_per_batch,128
0,measurements[28].gather_s,0.0
0,measurements[28].joint_wall_s,
0,measurements[28].mode,contiguous
0,measurements[28].rank,0
0,measurements[28].repetition,1
0,measurements[28].wall_s,0.008369263727217913
0,measurements[29].compute_only_components,
0,measurements[29].compute_only_wall_s,
0,measurements[29].compute_s,
0,measurements[29].copy_only_components.compute_s,0.0
0,measurements[29].copy_only_components.copy_s,0.008515040397644042
0,measurements[29].copy_only_components.gather_s,0.0
0,measurements[29].copy_only_components.wall_s,0.00855612801387906
0,measurements[29].copy_only_wall_s,0.00855612801387906
0,measurements[29].copy_s,0.008515040397644042
0,measurements[29].experts_per_batch,128
0,measurements[29].gather_s,0.0
0,measurements[29].joint_wall_s,
0,measurements[29].mode,contiguous
0,measurements[29].rank,0
0,measurements[29].repetition,2
0,measurements[29].wall_s,0.00855612801387906
0,measurements[30].compute_only_components,
0,measurements[30].compute_only_wall_s,
0,measurements[30].compute_s,
0,measurements[30].copy_only_components.compute_s,0.0
0,measurements[30].copy_only_components.copy_s,0.006026368141174316
0,measurements[30].copy_only_components.gather_s,0.0
0,measurements[30].copy_only_components.wall_s,0.0060563222505152225
0,measurements[30].copy_only_wall_s,0.0060563222505152225
0,measurements[30].copy_s,0.006026368141174316
0,measurements[30].experts_per_batch,128
0,measurements[30].gather_s,0.0
0,measurements[30].joint_wall_s,
0,measurements[30].mode,fragmented
0,measurements[30].rank,0
0,measurements[30].repetition,0
0,measurements[30].wall_s,0.0060563222505152225
0,measurements[31].compute_only_components,
0,measurements[31].compute_only_wall_s,
0,measurements[31].compute_s,
0,measurements[31].copy_only_components.compute_s,0.0
0,measurements[31].copy_only_components.copy_s,0.006121695995330811
0,measurements[31].copy_only_components.gather_s,0.0
0,measurements[31].copy_only_components.wall_s,0.006177243310958147
0,measurements[31].copy_only_wall_s,0.006177243310958147
0,measurements[31].copy_s,0.006121695995330811
0,measurements[31].experts_per_batch,128
0,measurements[31].gather_s,0.0
0,measurements[31].joint_wall_s,
0,measurements[31].mode,fragmented
0,measurements[31].rank,0
0,measurements[31].repetition,1
0,measurements[31].wall_s,0.006177243310958147
0,measurements[32].compute_only_components,
0,measurements[32].compute_only_wall_s,
0,measurements[32].compute_s,
0,measurements[32].copy_only_components.compute_s,0.0
0,measurements[32].copy_only_components.copy_s,0.006200863838195801
0,measurements[32].copy_only_components.gather_s,0.0
0,measurements[32].copy_only_components.wall_s,0.006249183788895607
0,measurements[32].copy_only_wall_s,0.006249183788895607
0,measurements[32].copy_s,0.006200863838195801
0,measurements[32].experts_per_batch,128
0,measurements[32].gather_s,0.0
0,measurements[32].joint_wall_s,
0,measurements[32].mode,fragmented
0,measurements[32].rank,0
0,measurements[32].repetition,2
0,measurements[32].wall_s,0.006249183788895607
0,measurements[33].compute_only_components,
0,measurements[33].compute_only_wall_s,
0,measurements[33].compute_s,
0,measurements[33].copy_only_components.compute_s,0.0
0,measurements[33].copy_only_components.copy_s,0.003799423933029175
0,measurements[33].copy_only_components.gather_s,2.4034936102107167
0,measurements[33].copy_only_components.wall_s,2.4094690498895943
0,measurements[33].copy_only_wall_s,2.4094690498895943
0,measurements[33].copy_s,0.003799423933029175
0,measurements[33].experts_per_batch,128
0,measurements[33].gather_s,2.4034936102107167
0,measurements[33].joint_wall_s,
0,measurements[33].mode,gather
0,measurements[33].rank,0
0,measurements[33].repetition,0
0,measurements[33].wall_s,2.4094690498895943
0,measurements[34].compute_only_components,
0,measurements[34].compute_only_wall_s,
0,measurements[34].compute_s,
0,measurements[34].copy_only_components.compute_s,0.0
0,measurements[34].copy_only_components.copy_s,0.003790656089782715
0,measurements[34].copy_only_components.gather_s,2.299317362252623
0,measurements[34].copy_only_components.wall_s,2.3073880029842257
0,measurements[34].copy_only_wall_s,2.3073880029842257
0,measurements[34].copy_s,0.003790656089782715
0,measurements[34].experts_per_batch,128
0,measurements[34].gather_s,2.299317362252623
0,measurements[34].joint_wall_s,
0,measurements[34].mode,gather
0,measurements[34].rank,0
0,measurements[34].repetition,1
0,measurements[34].wall_s,2.3073880029842257
0,measurements[35].compute_only_components,
0,measurements[35].compute_only_wall_s,
0,measurements[35].compute_s,
0,measurements[35].copy_only_components.compute_s,0.0
0,measurements[35].copy_only_components.copy_s,0.0037789759635925295
0,measurements[35].copy_only_components.gather_s,2.007112056016922
0,measurements[35].copy_only_components.wall_s,2.0160879329778254
0,measurements[35].copy_only_wall_s,2.0160879329778254
0,measurements[35].copy_s,0.0037789759635925295
0,measurements[35].experts_per_batch,128
0,measurements[35].gather_s,2.007112056016922
0,measurements[35].joint_wall_s,
0,measurements[35].mode,gather
0,measurements[35].rank,0
0,measurements[35].repetition,2
0,measurements[35].wall_s,2.0160879329778254
0,measurements[36].compute_only_components,
0,measurements[36].compute_only_wall_s,
0,measurements[36].compute_s,
0,measurements[36].copy_only_components.compute_s,0.0
0,measurements[36].copy_only_components.copy_s,0.03460416030883789
0,measurements[36].copy_only_components.gather_s,0.0
0,measurements[36].copy_only_components.wall_s,0.034629397094249725
0,measurements[36].copy_only_wall_s,0.034629397094249725
0,measurements[36].copy_s,0.03460416030883789
0,measurements[36].experts_per_batch,512
0,measurements[36].gather_s,0.0
0,measurements[36].joint_wall_s,
0,measurements[36].mode,contiguous
0,measurements[36].rank,0
0,measurements[36].repetition,0
0,measurements[36].wall_s,0.034629397094249725
0,measurements[37].compute_only_components,
0,measurements[37].compute_only_wall_s,
0,measurements[37].compute_s,
0,measurements[37].copy_only_components.compute_s,0.0
0,measurements[37].copy_only_components.copy_s,0.034640129089355466
0,measurements[37].copy_only_components.gather_s,0.0
0,measurements[37].copy_only_components.wall_s,0.03467897977679968
0,measurements[37].copy_only_wall_s,0.03467897977679968
0,measurements[37].copy_s,0.034640129089355466
0,measurements[37].experts_per_batch,512
0,measurements[37].gather_s,0.0
0,measurements[37].joint_wall_s,
0,measurements[37].mode,contiguous
0,measurements[37].rank,0
0,measurements[37].repetition,1
0,measurements[37].wall_s,0.03467897977679968
0,measurements[38].compute_only_components,
0,measurements[38].compute_only_wall_s,
0,measurements[38].compute_s,
0,measurements[38].copy_only_components.compute_s,0.0
0,measurements[38].copy_only_components.copy_s,0.03464214324951172
0,measurements[38].copy_only_components.gather_s,0.0
0,measurements[38].copy_only_components.wall_s,0.03468569228425622
0,measurements[38].copy_only_wall_s,0.03468569228425622
0,measurements[38].copy_s,0.03464214324951172
0,measurements[38].experts_per_batch,512
0,measurements[38].gather_s,0.0
0,measurements[38].joint_wall_s,
0,measurements[38].mode,contiguous
0,measurements[38].rank,0
0,measurements[38].repetition,2
0,measurements[38].wall_s,0.03468569228425622
0,measurements[39].compute_only_components,
0,measurements[39].compute_only_wall_s,
0,measurements[39].compute_s,
0,measurements[39].copy_only_components.compute_s,0.0
0,measurements[39].copy_only_components.copy_s,0.027440895080566408
0,measurements[39].copy_only_components.gather_s,0.0
0,measurements[39].copy_only_components.wall_s,0.027470590081065893
0,measurements[39].copy_only_wall_s,0.027470590081065893
0,measurements[39].copy_s,0.027440895080566408
0,measurements[39].experts_per_batch,512
0,measurements[39].gather_s,0.0
0,measurements[39].joint_wall_s,
0,measurements[39].mode,fragmented
0,measurements[39].rank,0
0,measurements[39].repetition,0
0,measurements[39].wall_s,0.027470590081065893
0,measurements[40].compute_only_components,
0,measurements[40].compute_only_wall_s,
0,measurements[40].compute_s,
0,measurements[40].copy_only_components.compute_s,0.0
0,measurements[40].copy_only_components.copy_s,0.02742304039001465
0,measurements[40].copy_only_components.gather_s,0.0
0,measurements[40].copy_only_components.wall_s,0.027481796219944954
0,measurements[40].copy_only_wall_s,0.027481796219944954
0,measurements[40].copy_s,0.02742304039001465
0,measurements[40].experts_per_batch,512
0,measurements[40].gather_s,0.0
0,measurements[40].joint_wall_s,
0,measurements[40].mode,fragmented
0,measurements[40].rank,0
0,measurements[40].repetition,1
0,measurements[40].wall_s,0.027481796219944954
0,measurements[41].compute_only_components,
0,measurements[41].compute_only_wall_s,
0,measurements[41].compute_s,
0,measurements[41].copy_only_components.compute_s,0.0
0,measurements[41].copy_only_components.copy_s,0.027488672256469726
0,measurements[41].copy_only_components.gather_s,0.0
0,measurements[41].copy_only_components.wall_s,0.027676838915795088
0,measurements[41].copy_only_wall_s,0.027676838915795088
0,measurements[41].copy_s,0.027488672256469726
0,measurements[41].experts_per_batch,512
0,measurements[41].gather_s,0.0
0,measurements[41].joint_wall_s,
0,measurements[41].mode,fragmented
0,measurements[41].rank,0
0,measurements[41].repetition,2
0,measurements[41].wall_s,0.027676838915795088
0,measurements[42].compute_only_components,
0,measurements[42].compute_only_wall_s,
0,measurements[42].compute_s,
0,measurements[42].copy_only_components.compute_s,0.0
0,measurements[42].copy_only_components.copy_s,0.014924096107482911
0,measurements[42].copy_only_components.gather_s,9.40360523480922
0,measurements[42].copy_only_components.wall_s,9.418863461818546
0,measurements[42].copy_only_wall_s,9.418863461818546
0,measurements[42].copy_s,0.014924096107482911
0,measurements[42].experts_per_batch,512
0,measurements[42].gather_s,9.40360523480922
0,measurements[42].joint_wall_s,
0,measurements[42].mode,gather
0,measurements[42].rank,0
0,measurements[42].repetition,0
0,measurements[42].wall_s,9.418863461818546
0,measurements[43].compute_only_components,
0,measurements[43].compute_only_wall_s,
0,measurements[43].compute_s,
0,measurements[43].copy_only_components.compute_s,0.0
0,measurements[43].copy_only_components.copy_s,0.015055359840393067
0,measurements[43].copy_only_components.gather_s,9.157400278840214
0,measurements[43].copy_only_components.wall_s,9.174858417827636
0,measurements[43].copy_only_wall_s,9.174858417827636
0,measurements[43].copy_s,0.015055359840393067
0,measurements[43].experts_per_batch,512
0,measurements[43].gather_s,9.157400278840214
0,measurements[43].joint_wall_s,
0,measurements[43].mode,gather
0,measurements[43].rank,0
0,measurements[43].repetition,1
0,measurements[43].wall_s,9.174858417827636
0,measurements[44].compute_only_components,
0,measurements[44].compute_only_wall_s,
0,measurements[44].compute_s,
0,measurements[44].copy_only_components.compute_s,0.0
0,measurements[44].copy_only_components.copy_s,0.014921088218688965
0,measurements[44].copy_only_components.gather_s,8.377607419155538
0,measurements[44].copy_only_components.wall_s,8.392834058962762
0,measurements[44].copy_only_wall_s,8.392834058962762
0,measurements[44].copy_s,0.014921088218688965
0,measurements[44].experts_per_batch,512
0,measurements[44].gather_s,8.377607419155538
0,measurements[44].joint_wall_s,
0,measurements[44].mode,gather
0,measurements[44].rank,0
0,measurements[44].repetition,2
0,measurements[44].wall_s,8.392834058962762
0,measurements[45].compute_only_components,
0,measurements[45].compute_only_wall_s,
0,measurements[45].compute_s,
0,measurements[45].copy_only_components.compute_s,0.0
0,measurements[45].copy_only_components.copy_s,4.585599899291992e-05
0,measurements[45].copy_only_components.gather_s,0.0
0,measurements[45].copy_only_components.wall_s,8.199503645300865e-05
0,measurements[45].copy_only_wall_s,8.199503645300865e-05
0,measurements[45].copy_s,4.585599899291992e-05
0,measurements[45].experts_per_batch,1
0,measurements[45].gather_s,0.0
0,measurements[45].joint_wall_s,
0,measurements[45].mode,contiguous
0,measurements[45].rank,1
0,measurements[45].repetition,0
0,measurements[45].wall_s,8.199503645300865e-05
0,measurements[46].compute_only_components,
0,measurements[46].compute_only_wall_s,
0,measurements[46].compute_s,
0,measurements[46].copy_only_components.compute_s,0.0
0,measurements[46].copy_only_components.copy_s,6.259199976921082e-05
0,measurements[46].copy_only_components.gather_s,0.0
0,measurements[46].copy_only_components.wall_s,0.00010773586109280586
0,measurements[46].copy_only_wall_s,0.00010773586109280586
0,measurements[46].copy_s,6.259199976921082e-05
0,measurements[46].experts_per_batch,1
0,measurements[46].gather_s,0.0
0,measurements[46].joint_wall_s,
0,measurements[46].mode,contiguous
0,measurements[46].rank,1
0,measurements[46].repetition,1
0,measurements[46].wall_s,0.00010773586109280586
0,measurements[47].compute_only_components,
0,measurements[47].compute_only_wall_s,
0,measurements[47].compute_s,
0,measurements[47].copy_only_components.compute_s,0.0
0,measurements[47].copy_only_components.copy_s,6.0896001756191256e-05
0,measurements[47].copy_only_components.gather_s,0.0
0,measurements[47].copy_only_components.wall_s,9.996211156249046e-05
0,measurements[47].copy_only_wall_s,9.996211156249046e-05
0,measurements[47].copy_s,6.0896001756191256e-05
0,measurements[47].experts_per_batch,1
0,measurements[47].gather_s,0.0
0,measurements[47].joint_wall_s,
0,measurements[47].mode,contiguous
0,measurements[47].rank,1
0,measurements[47].repetition,2
0,measurements[47].wall_s,9.996211156249046e-05
0,measurements[48].compute_only_components,
0,measurements[48].compute_only_wall_s,
0,measurements[48].compute_s,
0,measurements[48].copy_only_components.compute_s,0.0
0,measurements[48].copy_only_components.copy_s,5.318399891257286e-05
0,measurements[48].copy_only_components.gather_s,0.0
0,measurements[48].copy_only_components.wall_s,8.450169116258621e-05
0,measurements[48].copy_only_wall_s,8.450169116258621e-05
0,measurements[48].copy_s,5.318399891257286e-05
0,measurements[48].experts_per_batch,1
0,measurements[48].gather_s,0.0
0,measurements[48].joint_wall_s,
0,measurements[48].mode,fragmented
0,measurements[48].rank,1
0,measurements[48].repetition,0
0,measurements[48].wall_s,8.450169116258621e-05
0,measurements[49].compute_only_components,
0,measurements[49].compute_only_wall_s,
0,measurements[49].compute_s,
0,measurements[49].copy_only_components.compute_s,0.0
0,measurements[49].copy_only_components.copy_s,0.00015961599349975585
0,measurements[49].copy_only_components.gather_s,0.0
0,measurements[49].copy_only_components.wall_s,0.0002951226197183132
0,measurements[49].copy_only_wall_s,0.0002951226197183132
0,measurements[49].copy_s,0.00015961599349975585
0,measurements[49].experts_per_batch,1
0,measurements[49].gather_s,0.0
0,measurements[49].joint_wall_s,
0,measurements[49].mode,fragmented
0,measurements[49].rank,1
0,measurements[49].repetition,1
0,measurements[49].wall_s,0.0002951226197183132
0,measurements[50].compute_only_components,
0,measurements[50].compute_only_wall_s,
0,measurements[50].compute_s,
0,measurements[50].copy_only_components.compute_s,0.0
0,measurements[50].copy_only_components.copy_s,0.00014265599846839905
0,measurements[50].copy_only_components.gather_s,0.0
0,measurements[50].copy_only_components.wall_s,0.00027152523398399353
0,measurements[50].copy_only_wall_s,0.00027152523398399353
0,measurements[50].copy_s,0.00014265599846839905
0,measurements[50].experts_per_batch,1
0,measurements[50].gather_s,0.0
0,measurements[50].joint_wall_s,
0,measurements[50].mode,fragmented
0,measurements[50].rank,1
0,measurements[50].repetition,2
0,measurements[50].wall_s,0.00027152523398399353
0,measurements[51].compute_only_components,
0,measurements[51].compute_only_wall_s,
0,measurements[51].compute_s,
0,measurements[51].copy_only_components.compute_s,0.0
0,measurements[51].copy_only_components.copy_s,6.166400015354157e-05
0,measurements[51].copy_only_components.gather_s,0.010217112954705954
0,measurements[51].copy_only_components.wall_s,0.010320054832845926
0,measurements[51].copy_only_wall_s,0.010320054832845926
0,measurements[51].copy_s,6.166400015354157e-05
0,measurements[51].experts_per_batch,1
0,measurements[51].gather_s,0.010217112954705954
0,measurements[51].joint_wall_s,
0,measurements[51].mode,gather
0,measurements[51].rank,1
0,measurements[51].repetition,0
0,measurements[51].wall_s,0.010320054832845926
0,measurements[52].compute_only_components,
0,measurements[52].compute_only_wall_s,
0,measurements[52].compute_s,
0,measurements[52].copy_only_components.compute_s,0.0
0,measurements[52].copy_only_components.copy_s,7.478400319814682e-05
0,measurements[52].copy_only_components.gather_s,0.012474492192268372
0,measurements[52].copy_only_components.wall_s,0.01261503016576171
0,measurements[52].copy_only_wall_s,0.01261503016576171
0,measurements[52].copy_s,7.478400319814682e-05
0,measurements[52].experts_per_batch,1
0,measurements[52].gather_s,0.012474492192268372
0,measurements[52].joint_wall_s,
0,measurements[52].mode,gather
0,measurements[52].rank,1
0,measurements[52].repetition,1
0,measurements[52].wall_s,0.01261503016576171
0,measurements[53].compute_only_components,
0,measurements[53].compute_only_wall_s,
0,measurements[53].compute_s,
0,measurements[53].copy_only_components.compute_s,0.0
0,measurements[53].copy_only_components.copy_s,9.600000083446503e-05
0,measurements[53].copy_only_components.gather_s,0.021419918164610863
0,measurements[53].copy_only_components.wall_s,0.021661983337253332
0,measurements[53].copy_only_wall_s,0.021661983337253332
0,measurements[53].copy_s,9.600000083446503e-05
0,measurements[53].experts_per_batch,1
0,measurements[53].gather_s,0.021419918164610863
0,measurements[53].joint_wall_s,
0,measurements[53].mode,gather
0,measurements[53].rank,1
0,measurements[53].repetition,2
0,measurements[53].wall_s,0.021661983337253332
0,measurements[54].compute_only_components,
0,measurements[54].compute_only_wall_s,
0,measurements[54].compute_s,
0,measurements[54].copy_only_components.compute_s,0.0
0,measurements[54].copy_only_components.copy_s,0.0003330560028553009
0,measurements[54].copy_only_components.gather_s,0.0
0,measurements[54].copy_only_components.wall_s,0.0003718500956892967
0,measurements[54].copy_only_wall_s,0.0003718500956892967
0,measurements[54].copy_s,0.0003330560028553009
0,measurements[54].experts_per_batch,8
0,measurements[54].gather_s,0.0
0,measurements[54].joint_wall_s,
0,measurements[54].mode,contiguous
0,measurements[54].rank,1
0,measurements[54].repetition,0
0,measurements[54].wall_s,0.0003718500956892967
0,measurements[55].compute_only_components,
0,measurements[55].compute_only_wall_s,
0,measurements[55].compute_s,
0,measurements[55].copy_only_components.compute_s,0.0
0,measurements[55].copy_only_components.copy_s,0.0003934400081634522
0,measurements[55].copy_only_components.gather_s,0.0
0,measurements[55].copy_only_components.wall_s,0.0005042310804128647
0,measurements[55].copy_only_wall_s,0.0005042310804128647
0,measurements[55].copy_s,0.0003934400081634522
0,measurements[55].experts_per_batch,8
0,measurements[55].gather_s,0.0
0,measurements[55].joint_wall_s,
0,measurements[55].mode,contiguous
0,measurements[55].rank,1
0,measurements[55].repetition,1
0,measurements[55].wall_s,0.0005042310804128647
0,measurements[56].compute_only_components,
0,measurements[56].compute_only_wall_s,
0,measurements[56].compute_s,
0,measurements[56].copy_only_components.compute_s,0.0
0,measurements[56].copy_only_components.copy_s,0.0004163840115070343
0,measurements[56].copy_only_components.gather_s,0.0
0,measurements[56].copy_only_components.wall_s,0.0005160882137715816
0,measurements[56].copy_only_wall_s,0.0005160882137715816
0,measurements[56].copy_s,0.0004163840115070343
0,measurements[56].experts_per_batch,8
0,measurements[56].gather_s,0.0
0,measurements[56].joint_wall_s,
0,measurements[56].mode,contiguous
0,measurements[56].rank,1
0,measurements[56].repetition,2
0,measurements[56].wall_s,0.0005160882137715816
0,measurements[57].compute_only_components,
0,measurements[57].compute_only_wall_s,
0,measurements[57].compute_s,
0,measurements[57].copy_only_components.compute_s,0.0
0,measurements[57].copy_only_components.copy_s,0.0003292160034179688
0,measurements[57].copy_only_components.gather_s,0.0
0,measurements[57].copy_only_components.wall_s,0.000355633907020092
0,measurements[57].copy_only_wall_s,0.000355633907020092
0,measurements[57].copy_s,0.0003292160034179688
0,measurements[57].experts_per_batch,8
0,measurements[57].gather_s,0.0
0,measurements[57].joint_wall_s,
0,measurements[57].mode,fragmented
0,measurements[57].rank,1
0,measurements[57].repetition,0
0,measurements[57].wall_s,0.000355633907020092
0,measurements[58].compute_only_components,
0,measurements[58].compute_only_wall_s,
0,measurements[58].compute_s,
0,measurements[58].copy_only_components.compute_s,0.0
0,measurements[58].copy_only_components.copy_s,0.00043055999279022217
0,measurements[58].copy_only_components.gather_s,0.0
0,measurements[58].copy_only_components.wall_s,0.000483004841953516
0,measurements[58].copy_only_wall_s,0.000483004841953516
0,measurements[58].copy_s,0.00043055999279022217
0,measurements[58].experts_per_batch,8
0,measurements[58].gather_s,0.0
0,measurements[58].joint_wall_s,
0,measurements[58].mode,fragmented
0,measurements[58].rank,1
0,measurements[58].repetition,1
0,measurements[58].wall_s,0.000483004841953516
0,measurements[59].compute_only_components,
0,measurements[59].compute_only_wall_s,
0,measurements[59].compute_s,
0,measurements[59].copy_only_components.compute_s,0.0
0,measurements[59].copy_only_components.copy_s,0.0003883520066738129
0,measurements[59].copy_only_components.gather_s,0.0
0,measurements[59].copy_only_components.wall_s,0.0004591410979628563
0,measurements[59].copy_only_wall_s,0.0004591410979628563
0,measurements[59].copy_s,0.0003883520066738129
0,measurements[59].experts_per_batch,8
0,measurements[59].gather_s,0.0
0,measurements[59].joint_wall_s,
0,measurements[59].mode,fragmented
0,measurements[59].rank,1
0,measurements[59].repetition,2
0,measurements[59].wall_s,0.0004591410979628563
0,measurements[60].compute_only_components,
0,measurements[60].compute_only_wall_s,
0,measurements[60].compute_s,
0,measurements[60].copy_only_components.compute_s,0.0
0,measurements[60].copy_only_components.copy_s,0.00038198399543762205
0,measurements[60].copy_only_components.gather_s,0.16965368017554283
0,measurements[60].copy_only_components.wall_s,0.17020799592137337
0,measurements[60].copy_only_wall_s,0.17020799592137337
0,measurements[60].copy_s,0.00038198399543762205
0,measurements[60].experts_per_batch,8
0,measurements[60].gather_s,0.16965368017554283
0,measurements[60].joint_wall_s,
0,measurements[60].mode,gather
0,measurements[60].rank,1
0,measurements[60].repetition,0
0,measurements[60].wall_s,0.17020799592137337
0,measurements[61].compute_only_components,
0,measurements[61].compute_only_wall_s,
0,measurements[61].compute_s,
0,measurements[61].copy_only_components.compute_s,0.0
0,measurements[61].copy_only_components.copy_s,0.0003776960074901581
0,measurements[61].copy_only_components.gather_s,0.12558796303346753
0,measurements[61].copy_only_components.wall_s,0.12612539483234286
0,measurements[61].copy_only_wall_s,0.12612539483234286
0,measurements[61].copy_s,0.0003776960074901581
0,measurements[61].experts_per_batch,8
0,measurements[61].gather_s,0.12558796303346753
0,measurements[61].joint_wall_s,
0,measurements[61].mode,gather
0,measurements[61].rank,1
0,measurements[61].repetition,1
0,measurements[61].wall_s,0.12612539483234286
0,measurements[62].compute_only_components,
0,measurements[62].compute_only_wall_s,
0,measurements[62].compute_s,
0,measurements[62].copy_only_components.compute_s,0.0
0,measurements[62].copy_only_components.copy_s,0.00038966399431228637
0,measurements[62].copy_only_components.gather_s,0.0004418129101395607
0,measurements[62].copy_only_components.wall_s,0.0009008948691189289
0,measurements[62].copy_only_wall_s,0.0009008948691189289
0,measurements[62].copy_s,0.00038966399431228637
0,measurements[62].experts_per_batch,8
0,measurements[62].gather_s,0.0004418129101395607
0,measurements[62].joint_wall_s,
0,measurements[62].mode,gather
0,measurements[62].rank,1
0,measurements[62].repetition,2
0,measurements[62].wall_s,0.0009008948691189289
0,measurements[63].compute_only_components,
0,measurements[63].compute_only_wall_s,
0,measurements[63].compute_s,
0,measurements[63].copy_only_components.compute_s,0.0
0,measurements[63].copy_only_components.copy_s,0.0012764159440994262
0,measurements[63].copy_only_components.gather_s,0.0
0,measurements[63].copy_only_components.wall_s,0.0013081450015306473
0,measurements[63].copy_only_wall_s,0.0013081450015306473
0,measurements[63].copy_s,0.0012764159440994262
0,measurements[63].experts_per_batch,32
0,measurements[63].gather_s,0.0
0,measurements[63].joint_wall_s,
0,measurements[63].mode,contiguous
0,measurements[63].rank,1
0,measurements[63].repetition,0
0,measurements[63].wall_s,0.0013081450015306473
0,measurements[64].compute_only_components,
0,measurements[64].compute_only_wall_s,
0,measurements[64].compute_s,
0,measurements[64].copy_only_components.compute_s,0.0
0,measurements[64].copy_only_components.copy_s,0.0013820799589157105
0,measurements[64].copy_only_components.gather_s,0.0
0,measurements[64].copy_only_components.wall_s,0.0014281622134149075
0,measurements[64].copy_only_wall_s,0.0014281622134149075
0,measurements[64].copy_s,0.0013820799589157105
0,measurements[64].experts_per_batch,32
0,measurements[64].gather_s,0.0
0,measurements[64].joint_wall_s,
0,measurements[64].mode,contiguous
0,measurements[64].rank,1
0,measurements[64].repetition,1
0,measurements[64].wall_s,0.0014281622134149075
0,measurements[65].compute_only_components,
0,measurements[65].compute_only_wall_s,
0,measurements[65].compute_s,
0,measurements[65].copy_only_components.compute_s,0.0
0,measurements[65].copy_only_components.copy_s,0.0014229120016098023
0,measurements[65].copy_only_components.gather_s,0.0
0,measurements[65].copy_only_components.wall_s,0.0014663911424577236
0,measurements[65].copy_only_wall_s,0.0014663911424577236
0,measurements[65].copy_s,0.0014229120016098023
0,measurements[65].experts_per_batch,32
0,measurements[65].gather_s,0.0
0,measurements[65].joint_wall_s,
0,measurements[65].mode,contiguous
0,measurements[65].rank,1
0,measurements[65].repetition,2
0,measurements[65].wall_s,0.0014663911424577236
0,measurements[66].compute_only_components,
0,measurements[66].compute_only_wall_s,
0,measurements[66].compute_s,
0,measurements[66].copy_only_components.compute_s,0.0
0,measurements[66].copy_only_components.copy_s,0.0013085440397262572
0,measurements[66].copy_only_components.gather_s,0.0
0,measurements[66].copy_only_components.wall_s,0.0013367030769586563
0,measurements[66].copy_only_wall_s,0.0013367030769586563
0,measurements[66].copy_s,0.0013085440397262572
0,measurements[66].experts_per_batch,32
0,measurements[66].gather_s,0.0
0,measurements[66].joint_wall_s,
0,measurements[66].mode,fragmented
0,measurements[66].rank,1
0,measurements[66].repetition,0
0,measurements[66].wall_s,0.0013367030769586563
0,measurements[67].compute_only_components,
0,measurements[67].compute_only_wall_s,
0,measurements[67].compute_s,
0,measurements[67].copy_only_components.compute_s,0.0
0,measurements[67].copy_only_components.copy_s,0.0013574399948120116
0,measurements[67].copy_only_components.gather_s,0.0
0,measurements[67].copy_only_components.wall_s,0.0013997475616633892
0,measurements[67].copy_only_wall_s,0.0013997475616633892
0,measurements[67].copy_s,0.0013574399948120116
0,measurements[67].experts_per_batch,32
0,measurements[67].gather_s,0.0
0,measurements[67].joint_wall_s,
0,measurements[67].mode,fragmented
0,measurements[67].rank,1
0,measurements[67].repetition,1
0,measurements[67].wall_s,0.0013997475616633892
0,measurements[68].compute_only_components,
0,measurements[68].compute_only_wall_s,
0,measurements[68].compute_s,
0,measurements[68].copy_only_components.compute_s,0.0
0,measurements[68].copy_only_components.copy_s,0.0013002879619598388
0,measurements[68].copy_only_components.gather_s,0.0
0,measurements[68].copy_only_components.wall_s,0.001342815812677145
0,measurements[68].copy_only_wall_s,0.001342815812677145
0,measurements[68].copy_s,0.0013002879619598388
0,measurements[68].experts_per_batch,32
0,measurements[68].gather_s,0.0
0,measurements[68].joint_wall_s,
0,measurements[68].mode,fragmented
0,measurements[68].rank,1
0,measurements[68].repetition,2
0,measurements[68].wall_s,0.001342815812677145
0,measurements[69].compute_only_components,
0,measurements[69].compute_only_wall_s,
0,measurements[69].compute_s,
0,measurements[69].copy_only_components.compute_s,0.0
0,measurements[69].copy_only_components.copy_s,0.0010519360303878785
0,measurements[69].copy_only_components.gather_s,0.7186999800615013
0,measurements[69].copy_only_components.wall_s,0.7198915672488511
0,measurements[69].copy_only_wall_s,0.7198915672488511
0,measurements[69].copy_s,0.0010519360303878785
0,measurements[69].experts_per_batch,32
0,measurements[69].gather_s,0.7186999800615013
0,measurements[69].joint_wall_s,
0,measurements[69].mode,gather
0,measurements[69].rank,1
0,measurements[69].repetition,0
0,measurements[69].wall_s,0.7198915672488511
0,measurements[70].compute_only_components,
0,measurements[70].compute_only_wall_s,
0,measurements[70].compute_s,
0,measurements[70].copy_only_components.compute_s,0.0
0,measurements[70].copy_only_components.copy_s,0.0010412160158157348
0,measurements[70].copy_only_components.gather_s,0.6862162007018924
0,measurements[70].copy_only_components.wall_s,0.6874336479231715
0,measurements[70].copy_only_wall_s,0.6874336479231715
0,measurements[70].copy_s,0.0010412160158157348
0,measurements[70].experts_per_batch,32
0,measurements[70].gather_s,0.6862162007018924
0,measurements[70].joint_wall_s,
0,measurements[70].mode,gather
0,measurements[70].rank,1
0,measurements[70].repetition,1
0,measurements[70].wall_s,0.6874336479231715
0,measurements[71].compute_only_components,
0,measurements[71].compute_only_wall_s,
0,measurements[71].compute_s,
0,measurements[71].copy_only_components.compute_s,0.0
0,measurements[71].copy_only_components.copy_s,0.001091007947921753
0,measurements[71].copy_only_components.gather_s,0.6413021800108254
0,measurements[71].copy_only_components.wall_s,0.6426214948296547
0,measurements[71].copy_only_wall_s,0.6426214948296547
0,measurements[71].copy_s,0.001091007947921753
0,measurements[71].experts_per_batch,32
0,measurements[71].gather_s,0.6413021800108254
0,measurements[71].joint_wall_s,
0,measurements[71].mode,gather
0,measurements[71].rank,1
0,measurements[71].repetition,2
0,measurements[71].wall_s,0.6426214948296547
0,measurements[72].compute_only_components,
0,measurements[72].compute_only_wall_s,
0,measurements[72].compute_s,
0,measurements[72].copy_only_components.compute_s,0.0
0,measurements[72].copy_only_components.copy_s,0.006779071807861328
0,measurements[72].copy_only_components.gather_s,0.0
0,measurements[72].copy_only_components.wall_s,0.006806910037994385
0,measurements[72].copy_only_wall_s,0.006806910037994385
0,measurements[72].copy_s,0.006779071807861328
0,measurements[72].experts_per_batch,128
0,measurements[72].gather_s,0.0
0,measurements[72].joint_wall_s,
0,measurements[72].mode,contiguous
0,measurements[72].rank,1
0,measurements[72].repetition,0
0,measurements[72].wall_s,0.006806910037994385
0,measurements[73].compute_only_components,
0,measurements[73].compute_only_wall_s,
0,measurements[73].compute_s,
0,measurements[73].copy_only_components.compute_s,0.0
0,measurements[73].copy_only_components.copy_s,0.0072687997817993165
0,measurements[73].copy_only_components.gather_s,0.0
0,measurements[73].copy_only_components.wall_s,0.007312358822673559
0,measurements[73].copy_only_wall_s,0.007312358822673559
0,measurements[73].copy_s,0.0072687997817993165
0,measurements[73].experts_per_batch,128
0,measurements[73].gather_s,0.0
0,measurements[73].joint_wall_s,
0,measurements[73].mode,contiguous
0,measurements[73].rank,1
0,measurements[73].repetition,1
0,measurements[73].wall_s,0.007312358822673559
0,measurements[74].compute_only_components,
0,measurements[74].compute_only_wall_s,
0,measurements[74].compute_s,
0,measurements[74].copy_only_components.compute_s,0.0
0,measurements[74].copy_only_components.copy_s,0.0075495362281799315
0,measurements[74].copy_only_components.gather_s,0.0
0,measurements[74].copy_only_components.wall_s,0.007596096955239773
0,measurements[74].copy_only_wall_s,0.007596096955239773
0,measurements[74].copy_s,0.0075495362281799315
0,measurements[74].experts_per_batch,128
0,measurements[74].gather_s,0.0
0,measurements[74].joint_wall_s,
0,measurements[74].mode,contiguous
0,measurements[74].rank,1
0,measurements[74].repetition,2
0,measurements[74].wall_s,0.007596096955239773
0,measurements[75].compute_only_components,
0,measurements[75].compute_only_wall_s,
0,measurements[75].compute_s,
0,measurements[75].copy_only_components.compute_s,0.0
0,measurements[75].copy_only_components.copy_s,0.005449120044708252
0,measurements[75].copy_only_components.gather_s,0.0
0,measurements[75].copy_only_components.wall_s,0.005480640102177858
0,measurements[75].copy_only_wall_s,0.005480640102177858
0,measurements[75].copy_s,0.005449120044708252
0,measurements[75].experts_per_batch,128
0,measurements[75].gather_s,0.0
0,measurements[75].joint_wall_s,
0,measurements[75].mode,fragmented
0,measurements[75].rank,1
0,measurements[75].repetition,0
0,measurements[75].wall_s,0.005480640102177858
0,measurements[76].compute_only_components,
0,measurements[76].compute_only_wall_s,
0,measurements[76].compute_s,
0,measurements[76].copy_only_components.compute_s,0.0
0,measurements[76].copy_only_components.copy_s,0.005491424083709717
0,measurements[76].copy_only_components.gather_s,0.0
0,measurements[76].copy_only_components.wall_s,0.005537683144211769
0,measurements[76].copy_only_wall_s,0.005537683144211769
0,measurements[76].copy_s,0.005491424083709717
0,measurements[76].experts_per_batch,128
0,measurements[76].gather_s,0.0
0,measurements[76].joint_wall_s,
0,measurements[76].mode,fragmented
0,measurements[76].rank,1
0,measurements[76].repetition,1
0,measurements[76].wall_s,0.005537683144211769
0,measurements[77].compute_only_components,
0,measurements[77].compute_only_wall_s,
0,measurements[77].compute_s,
0,measurements[77].copy_only_components.compute_s,0.0
0,measurements[77].copy_only_components.copy_s,0.005518367767333984
0,measurements[77].copy_only_components.gather_s,0.0
0,measurements[77].copy_only_components.wall_s,0.00556549895554781
0,measurements[77].copy_only_wall_s,0.00556549895554781
0,measurements[77].copy_s,0.005518367767333984
0,measurements[77].experts_per_batch,128
0,measurements[77].gather_s,0.0
0,measurements[77].joint_wall_s,
0,measurements[77].mode,fragmented
0,measurements[77].rank,1
0,measurements[77].repetition,2
0,measurements[77].wall_s,0.00556549895554781
0,measurements[78].compute_only_components,
0,measurements[78].compute_only_wall_s,
0,measurements[78].compute_s,
0,measurements[78].copy_only_components.compute_s,0.0
0,measurements[78].copy_only_components.copy_s,0.003796191930770874
0,measurements[78].copy_only_components.gather_s,2.3986121751368046
0,measurements[78].copy_only_components.wall_s,2.4025690318085253
0,measurements[78].copy_only_wall_s,2.4025690318085253
0,measurements[78].copy_s,0.003796191930770874
0,measurements[78].experts_per_batch,128
0,measurements[78].gather_s,2.3986121751368046
0,measurements[78].joint_wall_s,
0,measurements[78].mode,gather
0,measurements[78].rank,1
0,measurements[78].repetition,0
0,measurements[78].wall_s,2.4025690318085253
0,measurements[79].compute_only_components,
0,measurements[79].compute_only_wall_s,
0,measurements[79].compute_s,
0,measurements[79].copy_only_components.compute_s,0.0
0,measurements[79].copy_only_components.copy_s,0.0037968959808349608
0,measurements[79].copy_only_components.gather_s,2.3503469228744507
0,measurements[79].copy_only_components.wall_s,2.3543558279052377
0,measurements[79].copy_only_wall_s,2.3543558279052377
0,measurements[79].copy_s,0.0037968959808349608
0,measurements[79].experts_per_batch,128
0,measurements[79].gather_s,2.3503469228744507
0,measurements[79].joint_wall_s,
0,measurements[79].mode,gather
0,measurements[79].rank,1
0,measurements[79].repetition,1
0,measurements[79].wall_s,2.3543558279052377
0,measurements[80].compute_only_components,
0,measurements[80].compute_only_wall_s,
0,measurements[80].compute_s,
0,measurements[80].copy_only_components.compute_s,0.0
0,measurements[80].copy_only_components.copy_s,0.003814784049987793
0,measurements[80].copy_only_components.gather_s,2.19303856510669
0,measurements[80].copy_only_components.wall_s,2.1971360337920487
0,measurements[80].copy_only_wall_s,2.1971360337920487
0,measurements[80].copy_s,0.003814784049987793
0,measurements[80].experts_per_batch,128
0,measurements[80].gather_s,2.19303856510669
0,measurements[80].joint_wall_s,
0,measurements[80].mode,gather
0,measurements[80].rank,1
0,measurements[80].repetition,2
0,measurements[80].wall_s,2.1971360337920487
0,measurements[81].compute_only_components,
0,measurements[81].compute_only_wall_s,
0,measurements[81].compute_s,
0,measurements[81].copy_only_components.compute_s,0.0
0,measurements[81].copy_only_components.copy_s,0.030250560760498046
0,measurements[81].copy_only_components.gather_s,0.0
0,measurements[81].copy_only_components.wall_s,0.030275390949100256
0,measurements[81].copy_only_wall_s,0.030275390949100256
0,measurements[81].copy_s,0.030250560760498046
0,measurements[81].experts_per_batch,512
0,measurements[81].gather_s,0.0
0,measurements[81].joint_wall_s,
0,measurements[81].mode,contiguous
0,measurements[81].rank,1
0,measurements[81].repetition,0
0,measurements[81].wall_s,0.030275390949100256
0,measurements[82].compute_only_components,
0,measurements[82].compute_only_wall_s,
0,measurements[82].compute_s,
0,measurements[82].copy_only_components.compute_s,0.0
0,measurements[82].copy_only_components.copy_s,0.030314783096313476
0,measurements[82].copy_only_components.gather_s,0.0
0,measurements[82].copy_only_components.wall_s,0.030350642278790474
0,measurements[82].copy_only_wall_s,0.030350642278790474
0,measurements[82].copy_s,0.030314783096313476
0,measurements[82].experts_per_batch,512
0,measurements[82].gather_s,0.0
0,measurements[82].joint_wall_s,
0,measurements[82].mode,contiguous
0,measurements[82].rank,1
0,measurements[82].repetition,1
0,measurements[82].wall_s,0.030350642278790474
0,measurements[83].compute_only_components,
0,measurements[83].compute_only_wall_s,
0,measurements[83].compute_s,
0,measurements[83].copy_only_components.compute_s,0.0
0,measurements[83].copy_only_components.copy_s,0.030314239501953125
0,measurements[83].copy_only_components.gather_s,0.0
0,measurements[83].copy_only_components.wall_s,0.03034619288519025
0,measurements[83].copy_only_wall_s,0.03034619288519025
0,measurements[83].copy_s,0.030314239501953125
0,measurements[83].experts_per_batch,512
0,measurements[83].gather_s,0.0
0,measurements[83].joint_wall_s,
0,measurements[83].mode,contiguous
0,measurements[83].rank,1
0,measurements[83].repetition,2
0,measurements[83].wall_s,0.03034619288519025
0,measurements[84].compute_only_components,
0,measurements[84].compute_only_wall_s,
0,measurements[84].compute_s,
0,measurements[84].copy_only_components.compute_s,0.0
0,measurements[84].copy_only_components.copy_s,0.02408143997192383
0,measurements[84].copy_only_components.gather_s,0.0
0,measurements[84].copy_only_components.wall_s,0.02411148976534605
0,measurements[84].copy_only_wall_s,0.02411148976534605
0,measurements[84].copy_s,0.02408143997192383
0,measurements[84].experts_per_batch,512
0,measurements[84].gather_s,0.0
0,measurements[84].joint_wall_s,
0,measurements[84].mode,fragmented
0,measurements[84].rank,1
0,measurements[84].repetition,0
0,measurements[84].wall_s,0.02411148976534605
0,measurements[85].compute_only_components,
0,measurements[85].compute_only_wall_s,
0,measurements[85].compute_s,
0,measurements[85].copy_only_components.compute_s,0.0
0,measurements[85].copy_only_components.copy_s,0.024121376037597658
0,measurements[85].copy_only_components.gather_s,0.0
0,measurements[85].copy_only_components.wall_s,0.024165757931768894
0,measurements[85].copy_only_wall_s,0.024165757931768894
0,measurements[85].copy_s,0.024121376037597658
0,measurements[85].experts_per_batch,512
0,measurements[85].gather_s,0.0
0,measurements[85].joint_wall_s,
0,measurements[85].mode,fragmented
0,measurements[85].rank,1
0,measurements[85].repetition,1
0,measurements[85].wall_s,0.024165757931768894
0,measurements[86].compute_only_components,
0,measurements[86].compute_only_wall_s,
0,measurements[86].compute_s,
0,measurements[86].copy_only_components.compute_s,0.0
0,measurements[86].copy_only_components.copy_s,0.024091487884521486
0,measurements[86].copy_only_components.gather_s,0.0
0,measurements[86].copy_only_components.wall_s,0.024133875966072083
0,measurements[86].copy_only_wall_s,0.024133875966072083
0,measurements[86].copy_s,0.024091487884521486
0,measurements[86].experts_per_batch,512
0,measurements[86].gather_s,0.0
0,measurements[86].joint_wall_s,
0,measurements[86].mode,fragmented
0,measurements[86].rank,1
0,measurements[86].repetition,2
0,measurements[86].wall_s,0.024133875966072083
0,measurements[87].compute_only_components,
0,measurements[87].compute_only_wall_s,
0,measurements[87].compute_s,
0,measurements[87].copy_only_components.compute_s,0.0
0,measurements[87].copy_only_components.copy_s,0.014705471992492676
0,measurements[87].copy_only_components.gather_s,9.383815500419587
0,measurements[87].copy_only_components.wall_s,9.39886093325913
0,measurements[87].copy_only_wall_s,9.39886093325913
0,measurements[87].copy_s,0.014705471992492676
0,measurements[87].experts_per_batch,512
0,measurements[87].gather_s,9.383815500419587
0,measurements[87].joint_wall_s,
0,measurements[87].mode,gather
0,measurements[87].rank,1
0,measurements[87].repetition,0
0,measurements[87].wall_s,9.39886093325913
0,measurements[88].compute_only_components,
0,measurements[88].compute_only_wall_s,
0,measurements[88].compute_s,
0,measurements[88].copy_only_components.compute_s,0.0
0,measurements[88].copy_only_components.copy_s,0.014790656089782715
0,measurements[88].copy_only_components.gather_s,9.292160158976912
0,measurements[88].copy_only_components.wall_s,9.307569732889533
0,measurements[88].copy_only_wall_s,9.307569732889533
0,measurements[88].copy_s,0.014790656089782715
0,measurements[88].experts_per_batch,512
0,measurements[88].gather_s,9.292160158976912
0,measurements[88].joint_wall_s,
0,measurements[88].mode,gather
0,measurements[88].rank,1
0,measurements[88].repetition,1
0,measurements[88].wall_s,9.307569732889533
0,measurements[89].compute_only_components,
0,measurements[89].compute_only_wall_s,
0,measurements[89].compute_s,
0,measurements[89].copy_only_components.compute_s,0.0
0,measurements[89].copy_only_components.copy_s,0.016489984512329102
0,measurements[89].copy_only_components.gather_s,8.50170074077323
0,measurements[89].copy_only_components.wall_s,8.518542157951742
0,measurements[89].copy_only_wall_s,8.518542157951742
0,measurements[89].copy_s,0.016489984512329102
0,measurements[89].experts_per_batch,512
0,measurements[89].gather_s,8.50170074077323
0,measurements[89].joint_wall_s,
0,measurements[89].mode,gather
0,measurements[89].rank,1
0,measurements[89].repetition,2
0,measurements[89].wall_s,8.518542157951742
0,measurements[90].compute_only_components,
0,measurements[90].compute_only_wall_s,
0,measurements[90].compute_s,
0,measurements[90].copy_only_components.compute_s,0.0
0,measurements[90].copy_only_components.copy_s,5.06879985332489e-05
0,measurements[90].copy_only_components.gather_s,0.0
0,measurements[90].copy_only_components.wall_s,8.50483775138855e-05
0,measurements[90].copy_only_wall_s,8.50483775138855e-05
0,measurements[90].copy_s,5.06879985332489e-05
0,measurements[90].experts_per_batch,1
0,measurements[90].gather_s,0.0
0,measurements[90].joint_wall_s,
0,measurements[90].mode,contiguous
0,measurements[90].rank,2
0,measurements[90].repetition,0
0,measurements[90].wall_s,8.50483775138855e-05
0,measurements[91].compute_only_components,
0,measurements[91].compute_only_wall_s,
0,measurements[91].compute_s,
0,measurements[91].copy_only_components.compute_s,0.0
0,measurements[91].copy_only_components.copy_s,6.588800251483917e-05
0,measurements[91].copy_only_components.gather_s,0.0
0,measurements[91].copy_only_components.wall_s,0.00010782387107610703
0,measurements[91].copy_only_wall_s,0.00010782387107610703
0,measurements[91].copy_s,6.588800251483917e-05
0,measurements[91].experts_per_batch,1
0,measurements[91].gather_s,0.0
0,measurements[91].joint_wall_s,
0,measurements[91].mode,contiguous
0,measurements[91].rank,2
0,measurements[91].repetition,1
0,measurements[91].wall_s,0.00010782387107610703
0,measurements[92].compute_only_components,
0,measurements[92].compute_only_wall_s,
0,measurements[92].compute_s,
0,measurements[92].copy_only_components.compute_s,0.0
0,measurements[92].copy_only_components.copy_s,6.259199976921082e-05
0,measurements[92].copy_only_components.gather_s,0.0
0,measurements[92].copy_only_components.wall_s,0.00011069886386394501
0,measurements[92].copy_only_wall_s,0.00011069886386394501
0,measurements[92].copy_s,6.259199976921082e-05
0,measurements[92].experts_per_batch,1
0,measurements[92].gather_s,0.0
0,measurements[92].joint_wall_s,
0,measurements[92].mode,contiguous
0,measurements[92].rank,2
0,measurements[92].repetition,2
0,measurements[92].wall_s,0.00011069886386394501
0,measurements[93].compute_only_components,
0,measurements[93].compute_only_wall_s,
0,measurements[93].compute_s,
0,measurements[93].copy_only_components.compute_s,0.0
0,measurements[93].copy_only_components.copy_s,5.622399970889091e-05
0,measurements[93].copy_only_components.gather_s,0.0
0,measurements[93].copy_only_components.wall_s,9.608175605535507e-05
0,measurements[93].copy_only_wall_s,9.608175605535507e-05
0,measurements[93].copy_s,5.622399970889091e-05
0,measurements[93].experts_per_batch,1
0,measurements[93].gather_s,0.0
0,measurements[93].joint_wall_s,
0,measurements[93].mode,fragmented
0,measurements[93].rank,2
0,measurements[93].repetition,0
0,measurements[93].wall_s,9.608175605535507e-05
0,measurements[94].compute_only_components,
0,measurements[94].compute_only_wall_s,
0,measurements[94].compute_s,
0,measurements[94].copy_only_components.compute_s,0.0
0,measurements[94].copy_only_components.copy_s,0.00016819199919700624
0,measurements[94].copy_only_components.gather_s,0.0
0,measurements[94].copy_only_components.wall_s,0.00031138118356466293
0,measurements[94].copy_only_wall_s,0.00031138118356466293
0,measurements[94].copy_s,0.00016819199919700624
0,measurements[94].experts_per_batch,1
0,measurements[94].gather_s,0.0
0,measurements[94].joint_wall_s,
0,measurements[94].mode,fragmented
0,measurements[94].rank,2
0,measurements[94].repetition,1
0,measurements[94].wall_s,0.00031138118356466293
0,measurements[95].compute_only_components,
0,measurements[95].compute_only_wall_s,
0,measurements[95].compute_s,
0,measurements[95].copy_only_components.compute_s,0.0
0,measurements[95].copy_only_components.copy_s,0.0001504960060119629
0,measurements[95].copy_only_components.gather_s,0.0
0,measurements[95].copy_only_components.wall_s,0.0002797851338982582
0,measurements[95].copy_only_wall_s,0.0002797851338982582
0,measurements[95].copy_s,0.0001504960060119629
0,measurements[95].experts_per_batch,1
0,measurements[95].gather_s,0.0
0,measurements[95].joint_wall_s,
0,measurements[95].mode,fragmented
0,measurements[95].rank,2
0,measurements[95].repetition,2
0,measurements[95].wall_s,0.0002797851338982582
0,measurements[96].compute_only_components,
0,measurements[96].compute_only_wall_s,
0,measurements[96].compute_s,
0,measurements[96].copy_only_components.compute_s,0.0
0,measurements[96].copy_only_components.copy_s,6.585600227117538e-05
0,measurements[96].copy_only_components.gather_s,0.01606919476762414
0,measurements[96].copy_only_components.wall_s,0.016196440905332565
0,measurements[96].copy_only_wall_s,0.016196440905332565
0,measurements[96].copy_s,6.585600227117538e-05
0,measurements[96].experts_per_batch,1
0,measurements[96].gather_s,0.01606919476762414
0,measurements[96].joint_wall_s,
0,measurements[96].mode,gather
0,measurements[96].rank,2
0,measurements[96].repetition,0
0,measurements[96].wall_s,0.016196440905332565
0,measurements[97].compute_only_components,
0,measurements[97].compute_only_wall_s,
0,measurements[97].compute_s,
0,measurements[97].copy_only_components.compute_s,0.0
0,measurements[97].copy_only_components.copy_s,7.468800246715545e-05
0,measurements[97].copy_only_components.gather_s,0.019443125929683447
0,measurements[97].copy_only_components.wall_s,0.01959264324977994
0,measurements[97].copy_only_wall_s,0.01959264324977994
0,measurements[97].copy_s,7.468800246715545e-05
0,measurements[97].experts_per_batch,1
0,measurements[97].gather_s,0.019443125929683447
0,measurements[97].joint_wall_s,
0,measurements[97].mode,gather
0,measurements[97].rank,2
0,measurements[97].repetition,1
0,measurements[97].wall_s,0.01959264324977994
0,measurements[98].compute_only_components,
0,measurements[98].compute_only_wall_s,
0,measurements[98].compute_s,
0,measurements[98].copy_only_components.compute_s,0.0
0,measurements[98].copy_only_components.copy_s,0.00010700800269842147
0,measurements[98].copy_only_components.gather_s,0.019408284220844507
0,measurements[98].copy_only_components.wall_s,0.01965620368719101
0,measurements[98].copy_only_wall_s,0.01965620368719101
0,measurements[98].copy_s,0.00010700800269842147
0,measurements[98].experts_per_batch,1
0,measurements[98].gather_s,0.019408284220844507
0,measurements[98].joint_wall_s,
0,measurements[98].mode,gather
0,measurements[98].rank,2
0,measurements[98].repetition,2
0,measurements[98].wall_s,0.01965620368719101
0,measurements[99].compute_only_components,
0,measurements[99].compute_only_wall_s,
0,measurements[99].compute_s,
0,measurements[99].copy_only_components.compute_s,0.0
0,measurements[99].copy_only_components.copy_s,0.0004066239893436432
0,measurements[99].copy_only_components.gather_s,0.0
0,measurements[99].copy_only_components.wall_s,0.00043545104563236237
0,measurements[99].copy_only_wall_s,0.00043545104563236237
0,measurements[99].copy_s,0.0004066239893436432
0,measurements[99].experts_per_batch,8
0,measurements[99].gather_s,0.0
0,measurements[99].joint_wall_s,
0,measurements[99].mode,contiguous
0,measurements[99].rank,2
0,measurements[99].repetition,0
0,measurements[99].wall_s,0.00043545104563236237
0,measurements[100].compute_only_components,
0,measurements[100].compute_only_wall_s,
0,measurements[100].compute_s,
0,measurements[100].copy_only_components.compute_s,0.0
0,measurements[100].copy_only_components.copy_s,0.0004159039855003357
0,measurements[100].copy_only_components.gather_s,0.0
0,measurements[100].copy_only_components.wall_s,0.00046292878687381744
0,measurements[100].copy_only_wall_s,0.00046292878687381744
0,measurements[100].copy_s,0.0004159039855003357
0,measurements[100].experts_per_batch,8
0,measurements[100].gather_s,0.0
0,measurements[100].joint_wall_s,
0,measurements[100].mode,contiguous
0,measurements[100].rank,2
0,measurements[100].repetition,1
0,measurements[100].wall_s,0.00046292878687381744
0,measurements[101].compute_only_components,
0,measurements[101].compute_only_wall_s,
0,measurements[101].compute_s,
0,measurements[101].copy_only_components.compute_s,0.0
0,measurements[101].copy_only_components.copy_s,0.00044371199607849124
0,measurements[101].copy_only_components.gather_s,0.0
0,measurements[101].copy_only_components.wall_s,0.0004827701486647129
0,measurements[101].copy_only_wall_s,0.0004827701486647129
0,measurements[101].copy_s,0.00044371199607849124
0,measurements[101].experts_per_batch,8
0,measurements[101].gather_s,0.0
0,measurements[101].joint_wall_s,
0,measurements[101].mode,contiguous
0,measurements[101].rank,2
0,measurements[101].repetition,2
0,measurements[101].wall_s,0.0004827701486647129
0,measurements[102].compute_only_components,
0,measurements[102].compute_only_wall_s,
0,measurements[102].compute_s,
0,measurements[102].copy_only_components.compute_s,0.0
0,measurements[102].copy_only_components.copy_s,0.0003665919899940491
0,measurements[102].copy_only_components.gather_s,0.0
0,measurements[102].copy_only_components.wall_s,0.0003993390128016472
0,measurements[102].copy_only_wall_s,0.0003993390128016472
0,measurements[102].copy_s,0.0003665919899940491
0,measurements[102].experts_per_batch,8
0,measurements[102].gather_s,0.0
0,measurements[102].joint_wall_s,
0,measurements[102].mode,fragmented
0,measurements[102].rank,2
0,measurements[102].repetition,0
0,measurements[102].wall_s,0.0003993390128016472
0,measurements[103].compute_only_components,
0,measurements[103].compute_only_wall_s,
0,measurements[103].compute_s,
0,measurements[103].copy_only_components.compute_s,0.0
0,measurements[103].copy_only_components.copy_s,0.00042505601048469546
0,measurements[103].copy_only_components.gather_s,0.0
0,measurements[103].copy_only_components.wall_s,0.0004861517809331417
0,measurements[103].copy_only_wall_s,0.0004861517809331417
0,measurements[103].copy_s,0.00042505601048469546
0,measurements[103].experts_per_batch,8
0,measurements[103].gather_s,0.0
0,measurements[103].joint_wall_s,
0,measurements[103].mode,fragmented
0,measurements[103].rank,2
0,measurements[103].repetition,1
0,measurements[103].wall_s,0.0004861517809331417
0,measurements[104].compute_only_components,
0,measurements[104].compute_only_wall_s,
0,measurements[104].compute_s,
0,measurements[104].copy_only_components.compute_s,0.0
0,measurements[104].copy_only_components.copy_s,0.0003819519877433777
0,measurements[104].copy_only_components.gather_s,0.0
0,measurements[104].copy_only_components.wall_s,0.0004278249107301235
0,measurements[104].copy_only_wall_s,0.0004278249107301235
0,measurements[104].copy_s,0.0003819519877433777
0,measurements[104].experts_per_batch,8
0,measurements[104].gather_s,0.0
0,measurements[104].joint_wall_s,
0,measurements[104].mode,fragmented
0,measurements[104].rank,2
0,measurements[104].repetition,2
0,measurements[104].wall_s,0.0004278249107301235
0,measurements[105].compute_only_components,
0,measurements[105].compute_only_wall_s,
0,measurements[105].compute_s,
0,measurements[105].copy_only_components.compute_s,0.0
0,measurements[105].copy_only_components.copy_s,0.0003185279965400696
0,measurements[105].copy_only_components.gather_s,0.1759713850915432
0,measurements[105].copy_only_components.wall_s,0.1764116222038865
0,measurements[105].copy_only_wall_s,0.1764116222038865
0,measurements[105].copy_s,0.0003185279965400696
0,measurements[105].experts_per_batch,8
0,measurements[105].gather_s,0.1759713850915432
0,measurements[105].joint_wall_s,
0,measurements[105].mode,gather
0,measurements[105].rank,2
0,measurements[105].repetition,0
0,measurements[105].wall_s,0.1764116222038865
0,measurements[106].compute_only_components,
0,measurements[106].compute_only_wall_s,
0,measurements[106].compute_s,
0,measurements[106].copy_only_components.compute_s,0.0
0,measurements[106].copy_only_components.copy_s,0.0003503040075302124
0,measurements[106].copy_only_components.gather_s,0.16843824461102486
0,measurements[106].copy_only_components.wall_s,0.1689252438955009
0,measurements[106].copy_only_wall_s,0.1689252438955009
0,measurements[106].copy_s,0.0003503040075302124
0,measurements[106].experts_per_batch,8
0,measurements[106].gather_s,0.16843824461102486
0,measurements[106].joint_wall_s,
0,measurements[106].mode,gather
0,measurements[106].rank,2
0,measurements[106].repetition,1
0,measurements[106].wall_s,0.1689252438955009
0,measurements[107].compute_only_components,
0,measurements[107].compute_only_wall_s,
0,measurements[107].compute_s,
0,measurements[107].copy_only_components.compute_s,0.0
0,measurements[107].copy_only_components.copy_s,0.0003564159870147705
0,measurements[107].copy_only_components.gather_s,0.16353703755885363
0,measurements[107].copy_only_components.wall_s,0.16408556094393134
0,measurements[107].copy_only_wall_s,0.16408556094393134
0,measurements[107].copy_s,0.0003564159870147705
0,measurements[107].experts_per_batch,8
0,measurements[107].gather_s,0.16353703755885363
0,measurements[107].joint_wall_s,
0,measurements[107].mode,gather
0,measurements[107].rank,2
0,measurements[107].repetition,2
0,measurements[107].wall_s,0.16408556094393134
0,measurements[108].compute_only_components,
0,measurements[108].compute_only_wall_s,
0,measurements[108].compute_s,
0,measurements[108].copy_only_components.compute_s,0.0
0,measurements[108].copy_only_components.copy_s,0.0012802239656448365
0,measurements[108].copy_only_components.gather_s,0.0
0,measurements[108].copy_only_components.wall_s,0.0013110698200762272
0,measurements[108].copy_only_wall_s,0.0013110698200762272
0,measurements[108].copy_s,0.0012802239656448365
0,measurements[108].experts_per_batch,32
0,measurements[108].gather_s,0.0
0,measurements[108].joint_wall_s,
0,measurements[108].mode,contiguous
0,measurements[108].rank,2
0,measurements[108].repetition,0
0,measurements[108].wall_s,0.0013110698200762272
0,measurements[109].compute_only_components,
0,measurements[109].compute_only_wall_s,
0,measurements[109].compute_s,
0,measurements[109].copy_only_components.compute_s,0.0
0,measurements[109].copy_only_components.copy_s,0.0013078080415725708
0,measurements[109].copy_only_components.gather_s,0.0
0,measurements[109].copy_only_components.wall_s,0.0013745380565524101
0,measurements[109].copy_only_wall_s,0.0013745380565524101
0,measurements[109].copy_s,0.0013078080415725708
0,measurements[109].experts_per_batch,32
0,measurements[109].gather_s,0.0
0,measurements[109].joint_wall_s,
0,measurements[109].mode,contiguous
0,measurements[109].rank,2
0,measurements[109].repetition,1
0,measurements[109].wall_s,0.0013745380565524101
0,measurements[110].compute_only_components,
0,measurements[110].compute_only_wall_s,
0,measurements[110].compute_s,
0,measurements[110].copy_only_components.compute_s,0.0
0,measurements[110].copy_only_components.copy_s,0.0013419840335845948
0,measurements[110].copy_only_components.gather_s,0.0
0,measurements[110].copy_only_components.wall_s,0.0014161285944283009
0,measurements[110].copy_only_wall_s,0.0014161285944283009
0,measurements[110].copy_s,0.0013419840335845948
0,measurements[110].experts_per_batch,32
0,measurements[110].gather_s,0.0
0,measurements[110].joint_wall_s,
0,measurements[110].mode,contiguous
0,measurements[110].rank,2
0,measurements[110].repetition,2
0,measurements[110].wall_s,0.0014161285944283009
0,measurements[111].compute_only_components,
0,measurements[111].compute_only_wall_s,
0,measurements[111].compute_s,
0,measurements[111].copy_only_components.compute_s,0.0
0,measurements[111].copy_only_components.copy_s,0.001368191957473755
0,measurements[111].copy_only_components.gather_s,0.0
0,measurements[111].copy_only_components.wall_s,0.0014019347727298737
0,measurements[111].copy_only_wall_s,0.0014019347727298737
0,measurements[111].copy_s,0.001368191957473755
0,measurements[111].experts_per_batch,32
0,measurements[111].gather_s,0.0
0,measurements[111].joint_wall_s,
0,measurements[111].mode,fragmented
0,measurements[111].rank,2
0,measurements[111].repetition,0
0,measurements[111].wall_s,0.0014019347727298737
0,measurements[112].compute_only_components,
0,measurements[112].compute_only_wall_s,
0,measurements[112].compute_s,
0,measurements[112].copy_only_components.compute_s,0.0
0,measurements[112].copy_only_components.copy_s,0.0014113600254058837
0,measurements[112].copy_only_components.gather_s,0.0
0,measurements[112].copy_only_components.wall_s,0.00145660899579525
0,measurements[112].copy_only_wall_s,0.00145660899579525
0,measurements[112].copy_s,0.0014113600254058837
0,measurements[112].experts_per_batch,32
0,measurements[112].gather_s,0.0
0,measurements[112].joint_wall_s,
0,measurements[112].mode,fragmented
0,measurements[112].rank,2
0,measurements[112].repetition,1
0,measurements[112].wall_s,0.00145660899579525
0,measurements[113].compute_only_components,
0,measurements[113].compute_only_wall_s,
0,measurements[113].compute_s,
0,measurements[113].copy_only_components.compute_s,0.0
0,measurements[113].copy_only_components.copy_s,0.0013621759414672852
0,measurements[113].copy_only_components.gather_s,0.0
0,measurements[113].copy_only_components.wall_s,0.0014030770398676395
0,measurements[113].copy_only_wall_s,0.0014030770398676395
0,measurements[113].copy_s,0.0013621759414672852
0,measurements[113].experts_per_batch,32
0,measurements[113].gather_s,0.0
0,measurements[113].joint_wall_s,
0,measurements[113].mode,fragmented
0,measurements[113].rank,2
0,measurements[113].repetition,2
0,measurements[113].wall_s,0.0014030770398676395
0,measurements[114].compute_only_components,
0,measurements[114].compute_only_wall_s,
0,measurements[114].compute_s,
0,measurements[114].copy_only_components.compute_s,0.0
0,measurements[114].copy_only_components.copy_s,0.0010632319450378418
0,measurements[114].copy_only_components.gather_s,0.6696418197825551
0,measurements[114].copy_only_components.wall_s,0.6709919581189752
0,measurements[114].copy_only_wall_s,0.6709919581189752
0,measurements[114].copy_s,0.0010632319450378418
0,measurements[114].experts_per_batch,32
0,measurements[114].gather_s,0.6696418197825551
0,measurements[114].joint_wall_s,
0,measurements[114].mode,gather
0,measurements[114].rank,2
0,measurements[114].repetition,0
0,measurements[114].wall_s,0.6709919581189752
0,measurements[115].compute_only_components,
0,measurements[115].compute_only_wall_s,
0,measurements[115].compute_s,
0,measurements[115].copy_only_components.compute_s,0.0
0,measurements[115].copy_only_components.copy_s,0.0010547200441360473
0,measurements[115].copy_only_components.gather_s,0.6663012462668121
0,measurements[115].copy_only_components.wall_s,0.6675786548294127
0,measurements[115].copy_only_wall_s,0.6675786548294127
0,measurements[115].copy_s,0.0010547200441360473
0,measurements[115].experts_per_batch,32
0,measurements[115].gather_s,0.6663012462668121
0,measurements[115].joint_wall_s,
0,measurements[115].mode,gather
0,measurements[115].rank,2
0,measurements[115].repetition,1
0,measurements[115].wall_s,0.6675786548294127
0,measurements[116].compute_only_components,
0,measurements[116].compute_only_wall_s,
0,measurements[116].compute_s,
0,measurements[116].copy_only_components.compute_s,0.0
0,measurements[116].copy_only_components.copy_s,0.0010025919675827027
0,measurements[116].copy_only_components.gather_s,0.611803509760648
0,measurements[116].copy_only_components.wall_s,0.612934289034456
0,measurements[116].copy_only_wall_s,0.612934289034456
0,measurements[116].copy_s,0.0010025919675827027
0,measurements[116].experts_per_batch,32
0,measurements[116].gather_s,0.611803509760648
0,measurements[116].joint_wall_s,
0,measurements[116].mode,gather
0,measurements[116].rank,2
0,measurements[116].repetition,2
0,measurements[116].wall_s,0.612934289034456
0,measurements[117].compute_only_components,
0,measurements[117].compute_only_wall_s,
0,measurements[117].compute_s,
0,measurements[117].copy_only_components.compute_s,0.0
0,measurements[117].copy_only_components.copy_s,0.007911295890808105
0,measurements[117].copy_only_components.gather_s,0.0
0,measurements[117].copy_only_components.wall_s,0.007938086055219173
0,measurements[117].copy_only_wall_s,0.007938086055219173
0,measurements[117].copy_s,0.007911295890808105
0,measurements[117].experts_per_batch,128
0,measurements[117].gather_s,0.0
0,measurements[117].joint_wall_s,
0,measurements[117].mode,contiguous
0,measurements[117].rank,2
0,measurements[117].repetition,0
0,measurements[117].wall_s,0.007938086055219173
0,measurements[118].compute_only_components,
0,measurements[118].compute_only_wall_s,
0,measurements[118].compute_s,
0,measurements[118].copy_only_components.compute_s,0.0
0,measurements[118].copy_only_components.copy_s,0.008340831756591796
0,measurements[118].copy_only_components.gather_s,0.0
0,measurements[118].copy_only_components.wall_s,0.008382110856473446
0,measurements[118].copy_only_wall_s,0.008382110856473446
0,measurements[118].copy_s,0.008340831756591796
0,measurements[118].experts_per_batch,128
0,measurements[118].gather_s,0.0
0,measurements[118].joint_wall_s,
0,measurements[118].mode,contiguous
0,measurements[118].rank,2
0,measurements[118].repetition,1
0,measurements[118].wall_s,0.008382110856473446
0,measurements[119].compute_only_components,
0,measurements[119].compute_only_wall_s,
0,measurements[119].compute_s,
0,measurements[119].copy_only_components.compute_s,0.0
0,measurements[119].copy_only_components.copy_s,0.00851580810546875
0,measurements[119].copy_only_components.gather_s,0.0
0,measurements[119].copy_only_components.wall_s,0.008553079795092344
0,measurements[119].copy_only_wall_s,0.008553079795092344
0,measurements[119].copy_s,0.00851580810546875
0,measurements[119].experts_per_batch,128
0,measurements[119].gather_s,0.0
0,measurements[119].joint_wall_s,
0,measurements[119].mode,contiguous
0,measurements[119].rank,2
0,measurements[119].repetition,2
0,measurements[119].wall_s,0.008553079795092344
0,measurements[120].compute_only_components,
0,measurements[120].compute_only_wall_s,
0,measurements[120].compute_s,
0,measurements[120].copy_only_components.compute_s,0.0
0,measurements[120].copy_only_components.copy_s,0.005909247875213623
0,measurements[120].copy_only_components.gather_s,0.0
0,measurements[120].copy_only_components.wall_s,0.005938679911196232
0,measurements[120].copy_only_wall_s,0.005938679911196232
0,measurements[120].copy_s,0.005909247875213623
0,measurements[120].experts_per_batch,128
0,measurements[120].gather_s,0.0
0,measurements[120].joint_wall_s,
0,measurements[120].mode,fragmented
0,measurements[120].rank,2
0,measurements[120].repetition,0
0,measurements[120].wall_s,0.005938679911196232
0,measurements[121].compute_only_components,
0,measurements[121].compute_only_wall_s,
0,measurements[121].compute_s,
0,measurements[121].copy_only_components.compute_s,0.0
0,measurements[121].copy_only_components.copy_s,0.006008959770202636
0,measurements[121].copy_only_components.gather_s,0.0
0,measurements[121].copy_only_components.wall_s,0.006053784862160683
0,measurements[121].copy_only_wall_s,0.006053784862160683
0,measurements[121].copy_s,0.006008959770202636
0,measurements[121].experts_per_batch,128
0,measurements[121].gather_s,0.0
0,measurements[121].joint_wall_s,
0,measurements[121].mode,fragmented
0,measurements[121].rank,2
0,measurements[121].repetition,1
0,measurements[121].wall_s,0.006053784862160683
0,measurements[122].compute_only_components,
0,measurements[122].compute_only_wall_s,
0,measurements[122].compute_s,
0,measurements[122].copy_only_components.compute_s,0.0
0,measurements[122].copy_only_components.copy_s,0.006032415866851807
0,measurements[122].copy_only_components.gather_s,0.0
0,measurements[122].copy_only_components.wall_s,0.0060733612626791
0,measurements[122].copy_only_wall_s,0.0060733612626791
0,measurements[122].copy_s,0.006032415866851807
0,measurements[122].experts_per_batch,128
0,measurements[122].gather_s,0.0
0,measurements[122].joint_wall_s,
0,measurements[122].mode,fragmented
0,measurements[122].rank,2
0,measurements[122].repetition,2
0,measurements[122].wall_s,0.0060733612626791
0,measurements[123].compute_only_components,
0,measurements[123].compute_only_wall_s,
0,measurements[123].compute_s,
0,measurements[123].copy_only_components.compute_s,0.0
0,measurements[123].copy_only_components.copy_s,0.003816672086715698
0,measurements[123].copy_only_components.gather_s,2.295535204000771
0,measurements[123].copy_only_components.wall_s,2.3005058602429926
0,measurements[123].copy_only_wall_s,2.3005058602429926
0,measurements[123].copy_s,0.003816672086715698
0,measurements[123].experts_per_batch,128
0,measurements[123].gather_s,2.295535204000771
0,measurements[123].joint_wall_s,
0,measurements[123].mode,gather
0,measurements[123].rank,2
0,measurements[123].repetition,0
0,measurements[123].wall_s,2.3005058602429926
0,measurements[124].compute_only_components,
0,measurements[124].compute_only_wall_s,
0,measurements[124].compute_s,
0,measurements[124].copy_only_components.compute_s,0.0
0,measurements[124].copy_only_components.copy_s,0.0037668159008026124
0,measurements[124].copy_only_components.gather_s,2.3373702191747725
0,measurements[124].copy_only_components.wall_s,2.3413223237730563
0,measurements[124].copy_only_wall_s,2.3413223237730563
0,measurements[124].copy_s,0.0037668159008026124
0,measurements[124].experts_per_batch,128
0,measurements[124].gather_s,2.3373702191747725
0,measurements[124].joint_wall_s,
0,measurements[124].mode,gather
0,measurements[124].rank,2
0,measurements[124].repetition,1
0,measurements[124].wall_s,2.3413223237730563
0,measurements[125].compute_only_components,
0,measurements[125].compute_only_wall_s,
0,measurements[125].compute_s,
0,measurements[125].copy_only_components.compute_s,0.0
0,measurements[125].copy_only_components.copy_s,0.003781440019607544
0,measurements[125].copy_only_components.gather_s,2.205878351815045
0,measurements[125].copy_only_components.wall_s,2.209811477921903
0,measurements[125].copy_only_wall_s,2.209811477921903
0,measurements[125].copy_s,0.003781440019607544
0,measurements[125].experts_per_batch,128
0,measurements[125].gather_s,2.205878351815045
0,measurements[125].joint_wall_s,
0,measurements[125].mode,gather
0,measurements[125].rank,2
0,measurements[125].repetition,2
0,measurements[125].wall_s,2.209811477921903
0,measurements[126].compute_only_components,
0,measurements[126].compute_only_wall_s,
0,measurements[126].compute_s,
0,measurements[126].copy_only_components.compute_s,0.0
0,measurements[126].copy_only_components.copy_s,0.03445305633544922
0,measurements[126].copy_only_components.gather_s,0.0
0,measurements[126].copy_only_components.wall_s,0.034477222710847855
0,measurements[126].copy_only_wall_s,0.034477222710847855
0,measurements[126].copy_s,0.03445305633544922
0,measurements[126].experts_per_batch,512
0,measurements[126].gather_s,0.0
0,measurements[126].joint_wall_s,
0,measurements[126].mode,contiguous
0,measurements[126].rank,2
0,measurements[126].repetition,0
0,measurements[126].wall_s,0.034477222710847855
0,measurements[127].compute_only_components,
0,measurements[127].compute_only_wall_s,
0,measurements[127].compute_s,
0,measurements[127].copy_only_components.compute_s,0.0
0,measurements[127].copy_only_components.copy_s,0.03454956817626953
0,measurements[127].copy_only_components.gather_s,0.0
0,measurements[127].copy_only_components.wall_s,0.03458781773224473
0,measurements[127].copy_only_wall_s,0.03458781773224473
0,measurements[127].copy_s,0.03454956817626953
0,measurements[127].experts_per_batch,512
0,measurements[127].gather_s,0.0
0,measurements[127].joint_wall_s,
0,measurements[127].mode,contiguous
0,measurements[127].rank,2
0,measurements[127].repetition,1
0,measurements[127].wall_s,0.03458781773224473
0,measurements[128].compute_only_components,
0,measurements[128].compute_only_wall_s,
0,measurements[128].compute_s,
0,measurements[128].copy_only_components.compute_s,0.0
0,measurements[128].copy_only_components.copy_s,0.0345483512878418
0,measurements[128].copy_only_components.gather_s,0.0
0,measurements[128].copy_only_components.wall_s,0.03458916023373604
0,measurements[128].copy_only_wall_s,0.03458916023373604
0,measurements[128].copy_s,0.0345483512878418
0,measurements[128].experts_per_batch,512
0,measurements[128].gather_s,0.0
0,measurements[128].joint_wall_s,
0,measurements[128].mode,contiguous
0,measurements[128].rank,2
0,measurements[128].repetition,2
0,measurements[128].wall_s,0.03458916023373604
0,measurements[129].compute_only_components,
0,measurements[129].compute_only_wall_s,
0,measurements[129].compute_s,
0,measurements[129].copy_only_components.compute_s,0.0
0,measurements[129].copy_only_components.copy_s,0.026972095489501954
0,measurements[129].copy_only_components.gather_s,0.0
0,measurements[129].copy_only_components.wall_s,0.02702012937515974
0,measurements[129].copy_only_wall_s,0.02702012937515974
0,measurements[129].copy_s,0.026972095489501954
0,measurements[129].experts_per_batch,512
0,measurements[129].gather_s,0.0
0,measurements[129].joint_wall_s,
0,measurements[129].mode,fragmented
0,measurements[129].rank,2
0,measurements[129].repetition,0
0,measurements[129].wall_s,0.02702012937515974
0,measurements[130].compute_only_components,
0,measurements[130].compute_only_wall_s,
0,measurements[130].compute_s,
0,measurements[130].copy_only_components.compute_s,0.0
0,measurements[130].copy_only_components.copy_s,0.026952287673950196
0,measurements[130].copy_only_components.gather_s,0.0
0,measurements[130].copy_only_components.wall_s,0.026989125180989504
0,measurements[130].copy_only_wall_s,0.026989125180989504
0,measurements[130].copy_s,0.026952287673950196
0,measurements[130].experts_per_batch,512
0,measurements[130].gather_s,0.0
0,measurements[130].joint_wall_s,
0,measurements[130].mode,fragmented
0,measurements[130].rank,2
0,measurements[130].repetition,1
0,measurements[130].wall_s,0.026989125180989504
0,measurements[131].compute_only_components,
0,measurements[131].compute_only_wall_s,
0,measurements[131].compute_s,
0,measurements[131].copy_only_components.compute_s,0.0
0,measurements[131].copy_only_components.copy_s,0.027062463760375976
0,measurements[131].copy_only_components.gather_s,0.0
0,measurements[131].copy_only_components.wall_s,0.027098078280687332
0,measurements[131].copy_only_wall_s,0.027098078280687332
0,measurements[131].copy_s,0.027062463760375976
0,measurements[131].experts_per_batch,512
0,measurements[131].gather_s,0.0
0,measurements[131].joint_wall_s,
0,measurements[131].mode,fragmented
0,measurements[131].rank,2
0,measurements[131].repetition,2
0,measurements[131].wall_s,0.027098078280687332
0,measurements[132].compute_only_components,
0,measurements[132].compute_only_wall_s,
0,measurements[132].compute_s,
0,measurements[132].copy_only_components.compute_s,0.0
0,measurements[132].copy_only_components.copy_s,0.017137504577636718
0,measurements[132].copy_only_components.gather_s,9.418937939219177
0,measurements[132].copy_only_components.wall_s,9.436749320011586
0,measurements[132].copy_only_wall_s,9.436749320011586
0,measurements[132].copy_s,0.017137504577636718
0,measurements[132].experts_per_batch,512
0,measurements[132].gather_s,9.418937939219177
0,measurements[132].joint_wall_s,
0,measurements[132].mode,gather
0,measurements[132].rank,2
0,measurements[132].repetition,0
0,measurements[132].wall_s,9.436749320011586
0,measurements[133].compute_only_components,
0,measurements[133].compute_only_wall_s,
0,measurements[133].compute_s,
0,measurements[133].copy_only_components.compute_s,0.0
0,measurements[133].copy_only_components.copy_s,0.017177087783813477
0,measurements[133].copy_only_components.gather_s,9.389968197792768
0,measurements[133].copy_only_components.wall_s,9.40769697772339
0,measurements[133].copy_only_wall_s,9.40769697772339
0,measurements[133].copy_s,0.017177087783813477
0,measurements[133].experts_per_batch,512
0,measurements[133].gather_s,9.389968197792768
0,measurements[133].joint_wall_s,
0,measurements[133].mode,gather
0,measurements[133].rank,2
0,measurements[133].repetition,1
0,measurements[133].wall_s,9.40769697772339
0,measurements[134].compute_only_components,
0,measurements[134].compute_only_wall_s,
0,measurements[134].compute_s,
0,measurements[134].copy_only_components.compute_s,0.0
0,measurements[134].copy_only_components.copy_s,0.017614463806152343
0,measurements[134].copy_only_components.gather_s,8.495769120752811
0,measurements[134].copy_only_components.wall_s,8.51365153491497
0,measurements[134].copy_only_wall_s,8.51365153491497
0,measurements[134].copy_s,0.017614463806152343
0,measurements[134].experts_per_batch,512
0,measurements[134].gather_s,8.495769120752811
0,measurements[134].joint_wall_s,
0,measurements[134].mode,gather
0,measurements[134].rank,2
0,measurements[134].repetition,2
0,measurements[134].wall_s,8.51365153491497
0,measurements[135].compute_only_components,
0,measurements[135].compute_only_wall_s,
0,measurements[135].compute_s,
0,measurements[135].copy_only_components.compute_s,0.0
0,measurements[135].copy_only_components.copy_s,5.2960000932216646e-05
0,measurements[135].copy_only_components.gather_s,0.0
0,measurements[135].copy_only_components.wall_s,8.719321340322495e-05
0,measurements[135].copy_only_wall_s,8.719321340322495e-05
0,measurements[135].copy_s,5.2960000932216646e-05
0,measurements[135].experts_per_batch,1
0,measurements[135].gather_s,0.0
0,measurements[135].joint_wall_s,
0,measurements[135].mode,contiguous
0,measurements[135].rank,3
0,measurements[135].repetition,0
0,measurements[135].wall_s,8.719321340322495e-05
0,measurements[136].compute_only_components,
0,measurements[136].compute_only_wall_s,
0,measurements[136].compute_s,
0,measurements[136].copy_only_components.compute_s,0.0
0,measurements[136].copy_only_components.copy_s,6.419199705123901e-05
0,measurements[136].copy_only_components.gather_s,0.0
0,measurements[136].copy_only_components.wall_s,0.00010419078171253204
0,measurements[136].copy_only_wall_s,0.00010419078171253204
0,measurements[136].copy_s,6.419199705123901e-05
0,measurements[136].experts_per_batch,1
0,measurements[136].gather_s,0.0
0,measurements[136].joint_wall_s,
0,measurements[136].mode,contiguous
0,measurements[136].rank,3
0,measurements[136].repetition,1
0,measurements[136].wall_s,0.00010419078171253204
0,measurements[137].compute_only_components,
0,measurements[137].compute_only_wall_s,
0,measurements[137].compute_s,
0,measurements[137].copy_only_components.compute_s,0.0
0,measurements[137].copy_only_components.copy_s,5.78560009598732e-05
0,measurements[137].copy_only_components.gather_s,0.0
0,measurements[137].copy_only_components.wall_s,9.65590588748455e-05
0,measurements[137].copy_only_wall_s,9.65590588748455e-05
0,measurements[137].copy_s,5.78560009598732e-05
0,measurements[137].experts_per_batch,1
0,measurements[137].gather_s,0.0
0,measurements[137].joint_wall_s,
0,measurements[137].mode,contiguous
0,measurements[137].rank,3
0,measurements[137].repetition,2
0,measurements[137].wall_s,9.65590588748455e-05
0,measurements[138].compute_only_components,
0,measurements[138].compute_only_wall_s,
0,measurements[138].compute_s,
0,measurements[138].copy_only_components.compute_s,0.0
0,measurements[138].copy_only_components.copy_s,7.769600301980973e-05
0,measurements[138].copy_only_components.gather_s,0.0
0,measurements[138].copy_only_components.wall_s,0.00013066967949271202
0,measurements[138].copy_only_wall_s,0.00013066967949271202
0,measurements[138].copy_s,7.769600301980973e-05
0,measurements[138].experts_per_batch,1
0,measurements[138].gather_s,0.0
0,measurements[138].joint_wall_s,
0,measurements[138].mode,fragmented
0,measurements[138].rank,3
0,measurements[138].repetition,0
0,measurements[138].wall_s,0.00013066967949271202
0,measurements[139].compute_only_components,
0,measurements[139].compute_only_wall_s,
0,measurements[139].compute_s,
0,measurements[139].copy_only_components.compute_s,0.0
0,measurements[139].copy_only_components.copy_s,0.00010867200046777726
0,measurements[139].copy_only_components.gather_s,0.0
0,measurements[139].copy_only_components.wall_s,0.00017659086734056473
0,measurements[139].copy_only_wall_s,0.00017659086734056473
0,measurements[139].copy_s,0.00010867200046777726
0,measurements[139].experts_per_batch,1
0,measurements[139].gather_s,0.0
0,measurements[139].joint_wall_s,
0,measurements[139].mode,fragmented
0,measurements[139].rank,3
0,measurements[139].repetition,1
0,measurements[139].wall_s,0.00017659086734056473
0,measurements[140].compute_only_components,
0,measurements[140].compute_only_wall_s,
0,measurements[140].compute_s,
0,measurements[140].copy_only_components.compute_s,0.0
0,measurements[140].copy_only_components.copy_s,0.0001098560020327568
0,measurements[140].copy_only_components.gather_s,0.0
0,measurements[140].copy_only_components.wall_s,0.00017327116802334785
0,measurements[140].copy_only_wall_s,0.00017327116802334785
0,measurements[140].copy_s,0.0001098560020327568
0,measurements[140].experts_per_batch,1
0,measurements[140].gather_s,0.0
0,measurements[140].joint_wall_s,
0,measurements[140].mode,fragmented
0,measurements[140].rank,3
0,measurements[140].repetition,2
0,measurements[140].wall_s,0.00017327116802334785
0,measurements[141].compute_only_components,
0,measurements[141].compute_only_wall_s,
0,measurements[141].compute_s,
0,measurements[141].copy_only_components.compute_s,0.0
0,measurements[141].copy_only_components.copy_s,6.400000303983688e-05
0,measurements[141].copy_only_components.gather_s,0.02003170968964696
0,measurements[141].copy_only_components.wall_s,0.02014911314472556
0,measurements[141].copy_only_wall_s,0.02014911314472556
0,measurements[141].copy_s,6.400000303983688e-05
0,measurements[141].experts_per_batch,1
0,measurements[141].gather_s,0.02003170968964696
0,measurements[141].joint_wall_s,
0,measurements[141].mode,gather
0,measurements[141].rank,3
0,measurements[141].repetition,0
0,measurements[141].wall_s,0.02014911314472556
0,measurements[142].compute_only_components,
0,measurements[142].compute_only_wall_s,
0,measurements[142].compute_s,
0,measurements[142].copy_only_components.compute_s,0.0
0,measurements[142].copy_only_components.copy_s,8.326400071382522e-05
0,measurements[142].copy_only_components.gather_s,0.01859355205669999
0,measurements[142].copy_only_components.wall_s,0.018797462806105614
0,measurements[142].copy_only_wall_s,0.018797462806105614
0,measurements[142].copy_s,8.326400071382522e-05
0,measurements[142].experts_per_batch,1
0,measurements[142].gather_s,0.01859355205669999
0,measurements[142].joint_wall_s,
0,measurements[142].mode,gather
0,measurements[142].rank,3
0,measurements[142].repetition,1
0,measurements[142].wall_s,0.018797462806105614
0,measurements[143].compute_only_components,
0,measurements[143].compute_only_wall_s,
0,measurements[143].compute_s,
0,measurements[143].copy_only_components.compute_s,0.0
0,measurements[143].copy_only_components.copy_s,8.755200356245042e-05
0,measurements[143].copy_only_components.gather_s,0.015520974062383175
0,measurements[143].copy_only_components.wall_s,0.0157236703671515
0,measurements[143].copy_only_wall_s,0.0157236703671515
0,measurements[143].copy_s,8.755200356245042e-05
0,measurements[143].experts_per_batch,1
0,measurements[143].gather_s,0.015520974062383175
0,measurements[143].joint_wall_s,
0,measurements[143].mode,gather
0,measurements[143].rank,3
0,measurements[143].repetition,2
0,measurements[143].wall_s,0.0157236703671515
0,measurements[144].compute_only_components,
0,measurements[144].compute_only_wall_s,
0,measurements[144].compute_s,
0,measurements[144].copy_only_components.compute_s,0.0
0,measurements[144].copy_only_components.copy_s,0.0003531840145587921
0,measurements[144].copy_only_components.gather_s,0.0
0,measurements[144].copy_only_components.wall_s,0.00040015485137701035
0,measurements[144].copy_only_wall_s,0.00040015485137701035
0,measurements[144].copy_s,0.0003531840145587921
0,measurements[144].experts_per_batch,8
0,measurements[144].gather_s,0.0
0,measurements[144].joint_wall_s,
0,measurements[144].mode,contiguous
0,measurements[144].rank,3
0,measurements[144].repetition,0
0,measurements[144].wall_s,0.00040015485137701035
0,measurements[145].compute_only_components,
0,measurements[145].compute_only_wall_s,
0,measurements[145].compute_s,
0,measurements[145].copy_only_components.compute_s,0.0
0,measurements[145].copy_only_components.copy_s,0.00041763201355934145
0,measurements[145].copy_only_components.gather_s,0.0
0,measurements[145].copy_only_components.wall_s,0.0004617818631231785
0,measurements[145].copy_only_wall_s,0.0004617818631231785
0,measurements[145].copy_s,0.00041763201355934145
0,measurements[145].experts_per_batch,8
0,measurements[145].gather_s,0.0
0,measurements[145].joint_wall_s,
0,measurements[145].mode,contiguous
0,measurements[145].rank,3
0,measurements[145].repetition,1
0,measurements[145].wall_s,0.0004617818631231785
0,measurements[146].compute_only_components,
0,measurements[146].compute_only_wall_s,
0,measurements[146].compute_s,
0,measurements[146].copy_only_components.compute_s,0.0
0,measurements[146].copy_only_components.copy_s,0.0004408319890499115
0,measurements[146].copy_only_components.gather_s,0.0
0,measurements[146].copy_only_components.wall_s,0.00048044323921203613
0,measurements[146].copy_only_wall_s,0.00048044323921203613
0,measurements[146].copy_s,0.0004408319890499115
0,measurements[146].experts_per_batch,8
0,measurements[146].gather_s,0.0
0,measurements[146].joint_wall_s,
0,measurements[146].mode,contiguous
0,measurements[146].rank,3
0,measurements[146].repetition,2
0,measurements[146].wall_s,0.00048044323921203613
0,measurements[147].compute_only_components,
0,measurements[147].compute_only_wall_s,
0,measurements[147].compute_s,
0,measurements[147].copy_only_components.compute_s,0.0
0,measurements[147].copy_only_components.copy_s,0.00036934399604797365
0,measurements[147].copy_only_components.gather_s,0.0
0,measurements[147].copy_only_components.wall_s,0.0003980211913585663
0,measurements[147].copy_only_wall_s,0.0003980211913585663
0,measurements[147].copy_s,0.00036934399604797365
0,measurements[147].experts_per_batch,8
0,measurements[147].gather_s,0.0
0,measurements[147].joint_wall_s,
0,measurements[147].mode,fragmented
0,measurements[147].rank,3
0,measurements[147].repetition,0
0,measurements[147].wall_s,0.0003980211913585663
0,measurements[148].compute_only_components,
0,measurements[148].compute_only_wall_s,
0,measurements[148].compute_s,
0,measurements[148].copy_only_components.compute_s,0.0
0,measurements[148].copy_only_components.copy_s,0.0004249280095100403
0,measurements[148].copy_only_components.gather_s,0.0
0,measurements[148].copy_only_components.wall_s,0.0004831496626138687
0,measurements[148].copy_only_wall_s,0.0004831496626138687
0,measurements[148].copy_s,0.0004249280095100403
0,measurements[148].experts_per_batch,8
0,measurements[148].gather_s,0.0
0,measurements[148].joint_wall_s,
0,measurements[148].mode,fragmented
0,measurements[148].rank,3
0,measurements[148].repetition,1
0,measurements[148].wall_s,0.0004831496626138687
0,measurements[149].compute_only_components,
0,measurements[149].compute_only_wall_s,
0,measurements[149].compute_s,
0,measurements[149].copy_only_components.compute_s,0.0
0,measurements[149].copy_only_components.copy_s,0.0003856639862060547
0,measurements[149].copy_only_components.gather_s,0.0
0,measurements[149].copy_only_components.wall_s,0.00046600913628935814
0,measurements[149].copy_only_wall_s,0.00046600913628935814
0,measurements[149].copy_s,0.0003856639862060547
0,measurements[149].experts_per_batch,8
0,measurements[149].gather_s,0.0
0,measurements[149].joint_wall_s,
0,measurements[149].mode,fragmented
0,measurements[149].rank,3
0,measurements[149].repetition,2
0,measurements[149].wall_s,0.00046600913628935814
0,measurements[150].compute_only_components,
0,measurements[150].compute_only_wall_s,
0,measurements[150].compute_s,
0,measurements[150].copy_only_components.compute_s,0.0
0,measurements[150].copy_only_components.copy_s,0.0003744640052318573
0,measurements[150].copy_only_components.gather_s,0.1507537248544395
0,measurements[150].copy_only_components.wall_s,0.1514970869757235
0,measurements[150].copy_only_wall_s,0.1514970869757235
0,measurements[150].copy_s,0.0003744640052318573
0,measurements[150].experts_per_batch,8
0,measurements[150].gather_s,0.1507537248544395
0,measurements[150].joint_wall_s,
0,measurements[150].mode,gather
0,measurements[150].rank,3
0,measurements[150].repetition,0
0,measurements[150].wall_s,0.1514970869757235
0,measurements[151].compute_only_components,
0,measurements[151].compute_only_wall_s,
0,measurements[151].compute_s,
0,measurements[151].copy_only_components.compute_s,0.0
0,measurements[151].copy_only_components.copy_s,0.00034921601414680483
0,measurements[151].copy_only_components.gather_s,0.16144650429487228
0,measurements[151].copy_only_components.wall_s,0.16197321796789765
0,measurements[151].copy_only_wall_s,0.16197321796789765
0,measurements[151].copy_s,0.00034921601414680483
0,measurements[151].experts_per_batch,8
0,measurements[151].gather_s,0.16144650429487228
0,measurements[151].joint_wall_s,
0,measurements[151].mode,gather
0,measurements[151].rank,3
0,measurements[151].repetition,1
0,measurements[151].wall_s,0.16197321796789765
0,measurements[152].compute_only_components,
0,measurements[152].compute_only_wall_s,
0,measurements[152].compute_s,
0,measurements[152].copy_only_components.compute_s,0.0
0,measurements[152].copy_only_components.copy_s,0.0003671360015869141
0,measurements[152].copy_only_components.gather_s,0.16408080980181694
0,measurements[152].copy_only_components.wall_s,0.16464285925030708
0,measurements[152].copy_only_wall_s,0.16464285925030708
0,measurements[152].copy_s,0.0003671360015869141
0,measurements[152].experts_per_batch,8
0,measurements[152].gather_s,0.16408080980181694
0,measurements[152].joint_wall_s,
0,measurements[152].mode,gather
0,measurements[152].rank,3
0,measurements[152].repetition,2
0,measurements[152].wall_s,0.16464285925030708
0,measurements[153].compute_only_components,
0,measurements[153].compute_only_wall_s,
0,measurements[153].compute_s,
0,measurements[153].copy_only_components.compute_s,0.0
0,measurements[153].copy_only_components.copy_s,0.0014206399917602538
0,measurements[153].copy_only_components.gather_s,0.0
0,measurements[153].copy_only_components.wall_s,0.001496732234954834
0,measurements[153].copy_only_wall_s,0.001496732234954834
0,measurements[153].copy_s,0.0014206399917602538
0,measurements[153].experts_per_batch,32
0,measurements[153].gather_s,0.0
0,measurements[153].joint_wall_s,
0,measurements[153].mode,contiguous
0,measurements[153].rank,3
0,measurements[153].repetition,0
0,measurements[153].wall_s,0.001496732234954834
0,measurements[154].compute_only_components,
0,measurements[154].compute_only_wall_s,
0,measurements[154].compute_s,
0,measurements[154].copy_only_components.compute_s,0.0
0,measurements[154].copy_only_components.copy_s,0.001517151951789856
0,measurements[154].copy_only_components.gather_s,0.0
0,measurements[154].copy_only_components.wall_s,0.0016153110191226006
0,measurements[154].copy_only_wall_s,0.0016153110191226006
0,measurements[154].copy_s,0.001517151951789856
0,measurements[154].experts_per_batch,32
0,measurements[154].gather_s,0.0
0,measurements[154].joint_wall_s,
0,measurements[154].mode,contiguous
0,measurements[154].rank,3
0,measurements[154].repetition,1
0,measurements[154].wall_s,0.0016153110191226006
0,measurements[155].compute_only_components,
0,measurements[155].compute_only_wall_s,
0,measurements[155].compute_s,
0,measurements[155].copy_only_components.compute_s,0.0
0,measurements[155].copy_only_components.copy_s,0.0015419520139694214
0,measurements[155].copy_only_components.gather_s,0.0
0,measurements[155].copy_only_components.wall_s,0.0016381661407649517
0,measurements[155].copy_only_wall_s,0.0016381661407649517
0,measurements[155].copy_s,0.0015419520139694214
0,measurements[155].experts_per_batch,32
0,measurements[155].gather_s,0.0
0,measurements[155].joint_wall_s,
0,measurements[155].mode,contiguous
0,measurements[155].rank,3
0,measurements[155].repetition,2
0,measurements[155].wall_s,0.0016381661407649517
0,measurements[156].compute_only_components,
0,measurements[156].compute_only_wall_s,
0,measurements[156].compute_s,
0,measurements[156].copy_only_components.compute_s,0.0
0,measurements[156].copy_only_components.copy_s,0.001385759949684143
0,measurements[156].copy_only_components.gather_s,0.0
0,measurements[156].copy_only_components.wall_s,0.0014216513372957706
0,measurements[156].copy_only_wall_s,0.0014216513372957706
0,measurements[156].copy_s,0.001385759949684143
0,measurements[156].experts_per_batch,32
0,measurements[156].gather_s,0.0
0,measurements[156].joint_wall_s,
0,measurements[156].mode,fragmented
0,measurements[156].rank,3
0,measurements[156].repetition,0
0,measurements[156].wall_s,0.0014216513372957706
0,measurements[157].compute_only_components,
0,measurements[157].compute_only_wall_s,
0,measurements[157].compute_s,
0,measurements[157].copy_only_components.compute_s,0.0
0,measurements[157].copy_only_components.copy_s,0.001425376057624817
0,measurements[157].copy_only_components.gather_s,0.0
0,measurements[157].copy_only_components.wall_s,0.001480471808463335
0,measurements[157].copy_only_wall_s,0.001480471808463335
0,measurements[157].copy_s,0.001425376057624817
0,measurements[157].experts_per_batch,32
0,measurements[157].gather_s,0.0
0,measurements[157].joint_wall_s,
0,measurements[157].mode,fragmented
0,measurements[157].rank,3
0,measurements[157].repetition,1
0,measurements[157].wall_s,0.001480471808463335
0,measurements[158].compute_only_components,
0,measurements[158].compute_only_wall_s,
0,measurements[158].compute_s,
0,measurements[158].copy_only_components.compute_s,0.0
0,measurements[158].copy_only_components.copy_s,0.0013393919467926025
0,measurements[158].copy_only_components.gather_s,0.0
0,measurements[158].copy_only_components.wall_s,0.0015168609097599983
0,measurements[158].copy_only_wall_s,0.0015168609097599983
0,measurements[158].copy_s,0.0013393919467926025
0,measurements[158].experts_per_batch,32
0,measurements[158].gather_s,0.0
0,measurements[158].joint_wall_s,
0,measurements[158].mode,fragmented
0,measurements[158].rank,3
0,measurements[158].repetition,2
0,measurements[158].wall_s,0.0015168609097599983
0,measurements[159].compute_only_components,
0,measurements[159].compute_only_wall_s,
0,measurements[159].compute_s,
0,measurements[159].copy_only_components.compute_s,0.0
0,measurements[159].copy_only_components.copy_s,0.0011076799631118774
0,measurements[159].copy_only_components.gather_s,0.7065762239508331
0,measurements[159].copy_only_components.wall_s,0.7078521610237658
0,measurements[159].copy_only_wall_s,0.7078521610237658
0,measurements[159].copy_s,0.0011076799631118774
0,measurements[159].experts_per_batch,32
0,measurements[159].gather_s,0.7065762239508331
0,measurements[159].joint_wall_s,
0,measurements[159].mode,gather
0,measurements[159].rank,3
0,measurements[159].repetition,0
0,measurements[159].wall_s,0.7078521610237658
0,measurements[160].compute_only_components,
0,measurements[160].compute_only_wall_s,
0,measurements[160].compute_s,
0,measurements[160].copy_only_components.compute_s,0.0
0,measurements[160].copy_only_components.copy_s,0.001016767978668213
0,measurements[160].copy_only_components.gather_s,0.6923378319479525
0,measurements[160].copy_only_components.wall_s,0.6934977769851685
0,measurements[160].copy_only_wall_s,0.6934977769851685
0,measurements[160].copy_s,0.001016767978668213
0,measurements[160].experts_per_batch,32
0,measurements[160].gather_s,0.6923378319479525
0,measurements[160].joint_wall_s,
0,measurements[160].mode,gather
0,measurements[160].rank,3
0,measurements[160].repetition,1
0,measurements[160].wall_s,0.6934977769851685
0,measurements[161].compute_only_components,
0,measurements[161].compute_only_wall_s,
0,measurements[161].compute_s,
0,measurements[161].copy_only_components.compute_s,0.0
0,measurements[161].copy_only_components.copy_s,0.0010158079862594605
0,measurements[161].copy_only_components.gather_s,0.5887995432130992
0,measurements[161].copy_only_components.wall_s,0.5899664713069797
0,measurements[161].copy_only_wall_s,0.5899664713069797
0,measurements[161].copy_s,0.0010158079862594605
0,measurements[161].experts_per_batch,32
0,measurements[161].gather_s,0.5887995432130992
0,measurements[161].joint_wall_s,
0,measurements[161].mode,gather
0,measurements[161].rank,3
0,measurements[161].repetition,2
0,measurements[161].wall_s,0.5899664713069797
0,measurements[162].compute_only_components,
0,measurements[162].compute_only_wall_s,
0,measurements[162].compute_s,
0,measurements[162].copy_only_components.compute_s,0.0
0,measurements[162].copy_only_components.copy_s,0.007963647842407226
0,measurements[162].copy_only_components.gather_s,0.0
0,measurements[162].copy_only_components.wall_s,0.007988676894456148
0,measurements[162].copy_only_wall_s,0.007988676894456148
0,measurements[162].copy_s,0.007963647842407226
0,measurements[162].experts_per_batch,128
0,measurements[162].gather_s,0.0
0,measurements[162].joint_wall_s,
0,measurements[162].mode,contiguous
0,measurements[162].rank,3
0,measurements[162].repetition,0
0,measurements[162].wall_s,0.007988676894456148
0,measurements[163].compute_only_components,
0,measurements[163].compute_only_wall_s,
0,measurements[163].compute_s,
0,measurements[163].copy_only_components.compute_s,0.0
0,measurements[163].copy_only_components.copy_s,0.008325119972229005
0,measurements[163].copy_only_components.gather_s,0.0
0,measurements[163].copy_only_components.wall_s,0.008364700246602297
0,measurements[163].copy_only_wall_s,0.008364700246602297
0,measurements[163].copy_s,0.008325119972229005
0,measurements[163].experts_per_batch,128
0,measurements[163].gather_s,0.0
0,measurements[163].joint_wall_s,
0,measurements[163].mode,contiguous
0,measurements[163].rank,3
0,measurements[163].repetition,1
0,measurements[163].wall_s,0.008364700246602297
0,measurements[164].compute_only_components,
0,measurements[164].compute_only_wall_s,
0,measurements[164].compute_s,
0,measurements[164].copy_only_components.compute_s,0.0
0,measurements[164].copy_only_components.copy_s,0.008516096115112304
0,measurements[164].copy_only_components.gather_s,0.0
0,measurements[164].copy_only_components.wall_s,0.008556504733860493
0,measurements[164].copy_only_wall_s,0.008556504733860493
0,measurements[164].copy_s,0.008516096115112304
0,measurements[164].experts_per_batch,128
0,measurements[164].gather_s,0.0
0,measurements[164].joint_wall_s,
0,measurements[164].mode,contiguous
0,measurements[164].rank,3
0,measurements[164].repetition,2
0,measurements[164].wall_s,0.008556504733860493
0,measurements[165].compute_only_components,
0,measurements[165].compute_only_wall_s,
0,measurements[165].compute_s,
0,measurements[165].copy_only_components.compute_s,0.0
0,measurements[165].copy_only_components.copy_s,0.006003935813903808
0,measurements[165].copy_only_components.gather_s,0.0
0,measurements[165].copy_only_components.wall_s,0.006034959107637405
0,measurements[165].copy_only_wall_s,0.006034959107637405
0,measurements[165].copy_s,0.006003935813903808
0,measurements[165].experts_per_batch,128
0,measurements[165].gather_s,0.0
0,measurements[165].joint_wall_s,
0,measurements[165].mode,fragmented
0,measurements[165].rank,3
0,measurements[165].repetition,0
0,measurements[165].wall_s,0.006034959107637405
0,measurements[166].compute_only_components,
0,measurements[166].compute_only_wall_s,
0,measurements[166].compute_s,
0,measurements[166].copy_only_components.compute_s,0.0
0,measurements[166].copy_only_components.copy_s,0.006067584037780762
0,measurements[166].copy_only_components.gather_s,0.0
0,measurements[166].copy_only_components.wall_s,0.006129061803221703
0,measurements[166].copy_only_wall_s,0.006129061803221703
0,measurements[166].copy_s,0.006067584037780762
0,measurements[166].experts_per_batch,128
0,measurements[166].gather_s,0.0
0,measurements[166].joint_wall_s,
0,measurements[166].mode,fragmented
0,measurements[166].rank,3
0,measurements[166].repetition,1
0,measurements[166].wall_s,0.006129061803221703
0,measurements[167].compute_only_components,
0,measurements[167].compute_only_wall_s,
0,measurements[167].compute_s,
0,measurements[167].copy_only_components.compute_s,0.0
0,measurements[167].copy_only_components.copy_s,0.006086527824401855
0,measurements[167].copy_only_components.gather_s,0.0
0,measurements[167].copy_only_components.wall_s,0.006130625959485769
0,measurements[167].copy_only_wall_s,0.006130625959485769
0,measurements[167].copy_s,0.006086527824401855
0,measurements[167].experts_per_batch,128
0,measurements[167].gather_s,0.0
0,measurements[167].joint_wall_s,
0,measurements[167].mode,fragmented
0,measurements[167].rank,3
0,measurements[167].repetition,2
0,measurements[167].wall_s,0.006130625959485769
0,measurements[168].compute_only_components,
0,measurements[168].compute_only_wall_s,
0,measurements[168].compute_s,
0,measurements[168].copy_only_components.compute_s,0.0
0,measurements[168].copy_only_components.copy_s,0.003792992115020752
0,measurements[168].copy_only_components.gather_s,2.412697497289628
0,measurements[168].copy_only_components.wall_s,2.4166205008514225
0,measurements[168].copy_only_wall_s,2.4166205008514225
0,measurements[168].copy_s,0.003792992115020752
0,measurements[168].experts_per_batch,128
0,measurements[168].gather_s,2.412697497289628
0,measurements[168].joint_wall_s,
0,measurements[168].mode,gather
0,measurements[168].rank,3
0,measurements[168].repetition,0
0,measurements[168].wall_s,2.4166205008514225
0,measurements[169].compute_only_components,
0,measurements[169].compute_only_wall_s,
0,measurements[169].compute_s,
0,measurements[169].copy_only_components.compute_s,0.0
0,measurements[169].copy_only_components.copy_s,0.003801503896713257
0,measurements[169].copy_only_components.gather_s,2.366536775138229
0,measurements[169].copy_only_components.wall_s,2.370500714983791
0,measurements[169].copy_only_wall_s,2.370500714983791
0,measurements[169].copy_s,0.003801503896713257
0,measurements[169].experts_per_batch,128
0,measurements[169].gather_s,2.366536775138229
0,measurements[169].joint_wall_s,
0,measurements[169].mode,gather
0,measurements[169].rank,3
0,measurements[169].repetition,1
0,measurements[169].wall_s,2.370500714983791
0,measurements[170].compute_only_components,
0,measurements[170].compute_only_wall_s,
0,measurements[170].compute_s,
0,measurements[170].copy_only_components.compute_s,0.0
0,measurements[170].copy_only_components.copy_s,0.0037957119941711428
0,measurements[170].copy_only_components.gather_s,2.2143676141276956
0,measurements[170].copy_only_components.wall_s,2.218314987141639
0,measurements[170].copy_only_wall_s,2.218314987141639
0,measurements[170].copy_s,0.0037957119941711428
0,measurements[170].experts_per_batch,128
0,measurements[170].gather_s,2.2143676141276956
0,measurements[170].joint_wall_s,
0,measurements[170].mode,gather
0,measurements[170].rank,3
0,measurements[170].repetition,2
0,measurements[170].wall_s,2.218314987141639
0,measurements[171].compute_only_components,
0,measurements[171].compute_only_wall_s,
0,measurements[171].compute_s,
0,measurements[171].copy_only_components.compute_s,0.0
0,measurements[171].copy_only_components.copy_s,0.03454304122924805
0,measurements[171].copy_only_components.gather_s,0.0
0,measurements[171].copy_only_components.wall_s,0.034567197784781456
0,measurements[171].copy_only_wall_s,0.034567197784781456
0,measurements[171].copy_s,0.03454304122924805
0,measurements[171].experts_per_batch,512
0,measurements[171].gather_s,0.0
0,measurements[171].joint_wall_s,
0,measurements[171].mode,contiguous
0,measurements[171].rank,3
0,measurements[171].repetition,0
0,measurements[171].wall_s,0.034567197784781456
0,measurements[172].compute_only_components,
0,measurements[172].compute_only_wall_s,
0,measurements[172].compute_s,
0,measurements[172].copy_only_components.compute_s,0.0
0,measurements[172].copy_only_components.copy_s,0.034584800720214845
0,measurements[172].copy_only_components.gather_s,0.0
0,measurements[172].copy_only_components.wall_s,0.034620641730725765
0,measurements[172].copy_only_wall_s,0.034620641730725765
0,measurements[172].copy_s,0.034584800720214845
0,measurements[172].experts_per_batch,512
0,measurements[172].gather_s,0.0
0,measurements[172].joint_wall_s,
0,measurements[172].mode,contiguous
0,measurements[172].rank,3
0,measurements[172].repetition,1
0,measurements[172].wall_s,0.034620641730725765
0,measurements[173].compute_only_components,
0,measurements[173].compute_only_wall_s,
0,measurements[173].compute_s,
0,measurements[173].copy_only_components.compute_s,0.0
0,measurements[173].copy_only_components.copy_s,0.03461030578613281
0,measurements[173].copy_only_components.gather_s,0.0
0,measurements[173].copy_only_components.wall_s,0.03465055674314499
0,measurements[173].copy_only_wall_s,0.03465055674314499
0,measurements[173].copy_s,0.03461030578613281
0,measurements[173].experts_per_batch,512
0,measurements[173].gather_s,0.0
0,measurements[173].joint_wall_s,
0,measurements[173].mode,contiguous
0,measurements[173].rank,3
0,measurements[173].repetition,2
0,measurements[173].wall_s,0.03465055674314499
0,measurements[174].compute_only_components,
0,measurements[174].compute_only_wall_s,
0,measurements[174].compute_s,
0,measurements[174].copy_only_components.compute_s,0.0
0,measurements[174].copy_only_components.copy_s,0.027341472625732423
0,measurements[174].copy_only_components.gather_s,0.0
0,measurements[174].copy_only_components.wall_s,0.027370635885745287
0,measurements[174].copy_only_wall_s,0.027370635885745287
0,measurements[174].copy_s,0.027341472625732423
0,measurements[174].experts_per_batch,512
0,measurements[174].gather_s,0.0
0,measurements[174].joint_wall_s,
0,measurements[174].mode,fragmented
0,measurements[174].rank,3
0,measurements[174].repetition,0
0,measurements[174].wall_s,0.027370635885745287
0,measurements[175].compute_only_components,
0,measurements[175].compute_only_wall_s,
0,measurements[175].compute_s,
0,measurements[175].copy_only_components.compute_s,0.0
0,measurements[175].copy_only_components.copy_s,0.027320320129394532
0,measurements[175].copy_only_components.gather_s,0.0
0,measurements[175].copy_only_components.wall_s,0.027358413208276033
0,measurements[175].copy_only_wall_s,0.027358413208276033
0,measurements[175].copy_s,0.027320320129394532
0,measurements[175].experts_per_batch,512
0,measurements[175].gather_s,0.0
0,measurements[175].joint_wall_s,
0,measurements[175].mode,fragmented
0,measurements[175].rank,3
0,measurements[175].repetition,1
0,measurements[175].wall_s,0.027358413208276033
0,measurements[176].compute_only_components,
0,measurements[176].compute_only_wall_s,
0,measurements[176].compute_s,
0,measurements[176].copy_only_components.compute_s,0.0
0,measurements[176].copy_only_components.copy_s,0.027380575180053712
0,measurements[176].copy_only_components.gather_s,0.0
0,measurements[176].copy_only_components.wall_s,0.02741558663547039
0,measurements[176].copy_only_wall_s,0.02741558663547039
0,measurements[176].copy_s,0.027380575180053712
0,measurements[176].experts_per_batch,512
0,measurements[176].gather_s,0.0
0,measurements[176].joint_wall_s,
0,measurements[176].mode,fragmented
0,measurements[176].rank,3
0,measurements[176].repetition,2
0,measurements[176].wall_s,0.02741558663547039
0,measurements[177].compute_only_components,
0,measurements[177].compute_only_wall_s,
0,measurements[177].compute_s,
0,measurements[177].copy_only_components.compute_s,0.0
0,measurements[177].copy_only_components.copy_s,0.0173787841796875
0,measurements[177].copy_only_components.gather_s,9.425303332041949
0,measurements[177].copy_only_components.wall_s,9.443493044935167
0,measurements[177].copy_only_wall_s,9.443493044935167
0,measurements[177].copy_s,0.0173787841796875
0,measurements[177].experts_per_batch,512
0,measurements[177].gather_s,9.425303332041949
0,measurements[177].joint_wall_s,
0,measurements[177].mode,gather
0,measurements[177].rank,3
0,measurements[177].repetition,0
0,measurements[177].wall_s,9.443493044935167
0,measurements[178].compute_only_components,
0,measurements[178].compute_only_wall_s,
0,measurements[178].compute_s,
0,measurements[178].copy_only_components.compute_s,0.0
0,measurements[178].copy_only_components.copy_s,0.017093280792236328
0,measurements[178].copy_only_components.gather_s,9.39680114807561
0,measurements[178].copy_only_components.wall_s,9.414201734121889
0,measurements[178].copy_only_wall_s,9.414201734121889
0,measurements[178].copy_s,0.017093280792236328
0,measurements[178].experts_per_batch,512
0,measurements[178].gather_s,9.39680114807561
0,measurements[178].joint_wall_s,
0,measurements[178].mode,gather
0,measurements[178].rank,3
0,measurements[178].repetition,1
0,measurements[178].wall_s,9.414201734121889
0,measurements[179].compute_only_components,
0,measurements[179].compute_only_wall_s,
0,measurements[179].compute_s,
0,measurements[179].copy_only_components.compute_s,0.0
0,measurements[179].copy_only_components.copy_s,0.014869983673095704
0,measurements[179].copy_only_components.gather_s,8.169800157193094
0,measurements[179].copy_only_components.wall_s,8.187572275288403
0,measurements[179].copy_only_wall_s,8.187572275288403
0,measurements[179].copy_s,0.014869983673095704
0,measurements[179].experts_per_batch,512
0,measurements[179].gather_s,8.169800157193094
0,measurements[179].joint_wall_s,
0,measurements[179].mode,gather
0,measurements[179].rank,3
0,measurements[179].repetition,2
0,measurements[179].wall_s,8.187572275288403
0,samples[0].compute_s,
0,samples[0].contention,isolated
0,samples[0].contract.benchmark_policy_sha256,a51e2f06eccbbd7e1dbd0dfad28145edbdc58a6bf90f1dd7ceeb46af6ae1eaed
0,samples[0].contract.commit,2161d80517315fe9835ee3cf32c98f8e6b0343a7
0,samples[0].contract.hardware_sha256,9791dbc6d311596ecffb3eb44b417020cb7e142e79a148bc73feb7a0573b4bd1
0,samples[0].contract.tensor_parallel_size,4
0,samples[0].contract.versions.cuda,12.8
0,samples[0].contract.versions.python,3.12.11
0,samples[0].contract.versions.torch,2.8.0+cu128
0,samples[0].contract.versions.vllm,0.10.2
0,samples[0].contract.versions.vllm_commit,01efc7ef781391e744ed08c3292817a773d654e6
0,samples[0].copy_s,4.339199885725975e-05
0,samples[0].expert_bytes,1572864
0,samples[0].experts_per_batch,1
0,samples[0].gather_s,0.0
0,samples[0].mode,contiguous
0,samples[0].payload_bytes,1572864
0,samples[0].rank,0
0,samples[0].repetition,0
0,samples[0].wall_s,7.737288251519203e-05
0,samples[1].compute_s,
0,samples[1].contention,isolated
0,samples[1].contract.benchmark_policy_sha256,a51e2f06eccbbd7e1dbd0dfad28145edbdc58a6bf90f1dd7ceeb46af6ae1eaed
0,samples[1].contract.commit,2161d80517315fe9835ee3cf32c98f8e6b0343a7
0,samples[1].contract.hardware_sha256,9791dbc6d311596ecffb3eb44b417020cb7e142e79a148bc73feb7a0573b4bd1
0,samples[1].contract.tensor_parallel_size,4
0,samples[1].contract.versions.cuda,12.8
0,samples[1].contract.versions.python,3.12.11
0,samples[1].contract.versions.torch,2.8.0+cu128
0,samples[1].contract.versions.vllm,0.10.2
0,samples[1].contract.versions.vllm_commit,01efc7ef781391e744ed08c3292817a773d654e6
0,samples[1].copy_s,6.588800251483917e-05
0,samples[1].expert_bytes,1572864
0,samples[1].experts_per_batch,1
0,samples[1].gather_s,0.0
0,samples[1].mode,contiguous
0,samples[1].payload_bytes,1572864
0,samples[1].rank,0
0,samples[1].repetition,1
0,samples[1].wall_s,0.00010869093239307404
0,samples[2].compute_s,
0,samples[2].contention,isolated
0,samples[2].contract.benchmark_policy_sha256,a51e2f06eccbbd7e1dbd0dfad28145edbdc58a6bf90f1dd7ceeb46af6ae1eaed
0,samples[2].contract.commit,2161d80517315fe9835ee3cf32c98f8e6b0343a7
0,samples[2].contract.hardware_sha256,9791dbc6d311596ecffb3eb44b417020cb7e142e79a148bc73feb7a0573b4bd1
0,samples[2].contract.tensor_parallel_size,4
0,samples[2].contract.versions.cuda,12.8
0,samples[2].contract.versions.python,3.12.11
0,samples[2].contract.versions.torch,2.8.0+cu128
0,samples[2].contract.versions.vllm,0.10.2
0,samples[2].contract.versions.vllm_commit,01efc7ef781391e744ed08c3292817a773d654e6
0,samples[2].copy_s,6.639999896287919e-05
0,samples[2].expert_bytes,1572864
0,samples[2].experts_per_batch,1
0,samples[2].gather_s,0.0
0,samples[2].mode,contiguous
0,samples[2].payload_bytes,1572864
0,samples[2].rank,0
0,samples[2].repetition,2
0,samples[2].wall_s,0.0001067877747118473
0,samples[3].compute_s,
0,samples[3].contention,isolated
0,samples[3].contract.benchmark_policy_sha256,a51e2f06eccbbd7e1dbd0dfad28145edbdc58a6bf90f1dd7ceeb46af6ae1eaed
0,samples[3].contract.commit,2161d80517315fe9835ee3cf32c98f8e6b0343a7
0,samples[3].contract.hardware_sha256,9791dbc6d311596ecffb3eb44b417020cb7e142e79a148bc73feb7a0573b4bd1
0,samples[3].contract.tensor_parallel_size,4
0,samples[3].contract.versions.cuda,12.8
0,samples[3].contract.versions.python,3.12.11
0,samples[3].contract.versions.torch,2.8.0+cu128
0,samples[3].contract.versions.vllm,0.10.2
0,samples[3].contract.versions.vllm_commit,01efc7ef781391e744ed08c3292817a773d654e6
0,samples[3].copy_s,8.832000195980072e-05
0,samples[3].expert_bytes,1572864
0,samples[3].experts_per_batch,1
0,samples[3].gather_s,0.0
0,samples[3].mode,fragmented
0,samples[3].payload_bytes,1572864
0,samples[3].rank,0
0,samples[3].repetition,0
0,samples[3].wall_s,0.0005299211479723454
0,samples[4].compute_s,
0,samples[4].contention,isolated
0,samples[4].contract.benchmark_policy_sha256,a51e2f06eccbbd7e1dbd0dfad28145edbdc58a6bf90f1dd7ceeb46af6ae1eaed
0,samples[4].contract.commit,2161d80517315fe9835ee3cf32c98f8e6b0343a7
0,samples[4].contract.hardware_sha256,9791dbc6d311596ecffb3eb44b417020cb7e142e79a148bc73feb7a0573b4bd1
0,samples[4].contract.tensor_parallel_size,4
0,samples[4].contract.versions.cuda,12.8
0,samples[4].contract.versions.python,3.12.11
0,samples[4].contract.versions.torch,2.8.0+cu128
0,samples[4].contract.versions.vllm,0.10.2
0,samples[4].contract.versions.vllm_commit,01efc7ef781391e744ed08c3292817a773d654e6
0,samples[4].copy_s,0.00013040000200271605
0,samples[4].expert_bytes,1572864
0,samples[4].experts_per_batch,1
0,samples[4].gather_s,0.0
0,samples[4].mode,fragmented
0,samples[4].payload_bytes,1572864
0,samples[4].rank,0
0,samples[4].repetition,1
0,samples[4].wall_s,0.0002253437414765358
0,samples[5].compute_s,
0,samples[5].contention,isolated
0,samples[5].contract.benchmark_policy_sha256,a51e2f06eccbbd7e1dbd0dfad28145edbdc58a6bf90f1dd7ceeb46af6ae1eaed
0,samples[5].contract.commit,2161d80517315fe9835ee3cf32c98f8e6b0343a7
0,samples[5].contract.hardware_sha256,9791dbc6d311596ecffb3eb44b417020cb7e142e79a148bc73feb7a0573b4bd1
0,samples[5].contract.tensor_parallel_size,4
0,samples[5].contract.versions.cuda,12.8
0,samples[5].contract.versions.python,3.12.11
0,samples[5].contract.versions.torch,2.8.0+cu128
0,samples[5].contract.versions.vllm,0.10.2
0,samples[5].contract.versions.vllm_commit,01efc7ef781391e744ed08c3292817a773d654e6
0,samples[5].copy_s,0.00011747200042009354
0,samples[5].expert_bytes,1572864
0,samples[5].experts_per_batch,1
0,samples[5].gather_s,0.0
0,samples[5].mode,fragmented
0,samples[5].payload_bytes,1572864
0,samples[5].rank,0
0,samples[5].repetition,2
0,samples[5].wall_s,0.0002042069099843502
0,samples[6].compute_s,
0,samples[6].contention,isolated
0,samples[6].contract.benchmark_policy_sha256,a51e2f06eccbbd7e1dbd0dfad28145edbdc58a6bf90f1dd7ceeb46af6ae1eaed
0,samples[6].contract.commit,2161d80517315fe9835ee3cf32c98f8e6b0343a7
0,samples[6].contract.hardware_sha256,9791dbc6d311596ecffb3eb44b417020cb7e142e79a148bc73feb7a0573b4bd1
0,samples[6].contract.tensor_parallel_size,4
0,samples[6].contract.versions.cuda,12.8
0,samples[6].contract.versions.python,3.12.11
0,samples[6].contract.versions.torch,2.8.0+cu128
0,samples[6].contract.versions.vllm,0.10.2
0,samples[6].contract.versions.vllm_commit,01efc7ef781391e744ed08c3292817a773d654e6
0,samples[6].copy_s,6.937599927186966e-05
0,samples[6].expert_bytes,1572864
0,samples[6].experts_per_batch,1
0,samples[6].gather_s,0.021129068918526173
0,samples[6].mode,gather
0,samples[6].payload_bytes,1572864
0,samples[6].rank,0
0,samples[6].repetition,0
0,samples[6].wall_s,0.021285661961883307
0,samples[7].compute_s,
0,samples[7].contention,isolated
0,samples[7].contract.benchmark_policy_sha256,a51e2f06eccbbd7e1dbd0dfad28145edbdc58a6bf90f1dd7ceeb46af6ae1eaed
0,samples[7].contract.commit,2161d80517315fe9835ee3cf32c98f8e6b0343a7
0,samples[7].contract.hardware_sha256,9791dbc6d311596ecffb3eb44b417020cb7e142e79a148bc73feb7a0573b4bd1
0,samples[7].contract.tensor_parallel_size,4
0,samples[7].contract.versions.cuda,12.8
0,samples[7].contract.versions.python,3.12.11
0,samples[7].contract.versions.torch,2.8.0+cu128
0,samples[7].contract.versions.vllm,0.10.2
0,samples[7].contract.versions.vllm_commit,01efc7ef781391e744ed08c3292817a773d654e6
0,samples[7].copy_s,9.276799857616425e-05
0,samples[7].expert_bytes,1572864
0,samples[7].experts_per_batch,1
0,samples[7].gather_s,0.0066487048752605915
0,samples[7].mode,gather
0,samples[7].payload_bytes,1572864
0,samples[7].rank,0
0,samples[7].repetition,1
0,samples[7].wall_s,0.006850044243037701
0,samples[8].compute_s,
0,samples[8].contention,isolated
0,samples[8].contract.benchmark_policy_sha256,a51e2f06eccbbd7e1dbd0dfad28145edbdc58a6bf90f1dd7ceeb46af6ae1eaed
0,samples[8].contract.commit,2161d80517315fe9835ee3cf32c98f8e6b0343a7
0,samples[8].contract.hardware_sha256,9791dbc6d311596ecffb3eb44b417020cb7e142e79a148bc73feb7a0573b4bd1
0,samples[8].contract.tensor_parallel_size,4
0,samples[8].contract.versions.cuda,12.8
0,samples[8].contract.versions.python,3.12.11
0,samples[8].contract.versions.torch,2.8.0+cu128
0,samples[8].contract.versions.vllm,0.10.2
0,samples[8].contract.versions.vllm_commit,01efc7ef781391e744ed08c3292817a773d654e6
0,samples[8].copy_s,8.134400099515915e-05
0,samples[8].expert_bytes,1572864
0,samples[8].experts_per_batch,1
0,samples[8].gather_s,0.00029447395354509354
0,samples[8].mode,gather
0,samples[8].payload_bytes,1572864
0,samples[8].rank,0
0,samples[8].repetition,2
0,samples[8].wall_s,0.00044428370893001556
0,samples[9].compute_s,
0,samples[9].contention,isolated
0,samples[9].contract.benchmark_policy_sha256,a51e2f06eccbbd7e1dbd0dfad28145edbdc58a6bf90f1dd7ceeb46af6ae1eaed
0,samples[9].contract.commit,2161d80517315fe9835ee3cf32c98f8e6b0343a7
0,samples[9].contract.hardware_sha256,9791dbc6d311596ecffb3eb44b417020cb7e142e79a148bc73feb7a0573b4bd1
0,samples[9].contract.tensor_parallel_size,4
0,samples[9].contract.versions.cuda,12.8
0,samples[9].contract.versions.python,3.12.11
0,samples[9].contract.versions.torch,2.8.0+cu128
0,samples[9].contract.versions.vllm,0.10.2
0,samples[9].contract.versions.vllm_commit,01efc7ef781391e744ed08c3292817a773d654e6
0,samples[9].copy_s,0.00035676801204681394
0,samples[9].expert_bytes,1572864
0,samples[9].experts_per_batch,8
0,samples[9].gather_s,0.0
0,samples[9].mode,contiguous
0,samples[9].payload_bytes,12582912
0,samples[9].rank,0
0,samples[9].repetition,0
0,samples[9].wall_s,0.0003949650563299656
0,samples[10].compute_s,
0,samples[10].contention,isolated
0,samples[10].contract.benchmark_policy_sha256,a51e2f06eccbbd7e1dbd0dfad28145edbdc58a6bf90f1dd7ceeb46af6ae1eaed
0,samples[10].contract.commit,2161d80517315fe9835ee3cf32c98f8e6b0343a7
0,samples[10].contract.hardware_sha256,9791dbc6d311596ecffb3eb44b417020cb7e142e79a148bc73feb7a0573b4bd1
0,samples[10].contract.tensor_parallel_size,4
0,samples[10].contract.versions.cuda,12.8
0,samples[10].contract.versions.python,3.12.11
0,samples[10].contract.versions.torch,2.8.0+cu128
0,samples[10].contract.versions.vllm,0.10.2
0,samples[10].contract.versions.vllm_commit,01efc7ef781391e744ed08c3292817a773d654e6
0,samples[10].copy_s,0.00035888001322746275
0,samples[10].expert_bytes,1572864
0,samples[10].experts_per_batch,8
0,samples[10].gather_s,0.0
0,samples[10].mode,contiguous
0,samples[10].payload_bytes,12582912
0,samples[10].rank,0
0,samples[10].repetition,1
0,samples[10].wall_s,0.00046478211879730225
0,samples[11].compute_s,
0,samples[11].contention,isolated
0,samples[11].contract.benchmark_policy_sha256,a51e2f06eccbbd7e1dbd0dfad28145edbdc58a6bf90f1dd7ceeb46af6ae1eaed
0,samples[11].contract.commit,2161d80517315fe9835ee3cf32c98f8e6b0343a7
0,samples[11].contract.hardware_sha256,9791dbc6d311596ecffb3eb44b417020cb7e142e79a148bc73feb7a0573b4bd1
0,samples[11].contract.tensor_parallel_size,4
0,samples[11].contract.versions.cuda,12.8
0,samples[11].contract.versions.python,3.12.11
0,samples[11].contract.versions.torch,2.8.0+cu128
0,samples[11].contract.versions.vllm,0.10.2
0,samples[11].contract.versions.vllm_commit,01efc7ef781391e744ed08c3292817a773d654e6
0,samples[11].copy_s,0.00036284801363945006
0,samples[11].expert_bytes,1572864
0,samples[11].experts_per_batch,8
0,samples[11].gather_s,0.0
0,samples[11].mode,contiguous
0,samples[11].payload_bytes,12582912
0,samples[11].rank,0
0,samples[11].repetition,2
0,samples[11].wall_s,0.00046715326607227325
0,samples[12].compute_s,
0,samples[12].contention,isolated
0,samples[12].contract.benchmark_policy_sha256,a51e2f06eccbbd7e1dbd0dfad28145edbdc58a6bf90f1dd7ceeb46af6ae1eaed
0,samples[12].contract.commit,2161d80517315fe9835ee3cf32c98f8e6b0343a7
0,samples[12].contract.hardware_sha256,9791dbc6d311596ecffb3eb44b417020cb7e142e79a148bc73feb7a0573b4bd1
0,samples[12].contract.tensor_parallel_size,4
0,samples[12].contract.versions.cuda,12.8
0,samples[12].contract.versions.python,3.12.11
0,samples[12].contract.versions.torch,2.8.0+cu128
0,samples[12].contract.versions.vllm,0.10.2
0,samples[12].contract.versions.vllm_commit,01efc7ef781391e744ed08c3292817a773d654e6
0,samples[12].copy_s,0.00038198399543762205
0,samples[12].expert_bytes,1572864
0,samples[12].experts_per_batch,8
0,samples[12].gather_s,0.0
0,samples[12].mode,fragmented
0,samples[12].payload_bytes,12582912
0,samples[12].rank,0
0,samples[12].repetition,0
0,samples[12].wall_s,0.00040943408384919167
0,samples[13].compute_s,
0,samples[13].contention,isolated
0,samples[13].contract.benchmark_policy_sha256,a51e2f06eccbbd7e1dbd0dfad28145edbdc58a6bf90f1dd7ceeb46af6ae1eaed
0,samples[13].contract.commit,2161d80517315fe9835ee3cf32c98f8e6b0343a7
0,samples[13].contract.hardware_sha256,9791dbc6d311596ecffb3eb44b417020cb7e142e79a148bc73feb7a0573b4bd1
0,samples[13].contract.tensor_parallel_size,4
0,samples[13].contract.versions.cuda,12.8
0,samples[13].contract.versions.python,3.12.11
0,samples[13].contract.versions.torch,2.8.0+cu128
0,samples[13].contract.versions.vllm,0.10.2
0,samples[13].contract.versions.vllm_commit,01efc7ef781391e744ed08c3292817a773d654e6
0,samples[13].copy_s,0.0003698880076408386
0,samples[13].expert_bytes,1572864
0,samples[13].experts_per_batch,8
0,samples[13].gather_s,0.0
0,samples[13].mode,fragmented
0,samples[13].payload_bytes,12582912
0,samples[13].rank,0
0,samples[13].repetition,1
0,samples[13].wall_s,0.00040880125015974045
0,samples[14].compute_s,
0,samples[14].contention,isolated
0,samples[14].contract.benchmark_policy_sha256,a51e2f06eccbbd7e1dbd0dfad28145edbdc58a6bf90f1dd7ceeb46af6ae1eaed
0,samples[14].contract.commit,2161d80517315fe9835ee3cf32c98f8e6b0343a7
0,samples[14].contract.hardware_sha256,9791dbc6d311596ecffb3eb44b417020cb7e142e79a148bc73feb7a0573b4bd1
0,samples[14].contract.tensor_parallel_size,4
0,samples[14].contract.versions.cuda,12.8
0,samples[14].contract.versions.python,3.12.11
0,samples[14].contract.versions.torch,2.8.0+cu128
0,samples[14].contract.versions.vllm,0.10.2
0,samples[14].contract.versions.vllm_commit,01efc7ef781391e744ed08c3292817a773d654e6
0,samples[14].copy_s,0.00033392000198364255
0,samples[14].expert_bytes,1572864
0,samples[14].experts_per_batch,8
0,samples[14].gather_s,0.0
0,samples[14].mode,fragmented
0,samples[14].payload_bytes,12582912
0,samples[14].rank,0
0,samples[14].repetition,2
0,samples[14].wall_s,0.0003736047074198723
0,samples[15].compute_s,
0,samples[15].contention,isolated
0,samples[15].contract.benchmark_policy_sha256,a51e2f06eccbbd7e1dbd0dfad28145edbdc58a6bf90f1dd7ceeb46af6ae1eaed
0,samples[15].contract.commit,2161d80517315fe9835ee3cf32c98f8e6b0343a7
0,samples[15].contract.hardware_sha256,9791dbc6d311596ecffb3eb44b417020cb7e142e79a148bc73feb7a0573b4bd1
0,samples[15].contract.tensor_parallel_size,4
0,samples[15].contract.versions.cuda,12.8
0,samples[15].contract.versions.python,3.12.11
0,samples[15].contract.versions.torch,2.8.0+cu128
0,samples[15].contract.versions.vllm,0.10.2
0,samples[15].contract.versions.vllm_commit,01efc7ef781391e744ed08c3292817a773d654e6
0,samples[15].copy_s,0.00037110400199890135
0,samples[15].expert_bytes,1572864
0,samples[15].experts_per_batch,8
0,samples[15].gather_s,0.16906622285023332
0,samples[15].mode,gather
0,samples[15].payload_bytes,12582912
0,samples[15].rank,0
0,samples[15].repetition,0
0,samples[15].wall_s,0.1696627871133387
0,samples[16].compute_s,
0,samples[16].contention,isolated
0,samples[16].contract.benchmark_policy_sha256,a51e2f06eccbbd7e1dbd0dfad28145edbdc58a6bf90f1dd7ceeb46af6ae1eaed
0,samples[16].contract.commit,2161d80517315fe9835ee3cf32c98f8e6b0343a7
0,samples[16].contract.hardware_sha256,9791dbc6d311596ecffb3eb44b417020cb7e142e79a148bc73feb7a0573b4bd1
0,samples[16].contract.tensor_parallel_size,4
0,samples[16].contract.versions.cuda,12.8
0,samples[16].contract.versions.python,3.12.11
0,samples[16].contract.versions.torch,2.8.0+cu128
0,samples[16].contract.versions.vllm,0.10.2
0,samples[16].contract.versions.vllm_commit,01efc7ef781391e744ed08c3292817a773d654e6
0,samples[16].copy_s,0.00034463998675346376
0,samples[16].expert_bytes,1572864
0,samples[16].experts_per_batch,8
0,samples[16].gather_s,0.0616198917850852
0,samples[16].mode,gather
0,samples[16].payload_bytes,12582912
0,samples[16].rank,0
0,samples[16].repetition,1
0,samples[16].wall_s,0.062051478773355484
0,samples[17].compute_s,
0,samples[17].contention,isolated
0,samples[17].contract.benchmark_policy_sha256,a51e2f06eccbbd7e1dbd0dfad28145edbdc58a6bf90f1dd7ceeb46af6ae1eaed
0,samples[17].contract.commit,2161d80517315fe9835ee3cf32c98f8e6b0343a7
0,samples[17].contract.hardware_sha256,9791dbc6d311596ecffb3eb44b417020cb7e142e79a148bc73feb7a0573b4bd1
0,samples[17].contract.tensor_parallel_size,4
0,samples[17].contract.versions.cuda,12.8
0,samples[17].contract.versions.python,3.12.11
0,samples[17].contract.versions.torch,2.8.0+cu128
0,samples[17].contract.versions.vllm,0.10.2
0,samples[17].contract.versions.vllm_commit,01efc7ef781391e744ed08c3292817a773d654e6
0,samples[17].copy_s,0.00038294398784637453
0,samples[17].expert_bytes,1572864
0,samples[17].experts_per_batch,8
0,samples[17].gather_s,0.14387560123577714
0,samples[17].mode,gather
0,samples[17].payload_bytes,12582912
0,samples[17].rank,0
0,samples[17].repetition,2
0,samples[17].wall_s,0.1445129499770701
0,samples[18].compute_s,
0,samples[18].contention,isolated
0,samples[18].contract.benchmark_policy_sha256,a51e2f06eccbbd7e1dbd0dfad28145edbdc58a6bf90f1dd7ceeb46af6ae1eaed
0,samples[18].contract.commit,2161d80517315fe9835ee3cf32c98f8e6b0343a7
0,samples[18].contract.hardware_sha256,9791dbc6d311596ecffb3eb44b417020cb7e142e79a148bc73feb7a0573b4bd1
0,samples[18].contract.tensor_parallel_size,4
0,samples[18].contract.versions.cuda,12.8
0,samples[18].contract.versions.python,3.12.11
0,samples[18].contract.versions.torch,2.8.0+cu128
0,samples[18].contract.versions.vllm,0.10.2
0,samples[18].contract.versions.vllm_commit,01efc7ef781391e744ed08c3292817a773d654e6
0,samples[18].copy_s,0.00142684805393219
0,samples[18].expert_bytes,1572864
0,samples[18].experts_per_batch,32
0,samples[18].gather_s,0.0
0,samples[18].mode,contiguous
0,samples[18].payload_bytes,50331648
0,samples[18].rank,0
0,samples[18].repetition,0
0,samples[18].wall_s,0.0014568162150681019
0,samples[19].compute_s,
0,samples[19].contention,isolated
0,samples[19].contract.benchmark_policy_sha256,a51e2f06eccbbd7e1dbd0dfad28145edbdc58a6bf90f1dd7ceeb46af6ae1eaed
0,samples[19].contract.commit,2161d80517315fe9835ee3cf32c98f8e6b0343a7
0,samples[19].contract.hardware_sha256,9791dbc6d311596ecffb3eb44b417020cb7e142e79a148bc73feb7a0573b4bd1
0,samples[19].contract.tensor_parallel_size,4
0,samples[19].contract.versions.cuda,12.8
0,samples[19].contract.versions.python,3.12.11
0,samples[19].contract.versions.torch,2.8.0+cu128
0,samples[19].contract.versions.vllm,0.10.2
0,samples[19].contract.versions.vllm_commit,01efc7ef781391e744ed08c3292817a773d654e6
0,samples[19].copy_s,0.0015540800094604491
0,samples[19].expert_bytes,1572864
0,samples[19].experts_per_batch,32
0,samples[19].gather_s,0.0
0,samples[19].mode,contiguous
0,samples[19].payload_bytes,50331648
0,samples[19].rank,0
0,samples[19].repetition,1
0,samples[19].wall_s,0.0016023251228034496
0,samples[20].compute_s,
0,samples[20].contention,isolated
0,samples[20].contract.benchmark_policy_sha256,a51e2f06eccbbd7e1dbd0dfad28145edbdc58a6bf90f1dd7ceeb46af6ae1eaed
0,samples[20].contract.commit,2161d80517315fe9835ee3cf32c98f8e6b0343a7
0,samples[20].contract.hardware_sha256,9791dbc6d311596ecffb3eb44b417020cb7e142e79a148bc73feb7a0573b4bd1
0,samples[20].contract.tensor_parallel_size,4
0,samples[20].contract.versions.cuda,12.8
0,samples[20].contract.versions.python,3.12.11
0,samples[20].contract.versions.torch,2.8.0+cu128
0,samples[20].contract.versions.vllm,0.10.2
0,samples[20].contract.versions.vllm_commit,01efc7ef781391e744ed08c3292817a773d654e6
0,samples[20].copy_s,0.0015916800498962402
0,samples[20].expert_bytes,1572864
0,samples[20].experts_per_batch,32
0,samples[20].gather_s,0.0
0,samples[20].mode,contiguous
0,samples[20].payload_bytes,50331648
0,samples[20].rank,0
0,samples[20].repetition,2
0,samples[20].wall_s,0.0016399258747696877
0,samples[21].compute_s,
0,samples[21].contention,isolated
0,samples[21].contract.benchmark_policy_sha256,a51e2f06eccbbd7e1dbd0dfad28145edbdc58a6bf90f1dd7ceeb46af6ae1eaed
0,samples[21].contract.commit,2161d80517315fe9835ee3cf32c98f8e6b0343a7
0,samples[21].contract.hardware_sha256,9791dbc6d311596ecffb3eb44b417020cb7e142e79a148bc73feb7a0573b4bd1
0,samples[21].contract.tensor_parallel_size,4
0,samples[21].contract.versions.cuda,12.8
0,samples[21].contract.versions.python,3.12.11
0,samples[21].contract.versions.torch,2.8.0+cu128
0,samples[21].contract.versions.vllm,0.10.2
0,samples[21].contract.versions.vllm_commit,01efc7ef781391e744ed08c3292817a773d654e6
0,samples[21].copy_s,0.0014174079895019531
0,samples[21].expert_bytes,1572864
0,samples[21].experts_per_batch,32
0,samples[21].gather_s,0.0
0,samples[21].mode,fragmented
0,samples[21].payload_bytes,50331648
0,samples[21].rank,0
0,samples[21].repetition,0
0,samples[21].wall_s,0.0014535528607666492
0,samples[22].compute_s,
0,samples[22].contention,isolated
0,samples[22].contract.benchmark_policy_sha256,a51e2f06eccbbd7e1dbd0dfad28145edbdc58a6bf90f1dd7ceeb46af6ae1eaed
0,samples[22].contract.commit,2161d80517315fe9835ee3cf32c98f8e6b0343a7
0,samples[22].contract.hardware_sha256,9791dbc6d311596ecffb3eb44b417020cb7e142e79a148bc73feb7a0573b4bd1
0,samples[22].contract.tensor_parallel_size,4
0,samples[22].contract.versions.cuda,12.8
0,samples[22].contract.versions.python,3.12.11
0,samples[22].contract.versions.torch,2.8.0+cu128
0,samples[22].contract.versions.vllm,0.10.2
0,samples[22].contract.versions.vllm_commit,01efc7ef781391e744ed08c3292817a773d654e6
0,samples[22].copy_s,0.0014726079702377319
0,samples[22].expert_bytes,1572864
0,samples[22].experts_per_batch,32
0,samples[22].gather_s,0.0
0,samples[22].mode,fragmented
0,samples[22].payload_bytes,50331648
0,samples[22].rank,0
0,samples[22].repetition,1
0,samples[22].wall_s,0.0015166569501161575
0,samples[23].compute_s,
0,samples[23].contention,isolated
0,samples[23].contract.benchmark_policy_sha256,a51e2f06eccbbd7e1dbd0dfad28145edbdc58a6bf90f1dd7ceeb46af6ae1eaed
0,samples[23].contract.commit,2161d80517315fe9835ee3cf32c98f8e6b0343a7
0,samples[23].contract.hardware_sha256,9791dbc6d311596ecffb3eb44b417020cb7e142e79a148bc73feb7a0573b4bd1
0,samples[23].contract.tensor_parallel_size,4
0,samples[23].contract.versions.cuda,12.8
0,samples[23].contract.versions.python,3.12.11
0,samples[23].contract.versions.torch,2.8.0+cu128
0,samples[23].contract.versions.vllm,0.10.2
0,samples[23].contract.versions.vllm_commit,01efc7ef781391e744ed08c3292817a773d654e6
0,samples[23].copy_s,0.0013949760198593139
0,samples[23].expert_bytes,1572864
0,samples[23].experts_per_batch,32
0,samples[23].gather_s,0.0
0,samples[23].mode,fragmented
0,samples[23].payload_bytes,50331648
0,samples[23].rank,0
0,samples[23].repetition,2
0,samples[23].wall_s,0.0014392188750207424
0,samples[24].compute_s,
0,samples[24].contention,isolated
0,samples[24].contract.benchmark_policy_sha256,a51e2f06eccbbd7e1dbd0dfad28145edbdc58a6bf90f1dd7ceeb46af6ae1eaed
0,samples[24].contract.commit,2161d80517315fe9835ee3cf32c98f8e6b0343a7
0,samples[24].contract.hardware_sha256,9791dbc6d311596ecffb3eb44b417020cb7e142e79a148bc73feb7a0573b4bd1
0,samples[24].contract.tensor_parallel_size,4
0,samples[24].contract.versions.cuda,12.8
0,samples[24].contract.versions.python,3.12.11
0,samples[24].contract.versions.torch,2.8.0+cu128
0,samples[24].contract.versions.vllm,0.10.2
0,samples[24].contract.versions.vllm_commit,01efc7ef781391e744ed08c3292817a773d654e6
0,samples[24].copy_s,0.0010595840215682983
0,samples[24].expert_bytes,1572864
0,samples[24].experts_per_batch,32
0,samples[24].gather_s,0.6789537370204926
0,samples[24].mode,gather
0,samples[24].payload_bytes,50331648
0,samples[24].rank,0
0,samples[24].repetition,0
0,samples[24].wall_s,0.6802255832590163
0,samples[25].compute_s,
0,samples[25].contention,isolated
0,samples[25].contract.benchmark_policy_sha256,a51e2f06eccbbd7e1dbd0dfad28145edbdc58a6bf90f1dd7ceeb46af6ae1eaed
0,samples[25].contract.commit,2161d80517315fe9835ee3cf32c98f8e6b0343a7
0,samples[25].contract.hardware_sha256,9791dbc6d311596ecffb3eb44b417020cb7e142e79a148bc73feb7a0573b4bd1
0,samples[25].contract.tensor_parallel_size,4
0,samples[25].contract.versions.cuda,12.8
0,samples[25].contract.versions.python,3.12.11
0,samples[25].contract.versions.torch,2.8.0+cu128
0,samples[25].contract.versions.vllm,0.10.2
0,samples[25].contract.versions.vllm_commit,01efc7ef781391e744ed08c3292817a773d654e6
0,samples[25].copy_s,0.001034335970878601
0,samples[25].expert_bytes,1572864
0,samples[25].experts_per_batch,32
0,samples[25].gather_s,0.6814516698941588
0,samples[25].mode,gather
0,samples[25].payload_bytes,50331648
0,samples[25].rank,0
0,samples[25].repetition,1
0,samples[25].wall_s,0.6826739991083741
0,samples[26].compute_s,
0,samples[26].contention,isolated
0,samples[26].contract.benchmark_policy_sha256,a51e2f06eccbbd7e1dbd0dfad28145edbdc58a6bf90f1dd7ceeb46af6ae1eaed
0,samples[26].contract.commit,2161d80517315fe9835ee3cf32c98f8e6b0343a7
0,samples[26].contract.hardware_sha256,9791dbc6d311596ecffb3eb44b417020cb7e142e79a148bc73feb7a0573b4bd1
0,samples[26].contract.tensor_parallel_size,4
0,samples[26].contract.versions.cuda,12.8
0,samples[26].contract.versions.python,3.12.11
0,samples[26].contract.versions.torch,2.8.0+cu128
0,samples[26].contract.versions.vllm,0.10.2
0,samples[26].contract.versions.vllm_commit,01efc7ef781391e744ed08c3292817a773d654e6
0,samples[26].copy_s,0.0010391680002212525
0,samples[26].expert_bytes,1572864
0,samples[26].experts_per_batch,32
0,samples[26].gather_s,0.5920628919266164
0,samples[26].mode,gather
0,samples[26].payload_bytes,50331648
0,samples[26].rank,0
0,samples[26].repetition,2
0,samples[26].wall_s,0.5960014229640365
0,samples[27].compute_s,
0,samples[27].contention,isolated
0,samples[27].contract.benchmark_policy_sha256,a51e2f06eccbbd7e1dbd0dfad28145edbdc58a6bf90f1dd7ceeb46af6ae1eaed
0,samples[27].contract.commit,2161d80517315fe9835ee3cf32c98f8e6b0343a7
0,samples[27].contract.hardware_sha256,9791dbc6d311596ecffb3eb44b417020cb7e142e79a148bc73feb7a0573b4bd1
0,samples[27].contract.tensor_parallel_size,4
0,samples[27].contract.versions.cuda,12.8
0,samples[27].contract.versions.python,3.12.11
0,samples[27].contract.versions.torch,2.8.0+cu128
0,samples[27].contract.versions.vllm,0.10.2
0,samples[27].contract.versions.vllm_commit,01efc7ef781391e744ed08c3292817a773d654e6
0,samples[27].copy_s,0.007960832118988037
0,samples[27].expert_bytes,1572864
0,samples[27].experts_per_batch,128
0,samples[27].gather_s,0.0
0,samples[27].mode,contiguous
0,samples[27].payload_bytes,201326592
0,samples[27].rank,0
0,samples[27].repetition,0
0,samples[27].wall_s,0.007989021949470043
0,samples[28].compute_s,
0,samples[28].contention,isolated
0,samples[28].contract.benchmark_policy_sha256,a51e2f06eccbbd7e1dbd0dfad28145edbdc58a6bf90f1dd7ceeb46af6ae1eaed
0,samples[28].contract.commit,2161d80517315fe9835ee3cf32c98f8e6b0343a7
0,samples[28].contract.hardware_sha256,9791dbc6d311596ecffb3eb44b417020cb7e142e79a148bc73feb7a0573b4bd1
0,samples[28].contract.tensor_parallel_size,4
0,samples[28].contract.versions.cuda,12.8
0,samples[28].contract.versions.python,3.12.11
0,samples[28].contract.versions.torch,2.8.0+cu128
0,samples[28].contract.versions.vllm,0.10.2
0,samples[28].contract.versions.vllm_commit,01efc7ef781391e744ed08c3292817a773d654e6
0,samples[28].copy_s,0.008327743530273438
0,samples[28].expert_bytes,1572864
0,samples[28].experts_per_batch,128
0,samples[28].gather_s,0.0
0,samples[28].mode,contiguous
0,samples[28].payload_bytes,201326592
0,samples[28].rank,0
0,samples[28].repetition,1
0,samples[28].wall_s,0.008369263727217913
0,samples[29].compute_s,
0,samples[29].contention,isolated
0,samples[29].contract.benchmark_policy_sha256,a51e2f06eccbbd7e1dbd0dfad28145edbdc58a6bf90f1dd7ceeb46af6ae1eaed
0,samples[29].contract.commit,2161d80517315fe9835ee3cf32c98f8e6b0343a7
0,samples[29].contract.hardware_sha256,9791dbc6d311596ecffb3eb44b417020cb7e142e79a148bc73feb7a0573b4bd1
0,samples[29].contract.tensor_parallel_size,4
0,samples[29].contract.versions.cuda,12.8
0,samples[29].contract.versions.python,3.12.11
0,samples[29].contract.versions.torch,2.8.0+cu128
0,samples[29].contract.versions.vllm,0.10.2
0,samples[29].contract.versions.vllm_commit,01efc7ef781391e744ed08c3292817a773d654e6
0,samples[29].copy_s,0.008515040397644042
0,samples[29].expert_bytes,1572864
0,samples[29].experts_per_batch,128
0,samples[29].gather_s,0.0
0,samples[29].mode,contiguous
0,samples[29].payload_bytes,201326592
0,samples[29].rank,0
0,samples[29].repetition,2
0,samples[29].wall_s,0.00855612801387906
0,samples[30].compute_s,
0,samples[30].contention,isolated
0,samples[30].contract.benchmark_policy_sha256,a51e2f06eccbbd7e1dbd0dfad28145edbdc58a6bf90f1dd7ceeb46af6ae1eaed
0,samples[30].contract.commit,2161d80517315fe9835ee3cf32c98f8e6b0343a7
0,samples[30].contract.hardware_sha256,9791dbc6d311596ecffb3eb44b417020cb7e142e79a148bc73feb7a0573b4bd1
0,samples[30].contract.tensor_parallel_size,4
0,samples[30].contract.versions.cuda,12.8
0,samples[30].contract.versions.python,3.12.11
0,samples[30].contract.versions.torch,2.8.0+cu128
0,samples[30].contract.versions.vllm,0.10.2
0,samples[30].contract.versions.vllm_commit,01efc7ef781391e744ed08c3292817a773d654e6
0,samples[30].copy_s,0.006026368141174316
0,samples[30].expert_bytes,1572864
0,samples[30].experts_per_batch,128
0,samples[30].gather_s,0.0
0,samples[30].mode,fragmented
0,samples[30].payload_bytes,201326592
0,samples[30].rank,0
0,samples[30].repetition,0
0,samples[30].wall_s,0.0060563222505152225
0,samples[31].compute_s,
0,samples[31].contention,isolated
0,samples[31].contract.benchmark_policy_sha256,a51e2f06eccbbd7e1dbd0dfad28145edbdc58a6bf90f1dd7ceeb46af6ae1eaed
0,samples[31].contract.commit,2161d80517315fe9835ee3cf32c98f8e6b0343a7
0,samples[31].contract.hardware_sha256,9791dbc6d311596ecffb3eb44b417020cb7e142e79a148bc73feb7a0573b4bd1
0,samples[31].contract.tensor_parallel_size,4
0,samples[31].contract.versions.cuda,12.8
0,samples[31].contract.versions.python,3.12.11
0,samples[31].contract.versions.torch,2.8.0+cu128
0,samples[31].contract.versions.vllm,0.10.2
0,samples[31].contract.versions.vllm_commit,01efc7ef781391e744ed08c3292817a773d654e6
0,samples[31].copy_s,0.006121695995330811
0,samples[31].expert_bytes,1572864
0,samples[31].experts_per_batch,128
0,samples[31].gather_s,0.0
0,samples[31].mode,fragmented
0,samples[31].payload_bytes,201326592
0,samples[31].rank,0
0,samples[31].repetition,1
0,samples[31].wall_s,0.006177243310958147
0,samples[32].compute_s,
0,samples[32].contention,isolated
0,samples[32].contract.benchmark_policy_sha256,a51e2f06eccbbd7e1dbd0dfad28145edbdc58a6bf90f1dd7ceeb46af6ae1eaed
0,samples[32].contract.commit,2161d80517315fe9835ee3cf32c98f8e6b0343a7
0,samples[32].contract.hardware_sha256,9791dbc6d311596ecffb3eb44b417020cb7e142e79a148bc73feb7a0573b4bd1
0,samples[32].contract.tensor_parallel_size,4
0,samples[32].contract.versions.cuda,12.8
0,samples[32].contract.versions.python,3.12.11
0,samples[32].contract.versions.torch,2.8.0+cu128
0,samples[32].contract.versions.vllm,0.10.2
0,samples[32].contract.versions.vllm_commit,01efc7ef781391e744ed08c3292817a773d654e6
0,samples[32].copy_s,0.006200863838195801
0,samples[32].expert_bytes,1572864
0,samples[32].experts_per_batch,128
0,samples[32].gather_s,0.0
0,samples[32].mode,fragmented
0,samples[32].payload_bytes,201326592
0,samples[32].rank,0
0,samples[32].repetition,2
0,samples[32].wall_s,0.006249183788895607
0,samples[33].compute_s,
0,samples[33].contention,isolated
0,samples[33].contract.benchmark_policy_sha256,a51e2f06eccbbd7e1dbd0dfad28145edbdc58a6bf90f1dd7ceeb46af6ae1eaed
0,samples[33].contract.commit,2161d80517315fe9835ee3cf32c98f8e6b0343a7
0,samples[33].contract.hardware_sha256,9791dbc6d311596ecffb3eb44b417020cb7e142e79a148bc73feb7a0573b4bd1
0,samples[33].contract.tensor_parallel_size,4
0,samples[33].contract.versions.cuda,12.8
0,samples[33].contract.versions.python,3.12.11
0,samples[33].contract.versions.torch,2.8.0+cu128
0,samples[33].contract.versions.vllm,0.10.2
0,samples[33].contract.versions.vllm_commit,01efc7ef781391e744ed08c3292817a773d654e6
0,samples[33].copy_s,0.003799423933029175
0,samples[33].expert_bytes,1572864
0,samples[33].experts_per_batch,128
0,samples[33].gather_s,2.4034936102107167
0,samples[33].mode,gather
0,samples[33].payload_bytes,201326592
0,samples[33].rank,0
0,samples[33].repetition,0
0,samples[33].wall_s,2.4094690498895943
0,samples[34].compute_s,
0,samples[34].contention,isolated
0,samples[34].contract.benchmark_policy_sha256,a51e2f06eccbbd7e1dbd0dfad28145edbdc58a6bf90f1dd7ceeb46af6ae1eaed
0,samples[34].contract.commit,2161d80517315fe9835ee3cf32c98f8e6b0343a7
0,samples[34].contract.hardware_sha256,9791dbc6d311596ecffb3eb44b417020cb7e142e79a148bc73feb7a0573b4bd1
0,samples[34].contract.tensor_parallel_size,4
0,samples[34].contract.versions.cuda,12.8
0,samples[34].contract.versions.python,3.12.11
0,samples[34].contract.versions.torch,2.8.0+cu128
0,samples[34].contract.versions.vllm,0.10.2
0,samples[34].contract.versions.vllm_commit,01efc7ef781391e744ed08c3292817a773d654e6
0,samples[34].copy_s,0.003790656089782715
0,samples[34].expert_bytes,1572864
0,samples[34].experts_per_batch,128
0,samples[34].gather_s,2.299317362252623
0,samples[34].mode,gather
0,samples[34].payload_bytes,201326592
0,samples[34].rank,0
0,samples[34].repetition,1
0,samples[34].wall_s,2.3073880029842257
0,samples[35].compute_s,
0,samples[35].contention,isolated
0,samples[35].contract.benchmark_policy_sha256,a51e2f06eccbbd7e1dbd0dfad28145edbdc58a6bf90f1dd7ceeb46af6ae1eaed
0,samples[35].contract.commit,2161d80517315fe9835ee3cf32c98f8e6b0343a7
0,samples[35].contract.hardware_sha256,9791dbc6d311596ecffb3eb44b417020cb7e142e79a148bc73feb7a0573b4bd1
0,samples[35].contract.tensor_parallel_size,4
0,samples[35].contract.versions.cuda,12.8
0,samples[35].contract.versions.python,3.12.11
0,samples[35].contract.versions.torch,2.8.0+cu128
0,samples[35].contract.versions.vllm,0.10.2
0,samples[35].contract.versions.vllm_commit,01efc7ef781391e744ed08c3292817a773d654e6
0,samples[35].copy_s,0.0037789759635925295
0,samples[35].expert_bytes,1572864
0,samples[35].experts_per_batch,128
0,samples[35].gather_s,2.007112056016922
0,samples[35].mode,gather
0,samples[35].payload_bytes,201326592
0,samples[35].rank,0
0,samples[35].repetition,2
0,samples[35].wall_s,2.0160879329778254
0,samples[36].compute_s,
0,samples[36].contention,isolated
0,samples[36].contract.benchmark_policy_sha256,a51e2f06eccbbd7e1dbd0dfad28145edbdc58a6bf90f1dd7ceeb46af6ae1eaed
0,samples[36].contract.commit,2161d80517315fe9835ee3cf32c98f8e6b0343a7
0,samples[36].contract.hardware_sha256,9791dbc6d311596ecffb3eb44b417020cb7e142e79a148bc73feb7a0573b4bd1
0,samples[36].contract.tensor_parallel_size,4
0,samples[36].contract.versions.cuda,12.8
0,samples[36].contract.versions.python,3.12.11
0,samples[36].contract.versions.torch,2.8.0+cu128
0,samples[36].contract.versions.vllm,0.10.2
0,samples[36].contract.versions.vllm_commit,01efc7ef781391e744ed08c3292817a773d654e6
0,samples[36].copy_s,0.03460416030883789
0,samples[36].expert_bytes,1572864
0,samples[36].experts_per_batch,512
0,samples[36].gather_s,0.0
0,samples[36].mode,contiguous
0,samples[36].payload_bytes,805306368
0,samples[36].rank,0
0,samples[36].repetition,0
0,samples[36].wall_s,0.034629397094249725
0,samples[37].compute_s,
0,samples[37].contention,isolated
0,samples[37].contract.benchmark_policy_sha256,a51e2f06eccbbd7e1dbd0dfad28145edbdc58a6bf90f1dd7ceeb46af6ae1eaed
0,samples[37].contract.commit,2161d80517315fe9835ee3cf32c98f8e6b0343a7
0,samples[37].contract.hardware_sha256,9791dbc6d311596ecffb3eb44b417020cb7e142e79a148bc73feb7a0573b4bd1
0,samples[37].contract.tensor_parallel_size,4
0,samples[37].contract.versions.cuda,12.8
0,samples[37].contract.versions.python,3.12.11
0,samples[37].contract.versions.torch,2.8.0+cu128
0,samples[37].contract.versions.vllm,0.10.2
0,samples[37].contract.versions.vllm_commit,01efc7ef781391e744ed08c3292817a773d654e6
0,samples[37].copy_s,0.034640129089355466
0,samples[37].expert_bytes,1572864
0,samples[37].experts_per_batch,512
0,samples[37].gather_s,0.0
0,samples[37].mode,contiguous
0,samples[37].payload_bytes,805306368
0,samples[37].rank,0
0,samples[37].repetition,1
0,samples[37].wall_s,0.03467897977679968
0,samples[38].compute_s,
0,samples[38].contention,isolated
0,samples[38].contract.benchmark_policy_sha256,a51e2f06eccbbd7e1dbd0dfad28145edbdc58a6bf90f1dd7ceeb46af6ae1eaed
0,samples[38].contract.commit,2161d80517315fe9835ee3cf32c98f8e6b0343a7
0,samples[38].contract.hardware_sha256,9791dbc6d311596ecffb3eb44b417020cb7e142e79a148bc73feb7a0573b4bd1
0,samples[38].contract.tensor_parallel_size,4
0,samples[38].contract.versions.cuda,12.8
0,samples[38].contract.versions.python,3.12.11
0,samples[38].contract.versions.torch,2.8.0+cu128
0,samples[38].contract.versions.vllm,0.10.2
0,samples[38].contract.versions.vllm_commit,01efc7ef781391e744ed08c3292817a773d654e6
0,samples[38].copy_s,0.03464214324951172
0,samples[38].expert_bytes,1572864
0,samples[38].experts_per_batch,512
0,samples[38].gather_s,0.0
0,samples[38].mode,contiguous
0,samples[38].payload_bytes,805306368
0,samples[38].rank,0
0,samples[38].repetition,2
0,samples[38].wall_s,0.03468569228425622
0,samples[39].compute_s,
0,samples[39].contention,isolated
0,samples[39].contract.benchmark_policy_sha256,a51e2f06eccbbd7e1dbd0dfad28145edbdc58a6bf90f1dd7ceeb46af6ae1eaed
0,samples[39].contract.commit,2161d80517315fe9835ee3cf32c98f8e6b0343a7
0,samples[39].contract.hardware_sha256,9791dbc6d311596ecffb3eb44b417020cb7e142e79a148bc73feb7a0573b4bd1
0,samples[39].contract.tensor_parallel_size,4
0,samples[39].contract.versions.cuda,12.8
0,samples[39].contract.versions.python,3.12.11
0,samples[39].contract.versions.torch,2.8.0+cu128
0,samples[39].contract.versions.vllm,0.10.2
0,samples[39].contract.versions.vllm_commit,01efc7ef781391e744ed08c3292817a773d654e6
0,samples[39].copy_s,0.027440895080566408
0,samples[39].expert_bytes,1572864
0,samples[39].experts_per_batch,512
0,samples[39].gather_s,0.0
0,samples[39].mode,fragmented
0,samples[39].payload_bytes,805306368
0,samples[39].rank,0
0,samples[39].repetition,0
0,samples[39].wall_s,0.027470590081065893
0,samples[40].compute_s,
0,samples[40].contention,isolated
0,samples[40].contract.benchmark_policy_sha256,a51e2f06eccbbd7e1dbd0dfad28145edbdc58a6bf90f1dd7ceeb46af6ae1eaed
0,samples[40].contract.commit,2161d80517315fe9835ee3cf32c98f8e6b0343a7
0,samples[40].contract.hardware_sha256,9791dbc6d311596ecffb3eb44b417020cb7e142e79a148bc73feb7a0573b4bd1
0,samples[40].contract.tensor_parallel_size,4
0,samples[40].contract.versions.cuda,12.8
0,samples[40].contract.versions.python,3.12.11
0,samples[40].contract.versions.torch,2.8.0+cu128
0,samples[40].contract.versions.vllm,0.10.2
0,samples[40].contract.versions.vllm_commit,01efc7ef781391e744ed08c3292817a773d654e6
0,samples[40].copy_s,0.02742304039001465
0,samples[40].expert_bytes,1572864
0,samples[40].experts_per_batch,512
0,samples[40].gather_s,0.0
0,samples[40].mode,fragmented
0,samples[40].payload_bytes,805306368
0,samples[40].rank,0
0,samples[40].repetition,1
0,samples[40].wall_s,0.027481796219944954
0,samples[41].compute_s,
0,samples[41].contention,isolated
0,samples[41].contract.benchmark_policy_sha256,a51e2f06eccbbd7e1dbd0dfad28145edbdc58a6bf90f1dd7ceeb46af6ae1eaed
0,samples[41].contract.commit,2161d80517315fe9835ee3cf32c98f8e6b0343a7
0,samples[41].contract.hardware_sha256,9791dbc6d311596ecffb3eb44b417020cb7e142e79a148bc73feb7a0573b4bd1
0,samples[41].contract.tensor_parallel_size,4
0,samples[41].contract.versions.cuda,12.8
0,samples[41].contract.versions.python,3.12.11
0,samples[41].contract.versions.torch,2.8.0+cu128
0,samples[41].contract.versions.vllm,0.10.2
0,samples[41].contract.versions.vllm_commit,01efc7ef781391e744ed08c3292817a773d654e6
0,samples[41].copy_s,0.027488672256469726
0,samples[41].expert_bytes,1572864
0,samples[41].experts_per_batch,512
0,samples[41].gather_s,0.0
0,samples[41].mode,fragmented
0,samples[41].payload_bytes,805306368
0,samples[41].rank,0
0,samples[41].repetition,2
0,samples[41].wall_s,0.027676838915795088
0,samples[42].compute_s,
0,samples[42].contention,isolated
0,samples[42].contract.benchmark_policy_sha256,a51e2f06eccbbd7e1dbd0dfad28145edbdc58a6bf90f1dd7ceeb46af6ae1eaed
0,samples[42].contract.commit,2161d80517315fe9835ee3cf32c98f8e6b0343a7
0,samples[42].contract.hardware_sha256,9791dbc6d311596ecffb3eb44b417020cb7e142e79a148bc73feb7a0573b4bd1
0,samples[42].contract.tensor_parallel_size,4
0,samples[42].contract.versions.cuda,12.8
0,samples[42].contract.versions.python,3.12.11
0,samples[42].contract.versions.torch,2.8.0+cu128
0,samples[42].contract.versions.vllm,0.10.2
0,samples[42].contract.versions.vllm_commit,01efc7ef781391e744ed08c3292817a773d654e6
0,samples[42].copy_s,0.014924096107482911
0,samples[42].expert_bytes,1572864
0,samples[42].experts_per_batch,512
0,samples[42].gather_s,9.40360523480922
0,samples[42].mode,gather
0,samples[42].payload_bytes,805306368
0,samples[42].rank,0
0,samples[42].repetition,0
0,samples[42].wall_s,9.418863461818546
0,samples[43].compute_s,
0,samples[43].contention,isolated
0,samples[43].contract.benchmark_policy_sha256,a51e2f06eccbbd7e1dbd0dfad28145edbdc58a6bf90f1dd7ceeb46af6ae1eaed
0,samples[43].contract.commit,2161d80517315fe9835ee3cf32c98f8e6b0343a7
0,samples[43].contract.hardware_sha256,9791dbc6d311596ecffb3eb44b417020cb7e142e79a148bc73feb7a0573b4bd1
0,samples[43].contract.tensor_parallel_size,4
0,samples[43].contract.versions.cuda,12.8
0,samples[43].contract.versions.python,3.12.11
0,samples[43].contract.versions.torch,2.8.0+cu128
0,samples[43].contract.versions.vllm,0.10.2
0,samples[43].contract.versions.vllm_commit,01efc7ef781391e744ed08c3292817a773d654e6
0,samples[43].copy_s,0.015055359840393067
0,samples[43].expert_bytes,1572864
0,samples[43].experts_per_batch,512
0,samples[43].gather_s,9.157400278840214
0,samples[43].mode,gather
0,samples[43].payload_bytes,805306368
0,samples[43].rank,0
0,samples[43].repetition,1
0,samples[43].wall_s,9.174858417827636
0,samples[44].compute_s,
0,samples[44].contention,isolated
0,samples[44].contract.benchmark_policy_sha256,a51e2f06eccbbd7e1dbd0dfad28145edbdc58a6bf90f1dd7ceeb46af6ae1eaed
0,samples[44].contract.commit,2161d80517315fe9835ee3cf32c98f8e6b0343a7
0,samples[44].contract.hardware_sha256,9791dbc6d311596ecffb3eb44b417020cb7e142e79a148bc73feb7a0573b4bd1
0,samples[44].contract.tensor_parallel_size,4
0,samples[44].contract.versions.cuda,12.8
0,samples[44].contract.versions.python,3.12.11
0,samples[44].contract.versions.torch,2.8.0+cu128
0,samples[44].contract.versions.vllm,0.10.2
0,samples[44].contract.versions.vllm_commit,01efc7ef781391e744ed08c3292817a773d654e6
0,samples[44].copy_s,0.014921088218688965
0,samples[44].expert_bytes,1572864
0,samples[44].experts_per_batch,512
0,samples[44].gather_s,8.377607419155538
0,samples[44].mode,gather
0,samples[44].payload_bytes,805306368
0,samples[44].rank,0
0,samples[44].repetition,2
0,samples[44].wall_s,8.392834058962762
0,samples[45].compute_s,
0,samples[45].contention,isolated
0,samples[45].contract.benchmark_policy_sha256,a51e2f06eccbbd7e1dbd0dfad28145edbdc58a6bf90f1dd7ceeb46af6ae1eaed
0,samples[45].contract.commit,2161d80517315fe9835ee3cf32c98f8e6b0343a7
0,samples[45].contract.hardware_sha256,9791dbc6d311596ecffb3eb44b417020cb7e142e79a148bc73feb7a0573b4bd1
0,samples[45].contract.tensor_parallel_size,4
0,samples[45].contract.versions.cuda,12.8
0,samples[45].contract.versions.python,3.12.11
0,samples[45].contract.versions.torch,2.8.0+cu128
0,samples[45].contract.versions.vllm,0.10.2
0,samples[45].contract.versions.vllm_commit,01efc7ef781391e744ed08c3292817a773d654e6
0,samples[45].copy_s,4.585599899291992e-05
0,samples[45].expert_bytes,1572864
0,samples[45].experts_per_batch,1
0,samples[45].gather_s,0.0
0,samples[45].mode,contiguous
0,samples[45].payload_bytes,1572864
0,samples[45].rank,1
0,samples[45].repetition,0
0,samples[45].wall_s,8.199503645300865e-05
0,samples[46].compute_s,
0,samples[46].contention,isolated
0,samples[46].contract.benchmark_policy_sha256,a51e2f06eccbbd7e1dbd0dfad28145edbdc58a6bf90f1dd7ceeb46af6ae1eaed
0,samples[46].contract.commit,2161d80517315fe9835ee3cf32c98f8e6b0343a7
0,samples[46].contract.hardware_sha256,9791dbc6d311596ecffb3eb44b417020cb7e142e79a148bc73feb7a0573b4bd1
0,samples[46].contract.tensor_parallel_size,4
0,samples[46].contract.versions.cuda,12.8
0,samples[46].contract.versions.python,3.12.11
0,samples[46].contract.versions.torch,2.8.0+cu128
0,samples[46].contract.versions.vllm,0.10.2
0,samples[46].contract.versions.vllm_commit,01efc7ef781391e744ed08c3292817a773d654e6
0,samples[46].copy_s,6.259199976921082e-05
0,samples[46].expert_bytes,1572864
0,samples[46].experts_per_batch,1
0,samples[46].gather_s,0.0
0,samples[46].mode,contiguous
0,samples[46].payload_bytes,1572864
0,samples[46].rank,1
0,samples[46].repetition,1
0,samples[46].wall_s,0.00010773586109280586
0,samples[47].compute_s,
0,samples[47].contention,isolated
0,samples[47].contract.benchmark_policy_sha256,a51e2f06eccbbd7e1dbd0dfad28145edbdc58a6bf90f1dd7ceeb46af6ae1eaed
0,samples[47].contract.commit,2161d80517315fe9835ee3cf32c98f8e6b0343a7
0,samples[47].contract.hardware_sha256,9791dbc6d311596ecffb3eb44b417020cb7e142e79a148bc73feb7a0573b4bd1
0,samples[47].contract.tensor_parallel_size,4
0,samples[47].contract.versions.cuda,12.8
0,samples[47].contract.versions.python,3.12.11
0,samples[47].contract.versions.torch,2.8.0+cu128
0,samples[47].contract.versions.vllm,0.10.2
0,samples[47].contract.versions.vllm_commit,01efc7ef781391e744ed08c3292817a773d654e6
0,samples[47].copy_s,6.0896001756191256e-05
0,samples[47].expert_bytes,1572864
0,samples[47].experts_per_batch,1
0,samples[47].gather_s,0.0
0,samples[47].mode,contiguous
0,samples[47].payload_bytes,1572864
0,samples[47].rank,1
0,samples[47].repetition,2
0,samples[47].wall_s,9.996211156249046e-05
0,samples[48].compute_s,
0,samples[48].contention,isolated
0,samples[48].contract.benchmark_policy_sha256,a51e2f06eccbbd7e1dbd0dfad28145edbdc58a6bf90f1dd7ceeb46af6ae1eaed
0,samples[48].contract.commit,2161d80517315fe9835ee3cf32c98f8e6b0343a7
0,samples[48].contract.hardware_sha256,9791dbc6d311596ecffb3eb44b417020cb7e142e79a148bc73feb7a0573b4bd1
0,samples[48].contract.tensor_parallel_size,4
0,samples[48].contract.versions.cuda,12.8
0,samples[48].contract.versions.python,3.12.11
0,samples[48].contract.versions.torch,2.8.0+cu128
0,samples[48].contract.versions.vllm,0.10.2
0,samples[48].contract.versions.vllm_commit,01efc7ef781391e744ed08c3292817a773d654e6
0,samples[48].copy_s,5.318399891257286e-05
0,samples[48].expert_bytes,1572864
0,samples[48].experts_per_batch,1
0,samples[48].gather_s,0.0
0,samples[48].mode,fragmented
0,samples[48].payload_bytes,1572864
0,samples[48].rank,1
0,samples[48].repetition,0
0,samples[48].wall_s,8.450169116258621e-05
0,samples[49].compute_s,
0,samples[49].contention,isolated
0,samples[49].contract.benchmark_policy_sha256,a51e2f06eccbbd7e1dbd0dfad28145edbdc58a6bf90f1dd7ceeb46af6ae1eaed
0,samples[49].contract.commit,2161d80517315fe9835ee3cf32c98f8e6b0343a7
0,samples[49].contract.hardware_sha256,9791dbc6d311596ecffb3eb44b417020cb7e142e79a148bc73feb7a0573b4bd1
0,samples[49].contract.tensor_parallel_size,4
0,samples[49].contract.versions.cuda,12.8
0,samples[49].contract.versions.python,3.12.11
0,samples[49].contract.versions.torch,2.8.0+cu128
0,samples[49].contract.versions.vllm,0.10.2
0,samples[49].contract.versions.vllm_commit,01efc7ef781391e744ed08c3292817a773d654e6
0,samples[49].copy_s,0.00015961599349975585
0,samples[49].expert_bytes,1572864
0,samples[49].experts_per_batch,1
0,samples[49].gather_s,0.0
0,samples[49].mode,fragmented
0,samples[49].payload_bytes,1572864
0,samples[49].rank,1
0,samples[49].repetition,1
0,samples[49].wall_s,0.0002951226197183132
0,samples[50].compute_s,
0,samples[50].contention,isolated
0,samples[50].contract.benchmark_policy_sha256,a51e2f06eccbbd7e1dbd0dfad28145edbdc58a6bf90f1dd7ceeb46af6ae1eaed
0,samples[50].contract.commit,2161d80517315fe9835ee3cf32c98f8e6b0343a7
0,samples[50].contract.hardware_sha256,9791dbc6d311596ecffb3eb44b417020cb7e142e79a148bc73feb7a0573b4bd1
0,samples[50].contract.tensor_parallel_size,4
0,samples[50].contract.versions.cuda,12.8
0,samples[50].contract.versions.python,3.12.11
0,samples[50].contract.versions.torch,2.8.0+cu128
0,samples[50].contract.versions.vllm,0.10.2
0,samples[50].contract.versions.vllm_commit,01efc7ef781391e744ed08c3292817a773d654e6
0,samples[50].copy_s,0.00014265599846839905
0,samples[50].expert_bytes,1572864
0,samples[50].experts_per_batch,1
0,samples[50].gather_s,0.0
0,samples[50].mode,fragmented
0,samples[50].payload_bytes,1572864
0,samples[50].rank,1
0,samples[50].repetition,2
0,samples[50].wall_s,0.00027152523398399353
0,samples[51].compute_s,
0,samples[51].contention,isolated
0,samples[51].contract.benchmark_policy_sha256,a51e2f06eccbbd7e1dbd0dfad28145edbdc58a6bf90f1dd7ceeb46af6ae1eaed
0,samples[51].contract.commit,2161d80517315fe9835ee3cf32c98f8e6b0343a7
0,samples[51].contract.hardware_sha256,9791dbc6d311596ecffb3eb44b417020cb7e142e79a148bc73feb7a0573b4bd1
0,samples[51].contract.tensor_parallel_size,4
0,samples[51].contract.versions.cuda,12.8
0,samples[51].contract.versions.python,3.12.11
0,samples[51].contract.versions.torch,2.8.0+cu128
0,samples[51].contract.versions.vllm,0.10.2
0,samples[51].contract.versions.vllm_commit,01efc7ef781391e744ed08c3292817a773d654e6
0,samples[51].copy_s,6.166400015354157e-05
0,samples[51].expert_bytes,1572864
0,samples[51].experts_per_batch,1
0,samples[51].gather_s,0.010217112954705954
0,samples[51].mode,gather
0,samples[51].payload_bytes,1572864
0,samples[51].rank,1
0,samples[51].repetition,0
0,samples[51].wall_s,0.010320054832845926
0,samples[52].compute_s,
0,samples[52].contention,isolated
0,samples[52].contract.benchmark_policy_sha256,a51e2f06eccbbd7e1dbd0dfad28145edbdc58a6bf90f1dd7ceeb46af6ae1eaed
0,samples[52].contract.commit,2161d80517315fe9835ee3cf32c98f8e6b0343a7
0,samples[52].contract.hardware_sha256,9791dbc6d311596ecffb3eb44b417020cb7e142e79a148bc73feb7a0573b4bd1
0,samples[52].contract.tensor_parallel_size,4
0,samples[52].contract.versions.cuda,12.8
0,samples[52].contract.versions.python,3.12.11
0,samples[52].contract.versions.torch,2.8.0+cu128
0,samples[52].contract.versions.vllm,0.10.2
0,samples[52].contract.versions.vllm_commit,01efc7ef781391e744ed08c3292817a773d654e6
0,samples[52].copy_s,7.478400319814682e-05
0,samples[52].expert_bytes,1572864
0,samples[52].experts_per_batch,1
0,samples[52].gather_s,0.012474492192268372
0,samples[52].mode,gather
0,samples[52].payload_bytes,1572864
0,samples[52].rank,1
0,samples[52].repetition,1
0,samples[52].wall_s,0.01261503016576171
0,samples[53].compute_s,
0,samples[53].contention,isolated
0,samples[53].contract.benchmark_policy_sha256,a51e2f06eccbbd7e1dbd0dfad28145edbdc58a6bf90f1dd7ceeb46af6ae1eaed
0,samples[53].contract.commit,2161d80517315fe9835ee3cf32c98f8e6b0343a7
0,samples[53].contract.hardware_sha256,9791dbc6d311596ecffb3eb44b417020cb7e142e79a148bc73feb7a0573b4bd1
0,samples[53].contract.tensor_parallel_size,4
0,samples[53].contract.versions.cuda,12.8
0,samples[53].contract.versions.python,3.12.11
0,samples[53].contract.versions.torch,2.8.0+cu128
0,samples[53].contract.versions.vllm,0.10.2
0,samples[53].contract.versions.vllm_commit,01efc7ef781391e744ed08c3292817a773d654e6
0,samples[53].copy_s,9.600000083446503e-05
0,samples[53].expert_bytes,1572864
0,samples[53].experts_per_batch,1
0,samples[53].gather_s,0.021419918164610863
0,samples[53].mode,gather
0,samples[53].payload_bytes,1572864
0,samples[53].rank,1
0,samples[53].repetition,2
0,samples[53].wall_s,0.021661983337253332
0,samples[54].compute_s,
0,samples[54].contention,isolated
0,samples[54].contract.benchmark_policy_sha256,a51e2f06eccbbd7e1dbd0dfad28145edbdc58a6bf90f1dd7ceeb46af6ae1eaed
0,samples[54].contract.commit,2161d80517315fe9835ee3cf32c98f8e6b0343a7
0,samples[54].contract.hardware_sha256,9791dbc6d311596ecffb3eb44b417020cb7e142e79a148bc73feb7a0573b4bd1
0,samples[54].contract.tensor_parallel_size,4
0,samples[54].contract.versions.cuda,12.8
0,samples[54].contract.versions.python,3.12.11
0,samples[54].contract.versions.torch,2.8.0+cu128
0,samples[54].contract.versions.vllm,0.10.2
0,samples[54].contract.versions.vllm_commit,01efc7ef781391e744ed08c3292817a773d654e6
0,samples[54].copy_s,0.0003330560028553009
0,samples[54].expert_bytes,1572864
0,samples[54].experts_per_batch,8
0,samples[54].gather_s,0.0
0,samples[54].mode,contiguous
0,samples[54].payload_bytes,12582912
0,samples[54].rank,1
0,samples[54].repetition,0
0,samples[54].wall_s,0.0003718500956892967
0,samples[55].compute_s,
0,samples[55].contention,isolated
0,samples[55].contract.benchmark_policy_sha256,a51e2f06eccbbd7e1dbd0dfad28145edbdc58a6bf90f1dd7ceeb46af6ae1eaed
0,samples[55].contract.commit,2161d80517315fe9835ee3cf32c98f8e6b0343a7
0,samples[55].contract.hardware_sha256,9791dbc6d311596ecffb3eb44b417020cb7e142e79a148bc73feb7a0573b4bd1
0,samples[55].contract.tensor_parallel_size,4
0,samples[55].contract.versions.cuda,12.8
0,samples[55].contract.versions.python,3.12.11
0,samples[55].contract.versions.torch,2.8.0+cu128
0,samples[55].contract.versions.vllm,0.10.2
0,samples[55].contract.versions.vllm_commit,01efc7ef781391e744ed08c3292817a773d654e6
0,samples[55].copy_s,0.0003934400081634522
0,samples[55].expert_bytes,1572864
0,samples[55].experts_per_batch,8
0,samples[55].gather_s,0.0
0,samples[55].mode,contiguous
0,samples[55].payload_bytes,12582912
0,samples[55].rank,1
0,samples[55].repetition,1
0,samples[55].wall_s,0.0005042310804128647
0,samples[56].compute_s,
0,samples[56].contention,isolated
0,samples[56].contract.benchmark_policy_sha256,a51e2f06eccbbd7e1dbd0dfad28145edbdc58a6bf90f1dd7ceeb46af6ae1eaed
0,samples[56].contract.commit,2161d80517315fe9835ee3cf32c98f8e6b0343a7
0,samples[56].contract.hardware_sha256,9791dbc6d311596ecffb3eb44b417020cb7e142e79a148bc73feb7a0573b4bd1
0,samples[56].contract.tensor_parallel_size,4
0,samples[56].contract.versions.cuda,12.8
0,samples[56].contract.versions.python,3.12.11
0,samples[56].contract.versions.torch,2.8.0+cu128
0,samples[56].contract.versions.vllm,0.10.2
0,samples[56].contract.versions.vllm_commit,01efc7ef781391e744ed08c3292817a773d654e6
0,samples[56].copy_s,0.0004163840115070343
0,samples[56].expert_bytes,1572864
0,samples[56].experts_per_batch,8
0,samples[56].gather_s,0.0
0,samples[56].mode,contiguous
0,samples[56].payload_bytes,12582912
0,samples[56].rank,1
0,samples[56].repetition,2
0,samples[56].wall_s,0.0005160882137715816
0,samples[57].compute_s,
0,samples[57].contention,isolated
0,samples[57].contract.benchmark_policy_sha256,a51e2f06eccbbd7e1dbd0dfad28145edbdc58a6bf90f1dd7ceeb46af6ae1eaed
0,samples[57].contract.commit,2161d80517315fe9835ee3cf32c98f8e6b0343a7
0,samples[57].contract.hardware_sha256,9791dbc6d311596ecffb3eb44b417020cb7e142e79a148bc73feb7a0573b4bd1
0,samples[57].contract.tensor_parallel_size,4
0,samples[57].contract.versions.cuda,12.8
0,samples[57].contract.versions.python,3.12.11
0,samples[57].contract.versions.torch,2.8.0+cu128
0,samples[57].contract.versions.vllm,0.10.2
0,samples[57].contract.versions.vllm_commit,01efc7ef781391e744ed08c3292817a773d654e6
0,samples[57].copy_s,0.0003292160034179688
0,samples[57].expert_bytes,1572864
0,samples[57].experts_per_batch,8
0,samples[57].gather_s,0.0
0,samples[57].mode,fragmented
0,samples[57].payload_bytes,12582912
0,samples[57].rank,1
0,samples[57].repetition,0
0,samples[57].wall_s,0.000355633907020092
0,samples[58].compute_s,
0,samples[58].contention,isolated
0,samples[58].contract.benchmark_policy_sha256,a51e2f06eccbbd7e1dbd0dfad28145edbdc58a6bf90f1dd7ceeb46af6ae1eaed
0,samples[58].contract.commit,2161d80517315fe9835ee3cf32c98f8e6b0343a7
0,samples[58].contract.hardware_sha256,9791dbc6d311596ecffb3eb44b417020cb7e142e79a148bc73feb7a0573b4bd1
0,samples[58].contract.tensor_parallel_size,4
0,samples[58].contract.versions.cuda,12.8
0,samples[58].contract.versions.python,3.12.11
0,samples[58].contract.versions.torch,2.8.0+cu128
0,samples[58].contract.versions.vllm,0.10.2
0,samples[58].contract.versions.vllm_commit,01efc7ef781391e744ed08c3292817a773d654e6
0,samples[58].copy_s,0.00043055999279022217
0,samples[58].expert_bytes,1572864
0,samples[58].experts_per_batch,8
0,samples[58].gather_s,0.0
0,samples[58].mode,fragmented
0,samples[58].payload_bytes,12582912
0,samples[58].rank,1
0,samples[58].repetition,1
0,samples[58].wall_s,0.000483004841953516
0,samples[59].compute_s,
0,samples[59].contention,isolated
0,samples[59].contract.benchmark_policy_sha256,a51e2f06eccbbd7e1dbd0dfad28145edbdc58a6bf90f1dd7ceeb46af6ae1eaed
0,samples[59].contract.commit,2161d80517315fe9835ee3cf32c98f8e6b0343a7
0,samples[59].contract.hardware_sha256,9791dbc6d311596ecffb3eb44b417020cb7e142e79a148bc73feb7a0573b4bd1
0,samples[59].contract.tensor_parallel_size,4
0,samples[59].contract.versions.cuda,12.8
0,samples[59].contract.versions.python,3.12.11
0,samples[59].contract.versions.torch,2.8.0+cu128
0,samples[59].contract.versions.vllm,0.10.2
0,samples[59].contract.versions.vllm_commit,01efc7ef781391e744ed08c3292817a773d654e6
0,samples[59].copy_s,0.0003883520066738129
0,samples[59].expert_bytes,1572864
0,samples[59].experts_per_batch,8
0,samples[59].gather_s,0.0
0,samples[59].mode,fragmented
0,samples[59].payload_bytes,12582912
0,samples[59].rank,1
0,samples[59].repetition,2
0,samples[59].wall_s,0.0004591410979628563
0,samples[60].compute_s,
0,samples[60].contention,isolated
0,samples[60].contract.benchmark_policy_sha256,a51e2f06eccbbd7e1dbd0dfad28145edbdc58a6bf90f1dd7ceeb46af6ae1eaed
0,samples[60].contract.commit,2161d80517315fe9835ee3cf32c98f8e6b0343a7
0,samples[60].contract.hardware_sha256,9791dbc6d311596ecffb3eb44b417020cb7e142e79a148bc73feb7a0573b4bd1
0,samples[60].contract.tensor_parallel_size,4
0,samples[60].contract.versions.cuda,12.8
0,samples[60].contract.versions.python,3.12.11
0,samples[60].contract.versions.torch,2.8.0+cu128
0,samples[60].contract.versions.vllm,0.10.2
0,samples[60].contract.versions.vllm_commit,01efc7ef781391e744ed08c3292817a773d654e6
0,samples[60].copy_s,0.00038198399543762205
0,samples[60].expert_bytes,1572864
0,samples[60].experts_per_batch,8
0,samples[60].gather_s,0.16965368017554283
0,samples[60].mode,gather
0,samples[60].payload_bytes,12582912
0,samples[60].rank,1
0,samples[60].repetition,0
0,samples[60].wall_s,0.17020799592137337
0,samples[61].compute_s,
0,samples[61].contention,isolated
0,samples[61].contract.benchmark_policy_sha256,a51e2f06eccbbd7e1dbd0dfad28145edbdc58a6bf90f1dd7ceeb46af6ae1eaed
0,samples[61].contract.commit,2161d80517315fe9835ee3cf32c98f8e6b0343a7
0,samples[61].contract.hardware_sha256,9791dbc6d311596ecffb3eb44b417020cb7e142e79a148bc73feb7a0573b4bd1
0,samples[61].contract.tensor_parallel_size,4
0,samples[61].contract.versions.cuda,12.8
0,samples[61].contract.versions.python,3.12.11
0,samples[61].contract.versions.torch,2.8.0+cu128
0,samples[61].contract.versions.vllm,0.10.2
0,samples[61].contract.versions.vllm_commit,01efc7ef781391e744ed08c3292817a773d654e6
0,samples[61].copy_s,0.0003776960074901581
0,samples[61].expert_bytes,1572864
0,samples[61].experts_per_batch,8
0,samples[61].gather_s,0.12558796303346753
0,samples[61].mode,gather
0,samples[61].payload_bytes,12582912
0,samples[61].rank,1
0,samples[61].repetition,1
0,samples[61].wall_s,0.12612539483234286
0,samples[62].compute_s,
0,samples[62].contention,isolated
0,samples[62].contract.benchmark_policy_sha256,a51e2f06eccbbd7e1dbd0dfad28145edbdc58a6bf90f1dd7ceeb46af6ae1eaed
0,samples[62].contract.commit,2161d80517315fe9835ee3cf32c98f8e6b0343a7
0,samples[62].contract.hardware_sha256,9791dbc6d311596ecffb3eb44b417020cb7e142e79a148bc73feb7a0573b4bd1
0,samples[62].contract.tensor_parallel_size,4
0,samples[62].contract.versions.cuda,12.8
0,samples[62].contract.versions.python,3.12.11
0,samples[62].contract.versions.torch,2.8.0+cu128
0,samples[62].contract.versions.vllm,0.10.2
0,samples[62].contract.versions.vllm_commit,01efc7ef781391e744ed08c3292817a773d654e6
0,samples[62].copy_s,0.00038966399431228637
0,samples[62].expert_bytes,1572864
0,samples[62].experts_per_batch,8
0,samples[62].gather_s,0.0004418129101395607
0,samples[62].mode,gather
0,samples[62].payload_bytes,12582912
0,samples[62].rank,1
0,samples[62].repetition,2
0,samples[62].wall_s,0.0009008948691189289
0,samples[63].compute_s,
0,samples[63].contention,isolated
0,samples[63].contract.benchmark_policy_sha256,a51e2f06eccbbd7e1dbd0dfad28145edbdc58a6bf90f1dd7ceeb46af6ae1eaed
0,samples[63].contract.commit,2161d80517315fe9835ee3cf32c98f8e6b0343a7
0,samples[63].contract.hardware_sha256,9791dbc6d311596ecffb3eb44b417020cb7e142e79a148bc73feb7a0573b4bd1
0,samples[63].contract.tensor_parallel_size,4
0,samples[63].contract.versions.cuda,12.8
0,samples[63].contract.versions.python,3.12.11
0,samples[63].contract.versions.torch,2.8.0+cu128
0,samples[63].contract.versions.vllm,0.10.2
0,samples[63].contract.versions.vllm_commit,01efc7ef781391e744ed08c3292817a773d654e6
0,samples[63].copy_s,0.0012764159440994262
0,samples[63].expert_bytes,1572864
0,samples[63].experts_per_batch,32
0,samples[63].gather_s,0.0
0,samples[63].mode,contiguous
0,samples[63].payload_bytes,50331648
0,samples[63].rank,1
0,samples[63].repetition,0
0,samples[63].wall_s,0.0013081450015306473
0,samples[64].compute_s,
0,samples[64].contention,isolated
0,samples[64].contract.benchmark_policy_sha256,a51e2f06eccbbd7e1dbd0dfad28145edbdc58a6bf90f1dd7ceeb46af6ae1eaed
0,samples[64].contract.commit,2161d80517315fe9835ee3cf32c98f8e6b0343a7
0,samples[64].contract.hardware_sha256,9791dbc6d311596ecffb3eb44b417020cb7e142e79a148bc73feb7a0573b4bd1
0,samples[64].contract.tensor_parallel_size,4
0,samples[64].contract.versions.cuda,12.8
0,samples[64].contract.versions.python,3.12.11
0,samples[64].contract.versions.torch,2.8.0+cu128
0,samples[64].contract.versions.vllm,0.10.2
0,samples[64].contract.versions.vllm_commit,01efc7ef781391e744ed08c3292817a773d654e6
0,samples[64].copy_s,0.0013820799589157105
0,samples[64].expert_bytes,1572864
0,samples[64].experts_per_batch,32
0,samples[64].gather_s,0.0
0,samples[64].mode,contiguous
0,samples[64].payload_bytes,50331648
0,samples[64].rank,1
0,samples[64].repetition,1
0,samples[64].wall_s,0.0014281622134149075
0,samples[65].compute_s,
0,samples[65].contention,isolated
0,samples[65].contract.benchmark_policy_sha256,a51e2f06eccbbd7e1dbd0dfad28145edbdc58a6bf90f1dd7ceeb46af6ae1eaed
0,samples[65].contract.commit,2161d80517315fe9835ee3cf32c98f8e6b0343a7
0,samples[65].contract.hardware_sha256,9791dbc6d311596ecffb3eb44b417020cb7e142e79a148bc73feb7a0573b4bd1
0,samples[65].contract.tensor_parallel_size,4
0,samples[65].contract.versions.cuda,12.8
0,samples[65].contract.versions.python,3.12.11
0,samples[65].contract.versions.torch,2.8.0+cu128
0,samples[65].contract.versions.vllm,0.10.2
0,samples[65].contract.versions.vllm_commit,01efc7ef781391e744ed08c3292817a773d654e6
0,samples[65].copy_s,0.0014229120016098023
0,samples[65].expert_bytes,1572864
0,samples[65].experts_per_batch,32
0,samples[65].gather_s,0.0
0,samples[65].mode,contiguous
0,samples[65].payload_bytes,50331648
0,samples[65].rank,1
0,samples[65].repetition,2
0,samples[65].wall_s,0.0014663911424577236
0,samples[66].compute_s,
0,samples[66].contention,isolated
0,samples[66].contract.benchmark_policy_sha256,a51e2f06eccbbd7e1dbd0dfad28145edbdc58a6bf90f1dd7ceeb46af6ae1eaed
0,samples[66].contract.commit,2161d80517315fe9835ee3cf32c98f8e6b0343a7
0,samples[66].contract.hardware_sha256,9791dbc6d311596ecffb3eb44b417020cb7e142e79a148bc73feb7a0573b4bd1
0,samples[66].contract.tensor_parallel_size,4
0,samples[66].contract.versions.cuda,12.8
0,samples[66].contract.versions.python,3.12.11
0,samples[66].contract.versions.torch,2.8.0+cu128
0,samples[66].contract.versions.vllm,0.10.2
0,samples[66].contract.versions.vllm_commit,01efc7ef781391e744ed08c3292817a773d654e6
0,samples[66].copy_s,0.0013085440397262572
0,samples[66].expert_bytes,1572864
0,samples[66].experts_per_batch,32
0,samples[66].gather_s,0.0
0,samples[66].mode,fragmented
0,samples[66].payload_bytes,50331648
0,samples[66].rank,1
0,samples[66].repetition,0
0,samples[66].wall_s,0.0013367030769586563
0,samples[67].compute_s,
0,samples[67].contention,isolated
0,samples[67].contract.benchmark_policy_sha256,a51e2f06eccbbd7e1dbd0dfad28145edbdc58a6bf90f1dd7ceeb46af6ae1eaed
0,samples[67].contract.commit,2161d80517315fe9835ee3cf32c98f8e6b0343a7
0,samples[67].contract.hardware_sha256,9791dbc6d311596ecffb3eb44b417020cb7e142e79a148bc73feb7a0573b4bd1
0,samples[67].contract.tensor_parallel_size,4
0,samples[67].contract.versions.cuda,12.8
0,samples[67].contract.versions.python,3.12.11
0,samples[67].contract.versions.torch,2.8.0+cu128
0,samples[67].contract.versions.vllm,0.10.2
0,samples[67].contract.versions.vllm_commit,01efc7ef781391e744ed08c3292817a773d654e6
0,samples[67].copy_s,0.0013574399948120116
0,samples[67].expert_bytes,1572864
0,samples[67].experts_per_batch,32
0,samples[67].gather_s,0.0
0,samples[67].mode,fragmented
0,samples[67].payload_bytes,50331648
0,samples[67].rank,1
0,samples[67].repetition,1
0,samples[67].wall_s,0.0013997475616633892
0,samples[68].compute_s,
0,samples[68].contention,isolated
0,samples[68].contract.benchmark_policy_sha256,a51e2f06eccbbd7e1dbd0dfad28145edbdc58a6bf90f1dd7ceeb46af6ae1eaed
0,samples[68].contract.commit,2161d80517315fe9835ee3cf32c98f8e6b0343a7
0,samples[68].contract.hardware_sha256,9791dbc6d311596ecffb3eb44b417020cb7e142e79a148bc73feb7a0573b4bd1
0,samples[68].contract.tensor_parallel_size,4
0,samples[68].contract.versions.cuda,12.8
0,samples[68].contract.versions.python,3.12.11
0,samples[68].contract.versions.torch,2.8.0+cu128
0,samples[68].contract.versions.vllm,0.10.2
0,samples[68].contract.versions.vllm_commit,01efc7ef781391e744ed08c3292817a773d654e6
0,samples[68].copy_s,0.0013002879619598388
0,samples[68].expert_bytes,1572864
0,samples[68].experts_per_batch,32
0,samples[68].gather_s,0.0
0,samples[68].mode,fragmented
0,samples[68].payload_bytes,50331648
0,samples[68].rank,1
0,samples[68].repetition,2
0,samples[68].wall_s,0.001342815812677145
0,samples[69].compute_s,
0,samples[69].contention,isolated
0,samples[69].contract.benchmark_policy_sha256,a51e2f06eccbbd7e1dbd0dfad28145edbdc58a6bf90f1dd7ceeb46af6ae1eaed
0,samples[69].contract.commit,2161d80517315fe9835ee3cf32c98f8e6b0343a7
0,samples[69].contract.hardware_sha256,9791dbc6d311596ecffb3eb44b417020cb7e142e79a148bc73feb7a0573b4bd1
0,samples[69].contract.tensor_parallel_size,4
0,samples[69].contract.versions.cuda,12.8
0,samples[69].contract.versions.python,3.12.11
0,samples[69].contract.versions.torch,2.8.0+cu128
0,samples[69].contract.versions.vllm,0.10.2
0,samples[69].contract.versions.vllm_commit,01efc7ef781391e744ed08c3292817a773d654e6
0,samples[69].copy_s,0.0010519360303878785
0,samples[69].expert_bytes,1572864
0,samples[69].experts_per_batch,32
0,samples[69].gather_s,0.7186999800615013
0,samples[69].mode,gather
0,samples[69].payload_bytes,50331648
0,samples[69].rank,1
0,samples[69].repetition,0
0,samples[69].wall_s,0.7198915672488511
0,samples[70].compute_s,
0,samples[70].contention,isolated
0,samples[70].contract.benchmark_policy_sha256,a51e2f06eccbbd7e1dbd0dfad28145edbdc58a6bf90f1dd7ceeb46af6ae1eaed
0,samples[70].contract.commit,2161d80517315fe9835ee3cf32c98f8e6b0343a7
0,samples[70].contract.hardware_sha256,9791dbc6d311596ecffb3eb44b417020cb7e142e79a148bc73feb7a0573b4bd1
0,samples[70].contract.tensor_parallel_size,4
0,samples[70].contract.versions.cuda,12.8
0,samples[70].contract.versions.python,3.12.11
0,samples[70].contract.versions.torch,2.8.0+cu128
0,samples[70].contract.versions.vllm,0.10.2
0,samples[70].contract.versions.vllm_commit,01efc7ef781391e744ed08c3292817a773d654e6
0,samples[70].copy_s,0.0010412160158157348
0,samples[70].expert_bytes,1572864
0,samples[70].experts_per_batch,32
0,samples[70].gather_s,0.6862162007018924
0,samples[70].mode,gather
0,samples[70].payload_bytes,50331648
0,samples[70].rank,1
0,samples[70].repetition,1
0,samples[70].wall_s,0.6874336479231715
0,samples[71].compute_s,
0,samples[71].contention,isolated
0,samples[71].contract.benchmark_policy_sha256,a51e2f06eccbbd7e1dbd0dfad28145edbdc58a6bf90f1dd7ceeb46af6ae1eaed
0,samples[71].contract.commit,2161d80517315fe9835ee3cf32c98f8e6b0343a7
0,samples[71].contract.hardware_sha256,9791dbc6d311596ecffb3eb44b417020cb7e142e79a148bc73feb7a0573b4bd1
0,samples[71].contract.tensor_parallel_size,4
0,samples[71].contract.versions.cuda,12.8
0,samples[71].contract.versions.python,3.12.11
0,samples[71].contract.versions.torch,2.8.0+cu128
0,samples[71].contract.versions.vllm,0.10.2
0,samples[71].contract.versions.vllm_commit,01efc7ef781391e744ed08c3292817a773d654e6
0,samples[71].copy_s,0.001091007947921753
0,samples[71].expert_bytes,1572864
0,samples[71].experts_per_batch,32
0,samples[71].gather_s,0.6413021800108254
0,samples[71].mode,gather
0,samples[71].payload_bytes,50331648
0,samples[71].rank,1
0,samples[71].repetition,2
0,samples[71].wall_s,0.6426214948296547
0,samples[72].compute_s,
0,samples[72].contention,isolated
0,samples[72].contract.benchmark_policy_sha256,a51e2f06eccbbd7e1dbd0dfad28145edbdc58a6bf90f1dd7ceeb46af6ae1eaed
0,samples[72].contract.commit,2161d80517315fe9835ee3cf32c98f8e6b0343a7
0,samples[72].contract.hardware_sha256,9791dbc6d311596ecffb3eb44b417020cb7e142e79a148bc73feb7a0573b4bd1
0,samples[72].contract.tensor_parallel_size,4
0,samples[72].contract.versions.cuda,12.8
0,samples[72].contract.versions.python,3.12.11
0,samples[72].contract.versions.torch,2.8.0+cu128
0,samples[72].contract.versions.vllm,0.10.2
0,samples[72].contract.versions.vllm_commit,01efc7ef781391e744ed08c3292817a773d654e6
0,samples[72].copy_s,0.006779071807861328
0,samples[72].expert_bytes,1572864
0,samples[72].experts_per_batch,128
0,samples[72].gather_s,0.0
0,samples[72].mode,contiguous
0,samples[72].payload_bytes,201326592
0,samples[72].rank,1
0,samples[72].repetition,0
0,samples[72].wall_s,0.006806910037994385
0,samples[73].compute_s,
0,samples[73].contention,isolated
0,samples[73].contract.benchmark_policy_sha256,a51e2f06eccbbd7e1dbd0dfad28145edbdc58a6bf90f1dd7ceeb46af6ae1eaed
0,samples[73].contract.commit,2161d80517315fe9835ee3cf32c98f8e6b0343a7
0,samples[73].contract.hardware_sha256,9791dbc6d311596ecffb3eb44b417020cb7e142e79a148bc73feb7a0573b4bd1
0,samples[73].contract.tensor_parallel_size,4
0,samples[73].contract.versions.cuda,12.8
0,samples[73].contract.versions.python,3.12.11
0,samples[73].contract.versions.torch,2.8.0+cu128
0,samples[73].contract.versions.vllm,0.10.2
0,samples[73].contract.versions.vllm_commit,01efc7ef781391e744ed08c3292817a773d654e6
0,samples[73].copy_s,0.0072687997817993165
0,samples[73].expert_bytes,1572864
0,samples[73].experts_per_batch,128
0,samples[73].gather_s,0.0
0,samples[73].mode,contiguous
0,samples[73].payload_bytes,201326592
0,samples[73].rank,1
0,samples[73].repetition,1
0,samples[73].wall_s,0.007312358822673559
0,samples[74].compute_s,
0,samples[74].contention,isolated
0,samples[74].contract.benchmark_policy_sha256,a51e2f06eccbbd7e1dbd0dfad28145edbdc58a6bf90f1dd7ceeb46af6ae1eaed
0,samples[74].contract.commit,2161d80517315fe9835ee3cf32c98f8e6b0343a7
0,samples[74].contract.hardware_sha256,9791dbc6d311596ecffb3eb44b417020cb7e142e79a148bc73feb7a0573b4bd1
0,samples[74].contract.tensor_parallel_size,4
0,samples[74].contract.versions.cuda,12.8
0,samples[74].contract.versions.python,3.12.11
0,samples[74].contract.versions.torch,2.8.0+cu128
0,samples[74].contract.versions.vllm,0.10.2
0,samples[74].contract.versions.vllm_commit,01efc7ef781391e744ed08c3292817a773d654e6
0,samples[74].copy_s,0.0075495362281799315
0,samples[74].expert_bytes,1572864
0,samples[74].experts_per_batch,128
0,samples[74].gather_s,0.0
0,samples[74].mode,contiguous
0,samples[74].payload_bytes,201326592
0,samples[74].rank,1
0,samples[74].repetition,2
0,samples[74].wall_s,0.007596096955239773
0,samples[75].compute_s,
0,samples[75].contention,isolated
0,samples[75].contract.benchmark_policy_sha256,a51e2f06eccbbd7e1dbd0dfad28145edbdc58a6bf90f1dd7ceeb46af6ae1eaed
0,samples[75].contract.commit,2161d80517315fe9835ee3cf32c98f8e6b0343a7
0,samples[75].contract.hardware_sha256,9791dbc6d311596ecffb3eb44b417020cb7e142e79a148bc73feb7a0573b4bd1
0,samples[75].contract.tensor_parallel_size,4
0,samples[75].contract.versions.cuda,12.8
0,samples[75].contract.versions.python,3.12.11
0,samples[75].contract.versions.torch,2.8.0+cu128
0,samples[75].contract.versions.vllm,0.10.2
0,samples[75].contract.versions.vllm_commit,01efc7ef781391e744ed08c3292817a773d654e6
0,samples[75].copy_s,0.005449120044708252
0,samples[75].expert_bytes,1572864
0,samples[75].experts_per_batch,128
0,samples[75].gather_s,0.0
0,samples[75].mode,fragmented
0,samples[75].payload_bytes,201326592
0,samples[75].rank,1
0,samples[75].repetition,0
0,samples[75].wall_s,0.005480640102177858
0,samples[76].compute_s,
0,samples[76].contention,isolated
0,samples[76].contract.benchmark_policy_sha256,a51e2f06eccbbd7e1dbd0dfad28145edbdc58a6bf90f1dd7ceeb46af6ae1eaed
0,samples[76].contract.commit,2161d80517315fe9835ee3cf32c98f8e6b0343a7
0,samples[76].contract.hardware_sha256,9791dbc6d311596ecffb3eb44b417020cb7e142e79a148bc73feb7a0573b4bd1
0,samples[76].contract.tensor_parallel_size,4
0,samples[76].contract.versions.cuda,12.8
0,samples[76].contract.versions.python,3.12.11
0,samples[76].contract.versions.torch,2.8.0+cu128
0,samples[76].contract.versions.vllm,0.10.2
0,samples[76].contract.versions.vllm_commit,01efc7ef781391e744ed08c3292817a773d654e6
0,samples[76].copy_s,0.005491424083709717
0,samples[76].expert_bytes,1572864
0,samples[76].experts_per_batch,128
0,samples[76].gather_s,0.0
0,samples[76].mode,fragmented
0,samples[76].payload_bytes,201326592
0,samples[76].rank,1
0,samples[76].repetition,1
0,samples[76].wall_s,0.005537683144211769
0,samples[77].compute_s,
0,samples[77].contention,isolated
0,samples[77].contract.benchmark_policy_sha256,a51e2f06eccbbd7e1dbd0dfad28145edbdc58a6bf90f1dd7ceeb46af6ae1eaed
0,samples[77].contract.commit,2161d80517315fe9835ee3cf32c98f8e6b0343a7
0,samples[77].contract.hardware_sha256,9791dbc6d311596ecffb3eb44b417020cb7e142e79a148bc73feb7a0573b4bd1
0,samples[77].contract.tensor_parallel_size,4
0,samples[77].contract.versions.cuda,12.8
0,samples[77].contract.versions.python,3.12.11
0,samples[77].contract.versions.torch,2.8.0+cu128
0,samples[77].contract.versions.vllm,0.10.2
0,samples[77].contract.versions.vllm_commit,01efc7ef781391e744ed08c3292817a773d654e6
0,samples[77].copy_s,0.005518367767333984
0,samples[77].expert_bytes,1572864
0,samples[77].experts_per_batch,128
0,samples[77].gather_s,0.0
0,samples[77].mode,fragmented
0,samples[77].payload_bytes,201326592
0,samples[77].rank,1
0,samples[77].repetition,2
0,samples[77].wall_s,0.00556549895554781
0,samples[78].compute_s,
0,samples[78].contention,isolated
0,samples[78].contract.benchmark_policy_sha256,a51e2f06eccbbd7e1dbd0dfad28145edbdc58a6bf90f1dd7ceeb46af6ae1eaed
0,samples[78].contract.commit,2161d80517315fe9835ee3cf32c98f8e6b0343a7
0,samples[78].contract.hardware_sha256,9791dbc6d311596ecffb3eb44b417020cb7e142e79a148bc73feb7a0573b4bd1
0,samples[78].contract.tensor_parallel_size,4
0,samples[78].contract.versions.cuda,12.8
0,samples[78].contract.versions.python,3.12.11
0,samples[78].contract.versions.torch,2.8.0+cu128
0,samples[78].contract.versions.vllm,0.10.2
0,samples[78].contract.versions.vllm_commit,01efc7ef781391e744ed08c3292817a773d654e6
0,samples[78].copy_s,0.003796191930770874
0,samples[78].expert_bytes,1572864
0,samples[78].experts_per_batch,128
0,samples[78].gather_s,2.3986121751368046
0,samples[78].mode,gather
0,samples[78].payload_bytes,201326592
0,samples[78].rank,1
0,samples[78].repetition,0
0,samples[78].wall_s,2.4025690318085253
0,samples[79].compute_s,
0,samples[79].contention,isolated
0,samples[79].contract.benchmark_policy_sha256,a51e2f06eccbbd7e1dbd0dfad28145edbdc58a6bf90f1dd7ceeb46af6ae1eaed
0,samples[79].contract.commit,2161d80517315fe9835ee3cf32c98f8e6b0343a7
0,samples[79].contract.hardware_sha256,9791dbc6d311596ecffb3eb44b417020cb7e142e79a148bc73feb7a0573b4bd1
0,samples[79].contract.tensor_parallel_size,4
0,samples[79].contract.versions.cuda,12.8
0,samples[79].contract.versions.python,3.12.11
0,samples[79].contract.versions.torch,2.8.0+cu128
0,samples[79].contract.versions.vllm,0.10.2
0,samples[79].contract.versions.vllm_commit,01efc7ef781391e744ed08c3292817a773d654e6
0,samples[79].copy_s,0.0037968959808349608
0,samples[79].expert_bytes,1572864
0,samples[79].experts_per_batch,128
0,samples[79].gather_s,2.3503469228744507
0,samples[79].mode,gather
0,samples[79].payload_bytes,201326592
0,samples[79].rank,1
0,samples[79].repetition,1
0,samples[79].wall_s,2.3543558279052377
0,samples[80].compute_s,
0,samples[80].contention,isolated
0,samples[80].contract.benchmark_policy_sha256,a51e2f06eccbbd7e1dbd0dfad28145edbdc58a6bf90f1dd7ceeb46af6ae1eaed
0,samples[80].contract.commit,2161d80517315fe9835ee3cf32c98f8e6b0343a7
0,samples[80].contract.hardware_sha256,9791dbc6d311596ecffb3eb44b417020cb7e142e79a148bc73feb7a0573b4bd1
0,samples[80].contract.tensor_parallel_size,4
0,samples[80].contract.versions.cuda,12.8
0,samples[80].contract.versions.python,3.12.11
0,samples[80].contract.versions.torch,2.8.0+cu128
0,samples[80].contract.versions.vllm,0.10.2
0,samples[80].contract.versions.vllm_commit,01efc7ef781391e744ed08c3292817a773d654e6
0,samples[80].copy_s,0.003814784049987793
0,samples[80].expert_bytes,1572864
0,samples[80].experts_per_batch,128
0,samples[80].gather_s,2.19303856510669
0,samples[80].mode,gather
0,samples[80].payload_bytes,201326592
0,samples[80].rank,1
0,samples[80].repetition,2
0,samples[80].wall_s,2.1971360337920487
0,samples[81].compute_s,
0,samples[81].contention,isolated
0,samples[81].contract.benchmark_policy_sha256,a51e2f06eccbbd7e1dbd0dfad28145edbdc58a6bf90f1dd7ceeb46af6ae1eaed
0,samples[81].contract.commit,2161d80517315fe9835ee3cf32c98f8e6b0343a7
0,samples[81].contract.hardware_sha256,9791dbc6d311596ecffb3eb44b417020cb7e142e79a148bc73feb7a0573b4bd1
0,samples[81].contract.tensor_parallel_size,4
0,samples[81].contract.versions.cuda,12.8
0,samples[81].contract.versions.python,3.12.11
0,samples[81].contract.versions.torch,2.8.0+cu128
0,samples[81].contract.versions.vllm,0.10.2
0,samples[81].contract.versions.vllm_commit,01efc7ef781391e744ed08c3292817a773d654e6
0,samples[81].copy_s,0.030250560760498046
0,samples[81].expert_bytes,1572864
0,samples[81].experts_per_batch,512
0,samples[81].gather_s,0.0
0,samples[81].mode,contiguous
0,samples[81].payload_bytes,805306368
0,samples[81].rank,1
0,samples[81].repetition,0
0,samples[81].wall_s,0.030275390949100256
0,samples[82].compute_s,
0,samples[82].contention,isolated
0,samples[82].contract.benchmark_policy_sha256,a51e2f06eccbbd7e1dbd0dfad28145edbdc58a6bf90f1dd7ceeb46af6ae1eaed
0,samples[82].contract.commit,2161d80517315fe9835ee3cf32c98f8e6b0343a7
0,samples[82].contract.hardware_sha256,9791dbc6d311596ecffb3eb44b417020cb7e142e79a148bc73feb7a0573b4bd1
0,samples[82].contract.tensor_parallel_size,4
0,samples[82].contract.versions.cuda,12.8
0,samples[82].contract.versions.python,3.12.11
0,samples[82].contract.versions.torch,2.8.0+cu128
0,samples[82].contract.versions.vllm,0.10.2
0,samples[82].contract.versions.vllm_commit,01efc7ef781391e744ed08c3292817a773d654e6
0,samples[82].copy_s,0.030314783096313476
0,samples[82].expert_bytes,1572864
0,samples[82].experts_per_batch,512
0,samples[82].gather_s,0.0
0,samples[82].mode,contiguous
0,samples[82].payload_bytes,805306368
0,samples[82].rank,1
0,samples[82].repetition,1
0,samples[82].wall_s,0.030350642278790474
0,samples[83].compute_s,
0,samples[83].contention,isolated
0,samples[83].contract.benchmark_policy_sha256,a51e2f06eccbbd7e1dbd0dfad28145edbdc58a6bf90f1dd7ceeb46af6ae1eaed
0,samples[83].contract.commit,2161d80517315fe9835ee3cf32c98f8e6b0343a7
0,samples[83].contract.hardware_sha256,9791dbc6d311596ecffb3eb44b417020cb7e142e79a148bc73feb7a0573b4bd1
0,samples[83].contract.tensor_parallel_size,4
0,samples[83].contract.versions.cuda,12.8
0,samples[83].contract.versions.python,3.12.11
0,samples[83].contract.versions.torch,2.8.0+cu128
0,samples[83].contract.versions.vllm,0.10.2
0,samples[83].contract.versions.vllm_commit,01efc7ef781391e744ed08c3292817a773d654e6
0,samples[83].copy_s,0.030314239501953125
0,samples[83].expert_bytes,1572864
0,samples[83].experts_per_batch,512
0,samples[83].gather_s,0.0
0,samples[83].mode,contiguous
0,samples[83].payload_bytes,805306368
0,samples[83].rank,1
0,samples[83].repetition,2
0,samples[83].wall_s,0.03034619288519025
0,samples[84].compute_s,
0,samples[84].contention,isolated
0,samples[84].contract.benchmark_policy_sha256,a51e2f06eccbbd7e1dbd0dfad28145edbdc58a6bf90f1dd7ceeb46af6ae1eaed
0,samples[84].contract.commit,2161d80517315fe9835ee3cf32c98f8e6b0343a7
0,samples[84].contract.hardware_sha256,9791dbc6d311596ecffb3eb44b417020cb7e142e79a148bc73feb7a0573b4bd1
0,samples[84].contract.tensor_parallel_size,4
0,samples[84].contract.versions.cuda,12.8
0,samples[84].contract.versions.python,3.12.11
0,samples[84].contract.versions.torch,2.8.0+cu128
0,samples[84].contract.versions.vllm,0.10.2
0,samples[84].contract.versions.vllm_commit,01efc7ef781391e744ed08c3292817a773d654e6
0,samples[84].copy_s,0.02408143997192383
0,samples[84].expert_bytes,1572864
0,samples[84].experts_per_batch,512
0,samples[84].gather_s,0.0
0,samples[84].mode,fragmented
0,samples[84].payload_bytes,805306368
0,samples[84].rank,1
0,samples[84].repetition,0
0,samples[84].wall_s,0.02411148976534605
0,samples[85].compute_s,
0,samples[85].contention,isolated
0,samples[85].contract.benchmark_policy_sha256,a51e2f06eccbbd7e1dbd0dfad28145edbdc58a6bf90f1dd7ceeb46af6ae1eaed
0,samples[85].contract.commit,2161d80517315fe9835ee3cf32c98f8e6b0343a7
0,samples[85].contract.hardware_sha256,9791dbc6d311596ecffb3eb44b417020cb7e142e79a148bc73feb7a0573b4bd1
0,samples[85].contract.tensor_parallel_size,4
0,samples[85].contract.versions.cuda,12.8
0,samples[85].contract.versions.python,3.12.11
0,samples[85].contract.versions.torch,2.8.0+cu128
0,samples[85].contract.versions.vllm,0.10.2
0,samples[85].contract.versions.vllm_commit,01efc7ef781391e744ed08c3292817a773d654e6
0,samples[85].copy_s,0.024121376037597658
0,samples[85].expert_bytes,1572864
0,samples[85].experts_per_batch,512
0,samples[85].gather_s,0.0
0,samples[85].mode,fragmented
0,samples[85].payload_bytes,805306368
0,samples[85].rank,1
0,samples[85].repetition,1
0,samples[85].wall_s,0.024165757931768894
0,samples[86].compute_s,
0,samples[86].contention,isolated
0,samples[86].contract.benchmark_policy_sha256,a51e2f06eccbbd7e1dbd0dfad28145edbdc58a6bf90f1dd7ceeb46af6ae1eaed
0,samples[86].contract.commit,2161d80517315fe9835ee3cf32c98f8e6b0343a7
0,samples[86].contract.hardware_sha256,9791dbc6d311596ecffb3eb44b417020cb7e142e79a148bc73feb7a0573b4bd1
0,samples[86].contract.tensor_parallel_size,4
0,samples[86].contract.versions.cuda,12.8
0,samples[86].contract.versions.python,3.12.11
0,samples[86].contract.versions.torch,2.8.0+cu128
0,samples[86].contract.versions.vllm,0.10.2
0,samples[86].contract.versions.vllm_commit,01efc7ef781391e744ed08c3292817a773d654e6
0,samples[86].copy_s,0.024091487884521486
0,samples[86].expert_bytes,1572864
0,samples[86].experts_per_batch,512
0,samples[86].gather_s,0.0
0,samples[86].mode,fragmented
0,samples[86].payload_bytes,805306368
0,samples[86].rank,1
0,samples[86].repetition,2
0,samples[86].wall_s,0.024133875966072083
0,samples[87].compute_s,
0,samples[87].contention,isolated
0,samples[87].contract.benchmark_policy_sha256,a51e2f06eccbbd7e1dbd0dfad28145edbdc58a6bf90f1dd7ceeb46af6ae1eaed
0,samples[87].contract.commit,2161d80517315fe9835ee3cf32c98f8e6b0343a7
0,samples[87].contract.hardware_sha256,9791dbc6d311596ecffb3eb44b417020cb7e142e79a148bc73feb7a0573b4bd1
0,samples[87].contract.tensor_parallel_size,4
0,samples[87].contract.versions.cuda,12.8
0,samples[87].contract.versions.python,3.12.11
0,samples[87].contract.versions.torch,2.8.0+cu128
0,samples[87].contract.versions.vllm,0.10.2
0,samples[87].contract.versions.vllm_commit,01efc7ef781391e744ed08c3292817a773d654e6
0,samples[87].copy_s,0.014705471992492676
0,samples[87].expert_bytes,1572864
0,samples[87].experts_per_batch,512
0,samples[87].gather_s,9.383815500419587
0,samples[87].mode,gather
0,samples[87].payload_bytes,805306368
0,samples[87].rank,1
0,samples[87].repetition,0
0,samples[87].wall_s,9.39886093325913
0,samples[88].compute_s,
0,samples[88].contention,isolated
0,samples[88].contract.benchmark_policy_sha256,a51e2f06eccbbd7e1dbd0dfad28145edbdc58a6bf90f1dd7ceeb46af6ae1eaed
0,samples[88].contract.commit,2161d80517315fe9835ee3cf32c98f8e6b0343a7
0,samples[88].contract.hardware_sha256,9791dbc6d311596ecffb3eb44b417020cb7e142e79a148bc73feb7a0573b4bd1
0,samples[88].contract.tensor_parallel_size,4
0,samples[88].contract.versions.cuda,12.8
0,samples[88].contract.versions.python,3.12.11
0,samples[88].contract.versions.torch,2.8.0+cu128
0,samples[88].contract.versions.vllm,0.10.2
0,samples[88].contract.versions.vllm_commit,01efc7ef781391e744ed08c3292817a773d654e6
0,samples[88].copy_s,0.014790656089782715
0,samples[88].expert_bytes,1572864
0,samples[88].experts_per_batch,512
0,samples[88].gather_s,9.292160158976912
0,samples[88].mode,gather
0,samples[88].payload_bytes,805306368
0,samples[88].rank,1
0,samples[88].repetition,1
0,samples[88].wall_s,9.307569732889533
0,samples[89].compute_s,
0,samples[89].contention,isolated
0,samples[89].contract.benchmark_policy_sha256,a51e2f06eccbbd7e1dbd0dfad28145edbdc58a6bf90f1dd7ceeb46af6ae1eaed
0,samples[89].contract.commit,2161d80517315fe9835ee3cf32c98f8e6b0343a7
0,samples[89].contract.hardware_sha256,9791dbc6d311596ecffb3eb44b417020cb7e142e79a148bc73feb7a0573b4bd1
0,samples[89].contract.tensor_parallel_size,4
0,samples[89].contract.versions.cuda,12.8
0,samples[89].contract.versions.python,3.12.11
0,samples[89].contract.versions.torch,2.8.0+cu128
0,samples[89].contract.versions.vllm,0.10.2
0,samples[89].contract.versions.vllm_commit,01efc7ef781391e744ed08c3292817a773d654e6
0,samples[89].copy_s,0.016489984512329102
0,samples[89].expert_bytes,1572864
0,samples[89].experts_per_batch,512
0,samples[89].gather_s,8.50170074077323
0,samples[89].mode,gather
0,samples[89].payload_bytes,805306368
0,samples[89].rank,1
0,samples[89].repetition,2
0,samples[89].wall_s,8.518542157951742
0,samples[90].compute_s,
0,samples[90].contention,isolated
0,samples[90].contract.benchmark_policy_sha256,a51e2f06eccbbd7e1dbd0dfad28145edbdc58a6bf90f1dd7ceeb46af6ae1eaed
0,samples[90].contract.commit,2161d80517315fe9835ee3cf32c98f8e6b0343a7
0,samples[90].contract.hardware_sha256,9791dbc6d311596ecffb3eb44b417020cb7e142e79a148bc73feb7a0573b4bd1
0,samples[90].contract.tensor_parallel_size,4
0,samples[90].contract.versions.cuda,12.8
0,samples[90].contract.versions.python,3.12.11
0,samples[90].contract.versions.torch,2.8.0+cu128
0,samples[90].contract.versions.vllm,0.10.2
0,samples[90].contract.versions.vllm_commit,01efc7ef781391e744ed08c3292817a773d654e6
0,samples[90].copy_s,5.06879985332489e-05
0,samples[90].expert_bytes,1572864
0,samples[90].experts_per_batch,1
0,samples[90].gather_s,0.0
0,samples[90].mode,contiguous
0,samples[90].payload_bytes,1572864
0,samples[90].rank,2
0,samples[90].repetition,0
0,samples[90].wall_s,8.50483775138855e-05
0,samples[91].compute_s,
0,samples[91].contention,isolated
0,samples[91].contract.benchmark_policy_sha256,a51e2f06eccbbd7e1dbd0dfad28145edbdc58a6bf90f1dd7ceeb46af6ae1eaed
0,samples[91].contract.commit,2161d80517315fe9835ee3cf32c98f8e6b0343a7
0,samples[91].contract.hardware_sha256,9791dbc6d311596ecffb3eb44b417020cb7e142e79a148bc73feb7a0573b4bd1
0,samples[91].contract.tensor_parallel_size,4
0,samples[91].contract.versions.cuda,12.8
0,samples[91].contract.versions.python,3.12.11
0,samples[91].contract.versions.torch,2.8.0+cu128
0,samples[91].contract.versions.vllm,0.10.2
0,samples[91].contract.versions.vllm_commit,01efc7ef781391e744ed08c3292817a773d654e6
0,samples[91].copy_s,6.588800251483917e-05
0,samples[91].expert_bytes,1572864
0,samples[91].experts_per_batch,1
0,samples[91].gather_s,0.0
0,samples[91].mode,contiguous
0,samples[91].payload_bytes,1572864
0,samples[91].rank,2
0,samples[91].repetition,1
0,samples[91].wall_s,0.00010782387107610703
0,samples[92].compute_s,
0,samples[92].contention,isolated
0,samples[92].contract.benchmark_policy_sha256,a51e2f06eccbbd7e1dbd0dfad28145edbdc58a6bf90f1dd7ceeb46af6ae1eaed
0,samples[92].contract.commit,2161d80517315fe9835ee3cf32c98f8e6b0343a7
0,samples[92].contract.hardware_sha256,9791dbc6d311596ecffb3eb44b417020cb7e142e79a148bc73feb7a0573b4bd1
0,samples[92].contract.tensor_parallel_size,4
0,samples[92].contract.versions.cuda,12.8
0,samples[92].contract.versions.python,3.12.11
0,samples[92].contract.versions.torch,2.8.0+cu128
0,samples[92].contract.versions.vllm,0.10.2
0,samples[92].contract.versions.vllm_commit,01efc7ef781391e744ed08c3292817a773d654e6
0,samples[92].copy_s,6.259199976921082e-05
0,samples[92].expert_bytes,1572864
0,samples[92].experts_per_batch,1
0,samples[92].gather_s,0.0
0,samples[92].mode,contiguous
0,samples[92].payload_bytes,1572864
0,samples[92].rank,2
0,samples[92].repetition,2
0,samples[92].wall_s,0.00011069886386394501
0,samples[93].compute_s,
0,samples[93].contention,isolated
0,samples[93].contract.benchmark_policy_sha256,a51e2f06eccbbd7e1dbd0dfad28145edbdc58a6bf90f1dd7ceeb46af6ae1eaed
0,samples[93].contract.commit,2161d80517315fe9835ee3cf32c98f8e6b0343a7
0,samples[93].contract.hardware_sha256,9791dbc6d311596ecffb3eb44b417020cb7e142e79a148bc73feb7a0573b4bd1
0,samples[93].contract.tensor_parallel_size,4
0,samples[93].contract.versions.cuda,12.8
0,samples[93].contract.versions.python,3.12.11
0,samples[93].contract.versions.torch,2.8.0+cu128
0,samples[93].contract.versions.vllm,0.10.2
0,samples[93].contract.versions.vllm_commit,01efc7ef781391e744ed08c3292817a773d654e6
0,samples[93].copy_s,5.622399970889091e-05
0,samples[93].expert_bytes,1572864
0,samples[93].experts_per_batch,1
0,samples[93].gather_s,0.0
0,samples[93].mode,fragmented
0,samples[93].payload_bytes,1572864
0,samples[93].rank,2
0,samples[93].repetition,0
0,samples[93].wall_s,9.608175605535507e-05
0,samples[94].compute_s,
0,samples[94].contention,isolated
0,samples[94].contract.benchmark_policy_sha256,a51e2f06eccbbd7e1dbd0dfad28145edbdc58a6bf90f1dd7ceeb46af6ae1eaed
0,samples[94].contract.commit,2161d80517315fe9835ee3cf32c98f8e6b0343a7
0,samples[94].contract.hardware_sha256,9791dbc6d311596ecffb3eb44b417020cb7e142e79a148bc73feb7a0573b4bd1
0,samples[94].contract.tensor_parallel_size,4
0,samples[94].contract.versions.cuda,12.8
0,samples[94].contract.versions.python,3.12.11
0,samples[94].contract.versions.torch,2.8.0+cu128
0,samples[94].contract.versions.vllm,0.10.2
0,samples[94].contract.versions.vllm_commit,01efc7ef781391e744ed08c3292817a773d654e6
0,samples[94].copy_s,0.00016819199919700624
0,samples[94].expert_bytes,1572864
0,samples[94].experts_per_batch,1
0,samples[94].gather_s,0.0
0,samples[94].mode,fragmented
0,samples[94].payload_bytes,1572864
0,samples[94].rank,2
0,samples[94].repetition,1
0,samples[94].wall_s,0.00031138118356466293
0,samples[95].compute_s,
0,samples[95].contention,isolated
0,samples[95].contract.benchmark_policy_sha256,a51e2f06eccbbd7e1dbd0dfad28145edbdc58a6bf90f1dd7ceeb46af6ae1eaed
0,samples[95].contract.commit,2161d80517315fe9835ee3cf32c98f8e6b0343a7
0,samples[95].contract.hardware_sha256,9791dbc6d311596ecffb3eb44b417020cb7e142e79a148bc73feb7a0573b4bd1
0,samples[95].contract.tensor_parallel_size,4
0,samples[95].contract.versions.cuda,12.8
0,samples[95].contract.versions.python,3.12.11
0,samples[95].contract.versions.torch,2.8.0+cu128
0,samples[95].contract.versions.vllm,0.10.2
0,samples[95].contract.versions.vllm_commit,01efc7ef781391e744ed08c3292817a773d654e6
0,samples[95].copy_s,0.0001504960060119629
0,samples[95].expert_bytes,1572864
0,samples[95].experts_per_batch,1
0,samples[95].gather_s,0.0
0,samples[95].mode,fragmented
0,samples[95].payload_bytes,1572864
0,samples[95].rank,2
0,samples[95].repetition,2
0,samples[95].wall_s,0.0002797851338982582
0,samples[96].compute_s,
0,samples[96].contention,isolated
0,samples[96].contract.benchmark_policy_sha256,a51e2f06eccbbd7e1dbd0dfad28145edbdc58a6bf90f1dd7ceeb46af6ae1eaed
0,samples[96].contract.commit,2161d80517315fe9835ee3cf32c98f8e6b0343a7
0,samples[96].contract.hardware_sha256,9791dbc6d311596ecffb3eb44b417020cb7e142e79a148bc73feb7a0573b4bd1
0,samples[96].contract.tensor_parallel_size,4
0,samples[96].contract.versions.cuda,12.8
0,samples[96].contract.versions.python,3.12.11
0,samples[96].contract.versions.torch,2.8.0+cu128
0,samples[96].contract.versions.vllm,0.10.2
0,samples[96].contract.versions.vllm_commit,01efc7ef781391e744ed08c3292817a773d654e6
0,samples[96].copy_s,6.585600227117538e-05
0,samples[96].expert_bytes,1572864
0,samples[96].experts_per_batch,1
0,samples[96].gather_s,0.01606919476762414
0,samples[96].mode,gather
0,samples[96].payload_bytes,1572864
0,samples[96].rank,2
0,samples[96].repetition,0
0,samples[96].wall_s,0.016196440905332565
0,samples[97].compute_s,
0,samples[97].contention,isolated
0,samples[97].contract.benchmark_policy_sha256,a51e2f06eccbbd7e1dbd0dfad28145edbdc58a6bf90f1dd7ceeb46af6ae1eaed
0,samples[97].contract.commit,2161d80517315fe9835ee3cf32c98f8e6b0343a7
0,samples[97].contract.hardware_sha256,9791dbc6d311596ecffb3eb44b417020cb7e142e79a148bc73feb7a0573b4bd1
0,samples[97].contract.tensor_parallel_size,4
0,samples[97].contract.versions.cuda,12.8
0,samples[97].contract.versions.python,3.12.11
0,samples[97].contract.versions.torch,2.8.0+cu128
0,samples[97].contract.versions.vllm,0.10.2
0,samples[97].contract.versions.vllm_commit,01efc7ef781391e744ed08c3292817a773d654e6
0,samples[97].copy_s,7.468800246715545e-05
0,samples[97].expert_bytes,1572864
0,samples[97].experts_per_batch,1
0,samples[97].gather_s,0.019443125929683447
0,samples[97].mode,gather
0,samples[97].payload_bytes,1572864
0,samples[97].rank,2
0,samples[97].repetition,1
0,samples[97].wall_s,0.01959264324977994
0,samples[98].compute_s,
0,samples[98].contention,isolated
0,samples[98].contract.benchmark_policy_sha256,a51e2f06eccbbd7e1dbd0dfad28145edbdc58a6bf90f1dd7ceeb46af6ae1eaed
0,samples[98].contract.commit,2161d80517315fe9835ee3cf32c98f8e6b0343a7
0,samples[98].contract.hardware_sha256,9791dbc6d311596ecffb3eb44b417020cb7e142e79a148bc73feb7a0573b4bd1
0,samples[98].contract.tensor_parallel_size,4
0,samples[98].contract.versions.cuda,12.8
0,samples[98].contract.versions.python,3.12.11
0,samples[98].contract.versions.torch,2.8.0+cu128
0,samples[98].contract.versions.vllm,0.10.2
0,samples[98].contract.versions.vllm_commit,01efc7ef781391e744ed08c3292817a773d654e6
0,samples[98].copy_s,0.00010700800269842147
0,samples[98].expert_bytes,1572864
0,samples[98].experts_per_batch,1
0,samples[98].gather_s,0.019408284220844507
0,samples[98].mode,gather
0,samples[98].payload_bytes,1572864
0,samples[98].rank,2
0,samples[98].repetition,2
0,samples[98].wall_s,0.01965620368719101
0,samples[99].compute_s,
0,samples[99].contention,isolated
0,samples[99].contract.benchmark_policy_sha256,a51e2f06eccbbd7e1dbd0dfad28145edbdc58a6bf90f1dd7ceeb46af6ae1eaed
0,samples[99].contract.commit,2161d80517315fe9835ee3cf32c98f8e6b0343a7
0,samples[99].contract.hardware_sha256,9791dbc6d311596ecffb3eb44b417020cb7e142e79a148bc73feb7a0573b4bd1
0,samples[99].contract.tensor_parallel_size,4
0,samples[99].contract.versions.cuda,12.8
0,samples[99].contract.versions.python,3.12.11
0,samples[99].contract.versions.torch,2.8.0+cu128
0,samples[99].contract.versions.vllm,0.10.2
0,samples[99].contract.versions.vllm_commit,01efc7ef781391e744ed08c3292817a773d654e6
0,samples[99].copy_s,0.0004066239893436432
0,samples[99].expert_bytes,1572864
0,samples[99].experts_per_batch,8
0,samples[99].gather_s,0.0
0,samples[99].mode,contiguous
0,samples[99].payload_bytes,12582912
0,samples[99].rank,2
0,samples[99].repetition,0
0,samples[99].wall_s,0.00043545104563236237
0,samples[100].compute_s,
0,samples[100].contention,isolated
0,samples[100].contract.benchmark_policy_sha256,a51e2f06eccbbd7e1dbd0dfad28145edbdc58a6bf90f1dd7ceeb46af6ae1eaed
0,samples[100].contract.commit,2161d80517315fe9835ee3cf32c98f8e6b0343a7
0,samples[100].contract.hardware_sha256,9791dbc6d311596ecffb3eb44b417020cb7e142e79a148bc73feb7a0573b4bd1
0,samples[100].contract.tensor_parallel_size,4
0,samples[100].contract.versions.cuda,12.8
0,samples[100].contract.versions.python,3.12.11
0,samples[100].contract.versions.torch,2.8.0+cu128
0,samples[100].contract.versions.vllm,0.10.2
0,samples[100].contract.versions.vllm_commit,01efc7ef781391e744ed08c3292817a773d654e6
0,samples[100].copy_s,0.0004159039855003357
0,samples[100].expert_bytes,1572864
0,samples[100].experts_per_batch,8
0,samples[100].gather_s,0.0
0,samples[100].mode,contiguous
0,samples[100].payload_bytes,12582912
0,samples[100].rank,2
0,samples[100].repetition,1
0,samples[100].wall_s,0.00046292878687381744
0,samples[101].compute_s,
0,samples[101].contention,isolated
0,samples[101].contract.benchmark_policy_sha256,a51e2f06eccbbd7e1dbd0dfad28145edbdc58a6bf90f1dd7ceeb46af6ae1eaed
0,samples[101].contract.commit,2161d80517315fe9835ee3cf32c98f8e6b0343a7
0,samples[101].contract.hardware_sha256,9791dbc6d311596ecffb3eb44b417020cb7e142e79a148bc73feb7a0573b4bd1
0,samples[101].contract.tensor_parallel_size,4
0,samples[101].contract.versions.cuda,12.8
0,samples[101].contract.versions.python,3.12.11
0,samples[101].contract.versions.torch,2.8.0+cu128
0,samples[101].contract.versions.vllm,0.10.2
0,samples[101].contract.versions.vllm_commit,01efc7ef781391e744ed08c3292817a773d654e6
0,samples[101].copy_s,0.00044371199607849124
0,samples[101].expert_bytes,1572864
0,samples[101].experts_per_batch,8
0,samples[101].gather_s,0.0
0,samples[101].mode,contiguous
0,samples[101].payload_bytes,12582912
0,samples[101].rank,2
0,samples[101].repetition,2
0,samples[101].wall_s,0.0004827701486647129
0,samples[102].compute_s,
0,samples[102].contention,isolated
0,samples[102].contract.benchmark_policy_sha256,a51e2f06eccbbd7e1dbd0dfad28145edbdc58a6bf90f1dd7ceeb46af6ae1eaed
0,samples[102].contract.commit,2161d80517315fe9835ee3cf32c98f8e6b0343a7
0,samples[102].contract.hardware_sha256,9791dbc6d311596ecffb3eb44b417020cb7e142e79a148bc73feb7a0573b4bd1
0,samples[102].contract.tensor_parallel_size,4
0,samples[102].contract.versions.cuda,12.8
0,samples[102].contract.versions.python,3.12.11
0,samples[102].contract.versions.torch,2.8.0+cu128
0,samples[102].contract.versions.vllm,0.10.2
0,samples[102].contract.versions.vllm_commit,01efc7ef781391e744ed08c3292817a773d654e6
0,samples[102].copy_s,0.0003665919899940491
0,samples[102].expert_bytes,1572864
0,samples[102].experts_per_batch,8
0,samples[102].gather_s,0.0
0,samples[102].mode,fragmented
0,samples[102].payload_bytes,12582912
0,samples[102].rank,2
0,samples[102].repetition,0
0,samples[102].wall_s,0.0003993390128016472
0,samples[103].compute_s,
0,samples[103].contention,isolated
0,samples[103].contract.benchmark_policy_sha256,a51e2f06eccbbd7e1dbd0dfad28145edbdc58a6bf90f1dd7ceeb46af6ae1eaed
0,samples[103].contract.commit,2161d80517315fe9835ee3cf32c98f8e6b0343a7
0,samples[103].contract.hardware_sha256,9791dbc6d311596ecffb3eb44b417020cb7e142e79a148bc73feb7a0573b4bd1
0,samples[103].contract.tensor_parallel_size,4
0,samples[103].contract.versions.cuda,12.8
0,samples[103].contract.versions.python,3.12.11
0,samples[103].contract.versions.torch,2.8.0+cu128
0,samples[103].contract.versions.vllm,0.10.2
0,samples[103].contract.versions.vllm_commit,01efc7ef781391e744ed08c3292817a773d654e6
0,samples[103].copy_s,0.00042505601048469546
0,samples[103].expert_bytes,1572864
0,samples[103].experts_per_batch,8
0,samples[103].gather_s,0.0
0,samples[103].mode,fragmented
0,samples[103].payload_bytes,12582912
0,samples[103].rank,2
0,samples[103].repetition,1
0,samples[103].wall_s,0.0004861517809331417
0,samples[104].compute_s,
0,samples[104].contention,isolated
0,samples[104].contract.benchmark_policy_sha256,a51e2f06eccbbd7e1dbd0dfad28145edbdc58a6bf90f1dd7ceeb46af6ae1eaed
0,samples[104].contract.commit,2161d80517315fe9835ee3cf32c98f8e6b0343a7
0,samples[104].contract.hardware_sha256,9791dbc6d311596ecffb3eb44b417020cb7e142e79a148bc73feb7a0573b4bd1
0,samples[104].contract.tensor_parallel_size,4
0,samples[104].contract.versions.cuda,12.8
0,samples[104].contract.versions.python,3.12.11
0,samples[104].contract.versions.torch,2.8.0+cu128
0,samples[104].contract.versions.vllm,0.10.2
0,samples[104].contract.versions.vllm_commit,01efc7ef781391e744ed08c3292817a773d654e6
0,samples[104].copy_s,0.0003819519877433777
0,samples[104].expert_bytes,1572864
0,samples[104].experts_per_batch,8
0,samples[104].gather_s,0.0
0,samples[104].mode,fragmented
0,samples[104].payload_bytes,12582912
0,samples[104].rank,2
0,samples[104].repetition,2
0,samples[104].wall_s,0.0004278249107301235
0,samples[105].compute_s,
0,samples[105].contention,isolated
0,samples[105].contract.benchmark_policy_sha256,a51e2f06eccbbd7e1dbd0dfad28145edbdc58a6bf90f1dd7ceeb46af6ae1eaed
0,samples[105].contract.commit,2161d80517315fe9835ee3cf32c98f8e6b0343a7
0,samples[105].contract.hardware_sha256,9791dbc6d311596ecffb3eb44b417020cb7e142e79a148bc73feb7a0573b4bd1
0,samples[105].contract.tensor_parallel_size,4
0,samples[105].contract.versions.cuda,12.8
0,samples[105].contract.versions.python,3.12.11
0,samples[105].contract.versions.torch,2.8.0+cu128
0,samples[105].contract.versions.vllm,0.10.2
0,samples[105].contract.versions.vllm_commit,01efc7ef781391e744ed08c3292817a773d654e6
0,samples[105].copy_s,0.0003185279965400696
0,samples[105].expert_bytes,1572864
0,samples[105].experts_per_batch,8
0,samples[105].gather_s,0.1759713850915432
0,samples[105].mode,gather
0,samples[105].payload_bytes,12582912
0,samples[105].rank,2
0,samples[105].repetition,0
0,samples[105].wall_s,0.1764116222038865
0,samples[106].compute_s,
0,samples[106].contention,isolated
0,samples[106].contract.benchmark_policy_sha256,a51e2f06eccbbd7e1dbd0dfad28145edbdc58a6bf90f1dd7ceeb46af6ae1eaed
0,samples[106].contract.commit,2161d80517315fe9835ee3cf32c98f8e6b0343a7
0,samples[106].contract.hardware_sha256,9791dbc6d311596ecffb3eb44b417020cb7e142e79a148bc73feb7a0573b4bd1
0,samples[106].contract.tensor_parallel_size,4
0,samples[106].contract.versions.cuda,12.8
0,samples[106].contract.versions.python,3.12.11
0,samples[106].contract.versions.torch,2.8.0+cu128
0,samples[106].contract.versions.vllm,0.10.2
0,samples[106].contract.versions.vllm_commit,01efc7ef781391e744ed08c3292817a773d654e6
0,samples[106].copy_s,0.0003503040075302124
0,samples[106].expert_bytes,1572864
0,samples[106].experts_per_batch,8
0,samples[106].gather_s,0.16843824461102486
0,samples[106].mode,gather
0,samples[106].payload_bytes,12582912
0,samples[106].rank,2
0,samples[106].repetition,1
0,samples[106].wall_s,0.1689252438955009
0,samples[107].compute_s,
0,samples[107].contention,isolated
0,samples[107].contract.benchmark_policy_sha256,a51e2f06eccbbd7e1dbd0dfad28145edbdc58a6bf90f1dd7ceeb46af6ae1eaed
0,samples[107].contract.commit,2161d80517315fe9835ee3cf32c98f8e6b0343a7
0,samples[107].contract.hardware_sha256,9791dbc6d311596ecffb3eb44b417020cb7e142e79a148bc73feb7a0573b4bd1
0,samples[107].contract.tensor_parallel_size,4
0,samples[107].contract.versions.cuda,12.8
0,samples[107].contract.versions.python,3.12.11
0,samples[107].contract.versions.torch,2.8.0+cu128
0,samples[107].contract.versions.vllm,0.10.2
0,samples[107].contract.versions.vllm_commit,01efc7ef781391e744ed08c3292817a773d654e6
0,samples[107].copy_s,0.0003564159870147705
0,samples[107].expert_bytes,1572864
0,samples[107].experts_per_batch,8
0,samples[107].gather_s,0.16353703755885363
0,samples[107].mode,gather
0,samples[107].payload_bytes,12582912
0,samples[107].rank,2
0,samples[107].repetition,2
0,samples[107].wall_s,0.16408556094393134
0,samples[108].compute_s,
0,samples[108].contention,isolated
0,samples[108].contract.benchmark_policy_sha256,a51e2f06eccbbd7e1dbd0dfad28145edbdc58a6bf90f1dd7ceeb46af6ae1eaed
0,samples[108].contract.commit,2161d80517315fe9835ee3cf32c98f8e6b0343a7
0,samples[108].contract.hardware_sha256,9791dbc6d311596ecffb3eb44b417020cb7e142e79a148bc73feb7a0573b4bd1
0,samples[108].contract.tensor_parallel_size,4
0,samples[108].contract.versions.cuda,12.8
0,samples[108].contract.versions.python,3.12.11
0,samples[108].contract.versions.torch,2.8.0+cu128
0,samples[108].contract.versions.vllm,0.10.2
0,samples[108].contract.versions.vllm_commit,01efc7ef781391e744ed08c3292817a773d654e6
0,samples[108].copy_s,0.0012802239656448365
0,samples[108].expert_bytes,1572864
0,samples[108].experts_per_batch,32
0,samples[108].gather_s,0.0
0,samples[108].mode,contiguous
0,samples[108].payload_bytes,50331648
0,samples[108].rank,2
0,samples[108].repetition,0
0,samples[108].wall_s,0.0013110698200762272
0,samples[109].compute_s,
0,samples[109].contention,isolated
0,samples[109].contract.benchmark_policy_sha256,a51e2f06eccbbd7e1dbd0dfad28145edbdc58a6bf90f1dd7ceeb46af6ae1eaed
0,samples[109].contract.commit,2161d80517315fe9835ee3cf32c98f8e6b0343a7
0,samples[109].contract.hardware_sha256,9791dbc6d311596ecffb3eb44b417020cb7e142e79a148bc73feb7a0573b4bd1
0,samples[109].contract.tensor_parallel_size,4
0,samples[109].contract.versions.cuda,12.8
0,samples[109].contract.versions.python,3.12.11
0,samples[109].contract.versions.torch,2.8.0+cu128
0,samples[109].contract.versions.vllm,0.10.2
0,samples[109].contract.versions.vllm_commit,01efc7ef781391e744ed08c3292817a773d654e6
0,samples[109].copy_s,0.0013078080415725708
0,samples[109].expert_bytes,1572864
0,samples[109].experts_per_batch,32
0,samples[109].gather_s,0.0
0,samples[109].mode,contiguous
0,samples[109].payload_bytes,50331648
0,samples[109].rank,2
0,samples[109].repetition,1
0,samples[109].wall_s,0.0013745380565524101
0,samples[110].compute_s,
0,samples[110].contention,isolated
0,samples[110].contract.benchmark_policy_sha256,a51e2f06eccbbd7e1dbd0dfad28145edbdc58a6bf90f1dd7ceeb46af6ae1eaed
0,samples[110].contract.commit,2161d80517315fe9835ee3cf32c98f8e6b0343a7
0,samples[110].contract.hardware_sha256,9791dbc6d311596ecffb3eb44b417020cb7e142e79a148bc73feb7a0573b4bd1
0,samples[110].contract.tensor_parallel_size,4
0,samples[110].contract.versions.cuda,12.8
0,samples[110].contract.versions.python,3.12.11
0,samples[110].contract.versions.torch,2.8.0+cu128
0,samples[110].contract.versions.vllm,0.10.2
0,samples[110].contract.versions.vllm_commit,01efc7ef781391e744ed08c3292817a773d654e6
0,samples[110].copy_s,0.0013419840335845948
0,samples[110].expert_bytes,1572864
0,samples[110].experts_per_batch,32
0,samples[110].gather_s,0.0
0,samples[110].mode,contiguous
0,samples[110].payload_bytes,50331648
0,samples[110].rank,2
0,samples[110].repetition,2
0,samples[110].wall_s,0.0014161285944283009
0,samples[111].compute_s,
0,samples[111].contention,isolated
0,samples[111].contract.benchmark_policy_sha256,a51e2f06eccbbd7e1dbd0dfad28145edbdc58a6bf90f1dd7ceeb46af6ae1eaed
0,samples[111].contract.commit,2161d80517315fe9835ee3cf32c98f8e6b0343a7
0,samples[111].contract.hardware_sha256,9791dbc6d311596ecffb3eb44b417020cb7e142e79a148bc73feb7a0573b4bd1
0,samples[111].contract.tensor_parallel_size,4
0,samples[111].contract.versions.cuda,12.8
0,samples[111].contract.versions.python,3.12.11
0,samples[111].contract.versions.torch,2.8.0+cu128
0,samples[111].contract.versions.vllm,0.10.2
0,samples[111].contract.versions.vllm_commit,01efc7ef781391e744ed08c3292817a773d654e6
0,samples[111].copy_s,0.001368191957473755
0,samples[111].expert_bytes,1572864
0,samples[111].experts_per_batch,32
0,samples[111].gather_s,0.0
0,samples[111].mode,fragmented
0,samples[111].payload_bytes,50331648
0,samples[111].rank,2
0,samples[111].repetition,0
0,samples[111].wall_s,0.0014019347727298737
0,samples[112].compute_s,
0,samples[112].contention,isolated
0,samples[112].contract.benchmark_policy_sha256,a51e2f06eccbbd7e1dbd0dfad28145edbdc58a6bf90f1dd7ceeb46af6ae1eaed
0,samples[112].contract.commit,2161d80517315fe9835ee3cf32c98f8e6b0343a7
0,samples[112].contract.hardware_sha256,9791dbc6d311596ecffb3eb44b417020cb7e142e79a148bc73feb7a0573b4bd1
0,samples[112].contract.tensor_parallel_size,4
0,samples[112].contract.versions.cuda,12.8
0,samples[112].contract.versions.python,3.12.11
0,samples[112].contract.versions.torch,2.8.0+cu128
0,samples[112].contract.versions.vllm,0.10.2
0,samples[112].contract.versions.vllm_commit,01efc7ef781391e744ed08c3292817a773d654e6
0,samples[112].copy_s,0.0014113600254058837
0,samples[112].expert_bytes,1572864
0,samples[112].experts_per_batch,32
0,samples[112].gather_s,0.0
0,samples[112].mode,fragmented
0,samples[112].payload_bytes,50331648
0,samples[112].rank,2
0,samples[112].repetition,1
0,samples[112].wall_s,0.00145660899579525
0,samples[113].compute_s,
0,samples[113].contention,isolated
0,samples[113].contract.benchmark_policy_sha256,a51e2f06eccbbd7e1dbd0dfad28145edbdc58a6bf90f1dd7ceeb46af6ae1eaed
0,samples[113].contract.commit,2161d80517315fe9835ee3cf32c98f8e6b0343a7
0,samples[113].contract.hardware_sha256,9791dbc6d311596ecffb3eb44b417020cb7e142e79a148bc73feb7a0573b4bd1
0,samples[113].contract.tensor_parallel_size,4
0,samples[113].contract.versions.cuda,12.8
0,samples[113].contract.versions.python,3.12.11
0,samples[113].contract.versions.torch,2.8.0+cu128
0,samples[113].contract.versions.vllm,0.10.2
0,samples[113].contract.versions.vllm_commit,01efc7ef781391e744ed08c3292817a773d654e6
0,samples[113].copy_s,0.0013621759414672852
0,samples[113].expert_bytes,1572864
0,samples[113].experts_per_batch,32
0,samples[113].gather_s,0.0
0,samples[113].mode,fragmented
0,samples[113].payload_bytes,50331648
0,samples[113].rank,2
0,samples[113].repetition,2
0,samples[113].wall_s,0.0014030770398676395
0,samples[114].compute_s,
0,samples[114].contention,isolated
0,samples[114].contract.benchmark_policy_sha256,a51e2f06eccbbd7e1dbd0dfad28145edbdc58a6bf90f1dd7ceeb46af6ae1eaed
0,samples[114].contract.commit,2161d80517315fe9835ee3cf32c98f8e6b0343a7
0,samples[114].contract.hardware_sha256,9791dbc6d311596ecffb3eb44b417020cb7e142e79a148bc73feb7a0573b4bd1
0,samples[114].contract.tensor_parallel_size,4
0,samples[114].contract.versions.cuda,12.8
0,samples[114].contract.versions.python,3.12.11
0,samples[114].contract.versions.torch,2.8.0+cu128
0,samples[114].contract.versions.vllm,0.10.2
0,samples[114].contract.versions.vllm_commit,01efc7ef781391e744ed08c3292817a773d654e6
0,samples[114].copy_s,0.0010632319450378418
0,samples[114].expert_bytes,1572864
0,samples[114].experts_per_batch,32
0,samples[114].gather_s,0.6696418197825551
0,samples[114].mode,gather
0,samples[114].payload_bytes,50331648
0,samples[114].rank,2
0,samples[114].repetition,0
0,samples[114].wall_s,0.6709919581189752
0,samples[115].compute_s,
0,samples[115].contention,isolated
0,samples[115].contract.benchmark_policy_sha256,a51e2f06eccbbd7e1dbd0dfad28145edbdc58a6bf90f1dd7ceeb46af6ae1eaed
0,samples[115].contract.commit,2161d80517315fe9835ee3cf32c98f8e6b0343a7
0,samples[115].contract.hardware_sha256,9791dbc6d311596ecffb3eb44b417020cb7e142e79a148bc73feb7a0573b4bd1
0,samples[115].contract.tensor_parallel_size,4
0,samples[115].contract.versions.cuda,12.8
0,samples[115].contract.versions.python,3.12.11
0,samples[115].contract.versions.torch,2.8.0+cu128
0,samples[115].contract.versions.vllm,0.10.2
0,samples[115].contract.versions.vllm_commit,01efc7ef781391e744ed08c3292817a773d654e6
0,samples[115].copy_s,0.0010547200441360473
0,samples[115].expert_bytes,1572864
0,samples[115].experts_per_batch,32
0,samples[115].gather_s,0.6663012462668121
0,samples[115].mode,gather
0,samples[115].payload_bytes,50331648
0,samples[115].rank,2
0,samples[115].repetition,1
0,samples[115].wall_s,0.6675786548294127
0,samples[116].compute_s,
0,samples[116].contention,isolated
0,samples[116].contract.benchmark_policy_sha256,a51e2f06eccbbd7e1dbd0dfad28145edbdc58a6bf90f1dd7ceeb46af6ae1eaed
0,samples[116].contract.commit,2161d80517315fe9835ee3cf32c98f8e6b0343a7
0,samples[116].contract.hardware_sha256,9791dbc6d311596ecffb3eb44b417020cb7e142e79a148bc73feb7a0573b4bd1
0,samples[116].contract.tensor_parallel_size,4
0,samples[116].contract.versions.cuda,12.8
0,samples[116].contract.versions.python,3.12.11
0,samples[116].contract.versions.torch,2.8.0+cu128
0,samples[116].contract.versions.vllm,0.10.2
0,samples[116].contract.versions.vllm_commit,01efc7ef781391e744ed08c3292817a773d654e6
0,samples[116].copy_s,0.0010025919675827027
0,samples[116].expert_bytes,1572864
0,samples[116].experts_per_batch,32
0,samples[116].gather_s,0.611803509760648
0,samples[116].mode,gather
0,samples[116].payload_bytes,50331648
0,samples[116].rank,2
0,samples[116].repetition,2
0,samples[116].wall_s,0.612934289034456
0,samples[117].compute_s,
0,samples[117].contention,isolated
0,samples[117].contract.benchmark_policy_sha256,a51e2f06eccbbd7e1dbd0dfad28145edbdc58a6bf90f1dd7ceeb46af6ae1eaed
0,samples[117].contract.commit,2161d80517315fe9835ee3cf32c98f8e6b0343a7
0,samples[117].contract.hardware_sha256,9791dbc6d311596ecffb3eb44b417020cb7e142e79a148bc73feb7a0573b4bd1
0,samples[117].contract.tensor_parallel_size,4
0,samples[117].contract.versions.cuda,12.8
0,samples[117].contract.versions.python,3.12.11
0,samples[117].contract.versions.torch,2.8.0+cu128
0,samples[117].contract.versions.vllm,0.10.2
0,samples[117].contract.versions.vllm_commit,01efc7ef781391e744ed08c3292817a773d654e6
0,samples[117].copy_s,0.007911295890808105
0,samples[117].expert_bytes,1572864
0,samples[117].experts_per_batch,128
0,samples[117].gather_s,0.0
0,samples[117].mode,contiguous
0,samples[117].payload_bytes,201326592
0,samples[117].rank,2
0,samples[117].repetition,0
0,samples[117].wall_s,0.007938086055219173
0,samples[118].compute_s,
0,samples[118].contention,isolated
0,samples[118].contract.benchmark_policy_sha256,a51e2f06eccbbd7e1dbd0dfad28145edbdc58a6bf90f1dd7ceeb46af6ae1eaed
0,samples[118].contract.commit,2161d80517315fe9835ee3cf32c98f8e6b0343a7
0,samples[118].contract.hardware_sha256,9791dbc6d311596ecffb3eb44b417020cb7e142e79a148bc73feb7a0573b4bd1
0,samples[118].contract.tensor_parallel_size,4
0,samples[118].contract.versions.cuda,12.8
0,samples[118].contract.versions.python,3.12.11
0,samples[118].contract.versions.torch,2.8.0+cu128
0,samples[118].contract.versions.vllm,0.10.2
0,samples[118].contract.versions.vllm_commit,01efc7ef781391e744ed08c3292817a773d654e6
0,samples[118].copy_s,0.008340831756591796
0,samples[118].expert_bytes,1572864
0,samples[118].experts_per_batch,128
0,samples[118].gather_s,0.0
0,samples[118].mode,contiguous
0,samples[118].payload_bytes,201326592
0,samples[118].rank,2
0,samples[118].repetition,1
0,samples[118].wall_s,0.008382110856473446
0,samples[119].compute_s,
0,samples[119].contention,isolated
0,samples[119].contract.benchmark_policy_sha256,a51e2f06eccbbd7e1dbd0dfad28145edbdc58a6bf90f1dd7ceeb46af6ae1eaed
0,samples[119].contract.commit,2161d80517315fe9835ee3cf32c98f8e6b0343a7
0,samples[119].contract.hardware_sha256,9791dbc6d311596ecffb3eb44b417020cb7e142e79a148bc73feb7a0573b4bd1
0,samples[119].contract.tensor_parallel_size,4
0,samples[119].contract.versions.cuda,12.8
0,samples[119].contract.versions.python,3.12.11
0,samples[119].contract.versions.torch,2.8.0+cu128
0,samples[119].contract.versions.vllm,0.10.2
0,samples[119].contract.versions.vllm_commit,01efc7ef781391e744ed08c3292817a773d654e6
0,samples[119].copy_s,0.00851580810546875
0,samples[119].expert_bytes,1572864
0,samples[119].experts_per_batch,128
0,samples[119].gather_s,0.0
0,samples[119].mode,contiguous
0,samples[119].payload_bytes,201326592
0,samples[119].rank,2
0,samples[119].repetition,2
0,samples[119].wall_s,0.008553079795092344
0,samples[120].compute_s,
0,samples[120].contention,isolated
0,samples[120].contract.benchmark_policy_sha256,a51e2f06eccbbd7e1dbd0dfad28145edbdc58a6bf90f1dd7ceeb46af6ae1eaed
0,samples[120].contract.commit,2161d80517315fe9835ee3cf32c98f8e6b0343a7
0,samples[120].contract.hardware_sha256,9791dbc6d311596ecffb3eb44b417020cb7e142e79a148bc73feb7a0573b4bd1
0,samples[120].contract.tensor_parallel_size,4
0,samples[120].contract.versions.cuda,12.8
0,samples[120].contract.versions.python,3.12.11
0,samples[120].contract.versions.torch,2.8.0+cu128
0,samples[120].contract.versions.vllm,0.10.2
0,samples[120].contract.versions.vllm_commit,01efc7ef781391e744ed08c3292817a773d654e6
0,samples[120].copy_s,0.005909247875213623
0,samples[120].expert_bytes,1572864
0,samples[120].experts_per_batch,128
0,samples[120].gather_s,0.0
0,samples[120].mode,fragmented
0,samples[120].payload_bytes,201326592
0,samples[120].rank,2
0,samples[120].repetition,0
0,samples[120].wall_s,0.005938679911196232
0,samples[121].compute_s,
0,samples[121].contention,isolated
0,samples[121].contract.benchmark_policy_sha256,a51e2f06eccbbd7e1dbd0dfad28145edbdc58a6bf90f1dd7ceeb46af6ae1eaed
0,samples[121].contract.commit,2161d80517315fe9835ee3cf32c98f8e6b0343a7
0,samples[121].contract.hardware_sha256,9791dbc6d311596ecffb3eb44b417020cb7e142e79a148bc73feb7a0573b4bd1
0,samples[121].contract.tensor_parallel_size,4
0,samples[121].contract.versions.cuda,12.8
0,samples[121].contract.versions.python,3.12.11
0,samples[121].contract.versions.torch,2.8.0+cu128
0,samples[121].contract.versions.vllm,0.10.2
0,samples[121].contract.versions.vllm_commit,01efc7ef781391e744ed08c3292817a773d654e6
0,samples[121].copy_s,0.006008959770202636
0,samples[121].expert_bytes,1572864
0,samples[121].experts_per_batch,128
0,samples[121].gather_s,0.0
0,samples[121].mode,fragmented
0,samples[121].payload_bytes,201326592
0,samples[121].rank,2
0,samples[121].repetition,1
0,samples[121].wall_s,0.006053784862160683
0,samples[122].compute_s,
0,samples[122].contention,isolated
0,samples[122].contract.benchmark_policy_sha256,a51e2f06eccbbd7e1dbd0dfad28145edbdc58a6bf90f1dd7ceeb46af6ae1eaed
0,samples[122].contract.commit,2161d80517315fe9835ee3cf32c98f8e6b0343a7
0,samples[122].contract.hardware_sha256,9791dbc6d311596ecffb3eb44b417020cb7e142e79a148bc73feb7a0573b4bd1
0,samples[122].contract.tensor_parallel_size,4
0,samples[122].contract.versions.cuda,12.8
0,samples[122].contract.versions.python,3.12.11
0,samples[122].contract.versions.torch,2.8.0+cu128
0,samples[122].contract.versions.vllm,0.10.2
0,samples[122].contract.versions.vllm_commit,01efc7ef781391e744ed08c3292817a773d654e6
0,samples[122].copy_s,0.006032415866851807
0,samples[122].expert_bytes,1572864
0,samples[122].experts_per_batch,128
0,samples[122].gather_s,0.0
0,samples[122].mode,fragmented
0,samples[122].payload_bytes,201326592
0,samples[122].rank,2
0,samples[122].repetition,2
0,samples[122].wall_s,0.0060733612626791
0,samples[123].compute_s,
0,samples[123].contention,isolated
0,samples[123].contract.benchmark_policy_sha256,a51e2f06eccbbd7e1dbd0dfad28145edbdc58a6bf90f1dd7ceeb46af6ae1eaed
0,samples[123].contract.commit,2161d80517315fe9835ee3cf32c98f8e6b0343a7
0,samples[123].contract.hardware_sha256,9791dbc6d311596ecffb3eb44b417020cb7e142e79a148bc73feb7a0573b4bd1
0,samples[123].contract.tensor_parallel_size,4
0,samples[123].contract.versions.cuda,12.8
0,samples[123].contract.versions.python,3.12.11
0,samples[123].contract.versions.torch,2.8.0+cu128
0,samples[123].contract.versions.vllm,0.10.2
0,samples[123].contract.versions.vllm_commit,01efc7ef781391e744ed08c3292817a773d654e6
0,samples[123].copy_s,0.003816672086715698
0,samples[123].expert_bytes,1572864
0,samples[123].experts_per_batch,128
0,samples[123].gather_s,2.295535204000771
0,samples[123].mode,gather
0,samples[123].payload_bytes,201326592
0,samples[123].rank,2
0,samples[123].repetition,0
0,samples[123].wall_s,2.3005058602429926
0,samples[124].compute_s,
0,samples[124].contention,isolated
0,samples[124].contract.benchmark_policy_sha256,a51e2f06eccbbd7e1dbd0dfad28145edbdc58a6bf90f1dd7ceeb46af6ae1eaed
0,samples[124].contract.commit,2161d80517315fe9835ee3cf32c98f8e6b0343a7
0,samples[124].contract.hardware_sha256,9791dbc6d311596ecffb3eb44b417020cb7e142e79a148bc73feb7a0573b4bd1
0,samples[124].contract.tensor_parallel_size,4
0,samples[124].contract.versions.cuda,12.8
0,samples[124].contract.versions.python,3.12.11
0,samples[124].contract.versions.torch,2.8.0+cu128
0,samples[124].contract.versions.vllm,0.10.2
0,samples[124].contract.versions.vllm_commit,01efc7ef781391e744ed08c3292817a773d654e6
0,samples[124].copy_s,0.0037668159008026124
0,samples[124].expert_bytes,1572864
0,samples[124].experts_per_batch,128
0,samples[124].gather_s,2.3373702191747725
0,samples[124].mode,gather
0,samples[124].payload_bytes,201326592
0,samples[124].rank,2
0,samples[124].repetition,1
0,samples[124].wall_s,2.3413223237730563
0,samples[125].compute_s,
0,samples[125].contention,isolated
0,samples[125].contract.benchmark_policy_sha256,a51e2f06eccbbd7e1dbd0dfad28145edbdc58a6bf90f1dd7ceeb46af6ae1eaed
0,samples[125].contract.commit,2161d80517315fe9835ee3cf32c98f8e6b0343a7
0,samples[125].contract.hardware_sha256,9791dbc6d311596ecffb3eb44b417020cb7e142e79a148bc73feb7a0573b4bd1
0,samples[125].contract.tensor_parallel_size,4
0,samples[125].contract.versions.cuda,12.8
0,samples[125].contract.versions.python,3.12.11
0,samples[125].contract.versions.torch,2.8.0+cu128
0,samples[125].contract.versions.vllm,0.10.2
0,samples[125].contract.versions.vllm_commit,01efc7ef781391e744ed08c3292817a773d654e6
0,samples[125].copy_s,0.003781440019607544
0,samples[125].expert_bytes,1572864
0,samples[125].experts_per_batch,128
0,samples[125].gather_s,2.205878351815045
0,samples[125].mode,gather
0,samples[125].payload_bytes,201326592
0,samples[125].rank,2
0,samples[125].repetition,2
0,samples[125].wall_s,2.209811477921903
0,samples[126].compute_s,
0,samples[126].contention,isolated
0,samples[126].contract.benchmark_policy_sha256,a51e2f06eccbbd7e1dbd0dfad28145edbdc58a6bf90f1dd7ceeb46af6ae1eaed
0,samples[126].contract.commit,2161d80517315fe9835ee3cf32c98f8e6b0343a7
0,samples[126].contract.hardware_sha256,9791dbc6d311596ecffb3eb44b417020cb7e142e79a148bc73feb7a0573b4bd1
0,samples[126].contract.tensor_parallel_size,4
0,samples[126].contract.versions.cuda,12.8
0,samples[126].contract.versions.python,3.12.11
0,samples[126].contract.versions.torch,2.8.0+cu128
0,samples[126].contract.versions.vllm,0.10.2
0,samples[126].contract.versions.vllm_commit,01efc7ef781391e744ed08c3292817a773d654e6
0,samples[126].copy_s,0.03445305633544922
0,samples[126].expert_bytes,1572864
0,samples[126].experts_per_batch,512
0,samples[126].gather_s,0.0
0,samples[126].mode,contiguous
0,samples[126].payload_bytes,805306368
0,samples[126].rank,2
0,samples[126].repetition,0
0,samples[126].wall_s,0.034477222710847855
0,samples[127].compute_s,
0,samples[127].contention,isolated
0,samples[127].contract.benchmark_policy_sha256,a51e2f06eccbbd7e1dbd0dfad28145edbdc58a6bf90f1dd7ceeb46af6ae1eaed
0,samples[127].contract.commit,2161d80517315fe9835ee3cf32c98f8e6b0343a7
0,samples[127].contract.hardware_sha256,9791dbc6d311596ecffb3eb44b417020cb7e142e79a148bc73feb7a0573b4bd1
0,samples[127].contract.tensor_parallel_size,4
0,samples[127].contract.versions.cuda,12.8
0,samples[127].contract.versions.python,3.12.11
0,samples[127].contract.versions.torch,2.8.0+cu128
0,samples[127].contract.versions.vllm,0.10.2
0,samples[127].contract.versions.vllm_commit,01efc7ef781391e744ed08c3292817a773d654e6
0,samples[127].copy_s,0.03454956817626953
0,samples[127].expert_bytes,1572864
0,samples[127].experts_per_batch,512
0,samples[127].gather_s,0.0
0,samples[127].mode,contiguous
0,samples[127].payload_bytes,805306368
0,samples[127].rank,2
0,samples[127].repetition,1
0,samples[127].wall_s,0.03458781773224473
0,samples[128].compute_s,
0,samples[128].contention,isolated
0,samples[128].contract.benchmark_policy_sha256,a51e2f06eccbbd7e1dbd0dfad28145edbdc58a6bf90f1dd7ceeb46af6ae1eaed
0,samples[128].contract.commit,2161d80517315fe9835ee3cf32c98f8e6b0343a7
0,samples[128].contract.hardware_sha256,9791dbc6d311596ecffb3eb44b417020cb7e142e79a148bc73feb7a0573b4bd1
0,samples[128].contract.tensor_parallel_size,4
0,samples[128].contract.versions.cuda,12.8
0,samples[128].contract.versions.python,3.12.11
0,samples[128].contract.versions.torch,2.8.0+cu128
0,samples[128].contract.versions.vllm,0.10.2
0,samples[128].contract.versions.vllm_commit,01efc7ef781391e744ed08c3292817a773d654e6
0,samples[128].copy_s,0.0345483512878418
0,samples[128].expert_bytes,1572864
0,samples[128].experts_per_batch,512
0,samples[128].gather_s,0.0
0,samples[128].mode,contiguous
0,samples[128].payload_bytes,805306368
0,samples[128].rank,2
0,samples[128].repetition,2
0,samples[128].wall_s,0.03458916023373604
0,samples[129].compute_s,
0,samples[129].contention,isolated
0,samples[129].contract.benchmark_policy_sha256,a51e2f06eccbbd7e1dbd0dfad28145edbdc58a6bf90f1dd7ceeb46af6ae1eaed
0,samples[129].contract.commit,2161d80517315fe9835ee3cf32c98f8e6b0343a7
0,samples[129].contract.hardware_sha256,9791dbc6d311596ecffb3eb44b417020cb7e142e79a148bc73feb7a0573b4bd1
0,samples[129].contract.tensor_parallel_size,4
0,samples[129].contract.versions.cuda,12.8
0,samples[129].contract.versions.python,3.12.11
0,samples[129].contract.versions.torch,2.8.0+cu128
0,samples[129].contract.versions.vllm,0.10.2
0,samples[129].contract.versions.vllm_commit,01efc7ef781391e744ed08c3292817a773d654e6
0,samples[129].copy_s,0.026972095489501954
0,samples[129].expert_bytes,1572864
0,samples[129].experts_per_batch,512
0,samples[129].gather_s,0.0
0,samples[129].mode,fragmented
0,samples[129].payload_bytes,805306368
0,samples[129].rank,2
0,samples[129].repetition,0
0,samples[129].wall_s,0.02702012937515974
0,samples[130].compute_s,
0,samples[130].contention,isolated
0,samples[130].contract.benchmark_policy_sha256,a51e2f06eccbbd7e1dbd0dfad28145edbdc58a6bf90f1dd7ceeb46af6ae1eaed
0,samples[130].contract.commit,2161d80517315fe9835ee3cf32c98f8e6b0343a7
0,samples[130].contract.hardware_sha256,9791dbc6d311596ecffb3eb44b417020cb7e142e79a148bc73feb7a0573b4bd1
0,samples[130].contract.tensor_parallel_size,4
0,samples[130].contract.versions.cuda,12.8
0,samples[130].contract.versions.python,3.12.11
0,samples[130].contract.versions.torch,2.8.0+cu128
0,samples[130].contract.versions.vllm,0.10.2
0,samples[130].contract.versions.vllm_commit,01efc7ef781391e744ed08c3292817a773d654e6
0,samples[130].copy_s,0.026952287673950196
0,samples[130].expert_bytes,1572864
0,samples[130].experts_per_batch,512
0,samples[130].gather_s,0.0
0,samples[130].mode,fragmented
0,samples[130].payload_bytes,805306368
0,samples[130].rank,2
0,samples[130].repetition,1
0,samples[130].wall_s,0.026989125180989504
0,samples[131].compute_s,
0,samples[131].contention,isolated
0,samples[131].contract.benchmark_policy_sha256,a51e2f06eccbbd7e1dbd0dfad28145edbdc58a6bf90f1dd7ceeb46af6ae1eaed
0,samples[131].contract.commit,2161d80517315fe9835ee3cf32c98f8e6b0343a7
0,samples[131].contract.hardware_sha256,9791dbc6d311596ecffb3eb44b417020cb7e142e79a148bc73feb7a0573b4bd1
0,samples[131].contract.tensor_parallel_size,4
0,samples[131].contract.versions.cuda,12.8
0,samples[131].contract.versions.python,3.12.11
0,samples[131].contract.versions.torch,2.8.0+cu128
0,samples[131].contract.versions.vllm,0.10.2
0,samples[131].contract.versions.vllm_commit,01efc7ef781391e744ed08c3292817a773d654e6
0,samples[131].copy_s,0.027062463760375976
0,samples[131].expert_bytes,1572864
0,samples[131].experts_per_batch,512
0,samples[131].gather_s,0.0
0,samples[131].mode,fragmented
0,samples[131].payload_bytes,805306368
0,samples[131].rank,2
0,samples[131].repetition,2
0,samples[131].wall_s,0.027098078280687332
0,samples[132].compute_s,
0,samples[132].contention,isolated
0,samples[132].contract.benchmark_policy_sha256,a51e2f06eccbbd7e1dbd0dfad28145edbdc58a6bf90f1dd7ceeb46af6ae1eaed
0,samples[132].contract.commit,2161d80517315fe9835ee3cf32c98f8e6b0343a7
0,samples[132].contract.hardware_sha256,9791dbc6d311596ecffb3eb44b417020cb7e142e79a148bc73feb7a0573b4bd1
0,samples[132].contract.tensor_parallel_size,4
0,samples[132].contract.versions.cuda,12.8
0,samples[132].contract.versions.python,3.12.11
0,samples[132].contract.versions.torch,2.8.0+cu128
0,samples[132].contract.versions.vllm,0.10.2
0,samples[132].contract.versions.vllm_commit,01efc7ef781391e744ed08c3292817a773d654e6
0,samples[132].copy_s,0.017137504577636718
0,samples[132].expert_bytes,1572864
0,samples[132].experts_per_batch,512
0,samples[132].gather_s,9.418937939219177
0,samples[132].mode,gather
0,samples[132].payload_bytes,805306368
0,samples[132].rank,2
0,samples[132].repetition,0
0,samples[132].wall_s,9.436749320011586
0,samples[133].compute_s,
0,samples[133].contention,isolated
0,samples[133].contract.benchmark_policy_sha256,a51e2f06eccbbd7e1dbd0dfad28145edbdc58a6bf90f1dd7ceeb46af6ae1eaed
0,samples[133].contract.commit,2161d80517315fe9835ee3cf32c98f8e6b0343a7
0,samples[133].contract.hardware_sha256,9791dbc6d311596ecffb3eb44b417020cb7e142e79a148bc73feb7a0573b4bd1
0,samples[133].contract.tensor_parallel_size,4
0,samples[133].contract.versions.cuda,12.8
0,samples[133].contract.versions.python,3.12.11
0,samples[133].contract.versions.torch,2.8.0+cu128
0,samples[133].contract.versions.vllm,0.10.2
0,samples[133].contract.versions.vllm_commit,01efc7ef781391e744ed08c3292817a773d654e6
0,samples[133].copy_s,0.017177087783813477
0,samples[133].expert_bytes,1572864
0,samples[133].experts_per_batch,512
0,samples[133].gather_s,9.389968197792768
0,samples[133].mode,gather
0,samples[133].payload_bytes,805306368
0,samples[133].rank,2
0,samples[133].repetition,1
0,samples[133].wall_s,9.40769697772339
0,samples[134].compute_s,
0,samples[134].contention,isolated
0,samples[134].contract.benchmark_policy_sha256,a51e2f06eccbbd7e1dbd0dfad28145edbdc58a6bf90f1dd7ceeb46af6ae1eaed
0,samples[134].contract.commit,2161d80517315fe9835ee3cf32c98f8e6b0343a7
0,samples[134].contract.hardware_sha256,9791dbc6d311596ecffb3eb44b417020cb7e142e79a148bc73feb7a0573b4bd1
0,samples[134].contract.tensor_parallel_size,4
0,samples[134].contract.versions.cuda,12.8
0,samples[134].contract.versions.python,3.12.11
0,samples[134].contract.versions.torch,2.8.0+cu128
0,samples[134].contract.versions.vllm,0.10.2
0,samples[134].contract.versions.vllm_commit,01efc7ef781391e744ed08c3292817a773d654e6
0,samples[134].copy_s,0.017614463806152343
0,samples[134].expert_bytes,1572864
0,samples[134].experts_per_batch,512
0,samples[134].gather_s,8.495769120752811
0,samples[134].mode,gather
0,samples[134].payload_bytes,805306368
0,samples[134].rank,2
0,samples[134].repetition,2
0,samples[134].wall_s,8.51365153491497
0,samples[135].compute_s,
0,samples[135].contention,isolated
0,samples[135].contract.benchmark_policy_sha256,a51e2f06eccbbd7e1dbd0dfad28145edbdc58a6bf90f1dd7ceeb46af6ae1eaed
0,samples[135].contract.commit,2161d80517315fe9835ee3cf32c98f8e6b0343a7
0,samples[135].contract.hardware_sha256,9791dbc6d311596ecffb3eb44b417020cb7e142e79a148bc73feb7a0573b4bd1
0,samples[135].contract.tensor_parallel_size,4
0,samples[135].contract.versions.cuda,12.8
0,samples[135].contract.versions.python,3.12.11
0,samples[135].contract.versions.torch,2.8.0+cu128
0,samples[135].contract.versions.vllm,0.10.2
0,samples[135].contract.versions.vllm_commit,01efc7ef781391e744ed08c3292817a773d654e6
0,samples[135].copy_s,5.2960000932216646e-05
0,samples[135].expert_bytes,1572864
0,samples[135].experts_per_batch,1
0,samples[135].gather_s,0.0
0,samples[135].mode,contiguous
0,samples[135].payload_bytes,1572864
0,samples[135].rank,3
0,samples[135].repetition,0
0,samples[135].wall_s,8.719321340322495e-05
0,samples[136].compute_s,
0,samples[136].contention,isolated
0,samples[136].contract.benchmark_policy_sha256,a51e2f06eccbbd7e1dbd0dfad28145edbdc58a6bf90f1dd7ceeb46af6ae1eaed
0,samples[136].contract.commit,2161d80517315fe9835ee3cf32c98f8e6b0343a7
0,samples[136].contract.hardware_sha256,9791dbc6d311596ecffb3eb44b417020cb7e142e79a148bc73feb7a0573b4bd1
0,samples[136].contract.tensor_parallel_size,4
0,samples[136].contract.versions.cuda,12.8
0,samples[136].contract.versions.python,3.12.11
0,samples[136].contract.versions.torch,2.8.0+cu128
0,samples[136].contract.versions.vllm,0.10.2
0,samples[136].contract.versions.vllm_commit,01efc7ef781391e744ed08c3292817a773d654e6
0,samples[136].copy_s,6.419199705123901e-05
0,samples[136].expert_bytes,1572864
0,samples[136].experts_per_batch,1
0,samples[136].gather_s,0.0
0,samples[136].mode,contiguous
0,samples[136].payload_bytes,1572864
0,samples[136].rank,3
0,samples[136].repetition,1
0,samples[136].wall_s,0.00010419078171253204
0,samples[137].compute_s,
0,samples[137].contention,isolated
0,samples[137].contract.benchmark_policy_sha256,a51e2f06eccbbd7e1dbd0dfad28145edbdc58a6bf90f1dd7ceeb46af6ae1eaed
0,samples[137].contract.commit,2161d80517315fe9835ee3cf32c98f8e6b0343a7
0,samples[137].contract.hardware_sha256,9791dbc6d311596ecffb3eb44b417020cb7e142e79a148bc73feb7a0573b4bd1
0,samples[137].contract.tensor_parallel_size,4
0,samples[137].contract.versions.cuda,12.8
0,samples[137].contract.versions.python,3.12.11
0,samples[137].contract.versions.torch,2.8.0+cu128
0,samples[137].contract.versions.vllm,0.10.2
0,samples[137].contract.versions.vllm_commit,01efc7ef781391e744ed08c3292817a773d654e6
0,samples[137].copy_s,5.78560009598732e-05
0,samples[137].expert_bytes,1572864
0,samples[137].experts_per_batch,1
0,samples[137].gather_s,0.0
0,samples[137].mode,contiguous
0,samples[137].payload_bytes,1572864
0,samples[137].rank,3
0,samples[137].repetition,2
0,samples[137].wall_s,9.65590588748455e-05
0,samples[138].compute_s,
0,samples[138].contention,isolated
0,samples[138].contract.benchmark_policy_sha256,a51e2f06eccbbd7e1dbd0dfad28145edbdc58a6bf90f1dd7ceeb46af6ae1eaed
0,samples[138].contract.commit,2161d80517315fe9835ee3cf32c98f8e6b0343a7
0,samples[138].contract.hardware_sha256,9791dbc6d311596ecffb3eb44b417020cb7e142e79a148bc73feb7a0573b4bd1
0,samples[138].contract.tensor_parallel_size,4
0,samples[138].contract.versions.cuda,12.8
0,samples[138].contract.versions.python,3.12.11
0,samples[138].contract.versions.torch,2.8.0+cu128
0,samples[138].contract.versions.vllm,0.10.2
0,samples[138].contract.versions.vllm_commit,01efc7ef781391e744ed08c3292817a773d654e6
0,samples[138].copy_s,7.769600301980973e-05
0,samples[138].expert_bytes,1572864
0,samples[138].experts_per_batch,1
0,samples[138].gather_s,0.0
0,samples[138].mode,fragmented
0,samples[138].payload_bytes,1572864
0,samples[138].rank,3
0,samples[138].repetition,0
0,samples[138].wall_s,0.00013066967949271202
0,samples[139].compute_s,
0,samples[139].contention,isolated
0,samples[139].contract.benchmark_policy_sha256,a51e2f06eccbbd7e1dbd0dfad28145edbdc58a6bf90f1dd7ceeb46af6ae1eaed
0,samples[139].contract.commit,2161d80517315fe9835ee3cf32c98f8e6b0343a7
0,samples[139].contract.hardware_sha256,9791dbc6d311596ecffb3eb44b417020cb7e142e79a148bc73feb7a0573b4bd1
0,samples[139].contract.tensor_parallel_size,4
0,samples[139].contract.versions.cuda,12.8
0,samples[139].contract.versions.python,3.12.11
0,samples[139].contract.versions.torch,2.8.0+cu128
0,samples[139].contract.versions.vllm,0.10.2
0,samples[139].contract.versions.vllm_commit,01efc7ef781391e744ed08c3292817a773d654e6
0,samples[139].copy_s,0.00010867200046777726
0,samples[139].expert_bytes,1572864
0,samples[139].experts_per_batch,1
0,samples[139].gather_s,0.0
0,samples[139].mode,fragmented
0,samples[139].payload_bytes,1572864
0,samples[139].rank,3
0,samples[139].repetition,1
0,samples[139].wall_s,0.00017659086734056473
0,samples[140].compute_s,
0,samples[140].contention,isolated
0,samples[140].contract.benchmark_policy_sha256,a51e2f06eccbbd7e1dbd0dfad28145edbdc58a6bf90f1dd7ceeb46af6ae1eaed
0,samples[140].contract.commit,2161d80517315fe9835ee3cf32c98f8e6b0343a7
0,samples[140].contract.hardware_sha256,9791dbc6d311596ecffb3eb44b417020cb7e142e79a148bc73feb7a0573b4bd1
0,samples[140].contract.tensor_parallel_size,4
0,samples[140].contract.versions.cuda,12.8
0,samples[140].contract.versions.python,3.12.11
0,samples[140].contract.versions.torch,2.8.0+cu128
0,samples[140].contract.versions.vllm,0.10.2
0,samples[140].contract.versions.vllm_commit,01efc7ef781391e744ed08c3292817a773d654e6
0,samples[140].copy_s,0.0001098560020327568
0,samples[140].expert_bytes,1572864
0,samples[140].experts_per_batch,1
0,samples[140].gather_s,0.0
0,samples[140].mode,fragmented
0,samples[140].payload_bytes,1572864
0,samples[140].rank,3
0,samples[140].repetition,2
0,samples[140].wall_s,0.00017327116802334785
0,samples[141].compute_s,
0,samples[141].contention,isolated
0,samples[141].contract.benchmark_policy_sha256,a51e2f06eccbbd7e1dbd0dfad28145edbdc58a6bf90f1dd7ceeb46af6ae1eaed
0,samples[141].contract.commit,2161d80517315fe9835ee3cf32c98f8e6b0343a7
0,samples[141].contract.hardware_sha256,9791dbc6d311596ecffb3eb44b417020cb7e142e79a148bc73feb7a0573b4bd1
0,samples[141].contract.tensor_parallel_size,4
0,samples[141].contract.versions.cuda,12.8
0,samples[141].contract.versions.python,3.12.11
0,samples[141].contract.versions.torch,2.8.0+cu128
0,samples[141].contract.versions.vllm,0.10.2
0,samples[141].contract.versions.vllm_commit,01efc7ef781391e744ed08c3292817a773d654e6
0,samples[141].copy_s,6.400000303983688e-05
0,samples[141].expert_bytes,1572864
0,samples[141].experts_per_batch,1
0,samples[141].gather_s,0.02003170968964696
0,samples[141].mode,gather
0,samples[141].payload_bytes,1572864
0,samples[141].rank,3
0,samples[141].repetition,0
0,samples[141].wall_s,0.02014911314472556
0,samples[142].compute_s,
0,samples[142].contention,isolated
0,samples[142].contract.benchmark_policy_sha256,a51e2f06eccbbd7e1dbd0dfad28145edbdc58a6bf90f1dd7ceeb46af6ae1eaed
0,samples[142].contract.commit,2161d80517315fe9835ee3cf32c98f8e6b0343a7
0,samples[142].contract.hardware_sha256,9791dbc6d311596ecffb3eb44b417020cb7e142e79a148bc73feb7a0573b4bd1
0,samples[142].contract.tensor_parallel_size,4
0,samples[142].contract.versions.cuda,12.8
0,samples[142].contract.versions.python,3.12.11
0,samples[142].contract.versions.torch,2.8.0+cu128
0,samples[142].contract.versions.vllm,0.10.2
0,samples[142].contract.versions.vllm_commit,01efc7ef781391e744ed08c3292817a773d654e6
0,samples[142].copy_s,8.326400071382522e-05
0,samples[142].expert_bytes,1572864
0,samples[142].experts_per_batch,1
0,samples[142].gather_s,0.01859355205669999
0,samples[142].mode,gather
0,samples[142].payload_bytes,1572864
0,samples[142].rank,3
0,samples[142].repetition,1
0,samples[142].wall_s,0.018797462806105614
0,samples[143].compute_s,
0,samples[143].contention,isolated
0,samples[143].contract.benchmark_policy_sha256,a51e2f06eccbbd7e1dbd0dfad28145edbdc58a6bf90f1dd7ceeb46af6ae1eaed
0,samples[143].contract.commit,2161d80517315fe9835ee3cf32c98f8e6b0343a7
0,samples[143].contract.hardware_sha256,9791dbc6d311596ecffb3eb44b417020cb7e142e79a148bc73feb7a0573b4bd1
0,samples[143].contract.tensor_parallel_size,4
0,samples[143].contract.versions.cuda,12.8
0,samples[143].contract.versions.python,3.12.11
0,samples[143].contract.versions.torch,2.8.0+cu128
0,samples[143].contract.versions.vllm,0.10.2
0,samples[143].contract.versions.vllm_commit,01efc7ef781391e744ed08c3292817a773d654e6
0,samples[143].copy_s,8.755200356245042e-05
0,samples[143].expert_bytes,1572864
0,samples[143].experts_per_batch,1
0,samples[143].gather_s,0.015520974062383175
0,samples[143].mode,gather
0,samples[143].payload_bytes,1572864
0,samples[143].rank,3
0,samples[143].repetition,2
0,samples[143].wall_s,0.0157236703671515
0,samples[144].compute_s,
0,samples[144].contention,isolated
0,samples[144].contract.benchmark_policy_sha256,a51e2f06eccbbd7e1dbd0dfad28145edbdc58a6bf90f1dd7ceeb46af6ae1eaed
0,samples[144].contract.commit,2161d80517315fe9835ee3cf32c98f8e6b0343a7
0,samples[144].contract.hardware_sha256,9791dbc6d311596ecffb3eb44b417020cb7e142e79a148bc73feb7a0573b4bd1
0,samples[144].contract.tensor_parallel_size,4
0,samples[144].contract.versions.cuda,12.8
0,samples[144].contract.versions.python,3.12.11
0,samples[144].contract.versions.torch,2.8.0+cu128
0,samples[144].contract.versions.vllm,0.10.2
0,samples[144].contract.versions.vllm_commit,01efc7ef781391e744ed08c3292817a773d654e6
0,samples[144].copy_s,0.0003531840145587921
0,samples[144].expert_bytes,1572864
0,samples[144].experts_per_batch,8
0,samples[144].gather_s,0.0
0,samples[144].mode,contiguous
0,samples[144].payload_bytes,12582912
0,samples[144].rank,3
0,samples[144].repetition,0
0,samples[144].wall_s,0.00040015485137701035
0,samples[145].compute_s,
0,samples[145].contention,isolated
0,samples[145].contract.benchmark_policy_sha256,a51e2f06eccbbd7e1dbd0dfad28145edbdc58a6bf90f1dd7ceeb46af6ae1eaed
0,samples[145].contract.commit,2161d80517315fe9835ee3cf32c98f8e6b0343a7
0,samples[145].contract.hardware_sha256,9791dbc6d311596ecffb3eb44b417020cb7e142e79a148bc73feb7a0573b4bd1
0,samples[145].contract.tensor_parallel_size,4
0,samples[145].contract.versions.cuda,12.8
0,samples[145].contract.versions.python,3.12.11
0,samples[145].contract.versions.torch,2.8.0+cu128
0,samples[145].contract.versions.vllm,0.10.2
0,samples[145].contract.versions.vllm_commit,01efc7ef781391e744ed08c3292817a773d654e6
0,samples[145].copy_s,0.00041763201355934145
0,samples[145].expert_bytes,1572864
0,samples[145].experts_per_batch,8
0,samples[145].gather_s,0.0
0,samples[145].mode,contiguous
0,samples[145].payload_bytes,12582912
0,samples[145].rank,3
0,samples[145].repetition,1
0,samples[145].wall_s,0.0004617818631231785
0,samples[146].compute_s,
0,samples[146].contention,isolated
0,samples[146].contract.benchmark_policy_sha256,a51e2f06eccbbd7e1dbd0dfad28145edbdc58a6bf90f1dd7ceeb46af6ae1eaed
0,samples[146].contract.commit,2161d80517315fe9835ee3cf32c98f8e6b0343a7
0,samples[146].contract.hardware_sha256,9791dbc6d311596ecffb3eb44b417020cb7e142e79a148bc73feb7a0573b4bd1
0,samples[146].contract.tensor_parallel_size,4
0,samples[146].contract.versions.cuda,12.8
0,samples[146].contract.versions.python,3.12.11
0,samples[146].contract.versions.torch,2.8.0+cu128
0,samples[146].contract.versions.vllm,0.10.2
0,samples[146].contract.versions.vllm_commit,01efc7ef781391e744ed08c3292817a773d654e6
0,samples[146].copy_s,0.0004408319890499115
0,samples[146].expert_bytes,1572864
0,samples[146].experts_per_batch,8
0,samples[146].gather_s,0.0
0,samples[146].mode,contiguous
0,samples[146].payload_bytes,12582912
0,samples[146].rank,3
0,samples[146].repetition,2
0,samples[146].wall_s,0.00048044323921203613
0,samples[147].compute_s,
0,samples[147].contention,isolated
0,samples[147].contract.benchmark_policy_sha256,a51e2f06eccbbd7e1dbd0dfad28145edbdc58a6bf90f1dd7ceeb46af6ae1eaed
0,samples[147].contract.commit,2161d80517315fe9835ee3cf32c98f8e6b0343a7
0,samples[147].contract.hardware_sha256,9791dbc6d311596ecffb3eb44b417020cb7e142e79a148bc73feb7a0573b4bd1
0,samples[147].contract.tensor_parallel_size,4
0,samples[147].contract.versions.cuda,12.8
0,samples[147].contract.versions.python,3.12.11
0,samples[147].contract.versions.torch,2.8.0+cu128
0,samples[147].contract.versions.vllm,0.10.2
0,samples[147].contract.versions.vllm_commit,01efc7ef781391e744ed08c3292817a773d654e6
0,samples[147].copy_s,0.00036934399604797365
0,samples[147].expert_bytes,1572864
0,samples[147].experts_per_batch,8
0,samples[147].gather_s,0.0
0,samples[147].mode,fragmented
0,samples[147].payload_bytes,12582912
0,samples[147].rank,3
0,samples[147].repetition,0
0,samples[147].wall_s,0.0003980211913585663
0,samples[148].compute_s,
0,samples[148].contention,isolated
0,samples[148].contract.benchmark_policy_sha256,a51e2f06eccbbd7e1dbd0dfad28145edbdc58a6bf90f1dd7ceeb46af6ae1eaed
0,samples[148].contract.commit,2161d80517315fe9835ee3cf32c98f8e6b0343a7
0,samples[148].contract.hardware_sha256,9791dbc6d311596ecffb3eb44b417020cb7e142e79a148bc73feb7a0573b4bd1
0,samples[148].contract.tensor_parallel_size,4
0,samples[148].contract.versions.cuda,12.8
0,samples[148].contract.versions.python,3.12.11
0,samples[148].contract.versions.torch,2.8.0+cu128
0,samples[148].contract.versions.vllm,0.10.2
0,samples[148].contract.versions.vllm_commit,01efc7ef781391e744ed08c3292817a773d654e6
0,samples[148].copy_s,0.0004249280095100403
0,samples[148].expert_bytes,1572864
0,samples[148].experts_per_batch,8
0,samples[148].gather_s,0.0
0,samples[148].mode,fragmented
0,samples[148].payload_bytes,12582912
0,samples[148].rank,3
0,samples[148].repetition,1
0,samples[148].wall_s,0.0004831496626138687
0,samples[149].compute_s,
0,samples[149].contention,isolated
0,samples[149].contract.benchmark_policy_sha256,a51e2f06eccbbd7e1dbd0dfad28145edbdc58a6bf90f1dd7ceeb46af6ae1eaed
0,samples[149].contract.commit,2161d80517315fe9835ee3cf32c98f8e6b0343a7
0,samples[149].contract.hardware_sha256,9791dbc6d311596ecffb3eb44b417020cb7e142e79a148bc73feb7a0573b4bd1
0,samples[149].contract.tensor_parallel_size,4
0,samples[149].contract.versions.cuda,12.8
0,samples[149].contract.versions.python,3.12.11
0,samples[149].contract.versions.torch,2.8.0+cu128
0,samples[149].contract.versions.vllm,0.10.2
0,samples[149].contract.versions.vllm_commit,01efc7ef781391e744ed08c3292817a773d654e6
0,samples[149].copy_s,0.0003856639862060547
0,samples[149].expert_bytes,1572864
0,samples[149].experts_per_batch,8
0,samples[149].gather_s,0.0
0,samples[149].mode,fragmented
0,samples[149].payload_bytes,12582912
0,samples[149].rank,3
0,samples[149].repetition,2
0,samples[149].wall_s,0.00046600913628935814
0,samples[150].compute_s,
0,samples[150].contention,isolated
0,samples[150].contract.benchmark_policy_sha256,a51e2f06eccbbd7e1dbd0dfad28145edbdc58a6bf90f1dd7ceeb46af6ae1eaed
0,samples[150].contract.commit,2161d80517315fe9835ee3cf32c98f8e6b0343a7
0,samples[150].contract.hardware_sha256,9791dbc6d311596ecffb3eb44b417020cb7e142e79a148bc73feb7a0573b4bd1
0,samples[150].contract.tensor_parallel_size,4
0,samples[150].contract.versions.cuda,12.8
0,samples[150].contract.versions.python,3.12.11
0,samples[150].contract.versions.torch,2.8.0+cu128
0,samples[150].contract.versions.vllm,0.10.2
0,samples[150].contract.versions.vllm_commit,01efc7ef781391e744ed08c3292817a773d654e6
0,samples[150].copy_s,0.0003744640052318573
0,samples[150].expert_bytes,1572864
0,samples[150].experts_per_batch,8
0,samples[150].gather_s,0.1507537248544395
0,samples[150].mode,gather
0,samples[150].payload_bytes,12582912
0,samples[150].rank,3
0,samples[150].repetition,0
0,samples[150].wall_s,0.1514970869757235
0,samples[151].compute_s,
0,samples[151].contention,isolated
0,samples[151].contract.benchmark_policy_sha256,a51e2f06eccbbd7e1dbd0dfad28145edbdc58a6bf90f1dd7ceeb46af6ae1eaed
0,samples[151].contract.commit,2161d80517315fe9835ee3cf32c98f8e6b0343a7
0,samples[151].contract.hardware_sha256,9791dbc6d311596ecffb3eb44b417020cb7e142e79a148bc73feb7a0573b4bd1
0,samples[151].contract.tensor_parallel_size,4
0,samples[151].contract.versions.cuda,12.8
0,samples[151].contract.versions.python,3.12.11
0,samples[151].contract.versions.torch,2.8.0+cu128
0,samples[151].contract.versions.vllm,0.10.2
0,samples[151].contract.versions.vllm_commit,01efc7ef781391e744ed08c3292817a773d654e6
0,samples[151].copy_s,0.00034921601414680483
0,samples[151].expert_bytes,1572864
0,samples[151].experts_per_batch,8
0,samples[151].gather_s,0.16144650429487228
0,samples[151].mode,gather
0,samples[151].payload_bytes,12582912
0,samples[151].rank,3
0,samples[151].repetition,1
0,samples[151].wall_s,0.16197321796789765
0,samples[152].compute_s,
0,samples[152].contention,isolated
0,samples[152].contract.benchmark_policy_sha256,a51e2f06eccbbd7e1dbd0dfad28145edbdc58a6bf90f1dd7ceeb46af6ae1eaed
0,samples[152].contract.commit,2161d80517315fe9835ee3cf32c98f8e6b0343a7
0,samples[152].contract.hardware_sha256,9791dbc6d311596ecffb3eb44b417020cb7e142e79a148bc73feb7a0573b4bd1
0,samples[152].contract.tensor_parallel_size,4
0,samples[152].contract.versions.cuda,12.8
0,samples[152].contract.versions.python,3.12.11
0,samples[152].contract.versions.torch,2.8.0+cu128
0,samples[152].contract.versions.vllm,0.10.2
0,samples[152].contract.versions.vllm_commit,01efc7ef781391e744ed08c3292817a773d654e6
0,samples[152].copy_s,0.0003671360015869141
0,samples[152].expert_bytes,1572864
0,samples[152].experts_per_batch,8
0,samples[152].gather_s,0.16408080980181694
0,samples[152].mode,gather
0,samples[152].payload_bytes,12582912
0,samples[152].rank,3
0,samples[152].repetition,2
0,samples[152].wall_s,0.16464285925030708
0,samples[153].compute_s,
0,samples[153].contention,isolated
0,samples[153].contract.benchmark_policy_sha256,a51e2f06eccbbd7e1dbd0dfad28145edbdc58a6bf90f1dd7ceeb46af6ae1eaed
0,samples[153].contract.commit,2161d80517315fe9835ee3cf32c98f8e6b0343a7
0,samples[153].contract.hardware_sha256,9791dbc6d311596ecffb3eb44b417020cb7e142e79a148bc73feb7a0573b4bd1
0,samples[153].contract.tensor_parallel_size,4
0,samples[153].contract.versions.cuda,12.8
0,samples[153].contract.versions.python,3.12.11
0,samples[153].contract.versions.torch,2.8.0+cu128
0,samples[153].contract.versions.vllm,0.10.2
0,samples[153].contract.versions.vllm_commit,01efc7ef781391e744ed08c3292817a773d654e6
0,samples[153].copy_s,0.0014206399917602538
0,samples[153].expert_bytes,1572864
0,samples[153].experts_per_batch,32
0,samples[153].gather_s,0.0
0,samples[153].mode,contiguous
0,samples[153].payload_bytes,50331648
0,samples[153].rank,3
0,samples[153].repetition,0
0,samples[153].wall_s,0.001496732234954834
0,samples[154].compute_s,
0,samples[154].contention,isolated
0,samples[154].contract.benchmark_policy_sha256,a51e2f06eccbbd7e1dbd0dfad28145edbdc58a6bf90f1dd7ceeb46af6ae1eaed
0,samples[154].contract.commit,2161d80517315fe9835ee3cf32c98f8e6b0343a7
0,samples[154].contract.hardware_sha256,9791dbc6d311596ecffb3eb44b417020cb7e142e79a148bc73feb7a0573b4bd1
0,samples[154].contract.tensor_parallel_size,4
0,samples[154].contract.versions.cuda,12.8
0,samples[154].contract.versions.python,3.12.11
0,samples[154].contract.versions.torch,2.8.0+cu128
0,samples[154].contract.versions.vllm,0.10.2
0,samples[154].contract.versions.vllm_commit,01efc7ef781391e744ed08c3292817a773d654e6
0,samples[154].copy_s,0.001517151951789856
0,samples[154].expert_bytes,1572864
0,samples[154].experts_per_batch,32
0,samples[154].gather_s,0.0
0,samples[154].mode,contiguous
0,samples[154].payload_bytes,50331648
0,samples[154].rank,3
0,samples[154].repetition,1
0,samples[154].wall_s,0.0016153110191226006
0,samples[155].compute_s,
0,samples[155].contention,isolated
0,samples[155].contract.benchmark_policy_sha256,a51e2f06eccbbd7e1dbd0dfad28145edbdc58a6bf90f1dd7ceeb46af6ae1eaed
0,samples[155].contract.commit,2161d80517315fe9835ee3cf32c98f8e6b0343a7
0,samples[155].contract.hardware_sha256,9791dbc6d311596ecffb3eb44b417020cb7e142e79a148bc73feb7a0573b4bd1
0,samples[155].contract.tensor_parallel_size,4
0,samples[155].contract.versions.cuda,12.8
0,samples[155].contract.versions.python,3.12.11
0,samples[155].contract.versions.torch,2.8.0+cu128
0,samples[155].contract.versions.vllm,0.10.2
0,samples[155].contract.versions.vllm_commit,01efc7ef781391e744ed08c3292817a773d654e6
0,samples[155].copy_s,0.0015419520139694214
0,samples[155].expert_bytes,1572864
0,samples[155].experts_per_batch,32
0,samples[155].gather_s,0.0
0,samples[155].mode,contiguous
0,samples[155].payload_bytes,50331648
0,samples[155].rank,3
0,samples[155].repetition,2
0,samples[155].wall_s,0.0016381661407649517
0,samples[156].compute_s,
0,samples[156].contention,isolated
0,samples[156].contract.benchmark_policy_sha256,a51e2f06eccbbd7e1dbd0dfad28145edbdc58a6bf90f1dd7ceeb46af6ae1eaed
0,samples[156].contract.commit,2161d80517315fe9835ee3cf32c98f8e6b0343a7
0,samples[156].contract.hardware_sha256,9791dbc6d311596ecffb3eb44b417020cb7e142e79a148bc73feb7a0573b4bd1
0,samples[156].contract.tensor_parallel_size,4
0,samples[156].contract.versions.cuda,12.8
0,samples[156].contract.versions.python,3.12.11
0,samples[156].contract.versions.torch,2.8.0+cu128
0,samples[156].contract.versions.vllm,0.10.2
0,samples[156].contract.versions.vllm_commit,01efc7ef781391e744ed08c3292817a773d654e6
0,samples[156].copy_s,0.001385759949684143
0,samples[156].expert_bytes,1572864
0,samples[156].experts_per_batch,32
0,samples[156].gather_s,0.0
0,samples[156].mode,fragmented
0,samples[156].payload_bytes,50331648
0,samples[156].rank,3
0,samples[156].repetition,0
0,samples[156].wall_s,0.0014216513372957706
0,samples[157].compute_s,
0,samples[157].contention,isolated
0,samples[157].contract.benchmark_policy_sha256,a51e2f06eccbbd7e1dbd0dfad28145edbdc58a6bf90f1dd7ceeb46af6ae1eaed
0,samples[157].contract.commit,2161d80517315fe9835ee3cf32c98f8e6b0343a7
0,samples[157].contract.hardware_sha256,9791dbc6d311596ecffb3eb44b417020cb7e142e79a148bc73feb7a0573b4bd1
0,samples[157].contract.tensor_parallel_size,4
0,samples[157].contract.versions.cuda,12.8
0,samples[157].contract.versions.python,3.12.11
0,samples[157].contract.versions.torch,2.8.0+cu128
0,samples[157].contract.versions.vllm,0.10.2
0,samples[157].contract.versions.vllm_commit,01efc7ef781391e744ed08c3292817a773d654e6
0,samples[157].copy_s,0.001425376057624817
0,samples[157].expert_bytes,1572864
0,samples[157].experts_per_batch,32
0,samples[157].gather_s,0.0
0,samples[157].mode,fragmented
0,samples[157].payload_bytes,50331648
0,samples[157].rank,3
0,samples[157].repetition,1
0,samples[157].wall_s,0.001480471808463335
0,samples[158].compute_s,
0,samples[158].contention,isolated
0,samples[158].contract.benchmark_policy_sha256,a51e2f06eccbbd7e1dbd0dfad28145edbdc58a6bf90f1dd7ceeb46af6ae1eaed
0,samples[158].contract.commit,2161d80517315fe9835ee3cf32c98f8e6b0343a7
0,samples[158].contract.hardware_sha256,9791dbc6d311596ecffb3eb44b417020cb7e142e79a148bc73feb7a0573b4bd1
0,samples[158].contract.tensor_parallel_size,4
0,samples[158].contract.versions.cuda,12.8
0,samples[158].contract.versions.python,3.12.11
0,samples[158].contract.versions.torch,2.8.0+cu128
0,samples[158].contract.versions.vllm,0.10.2
0,samples[158].contract.versions.vllm_commit,01efc7ef781391e744ed08c3292817a773d654e6
0,samples[158].copy_s,0.0013393919467926025
0,samples[158].expert_bytes,1572864
0,samples[158].experts_per_batch,32
0,samples[158].gather_s,0.0
0,samples[158].mode,fragmented
0,samples[158].payload_bytes,50331648
0,samples[158].rank,3
0,samples[158].repetition,2
0,samples[158].wall_s,0.0015168609097599983
0,samples[159].compute_s,
0,samples[159].contention,isolated
0,samples[159].contract.benchmark_policy_sha256,a51e2f06eccbbd7e1dbd0dfad28145edbdc58a6bf90f1dd7ceeb46af6ae1eaed
0,samples[159].contract.commit,2161d80517315fe9835ee3cf32c98f8e6b0343a7
0,samples[159].contract.hardware_sha256,9791dbc6d311596ecffb3eb44b417020cb7e142e79a148bc73feb7a0573b4bd1
0,samples[159].contract.tensor_parallel_size,4
0,samples[159].contract.versions.cuda,12.8
0,samples[159].contract.versions.python,3.12.11
0,samples[159].contract.versions.torch,2.8.0+cu128
0,samples[159].contract.versions.vllm,0.10.2
0,samples[159].contract.versions.vllm_commit,01efc7ef781391e744ed08c3292817a773d654e6
0,samples[159].copy_s,0.0011076799631118774
0,samples[159].expert_bytes,1572864
0,samples[159].experts_per_batch,32
0,samples[159].gather_s,0.7065762239508331
0,samples[159].mode,gather
0,samples[159].payload_bytes,50331648
0,samples[159].rank,3
0,samples[159].repetition,0
0,samples[159].wall_s,0.7078521610237658
0,samples[160].compute_s,
0,samples[160].contention,isolated
0,samples[160].contract.benchmark_policy_sha256,a51e2f06eccbbd7e1dbd0dfad28145edbdc58a6bf90f1dd7ceeb46af6ae1eaed
0,samples[160].contract.commit,2161d80517315fe9835ee3cf32c98f8e6b0343a7
0,samples[160].contract.hardware_sha256,9791dbc6d311596ecffb3eb44b417020cb7e142e79a148bc73feb7a0573b4bd1
0,samples[160].contract.tensor_parallel_size,4
0,samples[160].contract.versions.cuda,12.8
0,samples[160].contract.versions.python,3.12.11
0,samples[160].contract.versions.torch,2.8.0+cu128
0,samples[160].contract.versions.vllm,0.10.2
0,samples[160].contract.versions.vllm_commit,01efc7ef781391e744ed08c3292817a773d654e6
0,samples[160].copy_s,0.001016767978668213
0,samples[160].expert_bytes,1572864
0,samples[160].experts_per_batch,32
0,samples[160].gather_s,0.6923378319479525
0,samples[160].mode,gather
0,samples[160].payload_bytes,50331648
0,samples[160].rank,3
0,samples[160].repetition,1
0,samples[160].wall_s,0.6934977769851685
0,samples[161].compute_s,
0,samples[161].contention,isolated
0,samples[161].contract.benchmark_policy_sha256,a51e2f06eccbbd7e1dbd0dfad28145edbdc58a6bf90f1dd7ceeb46af6ae1eaed
0,samples[161].contract.commit,2161d80517315fe9835ee3cf32c98f8e6b0343a7
0,samples[161].contract.hardware_sha256,9791dbc6d311596ecffb3eb44b417020cb7e142e79a148bc73feb7a0573b4bd1
0,samples[161].contract.tensor_parallel_size,4
0,samples[161].contract.versions.cuda,12.8
0,samples[161].contract.versions.python,3.12.11
0,samples[161].contract.versions.torch,2.8.0+cu128
0,samples[161].contract.versions.vllm,0.10.2
0,samples[161].contract.versions.vllm_commit,01efc7ef781391e744ed08c3292817a773d654e6
0,samples[161].copy_s,0.0010158079862594605
0,samples[161].expert_bytes,1572864
0,samples[161].experts_per_batch,32
0,samples[161].gather_s,0.5887995432130992
0,samples[161].mode,gather
0,samples[161].payload_bytes,50331648
0,samples[161].rank,3
0,samples[161].repetition,2
0,samples[161].wall_s,0.5899664713069797
0,samples[162].compute_s,
0,samples[162].contention,isolated
0,samples[162].contract.benchmark_policy_sha256,a51e2f06eccbbd7e1dbd0dfad28145edbdc58a6bf90f1dd7ceeb46af6ae1eaed
0,samples[162].contract.commit,2161d80517315fe9835ee3cf32c98f8e6b0343a7
0,samples[162].contract.hardware_sha256,9791dbc6d311596ecffb3eb44b417020cb7e142e79a148bc73feb7a0573b4bd1
0,samples[162].contract.tensor_parallel_size,4
0,samples[162].contract.versions.cuda,12.8
0,samples[162].contract.versions.python,3.12.11
0,samples[162].contract.versions.torch,2.8.0+cu128
0,samples[162].contract.versions.vllm,0.10.2
0,samples[162].contract.versions.vllm_commit,01efc7ef781391e744ed08c3292817a773d654e6
0,samples[162].copy_s,0.007963647842407226
0,samples[162].expert_bytes,1572864
0,samples[162].experts_per_batch,128
0,samples[162].gather_s,0.0
0,samples[162].mode,contiguous
0,samples[162].payload_bytes,201326592
0,samples[162].rank,3
0,samples[162].repetition,0
0,samples[162].wall_s,0.007988676894456148
0,samples[163].compute_s,
0,samples[163].contention,isolated
0,samples[163].contract.benchmark_policy_sha256,a51e2f06eccbbd7e1dbd0dfad28145edbdc58a6bf90f1dd7ceeb46af6ae1eaed
0,samples[163].contract.commit,2161d80517315fe9835ee3cf32c98f8e6b0343a7
0,samples[163].contract.hardware_sha256,9791dbc6d311596ecffb3eb44b417020cb7e142e79a148bc73feb7a0573b4bd1
0,samples[163].contract.tensor_parallel_size,4
0,samples[163].contract.versions.cuda,12.8
0,samples[163].contract.versions.python,3.12.11
0,samples[163].contract.versions.torch,2.8.0+cu128
0,samples[163].contract.versions.vllm,0.10.2
0,samples[163].contract.versions.vllm_commit,01efc7ef781391e744ed08c3292817a773d654e6
0,samples[163].copy_s,0.008325119972229005
0,samples[163].expert_bytes,1572864
0,samples[163].experts_per_batch,128
0,samples[163].gather_s,0.0
0,samples[163].mode,contiguous
0,samples[163].payload_bytes,201326592
0,samples[163].rank,3
0,samples[163].repetition,1
0,samples[163].wall_s,0.008364700246602297
0,samples[164].compute_s,
0,samples[164].contention,isolated
0,samples[164].contract.benchmark_policy_sha256,a51e2f06eccbbd7e1dbd0dfad28145edbdc58a6bf90f1dd7ceeb46af6ae1eaed
0,samples[164].contract.commit,2161d80517315fe9835ee3cf32c98f8e6b0343a7
0,samples[164].contract.hardware_sha256,9791dbc6d311596ecffb3eb44b417020cb7e142e79a148bc73feb7a0573b4bd1
0,samples[164].contract.tensor_parallel_size,4
0,samples[164].contract.versions.cuda,12.8
0,samples[164].contract.versions.python,3.12.11
0,samples[164].contract.versions.torch,2.8.0+cu128
0,samples[164].contract.versions.vllm,0.10.2
0,samples[164].contract.versions.vllm_commit,01efc7ef781391e744ed08c3292817a773d654e6
0,samples[164].copy_s,0.008516096115112304
0,samples[164].expert_bytes,1572864
0,samples[164].experts_per_batch,128
0,samples[164].gather_s,0.0
0,samples[164].mode,contiguous
0,samples[164].payload_bytes,201326592
0,samples[164].rank,3
0,samples[164].repetition,2
0,samples[164].wall_s,0.008556504733860493
0,samples[165].compute_s,
0,samples[165].contention,isolated
0,samples[165].contract.benchmark_policy_sha256,a51e2f06eccbbd7e1dbd0dfad28145edbdc58a6bf90f1dd7ceeb46af6ae1eaed
0,samples[165].contract.commit,2161d80517315fe9835ee3cf32c98f8e6b0343a7
0,samples[165].contract.hardware_sha256,9791dbc6d311596ecffb3eb44b417020cb7e142e79a148bc73feb7a0573b4bd1
0,samples[165].contract.tensor_parallel_size,4
0,samples[165].contract.versions.cuda,12.8
0,samples[165].contract.versions.python,3.12.11
0,samples[165].contract.versions.torch,2.8.0+cu128
0,samples[165].contract.versions.vllm,0.10.2
0,samples[165].contract.versions.vllm_commit,01efc7ef781391e744ed08c3292817a773d654e6
0,samples[165].copy_s,0.006003935813903808
0,samples[165].expert_bytes,1572864
0,samples[165].experts_per_batch,128
0,samples[165].gather_s,0.0
0,samples[165].mode,fragmented
0,samples[165].payload_bytes,201326592
0,samples[165].rank,3
0,samples[165].repetition,0
0,samples[165].wall_s,0.006034959107637405
0,samples[166].compute_s,
0,samples[166].contention,isolated
0,samples[166].contract.benchmark_policy_sha256,a51e2f06eccbbd7e1dbd0dfad28145edbdc58a6bf90f1dd7ceeb46af6ae1eaed
0,samples[166].contract.commit,2161d80517315fe9835ee3cf32c98f8e6b0343a7
0,samples[166].contract.hardware_sha256,9791dbc6d311596ecffb3eb44b417020cb7e142e79a148bc73feb7a0573b4bd1
0,samples[166].contract.tensor_parallel_size,4
0,samples[166].contract.versions.cuda,12.8
0,samples[166].contract.versions.python,3.12.11
0,samples[166].contract.versions.torch,2.8.0+cu128
0,samples[166].contract.versions.vllm,0.10.2
0,samples[166].contract.versions.vllm_commit,01efc7ef781391e744ed08c3292817a773d654e6
0,samples[166].copy_s,0.006067584037780762
0,samples[166].expert_bytes,1572864
0,samples[166].experts_per_batch,128
0,samples[166].gather_s,0.0
0,samples[166].mode,fragmented
0,samples[166].payload_bytes,201326592
0,samples[166].rank,3
0,samples[166].repetition,1
0,samples[166].wall_s,0.006129061803221703
0,samples[167].compute_s,
0,samples[167].contention,isolated
0,samples[167].contract.benchmark_policy_sha256,a51e2f06eccbbd7e1dbd0dfad28145edbdc58a6bf90f1dd7ceeb46af6ae1eaed
0,samples[167].contract.commit,2161d80517315fe9835ee3cf32c98f8e6b0343a7
0,samples[167].contract.hardware_sha256,9791dbc6d311596ecffb3eb44b417020cb7e142e79a148bc73feb7a0573b4bd1
0,samples[167].contract.tensor_parallel_size,4
0,samples[167].contract.versions.cuda,12.8
0,samples[167].contract.versions.python,3.12.11
0,samples[167].contract.versions.torch,2.8.0+cu128
0,samples[167].contract.versions.vllm,0.10.2
0,samples[167].contract.versions.vllm_commit,01efc7ef781391e744ed08c3292817a773d654e6
0,samples[167].copy_s,0.006086527824401855
0,samples[167].expert_bytes,1572864
0,samples[167].experts_per_batch,128
0,samples[167].gather_s,0.0
0,samples[167].mode,fragmented
0,samples[167].payload_bytes,201326592
0,samples[167].rank,3
0,samples[167].repetition,2
0,samples[167].wall_s,0.006130625959485769
0,samples[168].compute_s,
0,samples[168].contention,isolated
0,samples[168].contract.benchmark_policy_sha256,a51e2f06eccbbd7e1dbd0dfad28145edbdc58a6bf90f1dd7ceeb46af6ae1eaed
0,samples[168].contract.commit,2161d80517315fe9835ee3cf32c98f8e6b0343a7
0,samples[168].contract.hardware_sha256,9791dbc6d311596ecffb3eb44b417020cb7e142e79a148bc73feb7a0573b4bd1
0,samples[168].contract.tensor_parallel_size,4
0,samples[168].contract.versions.cuda,12.8
0,samples[168].contract.versions.python,3.12.11
0,samples[168].contract.versions.torch,2.8.0+cu128
0,samples[168].contract.versions.vllm,0.10.2
0,samples[168].contract.versions.vllm_commit,01efc7ef781391e744ed08c3292817a773d654e6
0,samples[168].copy_s,0.003792992115020752
0,samples[168].expert_bytes,1572864
0,samples[168].experts_per_batch,128
0,samples[168].gather_s,2.412697497289628
0,samples[168].mode,gather
0,samples[168].payload_bytes,201326592
0,samples[168].rank,3
0,samples[168].repetition,0
0,samples[168].wall_s,2.4166205008514225
0,samples[169].compute_s,
0,samples[169].contention,isolated
0,samples[169].contract.benchmark_policy_sha256,a51e2f06eccbbd7e1dbd0dfad28145edbdc58a6bf90f1dd7ceeb46af6ae1eaed
0,samples[169].contract.commit,2161d80517315fe9835ee3cf32c98f8e6b0343a7
0,samples[169].contract.hardware_sha256,9791dbc6d311596ecffb3eb44b417020cb7e142e79a148bc73feb7a0573b4bd1
0,samples[169].contract.tensor_parallel_size,4
0,samples[169].contract.versions.cuda,12.8
0,samples[169].contract.versions.python,3.12.11
0,samples[169].contract.versions.torch,2.8.0+cu128
0,samples[169].contract.versions.vllm,0.10.2
0,samples[169].contract.versions.vllm_commit,01efc7ef781391e744ed08c3292817a773d654e6
0,samples[169].copy_s,0.003801503896713257
0,samples[169].expert_bytes,1572864
0,samples[169].experts_per_batch,128
0,samples[169].gather_s,2.366536775138229
0,samples[169].mode,gather
0,samples[169].payload_bytes,201326592
0,samples[169].rank,3
0,samples[169].repetition,1
0,samples[169].wall_s,2.370500714983791
0,samples[170].compute_s,
0,samples[170].contention,isolated
0,samples[170].contract.benchmark_policy_sha256,a51e2f06eccbbd7e1dbd0dfad28145edbdc58a6bf90f1dd7ceeb46af6ae1eaed
0,samples[170].contract.commit,2161d80517315fe9835ee3cf32c98f8e6b0343a7
0,samples[170].contract.hardware_sha256,9791dbc6d311596ecffb3eb44b417020cb7e142e79a148bc73feb7a0573b4bd1
0,samples[170].contract.tensor_parallel_size,4
0,samples[170].contract.versions.cuda,12.8
0,samples[170].contract.versions.python,3.12.11
0,samples[170].contract.versions.torch,2.8.0+cu128
0,samples[170].contract.versions.vllm,0.10.2
0,samples[170].contract.versions.vllm_commit,01efc7ef781391e744ed08c3292817a773d654e6
0,samples[170].copy_s,0.0037957119941711428
0,samples[170].expert_bytes,1572864
0,samples[170].experts_per_batch,128
0,samples[170].gather_s,2.2143676141276956
0,samples[170].mode,gather
0,samples[170].payload_bytes,201326592
0,samples[170].rank,3
0,samples[170].repetition,2
0,samples[170].wall_s,2.218314987141639
0,samples[171].compute_s,
0,samples[171].contention,isolated
0,samples[171].contract.benchmark_policy_sha256,a51e2f06eccbbd7e1dbd0dfad28145edbdc58a6bf90f1dd7ceeb46af6ae1eaed
0,samples[171].contract.commit,2161d80517315fe9835ee3cf32c98f8e6b0343a7
0,samples[171].contract.hardware_sha256,9791dbc6d311596ecffb3eb44b417020cb7e142e79a148bc73feb7a0573b4bd1
0,samples[171].contract.tensor_parallel_size,4
0,samples[171].contract.versions.cuda,12.8
0,samples[171].contract.versions.python,3.12.11
0,samples[171].contract.versions.torch,2.8.0+cu128
0,samples[171].contract.versions.vllm,0.10.2
0,samples[171].contract.versions.vllm_commit,01efc7ef781391e744ed08c3292817a773d654e6
0,samples[171].copy_s,0.03454304122924805
0,samples[171].expert_bytes,1572864
0,samples[171].experts_per_batch,512
0,samples[171].gather_s,0.0
0,samples[171].mode,contiguous
0,samples[171].payload_bytes,805306368
0,samples[171].rank,3
0,samples[171].repetition,0
0,samples[171].wall_s,0.034567197784781456
0,samples[172].compute_s,
0,samples[172].contention,isolated
0,samples[172].contract.benchmark_policy_sha256,a51e2f06eccbbd7e1dbd0dfad28145edbdc58a6bf90f1dd7ceeb46af6ae1eaed
0,samples[172].contract.commit,2161d80517315fe9835ee3cf32c98f8e6b0343a7
0,samples[172].contract.hardware_sha256,9791dbc6d311596ecffb3eb44b417020cb7e142e79a148bc73feb7a0573b4bd1
0,samples[172].contract.tensor_parallel_size,4
0,samples[172].contract.versions.cuda,12.8
0,samples[172].contract.versions.python,3.12.11
0,samples[172].contract.versions.torch,2.8.0+cu128
0,samples[172].contract.versions.vllm,0.10.2
0,samples[172].contract.versions.vllm_commit,01efc7ef781391e744ed08c3292817a773d654e6
0,samples[172].copy_s,0.034584800720214845
0,samples[172].expert_bytes,1572864
0,samples[172].experts_per_batch,512
0,samples[172].gather_s,0.0
0,samples[172].mode,contiguous
0,samples[172].payload_bytes,805306368
0,samples[172].rank,3
0,samples[172].repetition,1
0,samples[172].wall_s,0.034620641730725765
0,samples[173].compute_s,
0,samples[173].contention,isolated
0,samples[173].contract.benchmark_policy_sha256,a51e2f06eccbbd7e1dbd0dfad28145edbdc58a6bf90f1dd7ceeb46af6ae1eaed
0,samples[173].contract.commit,2161d80517315fe9835ee3cf32c98f8e6b0343a7
0,samples[173].contract.hardware_sha256,9791dbc6d311596ecffb3eb44b417020cb7e142e79a148bc73feb7a0573b4bd1
0,samples[173].contract.tensor_parallel_size,4
0,samples[173].contract.versions.cuda,12.8
0,samples[173].contract.versions.python,3.12.11
0,samples[173].contract.versions.torch,2.8.0+cu128
0,samples[173].contract.versions.vllm,0.10.2
0,samples[173].contract.versions.vllm_commit,01efc7ef781391e744ed08c3292817a773d654e6
0,samples[173].copy_s,0.03461030578613281
0,samples[173].expert_bytes,1572864
0,samples[173].experts_per_batch,512
0,samples[173].gather_s,0.0
0,samples[173].mode,contiguous
0,samples[173].payload_bytes,805306368
0,samples[173].rank,3
0,samples[173].repetition,2
0,samples[173].wall_s,0.03465055674314499
0,samples[174].compute_s,
0,samples[174].contention,isolated
0,samples[174].contract.benchmark_policy_sha256,a51e2f06eccbbd7e1dbd0dfad28145edbdc58a6bf90f1dd7ceeb46af6ae1eaed
0,samples[174].contract.commit,2161d80517315fe9835ee3cf32c98f8e6b0343a7
0,samples[174].contract.hardware_sha256,9791dbc6d311596ecffb3eb44b417020cb7e142e79a148bc73feb7a0573b4bd1
0,samples[174].contract.tensor_parallel_size,4
0,samples[174].contract.versions.cuda,12.8
0,samples[174].contract.versions.python,3.12.11
0,samples[174].contract.versions.torch,2.8.0+cu128
0,samples[174].contract.versions.vllm,0.10.2
0,samples[174].contract.versions.vllm_commit,01efc7ef781391e744ed08c3292817a773d654e6
0,samples[174].copy_s,0.027341472625732423
0,samples[174].expert_bytes,1572864
0,samples[174].experts_per_batch,512
0,samples[174].gather_s,0.0
0,samples[174].mode,fragmented
0,samples[174].payload_bytes,805306368
0,samples[174].rank,3
0,samples[174].repetition,0
0,samples[174].wall_s,0.027370635885745287
0,samples[175].compute_s,
0,samples[175].contention,isolated
0,samples[175].contract.benchmark_policy_sha256,a51e2f06eccbbd7e1dbd0dfad28145edbdc58a6bf90f1dd7ceeb46af6ae1eaed
0,samples[175].contract.commit,2161d80517315fe9835ee3cf32c98f8e6b0343a7
0,samples[175].contract.hardware_sha256,9791dbc6d311596ecffb3eb44b417020cb7e142e79a148bc73feb7a0573b4bd1
0,samples[175].contract.tensor_parallel_size,4
0,samples[175].contract.versions.cuda,12.8
0,samples[175].contract.versions.python,3.12.11
0,samples[175].contract.versions.torch,2.8.0+cu128
0,samples[175].contract.versions.vllm,0.10.2
0,samples[175].contract.versions.vllm_commit,01efc7ef781391e744ed08c3292817a773d654e6
0,samples[175].copy_s,0.027320320129394532
0,samples[175].expert_bytes,1572864
0,samples[175].experts_per_batch,512
0,samples[175].gather_s,0.0
0,samples[175].mode,fragmented
0,samples[175].payload_bytes,805306368
0,samples[175].rank,3
0,samples[175].repetition,1
0,samples[175].wall_s,0.027358413208276033
0,samples[176].compute_s,
0,samples[176].contention,isolated
0,samples[176].contract.benchmark_policy_sha256,a51e2f06eccbbd7e1dbd0dfad28145edbdc58a6bf90f1dd7ceeb46af6ae1eaed
0,samples[176].contract.commit,2161d80517315fe9835ee3cf32c98f8e6b0343a7
0,samples[176].contract.hardware_sha256,9791dbc6d311596ecffb3eb44b417020cb7e142e79a148bc73feb7a0573b4bd1
0,samples[176].contract.tensor_parallel_size,4
0,samples[176].contract.versions.cuda,12.8
0,samples[176].contract.versions.python,3.12.11
0,samples[176].contract.versions.torch,2.8.0+cu128
0,samples[176].contract.versions.vllm,0.10.2
0,samples[176].contract.versions.vllm_commit,01efc7ef781391e744ed08c3292817a773d654e6
0,samples[176].copy_s,0.027380575180053712
0,samples[176].expert_bytes,1572864
0,samples[176].experts_per_batch,512
0,samples[176].gather_s,0.0
0,samples[176].mode,fragmented
0,samples[176].payload_bytes,805306368
0,samples[176].rank,3
0,samples[176].repetition,2
0,samples[176].wall_s,0.02741558663547039
0,samples[177].compute_s,
0,samples[177].contention,isolated
0,samples[177].contract.benchmark_policy_sha256,a51e2f06eccbbd7e1dbd0dfad28145edbdc58a6bf90f1dd7ceeb46af6ae1eaed
0,samples[177].contract.commit,2161d80517315fe9835ee3cf32c98f8e6b0343a7
0,samples[177].contract.hardware_sha256,9791dbc6d311596ecffb3eb44b417020cb7e142e79a148bc73feb7a0573b4bd1
0,samples[177].contract.tensor_parallel_size,4
0,samples[177].contract.versions.cuda,12.8
0,samples[177].contract.versions.python,3.12.11
0,samples[177].contract.versions.torch,2.8.0+cu128
0,samples[177].contract.versions.vllm,0.10.2
0,samples[177].contract.versions.vllm_commit,01efc7ef781391e744ed08c3292817a773d654e6
0,samples[177].copy_s,0.0173787841796875
0,samples[177].expert_bytes,1572864
0,samples[177].experts_per_batch,512
0,samples[177].gather_s,9.425303332041949
0,samples[177].mode,gather
0,samples[177].payload_bytes,805306368
0,samples[177].rank,3
0,samples[177].repetition,0
0,samples[177].wall_s,9.443493044935167
0,samples[178].compute_s,
0,samples[178].contention,isolated
0,samples[178].contract.benchmark_policy_sha256,a51e2f06eccbbd7e1dbd0dfad28145edbdc58a6bf90f1dd7ceeb46af6ae1eaed
0,samples[178].contract.commit,2161d80517315fe9835ee3cf32c98f8e6b0343a7
0,samples[178].contract.hardware_sha256,9791dbc6d311596ecffb3eb44b417020cb7e142e79a148bc73feb7a0573b4bd1
0,samples[178].contract.tensor_parallel_size,4
0,samples[178].contract.versions.cuda,12.8
0,samples[178].contract.versions.python,3.12.11
0,samples[178].contract.versions.torch,2.8.0+cu128
0,samples[178].contract.versions.vllm,0.10.2
0,samples[178].contract.versions.vllm_commit,01efc7ef781391e744ed08c3292817a773d654e6
0,samples[178].copy_s,0.017093280792236328
0,samples[178].expert_bytes,1572864
0,samples[178].experts_per_batch,512
0,samples[178].gather_s,9.39680114807561
0,samples[178].mode,gather
0,samples[178].payload_bytes,805306368
0,samples[178].rank,3
0,samples[178].repetition,1
0,samples[178].wall_s,9.414201734121889
0,samples[179].compute_s,
0,samples[179].contention,isolated
0,samples[179].contract.benchmark_policy_sha256,a51e2f06eccbbd7e1dbd0dfad28145edbdc58a6bf90f1dd7ceeb46af6ae1eaed
0,samples[179].contract.commit,2161d80517315fe9835ee3cf32c98f8e6b0343a7
0,samples[179].contract.hardware_sha256,9791dbc6d311596ecffb3eb44b417020cb7e142e79a148bc73feb7a0573b4bd1
0,samples[179].contract.tensor_parallel_size,4
0,samples[179].contract.versions.cuda,12.8
0,samples[179].contract.versions.python,3.12.11
0,samples[179].contract.versions.torch,2.8.0+cu128
0,samples[179].contract.versions.vllm,0.10.2
0,samples[179].contract.versions.vllm_commit,01efc7ef781391e744ed08c3292817a773d654e6
0,samples[179].copy_s,0.014869983673095704
0,samples[179].expert_bytes,1572864
0,samples[179].experts_per_batch,512
0,samples[179].gather_s,8.169800157193094
0,samples[179].mode,gather
0,samples[179].payload_bytes,805306368
0,samples[179].rank,3
0,samples[179].repetition,2
0,samples[179].wall_s,8.187572275288403
0,status,complete
0,worker_metadata[0].artifact_kind,transfer-worker
0,worker_metadata[0].contract.benchmark_policy_sha256,a51e2f06eccbbd7e1dbd0dfad28145edbdc58a6bf90f1dd7ceeb46af6ae1eaed
0,worker_metadata[0].contract.commit,2161d80517315fe9835ee3cf32c98f8e6b0343a7
0,worker_metadata[0].contract.hardware_sha256,9791dbc6d311596ecffb3eb44b417020cb7e142e79a148bc73feb7a0573b4bd1
0,worker_metadata[0].contract.tensor_parallel_size,4
0,worker_metadata[0].contract.versions.cuda,12.8
0,worker_metadata[0].contract.versions.python,3.12.11
0,worker_metadata[0].contract.versions.torch,2.8.0+cu128
0,worker_metadata[0].contract.versions.vllm,0.10.2
0,worker_metadata[0].contract.versions.vllm_commit,01efc7ef781391e744ed08c3292817a773d654e6
0,worker_metadata[0].cpu_affinity_sha256,5b9a7d2fd9e4915888e092a354e7b06222745d078d2eb415374508fe3a31243f
0,worker_metadata[0].device_rank,0
0,worker_metadata[0].rank,0
0,worker_metadata[0].status,complete
0,worker_metadata[0].topology_status,NUMA/PCIe-unavailable
0,worker_metadata[1].artifact_kind,transfer-worker
0,worker_metadata[1].contract.benchmark_policy_sha256,a51e2f06eccbbd7e1dbd0dfad28145edbdc58a6bf90f1dd7ceeb46af6ae1eaed
0,worker_metadata[1].contract.commit,2161d80517315fe9835ee3cf32c98f8e6b0343a7
0,worker_metadata[1].contract.hardware_sha256,9791dbc6d311596ecffb3eb44b417020cb7e142e79a148bc73feb7a0573b4bd1
0,worker_metadata[1].contract.tensor_parallel_size,4
0,worker_metadata[1].contract.versions.cuda,12.8
0,worker_metadata[1].contract.versions.python,3.12.11
0,worker_metadata[1].contract.versions.torch,2.8.0+cu128
0,worker_metadata[1].contract.versions.vllm,0.10.2
0,worker_metadata[1].contract.versions.vllm_commit,01efc7ef781391e744ed08c3292817a773d654e6
0,worker_metadata[1].cpu_affinity_sha256,5b9a7d2fd9e4915888e092a354e7b06222745d078d2eb415374508fe3a31243f
0,worker_metadata[1].device_rank,1
0,worker_metadata[1].rank,1
0,worker_metadata[1].status,complete
0,worker_metadata[1].topology_status,NUMA/PCIe-unavailable
0,worker_metadata[2].artifact_kind,transfer-worker
0,worker_metadata[2].contract.benchmark_policy_sha256,a51e2f06eccbbd7e1dbd0dfad28145edbdc58a6bf90f1dd7ceeb46af6ae1eaed
0,worker_metadata[2].contract.commit,2161d80517315fe9835ee3cf32c98f8e6b0343a7
0,worker_metadata[2].contract.hardware_sha256,9791dbc6d311596ecffb3eb44b417020cb7e142e79a148bc73feb7a0573b4bd1
0,worker_metadata[2].contract.tensor_parallel_size,4
0,worker_metadata[2].contract.versions.cuda,12.8
0,worker_metadata[2].contract.versions.python,3.12.11
0,worker_metadata[2].contract.versions.torch,2.8.0+cu128
0,worker_metadata[2].contract.versions.vllm,0.10.2
0,worker_metadata[2].contract.versions.vllm_commit,01efc7ef781391e744ed08c3292817a773d654e6
0,worker_metadata[2].cpu_affinity_sha256,5b9a7d2fd9e4915888e092a354e7b06222745d078d2eb415374508fe3a31243f
0,worker_metadata[2].device_rank,2
0,worker_metadata[2].rank,2
0,worker_metadata[2].status,complete
0,worker_metadata[2].topology_status,NUMA/PCIe-unavailable
0,worker_metadata[3].artifact_kind,transfer-worker
0,worker_metadata[3].contract.benchmark_policy_sha256,a51e2f06eccbbd7e1dbd0dfad28145edbdc58a6bf90f1dd7ceeb46af6ae1eaed
0,worker_metadata[3].contract.commit,2161d80517315fe9835ee3cf32c98f8e6b0343a7
0,worker_metadata[3].contract.hardware_sha256,9791dbc6d311596ecffb3eb44b417020cb7e142e79a148bc73feb7a0573b4bd1
0,worker_metadata[3].contract.tensor_parallel_size,4
0,worker_metadata[3].contract.versions.cuda,12.8
0,worker_metadata[3].contract.versions.python,3.12.11
0,worker_metadata[3].contract.versions.torch,2.8.0+cu128
0,worker_metadata[3].contract.versions.vllm,0.10.2
0,worker_metadata[3].contract.versions.vllm_commit,01efc7ef781391e744ed08c3292817a773d654e6
0,worker_metadata[3].cpu_affinity_sha256,5b9a7d2fd9e4915888e092a354e7b06222745d078d2eb415374508fe3a31243f
0,worker_metadata[3].device_rank,3
0,worker_metadata[3].rank,3
0,worker_metadata[3].status,complete
0,worker_metadata[3].topology_status,NUMA/PCIe-unavailable
0,artifact_kind,transfer-samples
1,record_index,1
1,contract.benchmark_policy_sha256,a51e2f06eccbbd7e1dbd0dfad28145edbdc58a6bf90f1dd7ceeb46af6ae1eaed
1,contract.commit,2161d80517315fe9835ee3cf32c98f8e6b0343a7
1,contract.hardware_sha256,9791dbc6d311596ecffb3eb44b417020cb7e142e79a148bc73feb7a0573b4bd1
1,contract.tensor_parallel_size,4
1,contract.versions.cuda,12.8
1,contract.versions.python,3.12.11
1,contract.versions.torch,2.8.0+cu128
1,contract.versions.vllm,0.10.2
1,contract.versions.vllm_commit,01efc7ef781391e744ed08c3292817a773d654e6
1,cpu_affinity_sha256,5b9a7d2fd9e4915888e092a354e7b06222745d078d2eb415374508fe3a31243f
1,device_rank,0
1,measurements[0].compute_only_components,
1,measurements[0].compute_only_wall_s,
1,measurements[0].compute_s,
1,measurements[0].copy_only_components.compute_s,0.0
1,measurements[0].copy_only_components.copy_s,4.339199885725975e-05
1,measurements[0].copy_only_components.gather_s,0.0
1,measurements[0].copy_only_components.wall_s,7.737288251519203e-05
1,measurements[0].copy_only_wall_s,7.737288251519203e-05
1,measurements[0].copy_s,4.339199885725975e-05
1,measurements[0].experts_per_batch,1
1,measurements[0].gather_s,0.0
1,measurements[0].joint_wall_s,
1,measurements[0].mode,contiguous
1,measurements[0].rank,0
1,measurements[0].repetition,0
1,measurements[0].wall_s,7.737288251519203e-05
1,measurements[1].compute_only_components,
1,measurements[1].compute_only_wall_s,
1,measurements[1].compute_s,
1,measurements[1].copy_only_components.compute_s,0.0
1,measurements[1].copy_only_components.copy_s,6.588800251483917e-05
1,measurements[1].copy_only_components.gather_s,0.0
1,measurements[1].copy_only_components.wall_s,0.00010869093239307404
1,measurements[1].copy_only_wall_s,0.00010869093239307404
1,measurements[1].copy_s,6.588800251483917e-05
1,measurements[1].experts_per_batch,1
1,measurements[1].gather_s,0.0
1,measurements[1].joint_wall_s,
1,measurements[1].mode,contiguous
1,measurements[1].rank,0
1,measurements[1].repetition,1
1,measurements[1].wall_s,0.00010869093239307404
1,measurements[2].compute_only_components,
1,measurements[2].compute_only_wall_s,
1,measurements[2].compute_s,
1,measurements[2].copy_only_components.compute_s,0.0
1,measurements[2].copy_only_components.copy_s,6.639999896287919e-05
1,measurements[2].copy_only_components.gather_s,0.0
1,measurements[2].copy_only_components.wall_s,0.0001067877747118473
1,measurements[2].copy_only_wall_s,0.0001067877747118473
1,measurements[2].copy_s,6.639999896287919e-05
1,measurements[2].experts_per_batch,1
1,measurements[2].gather_s,0.0
1,measurements[2].joint_wall_s,
1,measurements[2].mode,contiguous
1,measurements[2].rank,0
1,measurements[2].repetition,2
1,measurements[2].wall_s,0.0001067877747118473
1,measurements[3].compute_only_components,
1,measurements[3].compute_only_wall_s,
1,measurements[3].compute_s,
1,measurements[3].copy_only_components.compute_s,0.0
1,measurements[3].copy_only_components.copy_s,8.832000195980072e-05
1,measurements[3].copy_only_components.gather_s,0.0
1,measurements[3].copy_only_components.wall_s,0.0005299211479723454
1,measurements[3].copy_only_wall_s,0.0005299211479723454
1,measurements[3].copy_s,8.832000195980072e-05
1,measurements[3].experts_per_batch,1
1,measurements[3].gather_s,0.0
1,measurements[3].joint_wall_s,
1,measurements[3].mode,fragmented
1,measurements[3].rank,0
1,measurements[3].repetition,0
1,measurements[3].wall_s,0.0005299211479723454
1,measurements[4].compute_only_components,
1,measurements[4].compute_only_wall_s,
1,measurements[4].compute_s,
1,measurements[4].copy_only_components.compute_s,0.0
1,measurements[4].copy_only_components.copy_s,0.00013040000200271605
1,measurements[4].copy_only_components.gather_s,0.0
1,measurements[4].copy_only_components.wall_s,0.0002253437414765358
1,measurements[4].copy_only_wall_s,0.0002253437414765358
1,measurements[4].copy_s,0.00013040000200271605
1,measurements[4].experts_per_batch,1
1,measurements[4].gather_s,0.0
1,measurements[4].joint_wall_s,
1,measurements[4].mode,fragmented
1,measurements[4].rank,0
1,measurements[4].repetition,1
1,measurements[4].wall_s,0.0002253437414765358
1,measurements[5].compute_only_components,
1,measurements[5].compute_only_wall_s,
1,measurements[5].compute_s,
1,measurements[5].copy_only_components.compute_s,0.0
1,measurements[5].copy_only_components.copy_s,0.00011747200042009354
1,measurements[5].copy_only_components.gather_s,0.0
1,measurements[5].copy_only_components.wall_s,0.0002042069099843502
1,measurements[5].copy_only_wall_s,0.0002042069099843502
1,measurements[5].copy_s,0.00011747200042009354
1,measurements[5].experts_per_batch,1
1,measurements[5].gather_s,0.0
1,measurements[5].joint_wall_s,
1,measurements[5].mode,fragmented
1,measurements[5].rank,0
1,measurements[5].repetition,2
1,measurements[5].wall_s,0.0002042069099843502
1,measurements[6].compute_only_components,
1,measurements[6].compute_only_wall_s,
1,measurements[6].compute_s,
1,measurements[6].copy_only_components.compute_s,0.0
1,measurements[6].copy_only_components.copy_s,6.937599927186966e-05
1,measurements[6].copy_only_components.gather_s,0.021129068918526173
1,measurements[6].copy_only_components.wall_s,0.021285661961883307
1,measurements[6].copy_only_wall_s,0.021285661961883307
1,measurements[6].copy_s,6.937599927186966e-05
1,measurements[6].experts_per_batch,1
1,measurements[6].gather_s,0.021129068918526173
1,measurements[6].joint_wall_s,
1,measurements[6].mode,gather
1,measurements[6].rank,0
1,measurements[6].repetition,0
1,measurements[6].wall_s,0.021285661961883307
1,measurements[7].compute_only_components,
1,measurements[7].compute_only_wall_s,
1,measurements[7].compute_s,
1,measurements[7].copy_only_components.compute_s,0.0
1,measurements[7].copy_only_components.copy_s,9.276799857616425e-05
1,measurements[7].copy_only_components.gather_s,0.0066487048752605915
1,measurements[7].copy_only_components.wall_s,0.006850044243037701
1,measurements[7].copy_only_wall_s,0.006850044243037701
1,measurements[7].copy_s,9.276799857616425e-05
1,measurements[7].experts_per_batch,1
1,measurements[7].gather_s,0.0066487048752605915
1,measurements[7].joint_wall_s,
1,measurements[7].mode,gather
1,measurements[7].rank,0
1,measurements[7].repetition,1
1,measurements[7].wall_s,0.006850044243037701
1,measurements[8].compute_only_components,
1,measurements[8].compute_only_wall_s,
1,measurements[8].compute_s,
1,measurements[8].copy_only_components.compute_s,0.0
1,measurements[8].copy_only_components.copy_s,8.134400099515915e-05
1,measurements[8].copy_only_components.gather_s,0.00029447395354509354
1,measurements[8].copy_only_components.wall_s,0.00044428370893001556
1,measurements[8].copy_only_wall_s,0.00044428370893001556
1,measurements[8].copy_s,8.134400099515915e-05
1,measurements[8].experts_per_batch,1
1,measurements[8].gather_s,0.00029447395354509354
1,measurements[8].joint_wall_s,
1,measurements[8].mode,gather
1,measurements[8].rank,0
1,measurements[8].repetition,2
1,measurements[8].wall_s,0.00044428370893001556
1,measurements[9].compute_only_components,
1,measurements[9].compute_only_wall_s,
1,measurements[9].compute_s,
1,measurements[9].copy_only_components.compute_s,0.0
1,measurements[9].copy_only_components.copy_s,0.00035676801204681394
1,measurements[9].copy_only_components.gather_s,0.0
1,measurements[9].copy_only_components.wall_s,0.0003949650563299656
1,measurements[9].copy_only_wall_s,0.0003949650563299656
1,measurements[9].copy_s,0.00035676801204681394
1,measurements[9].experts_per_batch,8
1,measurements[9].gather_s,0.0
1,measurements[9].joint_wall_s,
1,measurements[9].mode,contiguous
1,measurements[9].rank,0
1,measurements[9].repetition,0
1,measurements[9].wall_s,0.0003949650563299656
1,measurements[10].compute_only_components,
1,measurements[10].compute_only_wall_s,
1,measurements[10].compute_s,
1,measurements[10].copy_only_components.compute_s,0.0
1,measurements[10].copy_only_components.copy_s,0.00035888001322746275
1,measurements[10].copy_only_components.gather_s,0.0
1,measurements[10].copy_only_components.wall_s,0.00046478211879730225
1,measurements[10].copy_only_wall_s,0.00046478211879730225
1,measurements[10].copy_s,0.00035888001322746275
1,measurements[10].experts_per_batch,8
1,measurements[10].gather_s,0.0
1,measurements[10].joint_wall_s,
1,measurements[10].mode,contiguous
1,measurements[10].rank,0
1,measurements[10].repetition,1
1,measurements[10].wall_s,0.00046478211879730225
1,measurements[11].compute_only_components,
1,measurements[11].compute_only_wall_s,
1,measurements[11].compute_s,
1,measurements[11].copy_only_components.compute_s,0.0
1,measurements[11].copy_only_components.copy_s,0.00036284801363945006
1,measurements[11].copy_only_components.gather_s,0.0
1,measurements[11].copy_only_components.wall_s,0.00046715326607227325
1,measurements[11].copy_only_wall_s,0.00046715326607227325
1,measurements[11].copy_s,0.00036284801363945006
1,measurements[11].experts_per_batch,8
1,measurements[11].gather_s,0.0
1,measurements[11].joint_wall_s,
1,measurements[11].mode,contiguous
1,measurements[11].rank,0
1,measurements[11].repetition,2
1,measurements[11].wall_s,0.00046715326607227325
1,measurements[12].compute_only_components,
1,measurements[12].compute_only_wall_s,
1,measurements[12].compute_s,
1,measurements[12].copy_only_components.compute_s,0.0
1,measurements[12].copy_only_components.copy_s,0.00038198399543762205
1,measurements[12].copy_only_components.gather_s,0.0
1,measurements[12].copy_only_components.wall_s,0.00040943408384919167
1,measurements[12].copy_only_wall_s,0.00040943408384919167
1,measurements[12].copy_s,0.00038198399543762205
1,measurements[12].experts_per_batch,8
1,measurements[12].gather_s,0.0
1,measurements[12].joint_wall_s,
1,measurements[12].mode,fragmented
1,measurements[12].rank,0
1,measurements[12].repetition,0
1,measurements[12].wall_s,0.00040943408384919167
1,measurements[13].compute_only_components,
1,measurements[13].compute_only_wall_s,
1,measurements[13].compute_s,
1,measurements[13].copy_only_components.compute_s,0.0
1,measurements[13].copy_only_components.copy_s,0.0003698880076408386
1,measurements[13].copy_only_components.gather_s,0.0
1,measurements[13].copy_only_components.wall_s,0.00040880125015974045
1,measurements[13].copy_only_wall_s,0.00040880125015974045
1,measurements[13].copy_s,0.0003698880076408386
1,measurements[13].experts_per_batch,8
1,measurements[13].gather_s,0.0
1,measurements[13].joint_wall_s,
1,measurements[13].mode,fragmented
1,measurements[13].rank,0
1,measurements[13].repetition,1
1,measurements[13].wall_s,0.00040880125015974045
1,measurements[14].compute_only_components,
1,measurements[14].compute_only_wall_s,
1,measurements[14].compute_s,
1,measurements[14].copy_only_components.compute_s,0.0
1,measurements[14].copy_only_components.copy_s,0.00033392000198364255
1,measurements[14].copy_only_components.gather_s,0.0
1,measurements[14].copy_only_components.wall_s,0.0003736047074198723
1,measurements[14].copy_only_wall_s,0.0003736047074198723
1,measurements[14].copy_s,0.00033392000198364255
1,measurements[14].experts_per_batch,8
1,measurements[14].gather_s,0.0
1,measurements[14].joint_wall_s,
1,measurements[14].mode,fragmented
1,measurements[14].rank,0
1,measurements[14].repetition,2
1,measurements[14].wall_s,0.0003736047074198723
1,measurements[15].compute_only_components,
1,measurements[15].compute_only_wall_s,
1,measurements[15].compute_s,
1,measurements[15].copy_only_components.compute_s,0.0
1,measurements[15].copy_only_components.copy_s,0.00037110400199890135
1,measurements[15].copy_only_components.gather_s,0.16906622285023332
1,measurements[15].copy_only_components.wall_s,0.1696627871133387
1,measurements[15].copy_only_wall_s,0.1696627871133387
1,measurements[15].copy_s,0.00037110400199890135
1,measurements[15].experts_per_batch,8
1,measurements[15].gather_s,0.16906622285023332
1,measurements[15].joint_wall_s,
1,measurements[15].mode,gather
1,measurements[15].rank,0
1,measurements[15].repetition,0
1,measurements[15].wall_s,0.1696627871133387
1,measurements[16].compute_only_components,
1,measurements[16].compute_only_wall_s,
1,measurements[16].compute_s,
1,measurements[16].copy_only_components.compute_s,0.0
1,measurements[16].copy_only_components.copy_s,0.00034463998675346376
1,measurements[16].copy_only_components.gather_s,0.0616198917850852
1,measurements[16].copy_only_components.wall_s,0.062051478773355484
1,measurements[16].copy_only_wall_s,0.062051478773355484
1,measurements[16].copy_s,0.00034463998675346376
1,measurements[16].experts_per_batch,8
1,measurements[16].gather_s,0.0616198917850852
1,measurements[16].joint_wall_s,
1,measurements[16].mode,gather
1,measurements[16].rank,0
1,measurements[16].repetition,1
1,measurements[16].wall_s,0.062051478773355484
1,measurements[17].compute_only_components,
1,measurements[17].compute_only_wall_s,
1,measurements[17].compute_s,
1,measurements[17].copy_only_components.compute_s,0.0
1,measurements[17].copy_only_components.copy_s,0.00038294398784637453
1,measurements[17].copy_only_components.gather_s,0.14387560123577714
1,measurements[17].copy_only_components.wall_s,0.1445129499770701
1,measurements[17].copy_only_wall_s,0.1445129499770701
1,measurements[17].copy_s,0.00038294398784637453
1,measurements[17].experts_per_batch,8
1,measurements[17].gather_s,0.14387560123577714
1,measurements[17].joint_wall_s,
1,measurements[17].mode,gather
1,measurements[17].rank,0
1,measurements[17].repetition,2
1,measurements[17].wall_s,0.1445129499770701
1,measurements[18].compute_only_components,
1,measurements[18].compute_only_wall_s,
1,measurements[18].compute_s,
1,measurements[18].copy_only_components.compute_s,0.0
1,measurements[18].copy_only_components.copy_s,0.00142684805393219
1,measurements[18].copy_only_components.gather_s,0.0
1,measurements[18].copy_only_components.wall_s,0.0014568162150681019
1,measurements[18].copy_only_wall_s,0.0014568162150681019
1,measurements[18].copy_s,0.00142684805393219
1,measurements[18].experts_per_batch,32
1,measurements[18].gather_s,0.0
1,measurements[18].joint_wall_s,
1,measurements[18].mode,contiguous
1,measurements[18].rank,0
1,measurements[18].repetition,0
1,measurements[18].wall_s,0.0014568162150681019
1,measurements[19].compute_only_components,
1,measurements[19].compute_only_wall_s,
1,measurements[19].compute_s,
1,measurements[19].copy_only_components.compute_s,0.0
1,measurements[19].copy_only_components.copy_s,0.0015540800094604491
1,measurements[19].copy_only_components.gather_s,0.0
1,measurements[19].copy_only_components.wall_s,0.0016023251228034496
1,measurements[19].copy_only_wall_s,0.0016023251228034496
1,measurements[19].copy_s,0.0015540800094604491
1,measurements[19].experts_per_batch,32
1,measurements[19].gather_s,0.0
1,measurements[19].joint_wall_s,
1,measurements[19].mode,contiguous
1,measurements[19].rank,0
1,measurements[19].repetition,1
1,measurements[19].wall_s,0.0016023251228034496
1,measurements[20].compute_only_components,
1,measurements[20].compute_only_wall_s,
1,measurements[20].compute_s,
1,measurements[20].copy_only_components.compute_s,0.0
1,measurements[20].copy_only_components.copy_s,0.0015916800498962402
1,measurements[20].copy_only_components.gather_s,0.0
1,measurements[20].copy_only_components.wall_s,0.0016399258747696877
1,measurements[20].copy_only_wall_s,0.0016399258747696877
1,measurements[20].copy_s,0.0015916800498962402
1,measurements[20].experts_per_batch,32
1,measurements[20].gather_s,0.0
1,measurements[20].joint_wall_s,
1,measurements[20].mode,contiguous
1,measurements[20].rank,0
1,measurements[20].repetition,2
1,measurements[20].wall_s,0.0016399258747696877
1,measurements[21].compute_only_components,
1,measurements[21].compute_only_wall_s,
1,measurements[21].compute_s,
1,measurements[21].copy_only_components.compute_s,0.0
1,measurements[21].copy_only_components.copy_s,0.0014174079895019531
1,measurements[21].copy_only_components.gather_s,0.0
1,measurements[21].copy_only_components.wall_s,0.0014535528607666492
1,measurements[21].copy_only_wall_s,0.0014535528607666492
1,measurements[21].copy_s,0.0014174079895019531
1,measurements[21].experts_per_batch,32
1,measurements[21].gather_s,0.0
1,measurements[21].joint_wall_s,
1,measurements[21].mode,fragmented
1,measurements[21].rank,0
1,measurements[21].repetition,0
1,measurements[21].wall_s,0.0014535528607666492
1,measurements[22].compute_only_components,
1,measurements[22].compute_only_wall_s,
1,measurements[22].compute_s,
1,measurements[22].copy_only_components.compute_s,0.0
1,measurements[22].copy_only_components.copy_s,0.0014726079702377319
1,measurements[22].copy_only_components.gather_s,0.0
1,measurements[22].copy_only_components.wall_s,0.0015166569501161575
1,measurements[22].copy_only_wall_s,0.0015166569501161575
1,measurements[22].copy_s,0.0014726079702377319
1,measurements[22].experts_per_batch,32
1,measurements[22].gather_s,0.0
1,measurements[22].joint_wall_s,
1,measurements[22].mode,fragmented
1,measurements[22].rank,0
1,measurements[22].repetition,1
1,measurements[22].wall_s,0.0015166569501161575
1,measurements[23].compute_only_components,
1,measurements[23].compute_only_wall_s,
1,measurements[23].compute_s,
1,measurements[23].copy_only_components.compute_s,0.0
1,measurements[23].copy_only_components.copy_s,0.0013949760198593139
1,measurements[23].copy_only_components.gather_s,0.0
1,measurements[23].copy_only_components.wall_s,0.0014392188750207424
1,measurements[23].copy_only_wall_s,0.0014392188750207424
1,measurements[23].copy_s,0.0013949760198593139
1,measurements[23].experts_per_batch,32
1,measurements[23].gather_s,0.0
1,measurements[23].joint_wall_s,
1,measurements[23].mode,fragmented
1,measurements[23].rank,0
1,measurements[23].repetition,2
1,measurements[23].wall_s,0.0014392188750207424
1,measurements[24].compute_only_components,
1,measurements[24].compute_only_wall_s,
1,measurements[24].compute_s,
1,measurements[24].copy_only_components.compute_s,0.0
1,measurements[24].copy_only_components.copy_s,0.0010595840215682983
1,measurements[24].copy_only_components.gather_s,0.6789537370204926
1,measurements[24].copy_only_components.wall_s,0.6802255832590163
1,measurements[24].copy_only_wall_s,0.6802255832590163
1,measurements[24].copy_s,0.0010595840215682983
1,measurements[24].experts_per_batch,32
1,measurements[24].gather_s,0.6789537370204926
1,measurements[24].joint_wall_s,
1,measurements[24].mode,gather
1,measurements[24].rank,0
1,measurements[24].repetition,0
1,measurements[24].wall_s,0.6802255832590163
1,measurements[25].compute_only_components,
1,measurements[25].compute_only_wall_s,
1,measurements[25].compute_s,
1,measurements[25].copy_only_components.compute_s,0.0
1,measurements[25].copy_only_components.copy_s,0.001034335970878601
1,measurements[25].copy_only_components.gather_s,0.6814516698941588
1,measurements[25].copy_only_components.wall_s,0.6826739991083741
1,measurements[25].copy_only_wall_s,0.6826739991083741
1,measurements[25].copy_s,0.001034335970878601
1,measurements[25].experts_per_batch,32
1,measurements[25].gather_s,0.6814516698941588
1,measurements[25].joint_wall_s,
1,measurements[25].mode,gather
1,measurements[25].rank,0
1,measurements[25].repetition,1
1,measurements[25].wall_s,0.6826739991083741
1,measurements[26].compute_only_components,
1,measurements[26].compute_only_wall_s,
1,measurements[26].compute_s,
1,measurements[26].copy_only_components.compute_s,0.0
1,measurements[26].copy_only_components.copy_s,0.0010391680002212525
1,measurements[26].copy_only_components.gather_s,0.5920628919266164
1,measurements[26].copy_only_components.wall_s,0.5960014229640365
1,measurements[26].copy_only_wall_s,0.5960014229640365
1,measurements[26].copy_s,0.0010391680002212525
1,measurements[26].experts_per_batch,32
1,measurements[26].gather_s,0.5920628919266164
1,measurements[26].joint_wall_s,
1,measurements[26].mode,gather
1,measurements[26].rank,0
1,measurements[26].repetition,2
1,measurements[26].wall_s,0.5960014229640365
1,measurements[27].compute_only_components,
1,measurements[27].compute_only_wall_s,
1,measurements[27].compute_s,
1,measurements[27].copy_only_components.compute_s,0.0
1,measurements[27].copy_only_components.copy_s,0.007960832118988037
1,measurements[27].copy_only_components.gather_s,0.0
1,measurements[27].copy_only_components.wall_s,0.007989021949470043
1,measurements[27].copy_only_wall_s,0.007989021949470043
1,measurements[27].copy_s,0.007960832118988037
1,measurements[27].experts_per_batch,128
1,measurements[27].gather_s,0.0
1,measurements[27].joint_wall_s,
1,measurements[27].mode,contiguous
1,measurements[27].rank,0
1,measurements[27].repetition,0
1,measurements[27].wall_s,0.007989021949470043
1,measurements[28].compute_only_components,
1,measurements[28].compute_only_wall_s,
1,measurements[28].compute_s,
1,measurements[28].copy_only_components.compute_s,0.0
1,measurements[28].copy_only_components.copy_s,0.008327743530273438
1,measurements[28].copy_only_components.gather_s,0.0
1,measurements[28].copy_only_components.wall_s,0.008369263727217913
1,measurements[28].copy_only_wall_s,0.008369263727217913
1,measurements[28].copy_s,0.008327743530273438
1,measurements[28].experts_per_batch,128
1,measurements[28].gather_s,0.0
1,measurements[28].joint_wall_s,
1,measurements[28].mode,contiguous
1,measurements[28].rank,0
1,measurements[28].repetition,1
1,measurements[28].wall_s,0.008369263727217913
1,measurements[29].compute_only_components,
1,measurements[29].compute_only_wall_s,
1,measurements[29].compute_s,
1,measurements[29].copy_only_components.compute_s,0.0
1,measurements[29].copy_only_components.copy_s,0.008515040397644042
1,measurements[29].copy_only_components.gather_s,0.0
1,measurements[29].copy_only_components.wall_s,0.00855612801387906
1,measurements[29].copy_only_wall_s,0.00855612801387906
1,measurements[29].copy_s,0.008515040397644042
1,measurements[29].experts_per_batch,128
1,measurements[29].gather_s,0.0
1,measurements[29].joint_wall_s,
1,measurements[29].mode,contiguous
1,measurements[29].rank,0
1,measurements[29].repetition,2
1,measurements[29].wall_s,0.00855612801387906
1,measurements[30].compute_only_components,
1,measurements[30].compute_only_wall_s,
1,measurements[30].compute_s,
1,measurements[30].copy_only_components.compute_s,0.0
1,measurements[30].copy_only_components.copy_s,0.006026368141174316
1,measurements[30].copy_only_components.gather_s,0.0
1,measurements[30].copy_only_components.wall_s,0.0060563222505152225
1,measurements[30].copy_only_wall_s,0.0060563222505152225
1,measurements[30].copy_s,0.006026368141174316
1,measurements[30].experts_per_batch,128
1,measurements[30].gather_s,0.0
1,measurements[30].joint_wall_s,
1,measurements[30].mode,fragmented
1,measurements[30].rank,0
1,measurements[30].repetition,0
1,measurements[30].wall_s,0.0060563222505152225
1,measurements[31].compute_only_components,
1,measurements[31].compute_only_wall_s,
1,measurements[31].compute_s,
1,measurements[31].copy_only_components.compute_s,0.0
1,measurements[31].copy_only_components.copy_s,0.006121695995330811
1,measurements[31].copy_only_components.gather_s,0.0
1,measurements[31].copy_only_components.wall_s,0.006177243310958147
1,measurements[31].copy_only_wall_s,0.006177243310958147
1,measurements[31].copy_s,0.006121695995330811
1,measurements[31].experts_per_batch,128
1,measurements[31].gather_s,0.0
1,measurements[31].joint_wall_s,
1,measurements[31].mode,fragmented
1,measurements[31].rank,0
1,measurements[31].repetition,1
1,measurements[31].wall_s,0.006177243310958147
1,measurements[32].compute_only_components,
1,measurements[32].compute_only_wall_s,
1,measurements[32].compute_s,
1,measurements[32].copy_only_components.compute_s,0.0
1,measurements[32].copy_only_components.copy_s,0.006200863838195801
1,measurements[32].copy_only_components.gather_s,0.0
1,measurements[32].copy_only_components.wall_s,0.006249183788895607
1,measurements[32].copy_only_wall_s,0.006249183788895607
1,measurements[32].copy_s,0.006200863838195801
1,measurements[32].experts_per_batch,128
1,measurements[32].gather_s,0.0
1,measurements[32].joint_wall_s,
1,measurements[32].mode,fragmented
1,measurements[32].rank,0
1,measurements[32].repetition,2
1,measurements[32].wall_s,0.006249183788895607
1,measurements[33].compute_only_components,
1,measurements[33].compute_only_wall_s,
1,measurements[33].compute_s,
1,measurements[33].copy_only_components.compute_s,0.0
1,measurements[33].copy_only_components.copy_s,0.003799423933029175
1,measurements[33].copy_only_components.gather_s,2.4034936102107167
1,measurements[33].copy_only_components.wall_s,2.4094690498895943
1,measurements[33].copy_only_wall_s,2.4094690498895943
1,measurements[33].copy_s,0.003799423933029175
1,measurements[33].experts_per_batch,128
1,measurements[33].gather_s,2.4034936102107167
1,measurements[33].joint_wall_s,
1,measurements[33].mode,gather
1,measurements[33].rank,0
1,measurements[33].repetition,0
1,measurements[33].wall_s,2.4094690498895943
1,measurements[34].compute_only_components,
1,measurements[34].compute_only_wall_s,
1,measurements[34].compute_s,
1,measurements[34].copy_only_components.compute_s,0.0
1,measurements[34].copy_only_components.copy_s,0.003790656089782715
1,measurements[34].copy_only_components.gather_s,2.299317362252623
1,measurements[34].copy_only_components.wall_s,2.3073880029842257
1,measurements[34].copy_only_wall_s,2.3073880029842257
1,measurements[34].copy_s,0.003790656089782715
1,measurements[34].experts_per_batch,128
1,measurements[34].gather_s,2.299317362252623
1,measurements[34].joint_wall_s,
1,measurements[34].mode,gather
1,measurements[34].rank,0
1,measurements[34].repetition,1
1,measurements[34].wall_s,2.3073880029842257
1,measurements[35].compute_only_components,
1,measurements[35].compute_only_wall_s,
1,measurements[35].compute_s,
1,measurements[35].copy_only_components.compute_s,0.0
1,measurements[35].copy_only_components.copy_s,0.0037789759635925295
1,measurements[35].copy_only_components.gather_s,2.007112056016922
1,measurements[35].copy_only_components.wall_s,2.0160879329778254
1,measurements[35].copy_only_wall_s,2.0160879329778254
1,measurements[35].copy_s,0.0037789759635925295
1,measurements[35].experts_per_batch,128
1,measurements[35].gather_s,2.007112056016922
1,measurements[35].joint_wall_s,
1,measurements[35].mode,gather
1,measurements[35].rank,0
1,measurements[35].repetition,2
1,measurements[35].wall_s,2.0160879329778254
1,measurements[36].compute_only_components,
1,measurements[36].compute_only_wall_s,
1,measurements[36].compute_s,
1,measurements[36].copy_only_components.compute_s,0.0
1,measurements[36].copy_only_components.copy_s,0.03460416030883789
1,measurements[36].copy_only_components.gather_s,0.0
1,measurements[36].copy_only_components.wall_s,0.034629397094249725
1,measurements[36].copy_only_wall_s,0.034629397094249725
1,measurements[36].copy_s,0.03460416030883789
1,measurements[36].experts_per_batch,512
1,measurements[36].gather_s,0.0
1,measurements[36].joint_wall_s,
1,measurements[36].mode,contiguous
1,measurements[36].rank,0
1,measurements[36].repetition,0
1,measurements[36].wall_s,0.034629397094249725
1,measurements[37].compute_only_components,
1,measurements[37].compute_only_wall_s,
1,measurements[37].compute_s,
1,measurements[37].copy_only_components.compute_s,0.0
1,measurements[37].copy_only_components.copy_s,0.034640129089355466
1,measurements[37].copy_only_components.gather_s,0.0
1,measurements[37].copy_only_components.wall_s,0.03467897977679968
1,measurements[37].copy_only_wall_s,0.03467897977679968
1,measurements[37].copy_s,0.034640129089355466
1,measurements[37].experts_per_batch,512
1,measurements[37].gather_s,0.0
1,measurements[37].joint_wall_s,
1,measurements[37].mode,contiguous
1,measurements[37].rank,0
1,measurements[37].repetition,1
1,measurements[37].wall_s,0.03467897977679968
1,measurements[38].compute_only_components,
1,measurements[38].compute_only_wall_s,
1,measurements[38].compute_s,
1,measurements[38].copy_only_components.compute_s,0.0
1,measurements[38].copy_only_components.copy_s,0.03464214324951172
1,measurements[38].copy_only_components.gather_s,0.0
1,measurements[38].copy_only_components.wall_s,0.03468569228425622
1,measurements[38].copy_only_wall_s,0.03468569228425622
1,measurements[38].copy_s,0.03464214324951172
1,measurements[38].experts_per_batch,512
1,measurements[38].gather_s,0.0
1,measurements[38].joint_wall_s,
1,measurements[38].mode,contiguous
1,measurements[38].rank,0
1,measurements[38].repetition,2
1,measurements[38].wall_s,0.03468569228425622
1,measurements[39].compute_only_components,
1,measurements[39].compute_only_wall_s,
1,measurements[39].compute_s,
1,measurements[39].copy_only_components.compute_s,0.0
1,measurements[39].copy_only_components.copy_s,0.027440895080566408
1,measurements[39].copy_only_components.gather_s,0.0
1,measurements[39].copy_only_components.wall_s,0.027470590081065893
1,measurements[39].copy_only_wall_s,0.027470590081065893
1,measurements[39].copy_s,0.027440895080566408
1,measurements[39].experts_per_batch,512
1,measurements[39].gather_s,0.0
1,measurements[39].joint_wall_s,
1,measurements[39].mode,fragmented
1,measurements[39].rank,0
1,measurements[39].repetition,0
1,measurements[39].wall_s,0.027470590081065893
1,measurements[40].compute_only_components,
1,measurements[40].compute_only_wall_s,
1,measurements[40].compute_s,
1,measurements[40].copy_only_components.compute_s,0.0
1,measurements[40].copy_only_components.copy_s,0.02742304039001465
1,measurements[40].copy_only_components.gather_s,0.0
1,measurements[40].copy_only_components.wall_s,0.027481796219944954
1,measurements[40].copy_only_wall_s,0.027481796219944954
1,measurements[40].copy_s,0.02742304039001465
1,measurements[40].experts_per_batch,512
1,measurements[40].gather_s,0.0
1,measurements[40].joint_wall_s,
1,measurements[40].mode,fragmented
1,measurements[40].rank,0
1,measurements[40].repetition,1
1,measurements[40].wall_s,0.027481796219944954
1,measurements[41].compute_only_components,
1,measurements[41].compute_only_wall_s,
1,measurements[41].compute_s,
1,measurements[41].copy_only_components.compute_s,0.0
1,measurements[41].copy_only_components.copy_s,0.027488672256469726
1,measurements[41].copy_only_components.gather_s,0.0
1,measurements[41].copy_only_components.wall_s,0.027676838915795088
1,measurements[41].copy_only_wall_s,0.027676838915795088
1,measurements[41].copy_s,0.027488672256469726
1,measurements[41].experts_per_batch,512
1,measurements[41].gather_s,0.0
1,measurements[41].joint_wall_s,
1,measurements[41].mode,fragmented
1,measurements[41].rank,0
1,measurements[41].repetition,2
1,measurements[41].wall_s,0.027676838915795088
1,measurements[42].compute_only_components,
1,measurements[42].compute_only_wall_s,
1,measurements[42].compute_s,
1,measurements[42].copy_only_components.compute_s,0.0
1,measurements[42].copy_only_components.copy_s,0.014924096107482911
1,measurements[42].copy_only_components.gather_s,9.40360523480922
1,measurements[42].copy_only_components.wall_s,9.418863461818546
1,measurements[42].copy_only_wall_s,9.418863461818546
1,measurements[42].copy_s,0.014924096107482911
1,measurements[42].experts_per_batch,512
1,measurements[42].gather_s,9.40360523480922
1,measurements[42].joint_wall_s,
1,measurements[42].mode,gather
1,measurements[42].rank,0
1,measurements[42].repetition,0
1,measurements[42].wall_s,9.418863461818546
1,measurements[43].compute_only_components,
1,measurements[43].compute_only_wall_s,
1,measurements[43].compute_s,
1,measurements[43].copy_only_components.compute_s,0.0
1,measurements[43].copy_only_components.copy_s,0.015055359840393067
1,measurements[43].copy_only_components.gather_s,9.157400278840214
1,measurements[43].copy_only_components.wall_s,9.174858417827636
1,measurements[43].copy_only_wall_s,9.174858417827636
1,measurements[43].copy_s,0.015055359840393067
1,measurements[43].experts_per_batch,512
1,measurements[43].gather_s,9.157400278840214
1,measurements[43].joint_wall_s,
1,measurements[43].mode,gather
1,measurements[43].rank,0
1,measurements[43].repetition,1
1,measurements[43].wall_s,9.174858417827636
1,measurements[44].compute_only_components,
1,measurements[44].compute_only_wall_s,
1,measurements[44].compute_s,
1,measurements[44].copy_only_components.compute_s,0.0
1,measurements[44].copy_only_components.copy_s,0.014921088218688965
1,measurements[44].copy_only_components.gather_s,8.377607419155538
1,measurements[44].copy_only_components.wall_s,8.392834058962762
1,measurements[44].copy_only_wall_s,8.392834058962762
1,measurements[44].copy_s,0.014921088218688965
1,measurements[44].experts_per_batch,512
1,measurements[44].gather_s,8.377607419155538
1,measurements[44].joint_wall_s,
1,measurements[44].mode,gather
1,measurements[44].rank,0
1,measurements[44].repetition,2
1,measurements[44].wall_s,8.392834058962762
1,rank,0
1,samples[0].compute_s,
1,samples[0].contention,isolated
1,samples[0].contract.benchmark_policy_sha256,a51e2f06eccbbd7e1dbd0dfad28145edbdc58a6bf90f1dd7ceeb46af6ae1eaed
1,samples[0].contract.commit,2161d80517315fe9835ee3cf32c98f8e6b0343a7
1,samples[0].contract.hardware_sha256,9791dbc6d311596ecffb3eb44b417020cb7e142e79a148bc73feb7a0573b4bd1
1,samples[0].contract.tensor_parallel_size,4
1,samples[0].contract.versions.cuda,12.8
1,samples[0].contract.versions.python,3.12.11
1,samples[0].contract.versions.torch,2.8.0+cu128
1,samples[0].contract.versions.vllm,0.10.2
1,samples[0].contract.versions.vllm_commit,01efc7ef781391e744ed08c3292817a773d654e6
1,samples[0].copy_s,4.339199885725975e-05
1,samples[0].expert_bytes,1572864
1,samples[0].experts_per_batch,1
1,samples[0].gather_s,0.0
1,samples[0].mode,contiguous
1,samples[0].payload_bytes,1572864
1,samples[0].rank,0
1,samples[0].repetition,0
1,samples[0].wall_s,7.737288251519203e-05
1,samples[1].compute_s,
1,samples[1].contention,isolated
1,samples[1].contract.benchmark_policy_sha256,a51e2f06eccbbd7e1dbd0dfad28145edbdc58a6bf90f1dd7ceeb46af6ae1eaed
1,samples[1].contract.commit,2161d80517315fe9835ee3cf32c98f8e6b0343a7
1,samples[1].contract.hardware_sha256,9791dbc6d311596ecffb3eb44b417020cb7e142e79a148bc73feb7a0573b4bd1
1,samples[1].contract.tensor_parallel_size,4
1,samples[1].contract.versions.cuda,12.8
1,samples[1].contract.versions.python,3.12.11
1,samples[1].contract.versions.torch,2.8.0+cu128
1,samples[1].contract.versions.vllm,0.10.2
1,samples[1].contract.versions.vllm_commit,01efc7ef781391e744ed08c3292817a773d654e6
1,samples[1].copy_s,6.588800251483917e-05
1,samples[1].expert_bytes,1572864
1,samples[1].experts_per_batch,1
1,samples[1].gather_s,0.0
1,samples[1].mode,contiguous
1,samples[1].payload_bytes,1572864
1,samples[1].rank,0
1,samples[1].repetition,1
1,samples[1].wall_s,0.00010869093239307404
1,samples[2].compute_s,
1,samples[2].contention,isolated
1,samples[2].contract.benchmark_policy_sha256,a51e2f06eccbbd7e1dbd0dfad28145edbdc58a6bf90f1dd7ceeb46af6ae1eaed
1,samples[2].contract.commit,2161d80517315fe9835ee3cf32c98f8e6b0343a7
1,samples[2].contract.hardware_sha256,9791dbc6d311596ecffb3eb44b417020cb7e142e79a148bc73feb7a0573b4bd1
1,samples[2].contract.tensor_parallel_size,4
1,samples[2].contract.versions.cuda,12.8
1,samples[2].contract.versions.python,3.12.11
1,samples[2].contract.versions.torch,2.8.0+cu128
1,samples[2].contract.versions.vllm,0.10.2
1,samples[2].contract.versions.vllm_commit,01efc7ef781391e744ed08c3292817a773d654e6
1,samples[2].copy_s,6.639999896287919e-05
1,samples[2].expert_bytes,1572864
1,samples[2].experts_per_batch,1
1,samples[2].gather_s,0.0
1,samples[2].mode,contiguous
1,samples[2].payload_bytes,1572864
1,samples[2].rank,0
1,samples[2].repetition,2
1,samples[2].wall_s,0.0001067877747118473
1,samples[3].compute_s,
1,samples[3].contention,isolated
1,samples[3].contract.benchmark_policy_sha256,a51e2f06eccbbd7e1dbd0dfad28145edbdc58a6bf90f1dd7ceeb46af6ae1eaed
1,samples[3].contract.commit,2161d80517315fe9835ee3cf32c98f8e6b0343a7
1,samples[3].contract.hardware_sha256,9791dbc6d311596ecffb3eb44b417020cb7e142e79a148bc73feb7a0573b4bd1
1,samples[3].contract.tensor_parallel_size,4
1,samples[3].contract.versions.cuda,12.8
1,samples[3].contract.versions.python,3.12.11
1,samples[3].contract.versions.torch,2.8.0+cu128
1,samples[3].contract.versions.vllm,0.10.2
1,samples[3].contract.versions.vllm_commit,01efc7ef781391e744ed08c3292817a773d654e6
1,samples[3].copy_s,8.832000195980072e-05
1,samples[3].expert_bytes,1572864
1,samples[3].experts_per_batch,1
1,samples[3].gather_s,0.0
1,samples[3].mode,fragmented
1,samples[3].payload_bytes,1572864
1,samples[3].rank,0
1,samples[3].repetition,0
1,samples[3].wall_s,0.0005299211479723454
1,samples[4].compute_s,
1,samples[4].contention,isolated
1,samples[4].contract.benchmark_policy_sha256,a51e2f06eccbbd7e1dbd0dfad28145edbdc58a6bf90f1dd7ceeb46af6ae1eaed
1,samples[4].contract.commit,2161d80517315fe9835ee3cf32c98f8e6b0343a7
1,samples[4].contract.hardware_sha256,9791dbc6d311596ecffb3eb44b417020cb7e142e79a148bc73feb7a0573b4bd1
1,samples[4].contract.tensor_parallel_size,4
1,samples[4].contract.versions.cuda,12.8
1,samples[4].contract.versions.python,3.12.11
1,samples[4].contract.versions.torch,2.8.0+cu128
1,samples[4].contract.versions.vllm,0.10.2
1,samples[4].contract.versions.vllm_commit,01efc7ef781391e744ed08c3292817a773d654e6
1,samples[4].copy_s,0.00013040000200271605
1,samples[4].expert_bytes,1572864
1,samples[4].experts_per_batch,1
1,samples[4].gather_s,0.0
1,samples[4].mode,fragmented
1,samples[4].payload_bytes,1572864
1,samples[4].rank,0
1,samples[4].repetition,1
1,samples[4].wall_s,0.0002253437414765358
1,samples[5].compute_s,
1,samples[5].contention,isolated
1,samples[5].contract.benchmark_policy_sha256,a51e2f06eccbbd7e1dbd0dfad28145edbdc58a6bf90f1dd7ceeb46af6ae1eaed
1,samples[5].contract.commit,2161d80517315fe9835ee3cf32c98f8e6b0343a7
1,samples[5].contract.hardware_sha256,9791dbc6d311596ecffb3eb44b417020cb7e142e79a148bc73feb7a0573b4bd1
1,samples[5].contract.tensor_parallel_size,4
1,samples[5].contract.versions.cuda,12.8
1,samples[5].contract.versions.python,3.12.11
1,samples[5].contract.versions.torch,2.8.0+cu128
1,samples[5].contract.versions.vllm,0.10.2
1,samples[5].contract.versions.vllm_commit,01efc7ef781391e744ed08c3292817a773d654e6
1,samples[5].copy_s,0.00011747200042009354
1,samples[5].expert_bytes,1572864
1,samples[5].experts_per_batch,1
1,samples[5].gather_s,0.0
1,samples[5].mode,fragmented
1,samples[5].payload_bytes,1572864
1,samples[5].rank,0
1,samples[5].repetition,2
1,samples[5].wall_s,0.0002042069099843502
1,samples[6].compute_s,
1,samples[6].contention,isolated
1,samples[6].contract.benchmark_policy_sha256,a51e2f06eccbbd7e1dbd0dfad28145edbdc58a6bf90f1dd7ceeb46af6ae1eaed
1,samples[6].contract.commit,2161d80517315fe9835ee3cf32c98f8e6b0343a7
1,samples[6].contract.hardware_sha256,9791dbc6d311596ecffb3eb44b417020cb7e142e79a148bc73feb7a0573b4bd1
1,samples[6].contract.tensor_parallel_size,4
1,samples[6].contract.versions.cuda,12.8
1,samples[6].contract.versions.python,3.12.11
1,samples[6].contract.versions.torch,2.8.0+cu128
1,samples[6].contract.versions.vllm,0.10.2
1,samples[6].contract.versions.vllm_commit,01efc7ef781391e744ed08c3292817a773d654e6
1,samples[6].copy_s,6.937599927186966e-05
1,samples[6].expert_bytes,1572864
1,samples[6].experts_per_batch,1
1,samples[6].gather_s,0.021129068918526173
1,samples[6].mode,gather
1,samples[6].payload_bytes,1572864
1,samples[6].rank,0
1,samples[6].repetition,0
1,samples[6].wall_s,0.021285661961883307
1,samples[7].compute_s,
1,samples[7].contention,isolated
1,samples[7].contract.benchmark_policy_sha256,a51e2f06eccbbd7e1dbd0dfad28145edbdc58a6bf90f1dd7ceeb46af6ae1eaed
1,samples[7].contract.commit,2161d80517315fe9835ee3cf32c98f8e6b0343a7
1,samples[7].contract.hardware_sha256,9791dbc6d311596ecffb3eb44b417020cb7e142e79a148bc73feb7a0573b4bd1
1,samples[7].contract.tensor_parallel_size,4
1,samples[7].contract.versions.cuda,12.8
1,samples[7].contract.versions.python,3.12.11
1,samples[7].contract.versions.torch,2.8.0+cu128
1,samples[7].contract.versions.vllm,0.10.2
1,samples[7].contract.versions.vllm_commit,01efc7ef781391e744ed08c3292817a773d654e6
1,samples[7].copy_s,9.276799857616425e-05
1,samples[7].expert_bytes,1572864
1,samples[7].experts_per_batch,1
1,samples[7].gather_s,0.0066487048752605915
1,samples[7].mode,gather
1,samples[7].payload_bytes,1572864
1,samples[7].rank,0
1,samples[7].repetition,1
1,samples[7].wall_s,0.006850044243037701
1,samples[8].compute_s,
1,samples[8].contention,isolated
1,samples[8].contract.benchmark_policy_sha256,a51e2f06eccbbd7e1dbd0dfad28145edbdc58a6bf90f1dd7ceeb46af6ae1eaed
1,samples[8].contract.commit,2161d80517315fe9835ee3cf32c98f8e6b0343a7
1,samples[8].contract.hardware_sha256,9791dbc6d311596ecffb3eb44b417020cb7e142e79a148bc73feb7a0573b4bd1
1,samples[8].contract.tensor_parallel_size,4
1,samples[8].contract.versions.cuda,12.8
1,samples[8].contract.versions.python,3.12.11
1,samples[8].contract.versions.torch,2.8.0+cu128
1,samples[8].contract.versions.vllm,0.10.2
1,samples[8].contract.versions.vllm_commit,01efc7ef781391e744ed08c3292817a773d654e6
1,samples[8].copy_s,8.134400099515915e-05
1,samples[8].expert_bytes,1572864
1,samples[8].experts_per_batch,1
1,samples[8].gather_s,0.00029447395354509354
1,samples[8].mode,gather
1,samples[8].payload_bytes,1572864
1,samples[8].rank,0
1,samples[8].repetition,2
1,samples[8].wall_s,0.00044428370893001556
1,samples[9].compute_s,
1,samples[9].contention,isolated
1,samples[9].contract.benchmark_policy_sha256,a51e2f06eccbbd7e1dbd0dfad28145edbdc58a6bf90f1dd7ceeb46af6ae1eaed
1,samples[9].contract.commit,2161d80517315fe9835ee3cf32c98f8e6b0343a7
1,samples[9].contract.hardware_sha256,9791dbc6d311596ecffb3eb44b417020cb7e142e79a148bc73feb7a0573b4bd1
1,samples[9].contract.tensor_parallel_size,4
1,samples[9].contract.versions.cuda,12.8
1,samples[9].contract.versions.python,3.12.11
1,samples[9].contract.versions.torch,2.8.0+cu128
1,samples[9].contract.versions.vllm,0.10.2
1,samples[9].contract.versions.vllm_commit,01efc7ef781391e744ed08c3292817a773d654e6
1,samples[9].copy_s,0.00035676801204681394
1,samples[9].expert_bytes,1572864
1,samples[9].experts_per_batch,8
1,samples[9].gather_s,0.0
1,samples[9].mode,contiguous
1,samples[9].payload_bytes,12582912
1,samples[9].rank,0
1,samples[9].repetition,0
1,samples[9].wall_s,0.0003949650563299656
1,samples[10].compute_s,
1,samples[10].contention,isolated
1,samples[10].contract.benchmark_policy_sha256,a51e2f06eccbbd7e1dbd0dfad28145edbdc58a6bf90f1dd7ceeb46af6ae1eaed
1,samples[10].contract.commit,2161d80517315fe9835ee3cf32c98f8e6b0343a7
1,samples[10].contract.hardware_sha256,9791dbc6d311596ecffb3eb44b417020cb7e142e79a148bc73feb7a0573b4bd1
1,samples[10].contract.tensor_parallel_size,4
1,samples[10].contract.versions.cuda,12.8
1,samples[10].contract.versions.python,3.12.11
1,samples[10].contract.versions.torch,2.8.0+cu128
1,samples[10].contract.versions.vllm,0.10.2
1,samples[10].contract.versions.vllm_commit,01efc7ef781391e744ed08c3292817a773d654e6
1,samples[10].copy_s,0.00035888001322746275
1,samples[10].expert_bytes,1572864
1,samples[10].experts_per_batch,8
1,samples[10].gather_s,0.0
1,samples[10].mode,contiguous
1,samples[10].payload_bytes,12582912
1,samples[10].rank,0
1,samples[10].repetition,1
1,samples[10].wall_s,0.00046478211879730225
1,samples[11].compute_s,
1,samples[11].contention,isolated
1,samples[11].contract.benchmark_policy_sha256,a51e2f06eccbbd7e1dbd0dfad28145edbdc58a6bf90f1dd7ceeb46af6ae1eaed
1,samples[11].contract.commit,2161d80517315fe9835ee3cf32c98f8e6b0343a7
1,samples[11].contract.hardware_sha256,9791dbc6d311596ecffb3eb44b417020cb7e142e79a148bc73feb7a0573b4bd1
1,samples[11].contract.tensor_parallel_size,4
1,samples[11].contract.versions.cuda,12.8
1,samples[11].contract.versions.python,3.12.11
1,samples[11].contract.versions.torch,2.8.0+cu128
1,samples[11].contract.versions.vllm,0.10.2
1,samples[11].contract.versions.vllm_commit,01efc7ef781391e744ed08c3292817a773d654e6
1,samples[11].copy_s,0.00036284801363945006
1,samples[11].expert_bytes,1572864
1,samples[11].experts_per_batch,8
1,samples[11].gather_s,0.0
1,samples[11].mode,contiguous
1,samples[11].payload_bytes,12582912
1,samples[11].rank,0
1,samples[11].repetition,2
1,samples[11].wall_s,0.00046715326607227325
1,samples[12].compute_s,
1,samples[12].contention,isolated
1,samples[12].contract.benchmark_policy_sha256,a51e2f06eccbbd7e1dbd0dfad28145edbdc58a6bf90f1dd7ceeb46af6ae1eaed
1,samples[12].contract.commit,2161d80517315fe9835ee3cf32c98f8e6b0343a7
1,samples[12].contract.hardware_sha256,9791dbc6d311596ecffb3eb44b417020cb7e142e79a148bc73feb7a0573b4bd1
1,samples[12].contract.tensor_parallel_size,4
1,samples[12].contract.versions.cuda,12.8
1,samples[12].contract.versions.python,3.12.11
1,samples[12].contract.versions.torch,2.8.0+cu128
1,samples[12].contract.versions.vllm,0.10.2
1,samples[12].contract.versions.vllm_commit,01efc7ef781391e744ed08c3292817a773d654e6
1,samples[12].copy_s,0.00038198399543762205
1,samples[12].expert_bytes,1572864
1,samples[12].experts_per_batch,8
1,samples[12].gather_s,0.0
1,samples[12].mode,fragmented
1,samples[12].payload_bytes,12582912
1,samples[12].rank,0
1,samples[12].repetition,0
1,samples[12].wall_s,0.00040943408384919167
1,samples[13].compute_s,
1,samples[13].contention,isolated
1,samples[13].contract.benchmark_policy_sha256,a51e2f06eccbbd7e1dbd0dfad28145edbdc58a6bf90f1dd7ceeb46af6ae1eaed
1,samples[13].contract.commit,2161d80517315fe9835ee3cf32c98f8e6b0343a7
1,samples[13].contract.hardware_sha256,9791dbc6d311596ecffb3eb44b417020cb7e142e79a148bc73feb7a0573b4bd1
1,samples[13].contract.tensor_parallel_size,4
1,samples[13].contract.versions.cuda,12.8
1,samples[13].contract.versions.python,3.12.11
1,samples[13].contract.versions.torch,2.8.0+cu128
1,samples[13].contract.versions.vllm,0.10.2
1,samples[13].contract.versions.vllm_commit,01efc7ef781391e744ed08c3292817a773d654e6
1,samples[13].copy_s,0.0003698880076408386
1,samples[13].expert_bytes,1572864
1,samples[13].experts_per_batch,8
1,samples[13].gather_s,0.0
1,samples[13].mode,fragmented
1,samples[13].payload_bytes,12582912
1,samples[13].rank,0
1,samples[13].repetition,1
1,samples[13].wall_s,0.00040880125015974045
1,samples[14].compute_s,
1,samples[14].contention,isolated
1,samples[14].contract.benchmark_policy_sha256,a51e2f06eccbbd7e1dbd0dfad28145edbdc58a6bf90f1dd7ceeb46af6ae1eaed
1,samples[14].contract.commit,2161d80517315fe9835ee3cf32c98f8e6b0343a7
1,samples[14].contract.hardware_sha256,9791dbc6d311596ecffb3eb44b417020cb7e142e79a148bc73feb7a0573b4bd1
1,samples[14].contract.tensor_parallel_size,4
1,samples[14].contract.versions.cuda,12.8
1,samples[14].contract.versions.python,3.12.11
1,samples[14].contract.versions.torch,2.8.0+cu128
1,samples[14].contract.versions.vllm,0.10.2
1,samples[14].contract.versions.vllm_commit,01efc7ef781391e744ed08c3292817a773d654e6
1,samples[14].copy_s,0.00033392000198364255
1,samples[14].expert_bytes,1572864
1,samples[14].experts_per_batch,8
1,samples[14].gather_s,0.0
1,samples[14].mode,fragmented
1,samples[14].payload_bytes,12582912
1,samples[14].rank,0
1,samples[14].repetition,2
1,samples[14].wall_s,0.0003736047074198723
1,samples[15].compute_s,
1,samples[15].contention,isolated
1,samples[15].contract.benchmark_policy_sha256,a51e2f06eccbbd7e1dbd0dfad28145edbdc58a6bf90f1dd7ceeb46af6ae1eaed
1,samples[15].contract.commit,2161d80517315fe9835ee3cf32c98f8e6b0343a7
1,samples[15].contract.hardware_sha256,9791dbc6d311596ecffb3eb44b417020cb7e142e79a148bc73feb7a0573b4bd1
1,samples[15].contract.tensor_parallel_size,4
1,samples[15].contract.versions.cuda,12.8
1,samples[15].contract.versions.python,3.12.11
1,samples[15].contract.versions.torch,2.8.0+cu128
1,samples[15].contract.versions.vllm,0.10.2
1,samples[15].contract.versions.vllm_commit,01efc7ef781391e744ed08c3292817a773d654e6
1,samples[15].copy_s,0.00037110400199890135
1,samples[15].expert_bytes,1572864
1,samples[15].experts_per_batch,8
1,samples[15].gather_s,0.16906622285023332
1,samples[15].mode,gather
1,samples[15].payload_bytes,12582912
1,samples[15].rank,0
1,samples[15].repetition,0
1,samples[15].wall_s,0.1696627871133387
1,samples[16].compute_s,
1,samples[16].contention,isolated
1,samples[16].contract.benchmark_policy_sha256,a51e2f06eccbbd7e1dbd0dfad28145edbdc58a6bf90f1dd7ceeb46af6ae1eaed
1,samples[16].contract.commit,2161d80517315fe9835ee3cf32c98f8e6b0343a7
1,samples[16].contract.hardware_sha256,9791dbc6d311596ecffb3eb44b417020cb7e142e79a148bc73feb7a0573b4bd1
1,samples[16].contract.tensor_parallel_size,4
1,samples[16].contract.versions.cuda,12.8
1,samples[16].contract.versions.python,3.12.11
1,samples[16].contract.versions.torch,2.8.0+cu128
1,samples[16].contract.versions.vllm,0.10.2
1,samples[16].contract.versions.vllm_commit,01efc7ef781391e744ed08c3292817a773d654e6
1,samples[16].copy_s,0.00034463998675346376
1,samples[16].expert_bytes,1572864
1,samples[16].experts_per_batch,8
1,samples[16].gather_s,0.0616198917850852
1,samples[16].mode,gather
1,samples[16].payload_bytes,12582912
1,samples[16].rank,0
1,samples[16].repetition,1
1,samples[16].wall_s,0.062051478773355484
1,samples[17].compute_s,
1,samples[17].contention,isolated
1,samples[17].contract.benchmark_policy_sha256,a51e2f06eccbbd7e1dbd0dfad28145edbdc58a6bf90f1dd7ceeb46af6ae1eaed
1,samples[17].contract.commit,2161d80517315fe9835ee3cf32c98f8e6b0343a7
1,samples[17].contract.hardware_sha256,9791dbc6d311596ecffb3eb44b417020cb7e142e79a148bc73feb7a0573b4bd1
1,samples[17].contract.tensor_parallel_size,4
1,samples[17].contract.versions.cuda,12.8
1,samples[17].contract.versions.python,3.12.11
1,samples[17].contract.versions.torch,2.8.0+cu128
1,samples[17].contract.versions.vllm,0.10.2
1,samples[17].contract.versions.vllm_commit,01efc7ef781391e744ed08c3292817a773d654e6
1,samples[17].copy_s,0.00038294398784637453
1,samples[17].expert_bytes,1572864
1,samples[17].experts_per_batch,8
1,samples[17].gather_s,0.14387560123577714
1,samples[17].mode,gather
1,samples[17].payload_bytes,12582912
1,samples[17].rank,0
1,samples[17].repetition,2
1,samples[17].wall_s,0.1445129499770701
1,samples[18].compute_s,
1,samples[18].contention,isolated
1,samples[18].contract.benchmark_policy_sha256,a51e2f06eccbbd7e1dbd0dfad28145edbdc58a6bf90f1dd7ceeb46af6ae1eaed
1,samples[18].contract.commit,2161d80517315fe9835ee3cf32c98f8e6b0343a7
1,samples[18].contract.hardware_sha256,9791dbc6d311596ecffb3eb44b417020cb7e142e79a148bc73feb7a0573b4bd1
1,samples[18].contract.tensor_parallel_size,4
1,samples[18].contract.versions.cuda,12.8
1,samples[18].contract.versions.python,3.12.11
1,samples[18].contract.versions.torch,2.8.0+cu128
1,samples[18].contract.versions.vllm,0.10.2
1,samples[18].contract.versions.vllm_commit,01efc7ef781391e744ed08c3292817a773d654e6
1,samples[18].copy_s,0.00142684805393219
1,samples[18].expert_bytes,1572864
1,samples[18].experts_per_batch,32
1,samples[18].gather_s,0.0
1,samples[18].mode,contiguous
1,samples[18].payload_bytes,50331648
1,samples[18].rank,0
1,samples[18].repetition,0
1,samples[18].wall_s,0.0014568162150681019
1,samples[19].compute_s,
1,samples[19].contention,isolated
1,samples[19].contract.benchmark_policy_sha256,a51e2f06eccbbd7e1dbd0dfad28145edbdc58a6bf90f1dd7ceeb46af6ae1eaed
1,samples[19].contract.commit,2161d80517315fe9835ee3cf32c98f8e6b0343a7
1,samples[19].contract.hardware_sha256,9791dbc6d311596ecffb3eb44b417020cb7e142e79a148bc73feb7a0573b4bd1
1,samples[19].contract.tensor_parallel_size,4
1,samples[19].contract.versions.cuda,12.8
1,samples[19].contract.versions.python,3.12.11
1,samples[19].contract.versions.torch,2.8.0+cu128
1,samples[19].contract.versions.vllm,0.10.2
1,samples[19].contract.versions.vllm_commit,01efc7ef781391e744ed08c3292817a773d654e6
1,samples[19].copy_s,0.0015540800094604491
1,samples[19].expert_bytes,1572864
1,samples[19].experts_per_batch,32
1,samples[19].gather_s,0.0
1,samples[19].mode,contiguous
1,samples[19].payload_bytes,50331648
1,samples[19].rank,0
1,samples[19].repetition,1
1,samples[19].wall_s,0.0016023251228034496
1,samples[20].compute_s,
1,samples[20].contention,isolated
1,samples[20].contract.benchmark_policy_sha256,a51e2f06eccbbd7e1dbd0dfad28145edbdc58a6bf90f1dd7ceeb46af6ae1eaed
1,samples[20].contract.commit,2161d80517315fe9835ee3cf32c98f8e6b0343a7
1,samples[20].contract.hardware_sha256,9791dbc6d311596ecffb3eb44b417020cb7e142e79a148bc73feb7a0573b4bd1
1,samples[20].contract.tensor_parallel_size,4
1,samples[20].contract.versions.cuda,12.8
1,samples[20].contract.versions.python,3.12.11
1,samples[20].contract.versions.torch,2.8.0+cu128
1,samples[20].contract.versions.vllm,0.10.2
1,samples[20].contract.versions.vllm_commit,01efc7ef781391e744ed08c3292817a773d654e6
1,samples[20].copy_s,0.0015916800498962402
1,samples[20].expert_bytes,1572864
1,samples[20].experts_per_batch,32
1,samples[20].gather_s,0.0
1,samples[20].mode,contiguous
1,samples[20].payload_bytes,50331648
1,samples[20].rank,0
1,samples[20].repetition,2
1,samples[20].wall_s,0.0016399258747696877
1,samples[21].compute_s,
1,samples[21].contention,isolated
1,samples[21].contract.benchmark_policy_sha256,a51e2f06eccbbd7e1dbd0dfad28145edbdc58a6bf90f1dd7ceeb46af6ae1eaed
1,samples[21].contract.commit,2161d80517315fe9835ee3cf32c98f8e6b0343a7
1,samples[21].contract.hardware_sha256,9791dbc6d311596ecffb3eb44b417020cb7e142e79a148bc73feb7a0573b4bd1
1,samples[21].contract.tensor_parallel_size,4
1,samples[21].contract.versions.cuda,12.8
1,samples[21].contract.versions.python,3.12.11
1,samples[21].contract.versions.torch,2.8.0+cu128
1,samples[21].contract.versions.vllm,0.10.2
1,samples[21].contract.versions.vllm_commit,01efc7ef781391e744ed08c3292817a773d654e6
1,samples[21].copy_s,0.0014174079895019531
1,samples[21].expert_bytes,1572864
1,samples[21].experts_per_batch,32
1,samples[21].gather_s,0.0
1,samples[21].mode,fragmented
1,samples[21].payload_bytes,50331648
1,samples[21].rank,0
1,samples[21].repetition,0
1,samples[21].wall_s,0.0014535528607666492
1,samples[22].compute_s,
1,samples[22].contention,isolated
1,samples[22].contract.benchmark_policy_sha256,a51e2f06eccbbd7e1dbd0dfad28145edbdc58a6bf90f1dd7ceeb46af6ae1eaed
1,samples[22].contract.commit,2161d80517315fe9835ee3cf32c98f8e6b0343a7
1,samples[22].contract.hardware_sha256,9791dbc6d311596ecffb3eb44b417020cb7e142e79a148bc73feb7a0573b4bd1
1,samples[22].contract.tensor_parallel_size,4
1,samples[22].contract.versions.cuda,12.8
1,samples[22].contract.versions.python,3.12.11
1,samples[22].contract.versions.torch,2.8.0+cu128
1,samples[22].contract.versions.vllm,0.10.2
1,samples[22].contract.versions.vllm_commit,01efc7ef781391e744ed08c3292817a773d654e6
1,samples[22].copy_s,0.0014726079702377319
1,samples[22].expert_bytes,1572864
1,samples[22].experts_per_batch,32
1,samples[22].gather_s,0.0
1,samples[22].mode,fragmented
1,samples[22].payload_bytes,50331648
1,samples[22].rank,0
1,samples[22].repetition,1
1,samples[22].wall_s,0.0015166569501161575
1,samples[23].compute_s,
1,samples[23].contention,isolated
1,samples[23].contract.benchmark_policy_sha256,a51e2f06eccbbd7e1dbd0dfad28145edbdc58a6bf90f1dd7ceeb46af6ae1eaed
1,samples[23].contract.commit,2161d80517315fe9835ee3cf32c98f8e6b0343a7
1,samples[23].contract.hardware_sha256,9791dbc6d311596ecffb3eb44b417020cb7e142e79a148bc73feb7a0573b4bd1
1,samples[23].contract.tensor_parallel_size,4
1,samples[23].contract.versions.cuda,12.8
1,samples[23].contract.versions.python,3.12.11
1,samples[23].contract.versions.torch,2.8.0+cu128
1,samples[23].contract.versions.vllm,0.10.2
1,samples[23].contract.versions.vllm_commit,01efc7ef781391e744ed08c3292817a773d654e6
1,samples[23].copy_s,0.0013949760198593139
1,samples[23].expert_bytes,1572864
1,samples[23].experts_per_batch,32
1,samples[23].gather_s,0.0
1,samples[23].mode,fragmented
1,samples[23].payload_bytes,50331648
1,samples[23].rank,0
1,samples[23].repetition,2
1,samples[23].wall_s,0.0014392188750207424
1,samples[24].compute_s,
1,samples[24].contention,isolated
1,samples[24].contract.benchmark_policy_sha256,a51e2f06eccbbd7e1dbd0dfad28145edbdc58a6bf90f1dd7ceeb46af6ae1eaed
1,samples[24].contract.commit,2161d80517315fe9835ee3cf32c98f8e6b0343a7
1,samples[24].contract.hardware_sha256,9791dbc6d311596ecffb3eb44b417020cb7e142e79a148bc73feb7a0573b4bd1
1,samples[24].contract.tensor_parallel_size,4
1,samples[24].contract.versions.cuda,12.8
1,samples[24].contract.versions.python,3.12.11
1,samples[24].contract.versions.torch,2.8.0+cu128
1,samples[24].contract.versions.vllm,0.10.2
1,samples[24].contract.versions.vllm_commit,01efc7ef781391e744ed08c3292817a773d654e6
1,samples[24].copy_s,0.0010595840215682983
1,samples[24].expert_bytes,1572864
1,samples[24].experts_per_batch,32
1,samples[24].gather_s,0.6789537370204926
1,samples[24].mode,gather
1,samples[24].payload_bytes,50331648
1,samples[24].rank,0
1,samples[24].repetition,0
1,samples[24].wall_s,0.6802255832590163
1,samples[25].compute_s,
1,samples[25].contention,isolated
1,samples[25].contract.benchmark_policy_sha256,a51e2f06eccbbd7e1dbd0dfad28145edbdc58a6bf90f1dd7ceeb46af6ae1eaed
1,samples[25].contract.commit,2161d80517315fe9835ee3cf32c98f8e6b0343a7
1,samples[25].contract.hardware_sha256,9791dbc6d311596ecffb3eb44b417020cb7e142e79a148bc73feb7a0573b4bd1
1,samples[25].contract.tensor_parallel_size,4
1,samples[25].contract.versions.cuda,12.8
1,samples[25].contract.versions.python,3.12.11
1,samples[25].contract.versions.torch,2.8.0+cu128
1,samples[25].contract.versions.vllm,0.10.2
1,samples[25].contract.versions.vllm_commit,01efc7ef781391e744ed08c3292817a773d654e6
1,samples[25].copy_s,0.001034335970878601
1,samples[25].expert_bytes,1572864
1,samples[25].experts_per_batch,32
1,samples[25].gather_s,0.6814516698941588
1,samples[25].mode,gather
1,samples[25].payload_bytes,50331648
1,samples[25].rank,0
1,samples[25].repetition,1
1,samples[25].wall_s,0.6826739991083741
1,samples[26].compute_s,
1,samples[26].contention,isolated
1,samples[26].contract.benchmark_policy_sha256,a51e2f06eccbbd7e1dbd0dfad28145edbdc58a6bf90f1dd7ceeb46af6ae1eaed
1,samples[26].contract.commit,2161d80517315fe9835ee3cf32c98f8e6b0343a7
1,samples[26].contract.hardware_sha256,9791dbc6d311596ecffb3eb44b417020cb7e142e79a148bc73feb7a0573b4bd1
1,samples[26].contract.tensor_parallel_size,4
1,samples[26].contract.versions.cuda,12.8
1,samples[26].contract.versions.python,3.12.11
1,samples[26].contract.versions.torch,2.8.0+cu128
1,samples[26].contract.versions.vllm,0.10.2
1,samples[26].contract.versions.vllm_commit,01efc7ef781391e744ed08c3292817a773d654e6
1,samples[26].copy_s,0.0010391680002212525
1,samples[26].expert_bytes,1572864
1,samples[26].experts_per_batch,32
1,samples[26].gather_s,0.5920628919266164
1,samples[26].mode,gather
1,samples[26].payload_bytes,50331648
1,samples[26].rank,0
1,samples[26].repetition,2
1,samples[26].wall_s,0.5960014229640365
1,samples[27].compute_s,
1,samples[27].contention,isolated
1,samples[27].contract.benchmark_policy_sha256,a51e2f06eccbbd7e1dbd0dfad28145edbdc58a6bf90f1dd7ceeb46af6ae1eaed
1,samples[27].contract.commit,2161d80517315fe9835ee3cf32c98f8e6b0343a7
1,samples[27].contract.hardware_sha256,9791dbc6d311596ecffb3eb44b417020cb7e142e79a148bc73feb7a0573b4bd1
1,samples[27].contract.tensor_parallel_size,4
1,samples[27].contract.versions.cuda,12.8
1,samples[27].contract.versions.python,3.12.11
1,samples[27].contract.versions.torch,2.8.0+cu128
1,samples[27].contract.versions.vllm,0.10.2
1,samples[27].contract.versions.vllm_commit,01efc7ef781391e744ed08c3292817a773d654e6
1,samples[27].copy_s,0.007960832118988037
1,samples[27].expert_bytes,1572864
1,samples[27].experts_per_batch,128
1,samples[27].gather_s,0.0
1,samples[27].mode,contiguous
1,samples[27].payload_bytes,201326592
1,samples[27].rank,0
1,samples[27].repetition,0
1,samples[27].wall_s,0.007989021949470043
1,samples[28].compute_s,
1,samples[28].contention,isolated
1,samples[28].contract.benchmark_policy_sha256,a51e2f06eccbbd7e1dbd0dfad28145edbdc58a6bf90f1dd7ceeb46af6ae1eaed
1,samples[28].contract.commit,2161d80517315fe9835ee3cf32c98f8e6b0343a7
1,samples[28].contract.hardware_sha256,9791dbc6d311596ecffb3eb44b417020cb7e142e79a148bc73feb7a0573b4bd1
1,samples[28].contract.tensor_parallel_size,4
1,samples[28].contract.versions.cuda,12.8
1,samples[28].contract.versions.python,3.12.11
1,samples[28].contract.versions.torch,2.8.0+cu128
1,samples[28].contract.versions.vllm,0.10.2
1,samples[28].contract.versions.vllm_commit,01efc7ef781391e744ed08c3292817a773d654e6
1,samples[28].copy_s,0.008327743530273438
1,samples[28].expert_bytes,1572864
1,samples[28].experts_per_batch,128
1,samples[28].gather_s,0.0
1,samples[28].mode,contiguous
1,samples[28].payload_bytes,201326592
1,samples[28].rank,0
1,samples[28].repetition,1
1,samples[28].wall_s,0.008369263727217913
1,samples[29].compute_s,
1,samples[29].contention,isolated
1,samples[29].contract.benchmark_policy_sha256,a51e2f06eccbbd7e1dbd0dfad28145edbdc58a6bf90f1dd7ceeb46af6ae1eaed
1,samples[29].contract.commit,2161d80517315fe9835ee3cf32c98f8e6b0343a7
1,samples[29].contract.hardware_sha256,9791dbc6d311596ecffb3eb44b417020cb7e142e79a148bc73feb7a0573b4bd1
1,samples[29].contract.tensor_parallel_size,4
1,samples[29].contract.versions.cuda,12.8
1,samples[29].contract.versions.python,3.12.11
1,samples[29].contract.versions.torch,2.8.0+cu128
1,samples[29].contract.versions.vllm,0.10.2
1,samples[29].contract.versions.vllm_commit,01efc7ef781391e744ed08c3292817a773d654e6
1,samples[29].copy_s,0.008515040397644042
1,samples[29].expert_bytes,1572864
1,samples[29].experts_per_batch,128
1,samples[29].gather_s,0.0
1,samples[29].mode,contiguous
1,samples[29].payload_bytes,201326592
1,samples[29].rank,0
1,samples[29].repetition,2
1,samples[29].wall_s,0.00855612801387906
1,samples[30].compute_s,
1,samples[30].contention,isolated
1,samples[30].contract.benchmark_policy_sha256,a51e2f06eccbbd7e1dbd0dfad28145edbdc58a6bf90f1dd7ceeb46af6ae1eaed
1,samples[30].contract.commit,2161d80517315fe9835ee3cf32c98f8e6b0343a7
1,samples[30].contract.hardware_sha256,9791dbc6d311596ecffb3eb44b417020cb7e142e79a148bc73feb7a0573b4bd1
1,samples[30].contract.tensor_parallel_size,4
1,samples[30].contract.versions.cuda,12.8
1,samples[30].contract.versions.python,3.12.11
1,samples[30].contract.versions.torch,2.8.0+cu128
1,samples[30].contract.versions.vllm,0.10.2
1,samples[30].contract.versions.vllm_commit,01efc7ef781391e744ed08c3292817a773d654e6
1,samples[30].copy_s,0.006026368141174316
1,samples[30].expert_bytes,1572864
1,samples[30].experts_per_batch,128
1,samples[30].gather_s,0.0
1,samples[30].mode,fragmented
1,samples[30].payload_bytes,201326592
1,samples[30].rank,0
1,samples[30].repetition,0
1,samples[30].wall_s,0.0060563222505152225
1,samples[31].compute_s,
1,samples[31].contention,isolated
1,samples[31].contract.benchmark_policy_sha256,a51e2f06eccbbd7e1dbd0dfad28145edbdc58a6bf90f1dd7ceeb46af6ae1eaed
1,samples[31].contract.commit,2161d80517315fe9835ee3cf32c98f8e6b0343a7
1,samples[31].contract.hardware_sha256,9791dbc6d311596ecffb3eb44b417020cb7e142e79a148bc73feb7a0573b4bd1
1,samples[31].contract.tensor_parallel_size,4
1,samples[31].contract.versions.cuda,12.8
1,samples[31].contract.versions.python,3.12.11
1,samples[31].contract.versions.torch,2.8.0+cu128
1,samples[31].contract.versions.vllm,0.10.2
1,samples[31].contract.versions.vllm_commit,01efc7ef781391e744ed08c3292817a773d654e6
1,samples[31].copy_s,0.006121695995330811
1,samples[31].expert_bytes,1572864
1,samples[31].experts_per_batch,128
1,samples[31].gather_s,0.0
1,samples[31].mode,fragmented
1,samples[31].payload_bytes,201326592
1,samples[31].rank,0
1,samples[31].repetition,1
1,samples[31].wall_s,0.006177243310958147
1,samples[32].compute_s,
1,samples[32].contention,isolated
1,samples[32].contract.benchmark_policy_sha256,a51e2f06eccbbd7e1dbd0dfad28145edbdc58a6bf90f1dd7ceeb46af6ae1eaed
1,samples[32].contract.commit,2161d80517315fe9835ee3cf32c98f8e6b0343a7
1,samples[32].contract.hardware_sha256,9791dbc6d311596ecffb3eb44b417020cb7e142e79a148bc73feb7a0573b4bd1
1,samples[32].contract.tensor_parallel_size,4
1,samples[32].contract.versions.cuda,12.8
1,samples[32].contract.versions.python,3.12.11
1,samples[32].contract.versions.torch,2.8.0+cu128
1,samples[32].contract.versions.vllm,0.10.2
1,samples[32].contract.versions.vllm_commit,01efc7ef781391e744ed08c3292817a773d654e6
1,samples[32].copy_s,0.006200863838195801
1,samples[32].expert_bytes,1572864
1,samples[32].experts_per_batch,128
1,samples[32].gather_s,0.0
1,samples[32].mode,fragmented
1,samples[32].payload_bytes,201326592
1,samples[32].rank,0
1,samples[32].repetition,2
1,samples[32].wall_s,0.006249183788895607
1,samples[33].compute_s,
1,samples[33].contention,isolated
1,samples[33].contract.benchmark_policy_sha256,a51e2f06eccbbd7e1dbd0dfad28145edbdc58a6bf90f1dd7ceeb46af6ae1eaed
1,samples[33].contract.commit,2161d80517315fe9835ee3cf32c98f8e6b0343a7
1,samples[33].contract.hardware_sha256,9791dbc6d311596ecffb3eb44b417020cb7e142e79a148bc73feb7a0573b4bd1
1,samples[33].contract.tensor_parallel_size,4
1,samples[33].contract.versions.cuda,12.8
1,samples[33].contract.versions.python,3.12.11
1,samples[33].contract.versions.torch,2.8.0+cu128
1,samples[33].contract.versions.vllm,0.10.2
1,samples[33].contract.versions.vllm_commit,01efc7ef781391e744ed08c3292817a773d654e6
1,samples[33].copy_s,0.003799423933029175
1,samples[33].expert_bytes,1572864
1,samples[33].experts_per_batch,128
1,samples[33].gather_s,2.4034936102107167
1,samples[33].mode,gather
1,samples[33].payload_bytes,201326592
1,samples[33].rank,0
1,samples[33].repetition,0
1,samples[33].wall_s,2.4094690498895943
1,samples[34].compute_s,
1,samples[34].contention,isolated
1,samples[34].contract.benchmark_policy_sha256,a51e2f06eccbbd7e1dbd0dfad28145edbdc58a6bf90f1dd7ceeb46af6ae1eaed
1,samples[34].contract.commit,2161d80517315fe9835ee3cf32c98f8e6b0343a7
1,samples[34].contract.hardware_sha256,9791dbc6d311596ecffb3eb44b417020cb7e142e79a148bc73feb7a0573b4bd1
1,samples[34].contract.tensor_parallel_size,4
1,samples[34].contract.versions.cuda,12.8
1,samples[34].contract.versions.python,3.12.11
1,samples[34].contract.versions.torch,2.8.0+cu128
1,samples[34].contract.versions.vllm,0.10.2
1,samples[34].contract.versions.vllm_commit,01efc7ef781391e744ed08c3292817a773d654e6
1,samples[34].copy_s,0.003790656089782715
1,samples[34].expert_bytes,1572864
1,samples[34].experts_per_batch,128
1,samples[34].gather_s,2.299317362252623
1,samples[34].mode,gather
1,samples[34].payload_bytes,201326592
1,samples[34].rank,0
1,samples[34].repetition,1
1,samples[34].wall_s,2.3073880029842257
1,samples[35].compute_s,
1,samples[35].contention,isolated
1,samples[35].contract.benchmark_policy_sha256,a51e2f06eccbbd7e1dbd0dfad28145edbdc58a6bf90f1dd7ceeb46af6ae1eaed
1,samples[35].contract.commit,2161d80517315fe9835ee3cf32c98f8e6b0343a7
1,samples[35].contract.hardware_sha256,9791dbc6d311596ecffb3eb44b417020cb7e142e79a148bc73feb7a0573b4bd1
1,samples[35].contract.tensor_parallel_size,4
1,samples[35].contract.versions.cuda,12.8
1,samples[35].contract.versions.python,3.12.11
1,samples[35].contract.versions.torch,2.8.0+cu128
1,samples[35].contract.versions.vllm,0.10.2
1,samples[35].contract.versions.vllm_commit,01efc7ef781391e744ed08c3292817a773d654e6
1,samples[35].copy_s,0.0037789759635925295
1,samples[35].expert_bytes,1572864
1,samples[35].experts_per_batch,128
1,samples[35].gather_s,2.007112056016922
1,samples[35].mode,gather
1,samples[35].payload_bytes,201326592
1,samples[35].rank,0
1,samples[35].repetition,2
1,samples[35].wall_s,2.0160879329778254
1,samples[36].compute_s,
1,samples[36].contention,isolated
1,samples[36].contract.benchmark_policy_sha256,a51e2f06eccbbd7e1dbd0dfad28145edbdc58a6bf90f1dd7ceeb46af6ae1eaed
1,samples[36].contract.commit,2161d80517315fe9835ee3cf32c98f8e6b0343a7
1,samples[36].contract.hardware_sha256,9791dbc6d311596ecffb3eb44b417020cb7e142e79a148bc73feb7a0573b4bd1
1,samples[36].contract.tensor_parallel_size,4
1,samples[36].contract.versions.cuda,12.8
1,samples[36].contract.versions.python,3.12.11
1,samples[36].contract.versions.torch,2.8.0+cu128
1,samples[36].contract.versions.vllm,0.10.2
1,samples[36].contract.versions.vllm_commit,01efc7ef781391e744ed08c3292817a773d654e6
1,samples[36].copy_s,0.03460416030883789
1,samples[36].expert_bytes,1572864
1,samples[36].experts_per_batch,512
1,samples[36].gather_s,0.0
1,samples[36].mode,contiguous
1,samples[36].payload_bytes,805306368
1,samples[36].rank,0
1,samples[36].repetition,0
1,samples[36].wall_s,0.034629397094249725
1,samples[37].compute_s,
1,samples[37].contention,isolated
1,samples[37].contract.benchmark_policy_sha256,a51e2f06eccbbd7e1dbd0dfad28145edbdc58a6bf90f1dd7ceeb46af6ae1eaed
1,samples[37].contract.commit,2161d80517315fe9835ee3cf32c98f8e6b0343a7
1,samples[37].contract.hardware_sha256,9791dbc6d311596ecffb3eb44b417020cb7e142e79a148bc73feb7a0573b4bd1
1,samples[37].contract.tensor_parallel_size,4
1,samples[37].contract.versions.cuda,12.8
1,samples[37].contract.versions.python,3.12.11
1,samples[37].contract.versions.torch,2.8.0+cu128
1,samples[37].contract.versions.vllm,0.10.2
1,samples[37].contract.versions.vllm_commit,01efc7ef781391e744ed08c3292817a773d654e6
1,samples[37].copy_s,0.034640129089355466
1,samples[37].expert_bytes,1572864
1,samples[37].experts_per_batch,512
1,samples[37].gather_s,0.0
1,samples[37].mode,contiguous
1,samples[37].payload_bytes,805306368
1,samples[37].rank,0
1,samples[37].repetition,1
1,samples[37].wall_s,0.03467897977679968
1,samples[38].compute_s,
1,samples[38].contention,isolated
1,samples[38].contract.benchmark_policy_sha256,a51e2f06eccbbd7e1dbd0dfad28145edbdc58a6bf90f1dd7ceeb46af6ae1eaed
1,samples[38].contract.commit,2161d80517315fe9835ee3cf32c98f8e6b0343a7
1,samples[38].contract.hardware_sha256,9791dbc6d311596ecffb3eb44b417020cb7e142e79a148bc73feb7a0573b4bd1
1,samples[38].contract.tensor_parallel_size,4
1,samples[38].contract.versions.cuda,12.8
1,samples[38].contract.versions.python,3.12.11
1,samples[38].contract.versions.torch,2.8.0+cu128
1,samples[38].contract.versions.vllm,0.10.2
1,samples[38].contract.versions.vllm_commit,01efc7ef781391e744ed08c3292817a773d654e6
1,samples[38].copy_s,0.03464214324951172
1,samples[38].expert_bytes,1572864
1,samples[38].experts_per_batch,512
1,samples[38].gather_s,0.0
1,samples[38].mode,contiguous
1,samples[38].payload_bytes,805306368
1,samples[38].rank,0
1,samples[38].repetition,2
1,samples[38].wall_s,0.03468569228425622
1,samples[39].compute_s,
1,samples[39].contention,isolated
1,samples[39].contract.benchmark_policy_sha256,a51e2f06eccbbd7e1dbd0dfad28145edbdc58a6bf90f1dd7ceeb46af6ae1eaed
1,samples[39].contract.commit,2161d80517315fe9835ee3cf32c98f8e6b0343a7
1,samples[39].contract.hardware_sha256,9791dbc6d311596ecffb3eb44b417020cb7e142e79a148bc73feb7a0573b4bd1
1,samples[39].contract.tensor_parallel_size,4
1,samples[39].contract.versions.cuda,12.8
1,samples[39].contract.versions.python,3.12.11
1,samples[39].contract.versions.torch,2.8.0+cu128
1,samples[39].contract.versions.vllm,0.10.2
1,samples[39].contract.versions.vllm_commit,01efc7ef781391e744ed08c3292817a773d654e6
1,samples[39].copy_s,0.027440895080566408
1,samples[39].expert_bytes,1572864
1,samples[39].experts_per_batch,512
1,samples[39].gather_s,0.0
1,samples[39].mode,fragmented
1,samples[39].payload_bytes,805306368
1,samples[39].rank,0
1,samples[39].repetition,0
1,samples[39].wall_s,0.027470590081065893
1,samples[40].compute_s,
1,samples[40].contention,isolated
1,samples[40].contract.benchmark_policy_sha256,a51e2f06eccbbd7e1dbd0dfad28145edbdc58a6bf90f1dd7ceeb46af6ae1eaed
1,samples[40].contract.commit,2161d80517315fe9835ee3cf32c98f8e6b0343a7
1,samples[40].contract.hardware_sha256,9791dbc6d311596ecffb3eb44b417020cb7e142e79a148bc73feb7a0573b4bd1
1,samples[40].contract.tensor_parallel_size,4
1,samples[40].contract.versions.cuda,12.8
1,samples[40].contract.versions.python,3.12.11
1,samples[40].contract.versions.torch,2.8.0+cu128
1,samples[40].contract.versions.vllm,0.10.2
1,samples[40].contract.versions.vllm_commit,01efc7ef781391e744ed08c3292817a773d654e6
1,samples[40].copy_s,0.02742304039001465
1,samples[40].expert_bytes,1572864
1,samples[40].experts_per_batch,512
1,samples[40].gather_s,0.0
1,samples[40].mode,fragmented
1,samples[40].payload_bytes,805306368
1,samples[40].rank,0
1,samples[40].repetition,1
1,samples[40].wall_s,0.027481796219944954
1,samples[41].compute_s,
1,samples[41].contention,isolated
1,samples[41].contract.benchmark_policy_sha256,a51e2f06eccbbd7e1dbd0dfad28145edbdc58a6bf90f1dd7ceeb46af6ae1eaed
1,samples[41].contract.commit,2161d80517315fe9835ee3cf32c98f8e6b0343a7
1,samples[41].contract.hardware_sha256,9791dbc6d311596ecffb3eb44b417020cb7e142e79a148bc73feb7a0573b4bd1
1,samples[41].contract.tensor_parallel_size,4
1,samples[41].contract.versions.cuda,12.8
1,samples[41].contract.versions.python,3.12.11
1,samples[41].contract.versions.torch,2.8.0+cu128
1,samples[41].contract.versions.vllm,0.10.2
1,samples[41].contract.versions.vllm_commit,01efc7ef781391e744ed08c3292817a773d654e6
1,samples[41].copy_s,0.027488672256469726
1,samples[41].expert_bytes,1572864
1,samples[41].experts_per_batch,512
1,samples[41].gather_s,0.0
1,samples[41].mode,fragmented
1,samples[41].payload_bytes,805306368
1,samples[41].rank,0
1,samples[41].repetition,2
1,samples[41].wall_s,0.027676838915795088
1,samples[42].compute_s,
1,samples[42].contention,isolated
1,samples[42].contract.benchmark_policy_sha256,a51e2f06eccbbd7e1dbd0dfad28145edbdc58a6bf90f1dd7ceeb46af6ae1eaed
1,samples[42].contract.commit,2161d80517315fe9835ee3cf32c98f8e6b0343a7
1,samples[42].contract.hardware_sha256,9791dbc6d311596ecffb3eb44b417020cb7e142e79a148bc73feb7a0573b4bd1
1,samples[42].contract.tensor_parallel_size,4
1,samples[42].contract.versions.cuda,12.8
1,samples[42].contract.versions.python,3.12.11
1,samples[42].contract.versions.torch,2.8.0+cu128
1,samples[42].contract.versions.vllm,0.10.2
1,samples[42].contract.versions.vllm_commit,01efc7ef781391e744ed08c3292817a773d654e6
1,samples[42].copy_s,0.014924096107482911
1,samples[42].expert_bytes,1572864
1,samples[42].experts_per_batch,512
1,samples[42].gather_s,9.40360523480922
1,samples[42].mode,gather
1,samples[42].payload_bytes,805306368
1,samples[42].rank,0
1,samples[42].repetition,0
1,samples[42].wall_s,9.418863461818546
1,samples[43].compute_s,
1,samples[43].contention,isolated
1,samples[43].contract.benchmark_policy_sha256,a51e2f06eccbbd7e1dbd0dfad28145edbdc58a6bf90f1dd7ceeb46af6ae1eaed
1,samples[43].contract.commit,2161d80517315fe9835ee3cf32c98f8e6b0343a7
1,samples[43].contract.hardware_sha256,9791dbc6d311596ecffb3eb44b417020cb7e142e79a148bc73feb7a0573b4bd1
1,samples[43].contract.tensor_parallel_size,4
1,samples[43].contract.versions.cuda,12.8
1,samples[43].contract.versions.python,3.12.11
1,samples[43].contract.versions.torch,2.8.0+cu128
1,samples[43].contract.versions.vllm,0.10.2
1,samples[43].contract.versions.vllm_commit,01efc7ef781391e744ed08c3292817a773d654e6
1,samples[43].copy_s,0.015055359840393067
1,samples[43].expert_bytes,1572864
1,samples[43].experts_per_batch,512
1,samples[43].gather_s,9.157400278840214
1,samples[43].mode,gather
1,samples[43].payload_bytes,805306368
1,samples[43].rank,0
1,samples[43].repetition,1
1,samples[43].wall_s,9.174858417827636
1,samples[44].compute_s,
1,samples[44].contention,isolated
1,samples[44].contract.benchmark_policy_sha256,a51e2f06eccbbd7e1dbd0dfad28145edbdc58a6bf90f1dd7ceeb46af6ae1eaed
1,samples[44].contract.commit,2161d80517315fe9835ee3cf32c98f8e6b0343a7
1,samples[44].contract.hardware_sha256,9791dbc6d311596ecffb3eb44b417020cb7e142e79a148bc73feb7a0573b4bd1
1,samples[44].contract.tensor_parallel_size,4
1,samples[44].contract.versions.cuda,12.8
1,samples[44].contract.versions.python,3.12.11
1,samples[44].contract.versions.torch,2.8.0+cu128
1,samples[44].contract.versions.vllm,0.10.2
1,samples[44].contract.versions.vllm_commit,01efc7ef781391e744ed08c3292817a773d654e6
1,samples[44].copy_s,0.014921088218688965
1,samples[44].expert_bytes,1572864
1,samples[44].experts_per_batch,512
1,samples[44].gather_s,8.377607419155538
1,samples[44].mode,gather
1,samples[44].payload_bytes,805306368
1,samples[44].rank,0
1,samples[44].repetition,2
1,samples[44].wall_s,8.392834058962762
1,status,complete
1,topology_status,NUMA/PCIe-unavailable
1,artifact_kind,transfer-worker
2,record_index,2
2,contract.benchmark_policy_sha256,a51e2f06eccbbd7e1dbd0dfad28145edbdc58a6bf90f1dd7ceeb46af6ae1eaed
2,contract.commit,2161d80517315fe9835ee3cf32c98f8e6b0343a7
2,contract.hardware_sha256,9791dbc6d311596ecffb3eb44b417020cb7e142e79a148bc73feb7a0573b4bd1
2,contract.tensor_parallel_size,4
2,contract.versions.cuda,12.8
2,contract.versions.python,3.12.11
2,contract.versions.torch,2.8.0+cu128
2,contract.versions.vllm,0.10.2
2,contract.versions.vllm_commit,01efc7ef781391e744ed08c3292817a773d654e6
2,cpu_affinity_sha256,5b9a7d2fd9e4915888e092a354e7b06222745d078d2eb415374508fe3a31243f
2,device_rank,1
2,measurements[0].compute_only_components,
2,measurements[0].compute_only_wall_s,
2,measurements[0].compute_s,
2,measurements[0].copy_only_components.compute_s,0.0
2,measurements[0].copy_only_components.copy_s,4.585599899291992e-05
2,measurements[0].copy_only_components.gather_s,0.0
2,measurements[0].copy_only_components.wall_s,8.199503645300865e-05
2,measurements[0].copy_only_wall_s,8.199503645300865e-05
2,measurements[0].copy_s,4.585599899291992e-05
2,measurements[0].experts_per_batch,1
2,measurements[0].gather_s,0.0
2,measurements[0].joint_wall_s,
2,measurements[0].mode,contiguous
2,measurements[0].rank,1
2,measurements[0].repetition,0
2,measurements[0].wall_s,8.199503645300865e-05
2,measurements[1].compute_only_components,
2,measurements[1].compute_only_wall_s,
2,measurements[1].compute_s,
2,measurements[1].copy_only_components.compute_s,0.0
2,measurements[1].copy_only_components.copy_s,6.259199976921082e-05
2,measurements[1].copy_only_components.gather_s,0.0
2,measurements[1].copy_only_components.wall_s,0.00010773586109280586
2,measurements[1].copy_only_wall_s,0.00010773586109280586
2,measurements[1].copy_s,6.259199976921082e-05
2,measurements[1].experts_per_batch,1
2,measurements[1].gather_s,0.0
2,measurements[1].joint_wall_s,
2,measurements[1].mode,contiguous
2,measurements[1].rank,1
2,measurements[1].repetition,1
2,measurements[1].wall_s,0.00010773586109280586
2,measurements[2].compute_only_components,
2,measurements[2].compute_only_wall_s,
2,measurements[2].compute_s,
2,measurements[2].copy_only_components.compute_s,0.0
2,measurements[2].copy_only_components.copy_s,6.0896001756191256e-05
2,measurements[2].copy_only_components.gather_s,0.0
2,measurements[2].copy_only_components.wall_s,9.996211156249046e-05
2,measurements[2].copy_only_wall_s,9.996211156249046e-05
2,measurements[2].copy_s,6.0896001756191256e-05
2,measurements[2].experts_per_batch,1
2,measurements[2].gather_s,0.0
2,measurements[2].joint_wall_s,
2,measurements[2].mode,contiguous
2,measurements[2].rank,1
2,measurements[2].repetition,2
2,measurements[2].wall_s,9.996211156249046e-05
2,measurements[3].compute_only_components,
2,measurements[3].compute_only_wall_s,
2,measurements[3].compute_s,
2,measurements[3].copy_only_components.compute_s,0.0
2,measurements[3].copy_only_components.copy_s,5.318399891257286e-05
2,measurements[3].copy_only_components.gather_s,0.0
2,measurements[3].copy_only_components.wall_s,8.450169116258621e-05
2,measurements[3].copy_only_wall_s,8.450169116258621e-05
2,measurements[3].copy_s,5.318399891257286e-05
2,measurements[3].experts_per_batch,1
2,measurements[3].gather_s,0.0
2,measurements[3].joint_wall_s,
2,measurements[3].mode,fragmented
2,measurements[3].rank,1
2,measurements[3].repetition,0
2,measurements[3].wall_s,8.450169116258621e-05
2,measurements[4].compute_only_components,
2,measurements[4].compute_only_wall_s,
2,measurements[4].compute_s,
2,measurements[4].copy_only_components.compute_s,0.0
2,measurements[4].copy_only_components.copy_s,0.00015961599349975585
2,measurements[4].copy_only_components.gather_s,0.0
2,measurements[4].copy_only_components.wall_s,0.0002951226197183132
2,measurements[4].copy_only_wall_s,0.0002951226197183132
2,measurements[4].copy_s,0.00015961599349975585
2,measurements[4].experts_per_batch,1
2,measurements[4].gather_s,0.0
2,measurements[4].joint_wall_s,
2,measurements[4].mode,fragmented
2,measurements[4].rank,1
2,measurements[4].repetition,1
2,measurements[4].wall_s,0.0002951226197183132
2,measurements[5].compute_only_components,
2,measurements[5].compute_only_wall_s,
2,measurements[5].compute_s,
2,measurements[5].copy_only_components.compute_s,0.0
2,measurements[5].copy_only_components.copy_s,0.00014265599846839905
2,measurements[5].copy_only_components.gather_s,0.0
2,measurements[5].copy_only_components.wall_s,0.00027152523398399353
2,measurements[5].copy_only_wall_s,0.00027152523398399353
2,measurements[5].copy_s,0.00014265599846839905
2,measurements[5].experts_per_batch,1
2,measurements[5].gather_s,0.0
2,measurements[5].joint_wall_s,
2,measurements[5].mode,fragmented
2,measurements[5].rank,1
2,measurements[5].repetition,2
2,measurements[5].wall_s,0.00027152523398399353
2,measurements[6].compute_only_components,
2,measurements[6].compute_only_wall_s,
2,measurements[6].compute_s,
2,measurements[6].copy_only_components.compute_s,0.0
2,measurements[6].copy_only_components.copy_s,6.166400015354157e-05
2,measurements[6].copy_only_components.gather_s,0.010217112954705954
2,measurements[6].copy_only_components.wall_s,0.010320054832845926
2,measurements[6].copy_only_wall_s,0.010320054832845926
2,measurements[6].copy_s,6.166400015354157e-05
2,measurements[6].experts_per_batch,1
2,measurements[6].gather_s,0.010217112954705954
2,measurements[6].joint_wall_s,
2,measurements[6].mode,gather
2,measurements[6].rank,1
2,measurements[6].repetition,0
2,measurements[6].wall_s,0.010320054832845926
2,measurements[7].compute_only_components,
2,measurements[7].compute_only_wall_s,
2,measurements[7].compute_s,
2,measurements[7].copy_only_components.compute_s,0.0
2,measurements[7].copy_only_components.copy_s,7.478400319814682e-05
2,measurements[7].copy_only_components.gather_s,0.012474492192268372
2,measurements[7].copy_only_components.wall_s,0.01261503016576171
2,measurements[7].copy_only_wall_s,0.01261503016576171
2,measurements[7].copy_s,7.478400319814682e-05
2,measurements[7].experts_per_batch,1
2,measurements[7].gather_s,0.012474492192268372
2,measurements[7].joint_wall_s,
2,measurements[7].mode,gather
2,measurements[7].rank,1
2,measurements[7].repetition,1
2,measurements[7].wall_s,0.01261503016576171
2,measurements[8].compute_only_components,
2,measurements[8].compute_only_wall_s,
2,measurements[8].compute_s,
2,measurements[8].copy_only_components.compute_s,0.0
2,measurements[8].copy_only_components.copy_s,9.600000083446503e-05
2,measurements[8].copy_only_components.gather_s,0.021419918164610863
2,measurements[8].copy_only_components.wall_s,0.021661983337253332
2,measurements[8].copy_only_wall_s,0.021661983337253332
2,measurements[8].copy_s,9.600000083446503e-05
2,measurements[8].experts_per_batch,1
2,measurements[8].gather_s,0.021419918164610863
2,measurements[8].joint_wall_s,
2,measurements[8].mode,gather
2,measurements[8].rank,1
2,measurements[8].repetition,2
2,measurements[8].wall_s,0.021661983337253332
2,measurements[9].compute_only_components,
2,measurements[9].compute_only_wall_s,
2,measurements[9].compute_s,
2,measurements[9].copy_only_components.compute_s,0.0
2,measurements[9].copy_only_components.copy_s,0.0003330560028553009
2,measurements[9].copy_only_components.gather_s,0.0
2,measurements[9].copy_only_components.wall_s,0.0003718500956892967
2,measurements[9].copy_only_wall_s,0.0003718500956892967
2,measurements[9].copy_s,0.0003330560028553009
2,measurements[9].experts_per_batch,8
2,measurements[9].gather_s,0.0
2,measurements[9].joint_wall_s,
2,measurements[9].mode,contiguous
2,measurements[9].rank,1
2,measurements[9].repetition,0
2,measurements[9].wall_s,0.0003718500956892967
2,measurements[10].compute_only_components,
2,measurements[10].compute_only_wall_s,
2,measurements[10].compute_s,
2,measurements[10].copy_only_components.compute_s,0.0
2,measurements[10].copy_only_components.copy_s,0.0003934400081634522
2,measurements[10].copy_only_components.gather_s,0.0
2,measurements[10].copy_only_components.wall_s,0.0005042310804128647
2,measurements[10].copy_only_wall_s,0.0005042310804128647
2,measurements[10].copy_s,0.0003934400081634522
2,measurements[10].experts_per_batch,8
2,measurements[10].gather_s,0.0
2,measurements[10].joint_wall_s,
2,measurements[10].mode,contiguous
2,measurements[10].rank,1
2,measurements[10].repetition,1
2,measurements[10].wall_s,0.0005042310804128647
2,measurements[11].compute_only_components,
2,measurements[11].compute_only_wall_s,
2,measurements[11].compute_s,
2,measurements[11].copy_only_components.compute_s,0.0
2,measurements[11].copy_only_components.copy_s,0.0004163840115070343
2,measurements[11].copy_only_components.gather_s,0.0
2,measurements[11].copy_only_components.wall_s,0.0005160882137715816
2,measurements[11].copy_only_wall_s,0.0005160882137715816
2,measurements[11].copy_s,0.0004163840115070343
2,measurements[11].experts_per_batch,8
2,measurements[11].gather_s,0.0
2,measurements[11].joint_wall_s,
2,measurements[11].mode,contiguous
2,measurements[11].rank,1
2,measurements[11].repetition,2
2,measurements[11].wall_s,0.0005160882137715816
2,measurements[12].compute_only_components,
2,measurements[12].compute_only_wall_s,
2,measurements[12].compute_s,
2,measurements[12].copy_only_components.compute_s,0.0
2,measurements[12].copy_only_components.copy_s,0.0003292160034179688
2,measurements[12].copy_only_components.gather_s,0.0
2,measurements[12].copy_only_components.wall_s,0.000355633907020092
2,measurements[12].copy_only_wall_s,0.000355633907020092
2,measurements[12].copy_s,0.0003292160034179688
2,measurements[12].experts_per_batch,8
2,measurements[12].gather_s,0.0
2,measurements[12].joint_wall_s,
2,measurements[12].mode,fragmented
2,measurements[12].rank,1
2,measurements[12].repetition,0
2,measurements[12].wall_s,0.000355633907020092
2,measurements[13].compute_only_components,
2,measurements[13].compute_only_wall_s,
2,measurements[13].compute_s,
2,measurements[13].copy_only_components.compute_s,0.0
2,measurements[13].copy_only_components.copy_s,0.00043055999279022217
2,measurements[13].copy_only_components.gather_s,0.0
2,measurements[13].copy_only_components.wall_s,0.000483004841953516
2,measurements[13].copy_only_wall_s,0.000483004841953516
2,measurements[13].copy_s,0.00043055999279022217
2,measurements[13].experts_per_batch,8
2,measurements[13].gather_s,0.0
2,measurements[13].joint_wall_s,
2,measurements[13].mode,fragmented
2,measurements[13].rank,1
2,measurements[13].repetition,1
2,measurements[13].wall_s,0.000483004841953516
2,measurements[14].compute_only_components,
2,measurements[14].compute_only_wall_s,
2,measurements[14].compute_s,
2,measurements[14].copy_only_components.compute_s,0.0
2,measurements[14].copy_only_components.copy_s,0.0003883520066738129
2,measurements[14].copy_only_components.gather_s,0.0
2,measurements[14].copy_only_components.wall_s,0.0004591410979628563
2,measurements[14].copy_only_wall_s,0.0004591410979628563
2,measurements[14].copy_s,0.0003883520066738129
2,measurements[14].experts_per_batch,8
2,measurements[14].gather_s,0.0
2,measurements[14].joint_wall_s,
2,measurements[14].mode,fragmented
2,measurements[14].rank,1
2,measurements[14].repetition,2
2,measurements[14].wall_s,0.0004591410979628563
2,measurements[15].compute_only_components,
2,measurements[15].compute_only_wall_s,
2,measurements[15].compute_s,
2,measurements[15].copy_only_components.compute_s,0.0
2,measurements[15].copy_only_components.copy_s,0.00038198399543762205
2,measurements[15].copy_only_components.gather_s,0.16965368017554283
2,measurements[15].copy_only_components.wall_s,0.17020799592137337
2,measurements[15].copy_only_wall_s,0.17020799592137337
2,measurements[15].copy_s,0.00038198399543762205
2,measurements[15].experts_per_batch,8
2,measurements[15].gather_s,0.16965368017554283
2,measurements[15].joint_wall_s,
2,measurements[15].mode,gather
2,measurements[15].rank,1
2,measurements[15].repetition,0
2,measurements[15].wall_s,0.17020799592137337
2,measurements[16].compute_only_components,
2,measurements[16].compute_only_wall_s,
2,measurements[16].compute_s,
2,measurements[16].copy_only_components.compute_s,0.0
2,measurements[16].copy_only_components.copy_s,0.0003776960074901581
2,measurements[16].copy_only_components.gather_s,0.12558796303346753
2,measurements[16].copy_only_components.wall_s,0.12612539483234286
2,measurements[16].copy_only_wall_s,0.12612539483234286
2,measurements[16].copy_s,0.0003776960074901581
2,measurements[16].experts_per_batch,8
2,measurements[16].gather_s,0.12558796303346753
2,measurements[16].joint_wall_s,
2,measurements[16].mode,gather
2,measurements[16].rank,1
2,measurements[16].repetition,1
2,measurements[16].wall_s,0.12612539483234286
2,measurements[17].compute_only_components,
2,measurements[17].compute_only_wall_s,
2,measurements[17].compute_s,
2,measurements[17].copy_only_components.compute_s,0.0
2,measurements[17].copy_only_components.copy_s,0.00038966399431228637
2,measurements[17].copy_only_components.gather_s,0.0004418129101395607
2,measurements[17].copy_only_components.wall_s,0.0009008948691189289
2,measurements[17].copy_only_wall_s,0.0009008948691189289
2,measurements[17].copy_s,0.00038966399431228637
2,measurements[17].experts_per_batch,8
2,measurements[17].gather_s,0.0004418129101395607
2,measurements[17].joint_wall_s,
2,measurements[17].mode,gather
2,measurements[17].rank,1
2,measurements[17].repetition,2
2,measurements[17].wall_s,0.0009008948691189289
2,measurements[18].compute_only_components,
2,measurements[18].compute_only_wall_s,
2,measurements[18].compute_s,
2,measurements[18].copy_only_components.compute_s,0.0
2,measurements[18].copy_only_components.copy_s,0.0012764159440994262
2,measurements[18].copy_only_components.gather_s,0.0
2,measurements[18].copy_only_components.wall_s,0.0013081450015306473
2,measurements[18].copy_only_wall_s,0.0013081450015306473
2,measurements[18].copy_s,0.0012764159440994262
2,measurements[18].experts_per_batch,32
2,measurements[18].gather_s,0.0
2,measurements[18].joint_wall_s,
2,measurements[18].mode,contiguous
2,measurements[18].rank,1
2,measurements[18].repetition,0
2,measurements[18].wall_s,0.0013081450015306473
2,measurements[19].compute_only_components,
2,measurements[19].compute_only_wall_s,
2,measurements[19].compute_s,
2,measurements[19].copy_only_components.compute_s,0.0
2,measurements[19].copy_only_components.copy_s,0.0013820799589157105
2,measurements[19].copy_only_components.gather_s,0.0
2,measurements[19].copy_only_components.wall_s,0.0014281622134149075
2,measurements[19].copy_only_wall_s,0.0014281622134149075
2,measurements[19].copy_s,0.0013820799589157105
2,measurements[19].experts_per_batch,32
2,measurements[19].gather_s,0.0
2,measurements[19].joint_wall_s,
2,measurements[19].mode,contiguous
2,measurements[19].rank,1
2,measurements[19].repetition,1
2,measurements[19].wall_s,0.0014281622134149075
2,measurements[20].compute_only_components,
2,measurements[20].compute_only_wall_s,
2,measurements[20].compute_s,
2,measurements[20].copy_only_components.compute_s,0.0
2,measurements[20].copy_only_components.copy_s,0.0014229120016098023
2,measurements[20].copy_only_components.gather_s,0.0
2,measurements[20].copy_only_components.wall_s,0.0014663911424577236
2,measurements[20].copy_only_wall_s,0.0014663911424577236
2,measurements[20].copy_s,0.0014229120016098023
2,measurements[20].experts_per_batch,32
2,measurements[20].gather_s,0.0
2,measurements[20].joint_wall_s,
2,measurements[20].mode,contiguous
2,measurements[20].rank,1
2,measurements[20].repetition,2
2,measurements[20].wall_s,0.0014663911424577236
2,measurements[21].compute_only_components,
2,measurements[21].compute_only_wall_s,
2,measurements[21].compute_s,
2,measurements[21].copy_only_components.compute_s,0.0
2,measurements[21].copy_only_components.copy_s,0.0013085440397262572
2,measurements[21].copy_only_components.gather_s,0.0
2,measurements[21].copy_only_components.wall_s,0.0013367030769586563
2,measurements[21].copy_only_wall_s,0.0013367030769586563
2,measurements[21].copy_s,0.0013085440397262572
2,measurements[21].experts_per_batch,32
2,measurements[21].gather_s,0.0
2,measurements[21].joint_wall_s,
2,measurements[21].mode,fragmented
2,measurements[21].rank,1
2,measurements[21].repetition,0
2,measurements[21].wall_s,0.0013367030769586563
2,measurements[22].compute_only_components,
2,measurements[22].compute_only_wall_s,
2,measurements[22].compute_s,
2,measurements[22].copy_only_components.compute_s,0.0
2,measurements[22].copy_only_components.copy_s,0.0013574399948120116
2,measurements[22].copy_only_components.gather_s,0.0
2,measurements[22].copy_only_components.wall_s,0.0013997475616633892
2,measurements[22].copy_only_wall_s,0.0013997475616633892
2,measurements[22].copy_s,0.0013574399948120116
2,measurements[22].experts_per_batch,32
2,measurements[22].gather_s,0.0
2,measurements[22].joint_wall_s,
2,measurements[22].mode,fragmented
2,measurements[22].rank,1
2,measurements[22].repetition,1
2,measurements[22].wall_s,0.0013997475616633892
2,measurements[23].compute_only_components,
2,measurements[23].compute_only_wall_s,
2,measurements[23].compute_s,
2,measurements[23].copy_only_components.compute_s,0.0
2,measurements[23].copy_only_components.copy_s,0.0013002879619598388
2,measurements[23].copy_only_components.gather_s,0.0
2,measurements[23].copy_only_components.wall_s,0.001342815812677145
2,measurements[23].copy_only_wall_s,0.001342815812677145
2,measurements[23].copy_s,0.0013002879619598388
2,measurements[23].experts_per_batch,32
2,measurements[23].gather_s,0.0
2,measurements[23].joint_wall_s,
2,measurements[23].mode,fragmented
2,measurements[23].rank,1
2,measurements[23].repetition,2
2,measurements[23].wall_s,0.001342815812677145
2,measurements[24].compute_only_components,
2,measurements[24].compute_only_wall_s,
2,measurements[24].compute_s,
2,measurements[24].copy_only_components.compute_s,0.0
2,measurements[24].copy_only_components.copy_s,0.0010519360303878785
2,measurements[24].copy_only_components.gather_s,0.7186999800615013
2,measurements[24].copy_only_components.wall_s,0.7198915672488511
2,measurements[24].copy_only_wall_s,0.7198915672488511
2,measurements[24].copy_s,0.0010519360303878785
2,measurements[24].experts_per_batch,32
2,measurements[24].gather_s,0.7186999800615013
2,measurements[24].joint_wall_s,
2,measurements[24].mode,gather
2,measurements[24].rank,1
2,measurements[24].repetition,0
2,measurements[24].wall_s,0.7198915672488511
2,measurements[25].compute_only_components,
2,measurements[25].compute_only_wall_s,
2,measurements[25].compute_s,
2,measurements[25].copy_only_components.compute_s,0.0
2,measurements[25].copy_only_components.copy_s,0.0010412160158157348
2,measurements[25].copy_only_components.gather_s,0.6862162007018924
2,measurements[25].copy_only_components.wall_s,0.6874336479231715
2,measurements[25].copy_only_wall_s,0.6874336479231715
2,measurements[25].copy_s,0.0010412160158157348
2,measurements[25].experts_per_batch,32
2,measurements[25].gather_s,0.6862162007018924
2,measurements[25].joint_wall_s,
2,measurements[25].mode,gather
2,measurements[25].rank,1
2,measurements[25].repetition,1
2,measurements[25].wall_s,0.6874336479231715
2,measurements[26].compute_only_components,
2,measurements[26].compute_only_wall_s,
2,measurements[26].compute_s,
2,measurements[26].copy_only_components.compute_s,0.0
2,measurements[26].copy_only_components.copy_s,0.001091007947921753
2,measurements[26].copy_only_components.gather_s,0.6413021800108254
2,measurements[26].copy_only_components.wall_s,0.6426214948296547
2,measurements[26].copy_only_wall_s,0.6426214948296547
2,measurements[26].copy_s,0.001091007947921753
2,measurements[26].experts_per_batch,32
2,measurements[26].gather_s,0.6413021800108254
2,measurements[26].joint_wall_s,
2,measurements[26].mode,gather
2,measurements[26].rank,1
2,measurements[26].repetition,2
2,measurements[26].wall_s,0.6426214948296547
2,measurements[27].compute_only_components,
2,measurements[27].compute_only_wall_s,
2,measurements[27].compute_s,
2,measurements[27].copy_only_components.compute_s,0.0
2,measurements[27].copy_only_components.copy_s,0.006779071807861328
2,measurements[27].copy_only_components.gather_s,0.0
2,measurements[27].copy_only_components.wall_s,0.006806910037994385
2,measurements[27].copy_only_wall_s,0.006806910037994385
2,measurements[27].copy_s,0.006779071807861328
2,measurements[27].experts_per_batch,128
2,measurements[27].gather_s,0.0
2,measurements[27].joint_wall_s,
2,measurements[27].mode,contiguous
2,measurements[27].rank,1
2,measurements[27].repetition,0
2,measurements[27].wall_s,0.006806910037994385
2,measurements[28].compute_only_components,
2,measurements[28].compute_only_wall_s,
2,measurements[28].compute_s,
2,measurements[28].copy_only_components.compute_s,0.0
2,measurements[28].copy_only_components.copy_s,0.0072687997817993165
2,measurements[28].copy_only_components.gather_s,0.0
2,measurements[28].copy_only_components.wall_s,0.007312358822673559
2,measurements[28].copy_only_wall_s,0.007312358822673559
2,measurements[28].copy_s,0.0072687997817993165
2,measurements[28].experts_per_batch,128
2,measurements[28].gather_s,0.0
2,measurements[28].joint_wall_s,
2,measurements[28].mode,contiguous
2,measurements[28].rank,1
2,measurements[28].repetition,1
2,measurements[28].wall_s,0.007312358822673559
2,measurements[29].compute_only_components,
2,measurements[29].compute_only_wall_s,
2,measurements[29].compute_s,
2,measurements[29].copy_only_components.compute_s,0.0
2,measurements[29].copy_only_components.copy_s,0.0075495362281799315
2,measurements[29].copy_only_components.gather_s,0.0
2,measurements[29].copy_only_components.wall_s,0.007596096955239773
2,measurements[29].copy_only_wall_s,0.007596096955239773
2,measurements[29].copy_s,0.0075495362281799315
2,measurements[29].experts_per_batch,128
2,measurements[29].gather_s,0.0
2,measurements[29].joint_wall_s,
2,measurements[29].mode,contiguous
2,measurements[29].rank,1
2,measurements[29].repetition,2
2,measurements[29].wall_s,0.007596096955239773
2,measurements[30].compute_only_components,
2,measurements[30].compute_only_wall_s,
2,measurements[30].compute_s,
2,measurements[30].copy_only_components.compute_s,0.0
2,measurements[30].copy_only_components.copy_s,0.005449120044708252
2,measurements[30].copy_only_components.gather_s,0.0
2,measurements[30].copy_only_components.wall_s,0.005480640102177858
2,measurements[30].copy_only_wall_s,0.005480640102177858
2,measurements[30].copy_s,0.005449120044708252
2,measurements[30].experts_per_batch,128
2,measurements[30].gather_s,0.0
2,measurements[30].joint_wall_s,
2,measurements[30].mode,fragmented
2,measurements[30].rank,1
2,measurements[30].repetition,0
2,measurements[30].wall_s,0.005480640102177858
2,measurements[31].compute_only_components,
2,measurements[31].compute_only_wall_s,
2,measurements[31].compute_s,
2,measurements[31].copy_only_components.compute_s,0.0
2,measurements[31].copy_only_components.copy_s,0.005491424083709717
2,measurements[31].copy_only_components.gather_s,0.0
2,measurements[31].copy_only_components.wall_s,0.005537683144211769
2,measurements[31].copy_only_wall_s,0.005537683144211769
2,measurements[31].copy_s,0.005491424083709717
2,measurements[31].experts_per_batch,128
2,measurements[31].gather_s,0.0
2,measurements[31].joint_wall_s,
2,measurements[31].mode,fragmented
2,measurements[31].rank,1
2,measurements[31].repetition,1
2,measurements[31].wall_s,0.005537683144211769
2,measurements[32].compute_only_components,
2,measurements[32].compute_only_wall_s,
2,measurements[32].compute_s,
2,measurements[32].copy_only_components.compute_s,0.0
2,measurements[32].copy_only_components.copy_s,0.005518367767333984
2,measurements[32].copy_only_components.gather_s,0.0
2,measurements[32].copy_only_components.wall_s,0.00556549895554781
2,measurements[32].copy_only_wall_s,0.00556549895554781
2,measurements[32].copy_s,0.005518367767333984
2,measurements[32].experts_per_batch,128
2,measurements[32].gather_s,0.0
2,measurements[32].joint_wall_s,
2,measurements[32].mode,fragmented
2,measurements[32].rank,1
2,measurements[32].repetition,2
2,measurements[32].wall_s,0.00556549895554781
2,measurements[33].compute_only_components,
2,measurements[33].compute_only_wall_s,
2,measurements[33].compute_s,
2,measurements[33].copy_only_components.compute_s,0.0
2,measurements[33].copy_only_components.copy_s,0.003796191930770874
2,measurements[33].copy_only_components.gather_s,2.3986121751368046
2,measurements[33].copy_only_components.wall_s,2.4025690318085253
2,measurements[33].copy_only_wall_s,2.4025690318085253
2,measurements[33].copy_s,0.003796191930770874
2,measurements[33].experts_per_batch,128
2,measurements[33].gather_s,2.3986121751368046
2,measurements[33].joint_wall_s,
2,measurements[33].mode,gather
2,measurements[33].rank,1
2,measurements[33].repetition,0
2,measurements[33].wall_s,2.4025690318085253
2,measurements[34].compute_only_components,
2,measurements[34].compute_only_wall_s,
2,measurements[34].compute_s,
2,measurements[34].copy_only_components.compute_s,0.0
2,measurements[34].copy_only_components.copy_s,0.0037968959808349608
2,measurements[34].copy_only_components.gather_s,2.3503469228744507
2,measurements[34].copy_only_components.wall_s,2.3543558279052377
2,measurements[34].copy_only_wall_s,2.3543558279052377
2,measurements[34].copy_s,0.0037968959808349608
2,measurements[34].experts_per_batch,128
2,measurements[34].gather_s,2.3503469228744507
2,measurements[34].joint_wall_s,
2,measurements[34].mode,gather
2,measurements[34].rank,1
2,measurements[34].repetition,1
2,measurements[34].wall_s,2.3543558279052377
2,measurements[35].compute_only_components,
2,measurements[35].compute_only_wall_s,
2,measurements[35].compute_s,
2,measurements[35].copy_only_components.compute_s,0.0
2,measurements[35].copy_only_components.copy_s,0.003814784049987793
2,measurements[35].copy_only_components.gather_s,2.19303856510669
2,measurements[35].copy_only_components.wall_s,2.1971360337920487
2,measurements[35].copy_only_wall_s,2.1971360337920487
2,measurements[35].copy_s,0.003814784049987793
2,measurements[35].experts_per_batch,128
2,measurements[35].gather_s,2.19303856510669
2,measurements[35].joint_wall_s,
2,measurements[35].mode,gather
2,measurements[35].rank,1
2,measurements[35].repetition,2
2,measurements[35].wall_s,2.1971360337920487
2,measurements[36].compute_only_components,
2,measurements[36].compute_only_wall_s,
2,measurements[36].compute_s,
2,measurements[36].copy_only_components.compute_s,0.0
2,measurements[36].copy_only_components.copy_s,0.030250560760498046
2,measurements[36].copy_only_components.gather_s,0.0
2,measurements[36].copy_only_components.wall_s,0.030275390949100256
2,measurements[36].copy_only_wall_s,0.030275390949100256
2,measurements[36].copy_s,0.030250560760498046
2,measurements[36].experts_per_batch,512
2,measurements[36].gather_s,0.0
2,measurements[36].joint_wall_s,
2,measurements[36].mode,contiguous
2,measurements[36].rank,1
2,measurements[36].repetition,0
2,measurements[36].wall_s,0.030275390949100256
2,measurements[37].compute_only_components,
2,measurements[37].compute_only_wall_s,
2,measurements[37].compute_s,
2,measurements[37].copy_only_components.compute_s,0.0
2,measurements[37].copy_only_components.copy_s,0.030314783096313476
2,measurements[37].copy_only_components.gather_s,0.0
2,measurements[37].copy_only_components.wall_s,0.030350642278790474
2,measurements[37].copy_only_wall_s,0.030350642278790474
2,measurements[37].copy_s,0.030314783096313476
2,measurements[37].experts_per_batch,512
2,measurements[37].gather_s,0.0
2,measurements[37].joint_wall_s,
2,measurements[37].mode,contiguous
2,measurements[37].rank,1
2,measurements[37].repetition,1
2,measurements[37].wall_s,0.030350642278790474
2,measurements[38].compute_only_components,
2,measurements[38].compute_only_wall_s,
2,measurements[38].compute_s,
2,measurements[38].copy_only_components.compute_s,0.0
2,measurements[38].copy_only_components.copy_s,0.030314239501953125
2,measurements[38].copy_only_components.gather_s,0.0
2,measurements[38].copy_only_components.wall_s,0.03034619288519025
2,measurements[38].copy_only_wall_s,0.03034619288519025
2,measurements[38].copy_s,0.030314239501953125
2,measurements[38].experts_per_batch,512
2,measurements[38].gather_s,0.0
2,measurements[38].joint_wall_s,
2,measurements[38].mode,contiguous
2,measurements[38].rank,1
2,measurements[38].repetition,2
2,measurements[38].wall_s,0.03034619288519025
2,measurements[39].compute_only_components,
2,measurements[39].compute_only_wall_s,
2,measurements[39].compute_s,
2,measurements[39].copy_only_components.compute_s,0.0
2,measurements[39].copy_only_components.copy_s,0.02408143997192383
2,measurements[39].copy_only_components.gather_s,0.0
2,measurements[39].copy_only_components.wall_s,0.02411148976534605
2,measurements[39].copy_only_wall_s,0.02411148976534605
2,measurements[39].copy_s,0.02408143997192383
2,measurements[39].experts_per_batch,512
2,measurements[39].gather_s,0.0
2,measurements[39].joint_wall_s,
2,measurements[39].mode,fragmented
2,measurements[39].rank,1
2,measurements[39].repetition,0
2,measurements[39].wall_s,0.02411148976534605
2,measurements[40].compute_only_components,
2,measurements[40].compute_only_wall_s,
2,measurements[40].compute_s,
2,measurements[40].copy_only_components.compute_s,0.0
2,measurements[40].copy_only_components.copy_s,0.024121376037597658
2,measurements[40].copy_only_components.gather_s,0.0
2,measurements[40].copy_only_components.wall_s,0.024165757931768894
2,measurements[40].copy_only_wall_s,0.024165757931768894
2,measurements[40].copy_s,0.024121376037597658
2,measurements[40].experts_per_batch,512
2,measurements[40].gather_s,0.0
2,measurements[40].joint_wall_s,
2,measurements[40].mode,fragmented
2,measurements[40].rank,1
2,measurements[40].repetition,1
2,measurements[40].wall_s,0.024165757931768894
2,measurements[41].compute_only_components,
2,measurements[41].compute_only_wall_s,
2,measurements[41].compute_s,
2,measurements[41].copy_only_components.compute_s,0.0
2,measurements[41].copy_only_components.copy_s,0.024091487884521486
2,measurements[41].copy_only_components.gather_s,0.0
2,measurements[41].copy_only_components.wall_s,0.024133875966072083
2,measurements[41].copy_only_wall_s,0.024133875966072083
2,measurements[41].copy_s,0.024091487884521486
2,measurements[41].experts_per_batch,512
2,measurements[41].gather_s,0.0
2,measurements[41].joint_wall_s,
2,measurements[41].mode,fragmented
2,measurements[41].rank,1
2,measurements[41].repetition,2
2,measurements[41].wall_s,0.024133875966072083
2,measurements[42].compute_only_components,
2,measurements[42].compute_only_wall_s,
2,measurements[42].compute_s,
2,measurements[42].copy_only_components.compute_s,0.0
2,measurements[42].copy_only_components.copy_s,0.014705471992492676
2,measurements[42].copy_only_components.gather_s,9.383815500419587
2,measurements[42].copy_only_components.wall_s,9.39886093325913
2,measurements[42].copy_only_wall_s,9.39886093325913
2,measurements[42].copy_s,0.014705471992492676
2,measurements[42].experts_per_batch,512
2,measurements[42].gather_s,9.383815500419587
2,measurements[42].joint_wall_s,
2,measurements[42].mode,gather
2,measurements[42].rank,1
2,measurements[42].repetition,0
2,measurements[42].wall_s,9.39886093325913
2,measurements[43].compute_only_components,
2,measurements[43].compute_only_wall_s,
2,measurements[43].compute_s,
2,measurements[43].copy_only_components.compute_s,0.0
2,measurements[43].copy_only_components.copy_s,0.014790656089782715
2,measurements[43].copy_only_components.gather_s,9.292160158976912
2,measurements[43].copy_only_components.wall_s,9.307569732889533
2,measurements[43].copy_only_wall_s,9.307569732889533
2,measurements[43].copy_s,0.014790656089782715
2,measurements[43].experts_per_batch,512
2,measurements[43].gather_s,9.292160158976912
2,measurements[43].joint_wall_s,
2,measurements[43].mode,gather
2,measurements[43].rank,1
2,measurements[43].repetition,1
2,measurements[43].wall_s,9.307569732889533
2,measurements[44].compute_only_components,
2,measurements[44].compute_only_wall_s,
2,measurements[44].compute_s,
2,measurements[44].copy_only_components.compute_s,0.0
2,measurements[44].copy_only_components.copy_s,0.016489984512329102
2,measurements[44].copy_only_components.gather_s,8.50170074077323
2,measurements[44].copy_only_components.wall_s,8.518542157951742
2,measurements[44].copy_only_wall_s,8.518542157951742
2,measurements[44].copy_s,0.016489984512329102
2,measurements[44].experts_per_batch,512
2,measurements[44].gather_s,8.50170074077323
2,measurements[44].joint_wall_s,
2,measurements[44].mode,gather
2,measurements[44].rank,1
2,measurements[44].repetition,2
2,measurements[44].wall_s,8.518542157951742
2,rank,1
2,samples[0].compute_s,
2,samples[0].contention,isolated
2,samples[0].contract.benchmark_policy_sha256,a51e2f06eccbbd7e1dbd0dfad28145edbdc58a6bf90f1dd7ceeb46af6ae1eaed
2,samples[0].contract.commit,2161d80517315fe9835ee3cf32c98f8e6b0343a7
2,samples[0].contract.hardware_sha256,9791dbc6d311596ecffb3eb44b417020cb7e142e79a148bc73feb7a0573b4bd1
2,samples[0].contract.tensor_parallel_size,4
2,samples[0].contract.versions.cuda,12.8
2,samples[0].contract.versions.python,3.12.11
2,samples[0].contract.versions.torch,2.8.0+cu128
2,samples[0].contract.versions.vllm,0.10.2
2,samples[0].contract.versions.vllm_commit,01efc7ef781391e744ed08c3292817a773d654e6
2,samples[0].copy_s,4.585599899291992e-05
2,samples[0].expert_bytes,1572864
2,samples[0].experts_per_batch,1
2,samples[0].gather_s,0.0
2,samples[0].mode,contiguous
2,samples[0].payload_bytes,1572864
2,samples[0].rank,1
2,samples[0].repetition,0
2,samples[0].wall_s,8.199503645300865e-05
2,samples[1].compute_s,
2,samples[1].contention,isolated
2,samples[1].contract.benchmark_policy_sha256,a51e2f06eccbbd7e1dbd0dfad28145edbdc58a6bf90f1dd7ceeb46af6ae1eaed
2,samples[1].contract.commit,2161d80517315fe9835ee3cf32c98f8e6b0343a7
2,samples[1].contract.hardware_sha256,9791dbc6d311596ecffb3eb44b417020cb7e142e79a148bc73feb7a0573b4bd1
2,samples[1].contract.tensor_parallel_size,4
2,samples[1].contract.versions.cuda,12.8
2,samples[1].contract.versions.python,3.12.11
2,samples[1].contract.versions.torch,2.8.0+cu128
2,samples[1].contract.versions.vllm,0.10.2
2,samples[1].contract.versions.vllm_commit,01efc7ef781391e744ed08c3292817a773d654e6
2,samples[1].copy_s,6.259199976921082e-05
2,samples[1].expert_bytes,1572864
2,samples[1].experts_per_batch,1
2,samples[1].gather_s,0.0
2,samples[1].mode,contiguous
2,samples[1].payload_bytes,1572864
2,samples[1].rank,1
2,samples[1].repetition,1
2,samples[1].wall_s,0.00010773586109280586
2,samples[2].compute_s,
2,samples[2].contention,isolated
2,samples[2].contract.benchmark_policy_sha256,a51e2f06eccbbd7e1dbd0dfad28145edbdc58a6bf90f1dd7ceeb46af6ae1eaed
2,samples[2].contract.commit,2161d80517315fe9835ee3cf32c98f8e6b0343a7
2,samples[2].contract.hardware_sha256,9791dbc6d311596ecffb3eb44b417020cb7e142e79a148bc73feb7a0573b4bd1
2,samples[2].contract.tensor_parallel_size,4
2,samples[2].contract.versions.cuda,12.8
2,samples[2].contract.versions.python,3.12.11
2,samples[2].contract.versions.torch,2.8.0+cu128
2,samples[2].contract.versions.vllm,0.10.2
2,samples[2].contract.versions.vllm_commit,01efc7ef781391e744ed08c3292817a773d654e6
2,samples[2].copy_s,6.0896001756191256e-05
2,samples[2].expert_bytes,1572864
2,samples[2].experts_per_batch,1
2,samples[2].gather_s,0.0
2,samples[2].mode,contiguous
2,samples[2].payload_bytes,1572864
2,samples[2].rank,1
2,samples[2].repetition,2
2,samples[2].wall_s,9.996211156249046e-05
2,samples[3].compute_s,
2,samples[3].contention,isolated
2,samples[3].contract.benchmark_policy_sha256,a51e2f06eccbbd7e1dbd0dfad28145edbdc58a6bf90f1dd7ceeb46af6ae1eaed
2,samples[3].contract.commit,2161d80517315fe9835ee3cf32c98f8e6b0343a7
2,samples[3].contract.hardware_sha256,9791dbc6d311596ecffb3eb44b417020cb7e142e79a148bc73feb7a0573b4bd1
2,samples[3].contract.tensor_parallel_size,4
2,samples[3].contract.versions.cuda,12.8
2,samples[3].contract.versions.python,3.12.11
2,samples[3].contract.versions.torch,2.8.0+cu128
2,samples[3].contract.versions.vllm,0.10.2
2,samples[3].contract.versions.vllm_commit,01efc7ef781391e744ed08c3292817a773d654e6
2,samples[3].copy_s,5.318399891257286e-05
2,samples[3].expert_bytes,1572864
2,samples[3].experts_per_batch,1
2,samples[3].gather_s,0.0
2,samples[3].mode,fragmented
2,samples[3].payload_bytes,1572864
2,samples[3].rank,1
2,samples[3].repetition,0
2,samples[3].wall_s,8.450169116258621e-05
2,samples[4].compute_s,
2,samples[4].contention,isolated
2,samples[4].contract.benchmark_policy_sha256,a51e2f06eccbbd7e1dbd0dfad28145edbdc58a6bf90f1dd7ceeb46af6ae1eaed
2,samples[4].contract.commit,2161d80517315fe9835ee3cf32c98f8e6b0343a7
2,samples[4].contract.hardware_sha256,9791dbc6d311596ecffb3eb44b417020cb7e142e79a148bc73feb7a0573b4bd1
2,samples[4].contract.tensor_parallel_size,4
2,samples[4].contract.versions.cuda,12.8
2,samples[4].contract.versions.python,3.12.11
2,samples[4].contract.versions.torch,2.8.0+cu128
2,samples[4].contract.versions.vllm,0.10.2
2,samples[4].contract.versions.vllm_commit,01efc7ef781391e744ed08c3292817a773d654e6
2,samples[4].copy_s,0.00015961599349975585
2,samples[4].expert_bytes,1572864
2,samples[4].experts_per_batch,1
2,samples[4].gather_s,0.0
2,samples[4].mode,fragmented
2,samples[4].payload_bytes,1572864
2,samples[4].rank,1
2,samples[4].repetition,1
2,samples[4].wall_s,0.0002951226197183132
2,samples[5].compute_s,
2,samples[5].contention,isolated
2,samples[5].contract.benchmark_policy_sha256,a51e2f06eccbbd7e1dbd0dfad28145edbdc58a6bf90f1dd7ceeb46af6ae1eaed
2,samples[5].contract.commit,2161d80517315fe9835ee3cf32c98f8e6b0343a7
2,samples[5].contract.hardware_sha256,9791dbc6d311596ecffb3eb44b417020cb7e142e79a148bc73feb7a0573b4bd1
2,samples[5].contract.tensor_parallel_size,4
2,samples[5].contract.versions.cuda,12.8
2,samples[5].contract.versions.python,3.12.11
2,samples[5].contract.versions.torch,2.8.0+cu128
2,samples[5].contract.versions.vllm,0.10.2
2,samples[5].contract.versions.vllm_commit,01efc7ef781391e744ed08c3292817a773d654e6
2,samples[5].copy_s,0.00014265599846839905
2,samples[5].expert_bytes,1572864
2,samples[5].experts_per_batch,1
2,samples[5].gather_s,0.0
2,samples[5].mode,fragmented
2,samples[5].payload_bytes,1572864
2,samples[5].rank,1
2,samples[5].repetition,2
2,samples[5].wall_s,0.00027152523398399353
2,samples[6].compute_s,
2,samples[6].contention,isolated
2,samples[6].contract.benchmark_policy_sha256,a51e2f06eccbbd7e1dbd0dfad28145edbdc58a6bf90f1dd7ceeb46af6ae1eaed
2,samples[6].contract.commit,2161d80517315fe9835ee3cf32c98f8e6b0343a7
2,samples[6].contract.hardware_sha256,9791dbc6d311596ecffb3eb44b417020cb7e142e79a148bc73feb7a0573b4bd1
2,samples[6].contract.tensor_parallel_size,4
2,samples[6].contract.versions.cuda,12.8
2,samples[6].contract.versions.python,3.12.11
2,samples[6].contract.versions.torch,2.8.0+cu128
2,samples[6].contract.versions.vllm,0.10.2
2,samples[6].contract.versions.vllm_commit,01efc7ef781391e744ed08c3292817a773d654e6
2,samples[6].copy_s,6.166400015354157e-05
2,samples[6].expert_bytes,1572864
2,samples[6].experts_per_batch,1
2,samples[6].gather_s,0.010217112954705954
2,samples[6].mode,gather
2,samples[6].payload_bytes,1572864
2,samples[6].rank,1
2,samples[6].repetition,0
2,samples[6].wall_s,0.010320054832845926
2,samples[7].compute_s,
2,samples[7].contention,isolated
2,samples[7].contract.benchmark_policy_sha256,a51e2f06eccbbd7e1dbd0dfad28145edbdc58a6bf90f1dd7ceeb46af6ae1eaed
2,samples[7].contract.commit,2161d80517315fe9835ee3cf32c98f8e6b0343a7
2,samples[7].contract.hardware_sha256,9791dbc6d311596ecffb3eb44b417020cb7e142e79a148bc73feb7a0573b4bd1
2,samples[7].contract.tensor_parallel_size,4
2,samples[7].contract.versions.cuda,12.8
2,samples[7].contract.versions.python,3.12.11
2,samples[7].contract.versions.torch,2.8.0+cu128
2,samples[7].contract.versions.vllm,0.10.2
2,samples[7].contract.versions.vllm_commit,01efc7ef781391e744ed08c3292817a773d654e6
2,samples[7].copy_s,7.478400319814682e-05
2,samples[7].expert_bytes,1572864
2,samples[7].experts_per_batch,1
2,samples[7].gather_s,0.012474492192268372
2,samples[7].mode,gather
2,samples[7].payload_bytes,1572864
2,samples[7].rank,1
2,samples[7].repetition,1
2,samples[7].wall_s,0.01261503016576171
2,samples[8].compute_s,
2,samples[8].contention,isolated
2,samples[8].contract.benchmark_policy_sha256,a51e2f06eccbbd7e1dbd0dfad28145edbdc58a6bf90f1dd7ceeb46af6ae1eaed
2,samples[8].contract.commit,2161d80517315fe9835ee3cf32c98f8e6b0343a7
2,samples[8].contract.hardware_sha256,9791dbc6d311596ecffb3eb44b417020cb7e142e79a148bc73feb7a0573b4bd1
2,samples[8].contract.tensor_parallel_size,4
2,samples[8].contract.versions.cuda,12.8
2,samples[8].contract.versions.python,3.12.11
2,samples[8].contract.versions.torch,2.8.0+cu128
2,samples[8].contract.versions.vllm,0.10.2
2,samples[8].contract.versions.vllm_commit,01efc7ef781391e744ed08c3292817a773d654e6
2,samples[8].copy_s,9.600000083446503e-05
2,samples[8].expert_bytes,1572864
2,samples[8].experts_per_batch,1
2,samples[8].gather_s,0.021419918164610863
2,samples[8].mode,gather
2,samples[8].payload_bytes,1572864
2,samples[8].rank,1
2,samples[8].repetition,2
2,samples[8].wall_s,0.021661983337253332
2,samples[9].compute_s,
2,samples[9].contention,isolated
2,samples[9].contract.benchmark_policy_sha256,a51e2f06eccbbd7e1dbd0dfad28145edbdc58a6bf90f1dd7ceeb46af6ae1eaed
2,samples[9].contract.commit,2161d80517315fe9835ee3cf32c98f8e6b0343a7
2,samples[9].contract.hardware_sha256,9791dbc6d311596ecffb3eb44b417020cb7e142e79a148bc73feb7a0573b4bd1
2,samples[9].contract.tensor_parallel_size,4
2,samples[9].contract.versions.cuda,12.8
2,samples[9].contract.versions.python,3.12.11
2,samples[9].contract.versions.torch,2.8.0+cu128
2,samples[9].contract.versions.vllm,0.10.2
2,samples[9].contract.versions.vllm_commit,01efc7ef781391e744ed08c3292817a773d654e6
2,samples[9].copy_s,0.0003330560028553009
2,samples[9].expert_bytes,1572864
2,samples[9].experts_per_batch,8
2,samples[9].gather_s,0.0
2,samples[9].mode,contiguous
2,samples[9].payload_bytes,12582912
2,samples[9].rank,1
2,samples[9].repetition,0
2,samples[9].wall_s,0.0003718500956892967
2,samples[10].compute_s,
2,samples[10].contention,isolated
2,samples[10].contract.benchmark_policy_sha256,a51e2f06eccbbd7e1dbd0dfad28145edbdc58a6bf90f1dd7ceeb46af6ae1eaed
2,samples[10].contract.commit,2161d80517315fe9835ee3cf32c98f8e6b0343a7
2,samples[10].contract.hardware_sha256,9791dbc6d311596ecffb3eb44b417020cb7e142e79a148bc73feb7a0573b4bd1
2,samples[10].contract.tensor_parallel_size,4
2,samples[10].contract.versions.cuda,12.8
2,samples[10].contract.versions.python,3.12.11
2,samples[10].contract.versions.torch,2.8.0+cu128
2,samples[10].contract.versions.vllm,0.10.2
2,samples[10].contract.versions.vllm_commit,01efc7ef781391e744ed08c3292817a773d654e6
2,samples[10].copy_s,0.0003934400081634522
2,samples[10].expert_bytes,1572864
2,samples[10].experts_per_batch,8
2,samples[10].gather_s,0.0
2,samples[10].mode,contiguous
2,samples[10].payload_bytes,12582912
2,samples[10].rank,1
2,samples[10].repetition,1
2,samples[10].wall_s,0.0005042310804128647
2,samples[11].compute_s,
2,samples[11].contention,isolated
2,samples[11].contract.benchmark_policy_sha256,a51e2f06eccbbd7e1dbd0dfad28145edbdc58a6bf90f1dd7ceeb46af6ae1eaed
2,samples[11].contract.commit,2161d80517315fe9835ee3cf32c98f8e6b0343a7
2,samples[11].contract.hardware_sha256,9791dbc6d311596ecffb3eb44b417020cb7e142e79a148bc73feb7a0573b4bd1
2,samples[11].contract.tensor_parallel_size,4
2,samples[11].contract.versions.cuda,12.8
2,samples[11].contract.versions.python,3.12.11
2,samples[11].contract.versions.torch,2.8.0+cu128
2,samples[11].contract.versions.vllm,0.10.2
2,samples[11].contract.versions.vllm_commit,01efc7ef781391e744ed08c3292817a773d654e6
2,samples[11].copy_s,0.0004163840115070343
2,samples[11].expert_bytes,1572864
2,samples[11].experts_per_batch,8
2,samples[11].gather_s,0.0
2,samples[11].mode,contiguous
2,samples[11].payload_bytes,12582912
2,samples[11].rank,1
2,samples[11].repetition,2
2,samples[11].wall_s,0.0005160882137715816
2,samples[12].compute_s,
2,samples[12].contention,isolated
2,samples[12].contract.benchmark_policy_sha256,a51e2f06eccbbd7e1dbd0dfad28145edbdc58a6bf90f1dd7ceeb46af6ae1eaed
2,samples[12].contract.commit,2161d80517315fe9835ee3cf32c98f8e6b0343a7
2,samples[12].contract.hardware_sha256,9791dbc6d311596ecffb3eb44b417020cb7e142e79a148bc73feb7a0573b4bd1
2,samples[12].contract.tensor_parallel_size,4
2,samples[12].contract.versions.cuda,12.8
2,samples[12].contract.versions.python,3.12.11
2,samples[12].contract.versions.torch,2.8.0+cu128
2,samples[12].contract.versions.vllm,0.10.2
2,samples[12].contract.versions.vllm_commit,01efc7ef781391e744ed08c3292817a773d654e6
2,samples[12].copy_s,0.0003292160034179688
2,samples[12].expert_bytes,1572864
2,samples[12].experts_per_batch,8
2,samples[12].gather_s,0.0
2,samples[12].mode,fragmented
2,samples[12].payload_bytes,12582912
2,samples[12].rank,1
2,samples[12].repetition,0
2,samples[12].wall_s,0.000355633907020092
2,samples[13].compute_s,
2,samples[13].contention,isolated
2,samples[13].contract.benchmark_policy_sha256,a51e2f06eccbbd7e1dbd0dfad28145edbdc58a6bf90f1dd7ceeb46af6ae1eaed
2,samples[13].contract.commit,2161d80517315fe9835ee3cf32c98f8e6b0343a7
2,samples[13].contract.hardware_sha256,9791dbc6d311596ecffb3eb44b417020cb7e142e79a148bc73feb7a0573b4bd1
2,samples[13].contract.tensor_parallel_size,4
2,samples[13].contract.versions.cuda,12.8
2,samples[13].contract.versions.python,3.12.11
2,samples[13].contract.versions.torch,2.8.0+cu128
2,samples[13].contract.versions.vllm,0.10.2
2,samples[13].contract.versions.vllm_commit,01efc7ef781391e744ed08c3292817a773d654e6
2,samples[13].copy_s,0.00043055999279022217
2,samples[13].expert_bytes,1572864
2,samples[13].experts_per_batch,8
2,samples[13].gather_s,0.0
2,samples[13].mode,fragmented
2,samples[13].payload_bytes,12582912
2,samples[13].rank,1
2,samples[13].repetition,1
2,samples[13].wall_s,0.000483004841953516
2,samples[14].compute_s,
2,samples[14].contention,isolated
2,samples[14].contract.benchmark_policy_sha256,a51e2f06eccbbd7e1dbd0dfad28145edbdc58a6bf90f1dd7ceeb46af6ae1eaed
2,samples[14].contract.commit,2161d80517315fe9835ee3cf32c98f8e6b0343a7
2,samples[14].contract.hardware_sha256,9791dbc6d311596ecffb3eb44b417020cb7e142e79a148bc73feb7a0573b4bd1
2,samples[14].contract.tensor_parallel_size,4
2,samples[14].contract.versions.cuda,12.8
2,samples[14].contract.versions.python,3.12.11
2,samples[14].contract.versions.torch,2.8.0+cu128
2,samples[14].contract.versions.vllm,0.10.2
2,samples[14].contract.versions.vllm_commit,01efc7ef781391e744ed08c3292817a773d654e6
2,samples[14].copy_s,0.0003883520066738129
2,samples[14].expert_bytes,1572864
2,samples[14].experts_per_batch,8
2,samples[14].gather_s,0.0
2,samples[14].mode,fragmented
2,samples[14].payload_bytes,12582912
2,samples[14].rank,1
2,samples[14].repetition,2
2,samples[14].wall_s,0.0004591410979628563
2,samples[15].compute_s,
2,samples[15].contention,isolated
2,samples[15].contract.benchmark_policy_sha256,a51e2f06eccbbd7e1dbd0dfad28145edbdc58a6bf90f1dd7ceeb46af6ae1eaed
2,samples[15].contract.commit,2161d80517315fe9835ee3cf32c98f8e6b0343a7
2,samples[15].contract.hardware_sha256,9791dbc6d311596ecffb3eb44b417020cb7e142e79a148bc73feb7a0573b4bd1
2,samples[15].contract.tensor_parallel_size,4
2,samples[15].contract.versions.cuda,12.8
2,samples[15].contract.versions.python,3.12.11
2,samples[15].contract.versions.torch,2.8.0+cu128
2,samples[15].contract.versions.vllm,0.10.2
2,samples[15].contract.versions.vllm_commit,01efc7ef781391e744ed08c3292817a773d654e6
2,samples[15].copy_s,0.00038198399543762205
2,samples[15].expert_bytes,1572864
2,samples[15].experts_per_batch,8
2,samples[15].gather_s,0.16965368017554283
2,samples[15].mode,gather
2,samples[15].payload_bytes,12582912
2,samples[15].rank,1
2,samples[15].repetition,0
2,samples[15].wall_s,0.17020799592137337
2,samples[16].compute_s,
2,samples[16].contention,isolated
2,samples[16].contract.benchmark_policy_sha256,a51e2f06eccbbd7e1dbd0dfad28145edbdc58a6bf90f1dd7ceeb46af6ae1eaed
2,samples[16].contract.commit,2161d80517315fe9835ee3cf32c98f8e6b0343a7
2,samples[16].contract.hardware_sha256,9791dbc6d311596ecffb3eb44b417020cb7e142e79a148bc73feb7a0573b4bd1
2,samples[16].contract.tensor_parallel_size,4
2,samples[16].contract.versions.cuda,12.8
2,samples[16].contract.versions.python,3.12.11
2,samples[16].contract.versions.torch,2.8.0+cu128
2,samples[16].contract.versions.vllm,0.10.2
2,samples[16].contract.versions.vllm_commit,01efc7ef781391e744ed08c3292817a773d654e6
2,samples[16].copy_s,0.0003776960074901581
2,samples[16].expert_bytes,1572864
2,samples[16].experts_per_batch,8
2,samples[16].gather_s,0.12558796303346753
2,samples[16].mode,gather
2,samples[16].payload_bytes,12582912
2,samples[16].rank,1
2,samples[16].repetition,1
2,samples[16].wall_s,0.12612539483234286
2,samples[17].compute_s,
2,samples[17].contention,isolated
2,samples[17].contract.benchmark_policy_sha256,a51e2f06eccbbd7e1dbd0dfad28145edbdc58a6bf90f1dd7ceeb46af6ae1eaed
2,samples[17].contract.commit,2161d80517315fe9835ee3cf32c98f8e6b0343a7
2,samples[17].contract.hardware_sha256,9791dbc6d311596ecffb3eb44b417020cb7e142e79a148bc73feb7a0573b4bd1
2,samples[17].contract.tensor_parallel_size,4
2,samples[17].contract.versions.cuda,12.8
2,samples[17].contract.versions.python,3.12.11
2,samples[17].contract.versions.torch,2.8.0+cu128
2,samples[17].contract.versions.vllm,0.10.2
2,samples[17].contract.versions.vllm_commit,01efc7ef781391e744ed08c3292817a773d654e6
2,samples[17].copy_s,0.00038966399431228637
2,samples[17].expert_bytes,1572864
2,samples[17].experts_per_batch,8
2,samples[17].gather_s,0.0004418129101395607
2,samples[17].mode,gather
2,samples[17].payload_bytes,12582912
2,samples[17].rank,1
2,samples[17].repetition,2
2,samples[17].wall_s,0.0009008948691189289
2,samples[18].compute_s,
2,samples[18].contention,isolated
2,samples[18].contract.benchmark_policy_sha256,a51e2f06eccbbd7e1dbd0dfad28145edbdc58a6bf90f1dd7ceeb46af6ae1eaed
2,samples[18].contract.commit,2161d80517315fe9835ee3cf32c98f8e6b0343a7
2,samples[18].contract.hardware_sha256,9791dbc6d311596ecffb3eb44b417020cb7e142e79a148bc73feb7a0573b4bd1
2,samples[18].contract.tensor_parallel_size,4
2,samples[18].contract.versions.cuda,12.8
2,samples[18].contract.versions.python,3.12.11
2,samples[18].contract.versions.torch,2.8.0+cu128
2,samples[18].contract.versions.vllm,0.10.2
2,samples[18].contract.versions.vllm_commit,01efc7ef781391e744ed08c3292817a773d654e6
2,samples[18].copy_s,0.0012764159440994262
2,samples[18].expert_bytes,1572864
2,samples[18].experts_per_batch,32
2,samples[18].gather_s,0.0
2,samples[18].mode,contiguous
2,samples[18].payload_bytes,50331648
2,samples[18].rank,1
2,samples[18].repetition,0
2,samples[18].wall_s,0.0013081450015306473
2,samples[19].compute_s,
2,samples[19].contention,isolated
2,samples[19].contract.benchmark_policy_sha256,a51e2f06eccbbd7e1dbd0dfad28145edbdc58a6bf90f1dd7ceeb46af6ae1eaed
2,samples[19].contract.commit,2161d80517315fe9835ee3cf32c98f8e6b0343a7
2,samples[19].contract.hardware_sha256,9791dbc6d311596ecffb3eb44b417020cb7e142e79a148bc73feb7a0573b4bd1
2,samples[19].contract.tensor_parallel_size,4
2,samples[19].contract.versions.cuda,12.8
2,samples[19].contract.versions.python,3.12.11
2,samples[19].contract.versions.torch,2.8.0+cu128
2,samples[19].contract.versions.vllm,0.10.2
2,samples[19].contract.versions.vllm_commit,01efc7ef781391e744ed08c3292817a773d654e6
2,samples[19].copy_s,0.0013820799589157105
2,samples[19].expert_bytes,1572864
2,samples[19].experts_per_batch,32
2,samples[19].gather_s,0.0
2,samples[19].mode,contiguous
2,samples[19].payload_bytes,50331648
2,samples[19].rank,1
2,samples[19].repetition,1
2,samples[19].wall_s,0.0014281622134149075
2,samples[20].compute_s,
2,samples[20].contention,isolated
2,samples[20].contract.benchmark_policy_sha256,a51e2f06eccbbd7e1dbd0dfad28145edbdc58a6bf90f1dd7ceeb46af6ae1eaed
2,samples[20].contract.commit,2161d80517315fe9835ee3cf32c98f8e6b0343a7
2,samples[20].contract.hardware_sha256,9791dbc6d311596ecffb3eb44b417020cb7e142e79a148bc73feb7a0573b4bd1
2,samples[20].contract.tensor_parallel_size,4
2,samples[20].contract.versions.cuda,12.8
2,samples[20].contract.versions.python,3.12.11
2,samples[20].contract.versions.torch,2.8.0+cu128
2,samples[20].contract.versions.vllm,0.10.2
2,samples[20].contract.versions.vllm_commit,01efc7ef781391e744ed08c3292817a773d654e6
2,samples[20].copy_s,0.0014229120016098023
2,samples[20].expert_bytes,1572864
2,samples[20].experts_per_batch,32
2,samples[20].gather_s,0.0
2,samples[20].mode,contiguous
2,samples[20].payload_bytes,50331648
2,samples[20].rank,1
2,samples[20].repetition,2
2,samples[20].wall_s,0.0014663911424577236
2,samples[21].compute_s,
2,samples[21].contention,isolated
2,samples[21].contract.benchmark_policy_sha256,a51e2f06eccbbd7e1dbd0dfad28145edbdc58a6bf90f1dd7ceeb46af6ae1eaed
2,samples[21].contract.commit,2161d80517315fe9835ee3cf32c98f8e6b0343a7
2,samples[21].contract.hardware_sha256,9791dbc6d311596ecffb3eb44b417020cb7e142e79a148bc73feb7a0573b4bd1
2,samples[21].contract.tensor_parallel_size,4
2,samples[21].contract.versions.cuda,12.8
2,samples[21].contract.versions.python,3.12.11
2,samples[21].contract.versions.torch,2.8.0+cu128
2,samples[21].contract.versions.vllm,0.10.2
2,samples[21].contract.versions.vllm_commit,01efc7ef781391e744ed08c3292817a773d654e6
2,samples[21].copy_s,0.0013085440397262572
2,samples[21].expert_bytes,1572864
2,samples[21].experts_per_batch,32
2,samples[21].gather_s,0.0
2,samples[21].mode,fragmented
2,samples[21].payload_bytes,50331648
2,samples[21].rank,1
2,samples[21].repetition,0
2,samples[21].wall_s,0.0013367030769586563
2,samples[22].compute_s,
2,samples[22].contention,isolated
2,samples[22].contract.benchmark_policy_sha256,a51e2f06eccbbd7e1dbd0dfad28145edbdc58a6bf90f1dd7ceeb46af6ae1eaed
2,samples[22].contract.commit,2161d80517315fe9835ee3cf32c98f8e6b0343a7
2,samples[22].contract.hardware_sha256,9791dbc6d311596ecffb3eb44b417020cb7e142e79a148bc73feb7a0573b4bd1
2,samples[22].contract.tensor_parallel_size,4
2,samples[22].contract.versions.cuda,12.8
2,samples[22].contract.versions.python,3.12.11
2,samples[22].contract.versions.torch,2.8.0+cu128
2,samples[22].contract.versions.vllm,0.10.2
2,samples[22].contract.versions.vllm_commit,01efc7ef781391e744ed08c3292817a773d654e6
2,samples[22].copy_s,0.0013574399948120116
2,samples[22].expert_bytes,1572864
2,samples[22].experts_per_batch,32
2,samples[22].gather_s,0.0
2,samples[22].mode,fragmented
2,samples[22].payload_bytes,50331648
2,samples[22].rank,1
2,samples[22].repetition,1
2,samples[22].wall_s,0.0013997475616633892
2,samples[23].compute_s,
2,samples[23].contention,isolated
2,samples[23].contract.benchmark_policy_sha256,a51e2f06eccbbd7e1dbd0dfad28145edbdc58a6bf90f1dd7ceeb46af6ae1eaed
2,samples[23].contract.commit,2161d80517315fe9835ee3cf32c98f8e6b0343a7
2,samples[23].contract.hardware_sha256,9791dbc6d311596ecffb3eb44b417020cb7e142e79a148bc73feb7a0573b4bd1
2,samples[23].contract.tensor_parallel_size,4
2,samples[23].contract.versions.cuda,12.8
2,samples[23].contract.versions.python,3.12.11
2,samples[23].contract.versions.torch,2.8.0+cu128
2,samples[23].contract.versions.vllm,0.10.2
2,samples[23].contract.versions.vllm_commit,01efc7ef781391e744ed08c3292817a773d654e6
2,samples[23].copy_s,0.0013002879619598388
2,samples[23].expert_bytes,1572864
2,samples[23].experts_per_batch,32
2,samples[23].gather_s,0.0
2,samples[23].mode,fragmented
2,samples[23].payload_bytes,50331648
2,samples[23].rank,1
2,samples[23].repetition,2
2,samples[23].wall_s,0.001342815812677145
2,samples[24].compute_s,
2,samples[24].contention,isolated
2,samples[24].contract.benchmark_policy_sha256,a51e2f06eccbbd7e1dbd0dfad28145edbdc58a6bf90f1dd7ceeb46af6ae1eaed
2,samples[24].contract.commit,2161d80517315fe9835ee3cf32c98f8e6b0343a7
2,samples[24].contract.hardware_sha256,9791dbc6d311596ecffb3eb44b417020cb7e142e79a148bc73feb7a0573b4bd1
2,samples[24].contract.tensor_parallel_size,4
2,samples[24].contract.versions.cuda,12.8
2,samples[24].contract.versions.python,3.12.11
2,samples[24].contract.versions.torch,2.8.0+cu128
2,samples[24].contract.versions.vllm,0.10.2
2,samples[24].contract.versions.vllm_commit,01efc7ef781391e744ed08c3292817a773d654e6
2,samples[24].copy_s,0.0010519360303878785
2,samples[24].expert_bytes,1572864
2,samples[24].experts_per_batch,32
2,samples[24].gather_s,0.7186999800615013
2,samples[24].mode,gather
2,samples[24].payload_bytes,50331648
2,samples[24].rank,1
2,samples[24].repetition,0
2,samples[24].wall_s,0.7198915672488511
2,samples[25].compute_s,
2,samples[25].contention,isolated
2,samples[25].contract.benchmark_policy_sha256,a51e2f06eccbbd7e1dbd0dfad28145edbdc58a6bf90f1dd7ceeb46af6ae1eaed
2,samples[25].contract.commit,2161d80517315fe9835ee3cf32c98f8e6b0343a7
2,samples[25].contract.hardware_sha256,9791dbc6d311596ecffb3eb44b417020cb7e142e79a148bc73feb7a0573b4bd1
2,samples[25].contract.tensor_parallel_size,4
2,samples[25].contract.versions.cuda,12.8
2,samples[25].contract.versions.python,3.12.11
2,samples[25].contract.versions.torch,2.8.0+cu128
2,samples[25].contract.versions.vllm,0.10.2
2,samples[25].contract.versions.vllm_commit,01efc7ef781391e744ed08c3292817a773d654e6
2,samples[25].copy_s,0.0010412160158157348
2,samples[25].expert_bytes,1572864
2,samples[25].experts_per_batch,32
2,samples[25].gather_s,0.6862162007018924
2,samples[25].mode,gather
2,samples[25].payload_bytes,50331648
2,samples[25].rank,1
2,samples[25].repetition,1
2,samples[25].wall_s,0.6874336479231715
2,samples[26].compute_s,
2,samples[26].contention,isolated
2,samples[26].contract.benchmark_policy_sha256,a51e2f06eccbbd7e1dbd0dfad28145edbdc58a6bf90f1dd7ceeb46af6ae1eaed
2,samples[26].contract.commit,2161d80517315fe9835ee3cf32c98f8e6b0343a7
2,samples[26].contract.hardware_sha256,9791dbc6d311596ecffb3eb44b417020cb7e142e79a148bc73feb7a0573b4bd1
2,samples[26].contract.tensor_parallel_size,4
2,samples[26].contract.versions.cuda,12.8
2,samples[26].contract.versions.python,3.12.11
2,samples[26].contract.versions.torch,2.8.0+cu128
2,samples[26].contract.versions.vllm,0.10.2
2,samples[26].contract.versions.vllm_commit,01efc7ef781391e744ed08c3292817a773d654e6
2,samples[26].copy_s,0.001091007947921753
2,samples[26].expert_bytes,1572864
2,samples[26].experts_per_batch,32
2,samples[26].gather_s,0.6413021800108254
2,samples[26].mode,gather
2,samples[26].payload_bytes,50331648
2,samples[26].rank,1
2,samples[26].repetition,2
2,samples[26].wall_s,0.6426214948296547
2,samples[27].compute_s,
2,samples[27].contention,isolated
2,samples[27].contract.benchmark_policy_sha256,a51e2f06eccbbd7e1dbd0dfad28145edbdc58a6bf90f1dd7ceeb46af6ae1eaed
2,samples[27].contract.commit,2161d80517315fe9835ee3cf32c98f8e6b0343a7
2,samples[27].contract.hardware_sha256,9791dbc6d311596ecffb3eb44b417020cb7e142e79a148bc73feb7a0573b4bd1
2,samples[27].contract.tensor_parallel_size,4
2,samples[27].contract.versions.cuda,12.8
2,samples[27].contract.versions.python,3.12.11
2,samples[27].contract.versions.torch,2.8.0+cu128
2,samples[27].contract.versions.vllm,0.10.2
2,samples[27].contract.versions.vllm_commit,01efc7ef781391e744ed08c3292817a773d654e6
2,samples[27].copy_s,0.006779071807861328
2,samples[27].expert_bytes,1572864
2,samples[27].experts_per_batch,128
2,samples[27].gather_s,0.0
2,samples[27].mode,contiguous
2,samples[27].payload_bytes,201326592
2,samples[27].rank,1
2,samples[27].repetition,0
2,samples[27].wall_s,0.006806910037994385
2,samples[28].compute_s,
2,samples[28].contention,isolated
2,samples[28].contract.benchmark_policy_sha256,a51e2f06eccbbd7e1dbd0dfad28145edbdc58a6bf90f1dd7ceeb46af6ae1eaed
2,samples[28].contract.commit,2161d80517315fe9835ee3cf32c98f8e6b0343a7
2,samples[28].contract.hardware_sha256,9791dbc6d311596ecffb3eb44b417020cb7e142e79a148bc73feb7a0573b4bd1
2,samples[28].contract.tensor_parallel_size,4
2,samples[28].contract.versions.cuda,12.8
2,samples[28].contract.versions.python,3.12.11
2,samples[28].contract.versions.torch,2.8.0+cu128
2,samples[28].contract.versions.vllm,0.10.2
2,samples[28].contract.versions.vllm_commit,01efc7ef781391e744ed08c3292817a773d654e6
2,samples[28].copy_s,0.0072687997817993165
2,samples[28].expert_bytes,1572864
2,samples[28].experts_per_batch,128
2,samples[28].gather_s,0.0
2,samples[28].mode,contiguous
2,samples[28].payload_bytes,201326592
2,samples[28].rank,1
2,samples[28].repetition,1
2,samples[28].wall_s,0.007312358822673559
2,samples[29].compute_s,
2,samples[29].contention,isolated
2,samples[29].contract.benchmark_policy_sha256,a51e2f06eccbbd7e1dbd0dfad28145edbdc58a6bf90f1dd7ceeb46af6ae1eaed
2,samples[29].contract.commit,2161d80517315fe9835ee3cf32c98f8e6b0343a7
2,samples[29].contract.hardware_sha256,9791dbc6d311596ecffb3eb44b417020cb7e142e79a148bc73feb7a0573b4bd1
2,samples[29].contract.tensor_parallel_size,4
2,samples[29].contract.versions.cuda,12.8
2,samples[29].contract.versions.python,3.12.11
2,samples[29].contract.versions.torch,2.8.0+cu128
2,samples[29].contract.versions.vllm,0.10.2
2,samples[29].contract.versions.vllm_commit,01efc7ef781391e744ed08c3292817a773d654e6
2,samples[29].copy_s,0.0075495362281799315
2,samples[29].expert_bytes,1572864
2,samples[29].experts_per_batch,128
2,samples[29].gather_s,0.0
2,samples[29].mode,contiguous
2,samples[29].payload_bytes,201326592
2,samples[29].rank,1
2,samples[29].repetition,2
2,samples[29].wall_s,0.007596096955239773
2,samples[30].compute_s,
2,samples[30].contention,isolated
2,samples[30].contract.benchmark_policy_sha256,a51e2f06eccbbd7e1dbd0dfad28145edbdc58a6bf90f1dd7ceeb46af6ae1eaed
2,samples[30].contract.commit,2161d80517315fe9835ee3cf32c98f8e6b0343a7
2,samples[30].contract.hardware_sha256,9791dbc6d311596ecffb3eb44b417020cb7e142e79a148bc73feb7a0573b4bd1
2,samples[30].contract.tensor_parallel_size,4
2,samples[30].contract.versions.cuda,12.8
2,samples[30].contract.versions.python,3.12.11
2,samples[30].contract.versions.torch,2.8.0+cu128
2,samples[30].contract.versions.vllm,0.10.2
2,samples[30].contract.versions.vllm_commit,01efc7ef781391e744ed08c3292817a773d654e6
2,samples[30].copy_s,0.005449120044708252
2,samples[30].expert_bytes,1572864
2,samples[30].experts_per_batch,128
2,samples[30].gather_s,0.0
2,samples[30].mode,fragmented
2,samples[30].payload_bytes,201326592
2,samples[30].rank,1
2,samples[30].repetition,0
2,samples[30].wall_s,0.005480640102177858
2,samples[31].compute_s,
2,samples[31].contention,isolated
2,samples[31].contract.benchmark_policy_sha256,a51e2f06eccbbd7e1dbd0dfad28145edbdc58a6bf90f1dd7ceeb46af6ae1eaed
2,samples[31].contract.commit,2161d80517315fe9835ee3cf32c98f8e6b0343a7
2,samples[31].contract.hardware_sha256,9791dbc6d311596ecffb3eb44b417020cb7e142e79a148bc73feb7a0573b4bd1
2,samples[31].contract.tensor_parallel_size,4
2,samples[31].contract.versions.cuda,12.8
2,samples[31].contract.versions.python,3.12.11
2,samples[31].contract.versions.torch,2.8.0+cu128
2,samples[31].contract.versions.vllm,0.10.2
2,samples[31].contract.versions.vllm_commit,01efc7ef781391e744ed08c3292817a773d654e6
2,samples[31].copy_s,0.005491424083709717
2,samples[31].expert_bytes,1572864
2,samples[31].experts_per_batch,128
2,samples[31].gather_s,0.0
2,samples[31].mode,fragmented
2,samples[31].payload_bytes,201326592
2,samples[31].rank,1
2,samples[31].repetition,1
2,samples[31].wall_s,0.005537683144211769
2,samples[32].compute_s,
2,samples[32].contention,isolated
2,samples[32].contract.benchmark_policy_sha256,a51e2f06eccbbd7e1dbd0dfad28145edbdc58a6bf90f1dd7ceeb46af6ae1eaed
2,samples[32].contract.commit,2161d80517315fe9835ee3cf32c98f8e6b0343a7
2,samples[32].contract.hardware_sha256,9791dbc6d311596ecffb3eb44b417020cb7e142e79a148bc73feb7a0573b4bd1
2,samples[32].contract.tensor_parallel_size,4
2,samples[32].contract.versions.cuda,12.8
2,samples[32].contract.versions.python,3.12.11
2,samples[32].contract.versions.torch,2.8.0+cu128
2,samples[32].contract.versions.vllm,0.10.2
2,samples[32].contract.versions.vllm_commit,01efc7ef781391e744ed08c3292817a773d654e6
2,samples[32].copy_s,0.005518367767333984
2,samples[32].expert_bytes,1572864
2,samples[32].experts_per_batch,128
2,samples[32].gather_s,0.0
2,samples[32].mode,fragmented
2,samples[32].payload_bytes,201326592
2,samples[32].rank,1
2,samples[32].repetition,2
2,samples[32].wall_s,0.00556549895554781
2,samples[33].compute_s,
2,samples[33].contention,isolated
2,samples[33].contract.benchmark_policy_sha256,a51e2f06eccbbd7e1dbd0dfad28145edbdc58a6bf90f1dd7ceeb46af6ae1eaed
2,samples[33].contract.commit,2161d80517315fe9835ee3cf32c98f8e6b0343a7
2,samples[33].contract.hardware_sha256,9791dbc6d311596ecffb3eb44b417020cb7e142e79a148bc73feb7a0573b4bd1
2,samples[33].contract.tensor_parallel_size,4
2,samples[33].contract.versions.cuda,12.8
2,samples[33].contract.versions.python,3.12.11
2,samples[33].contract.versions.torch,2.8.0+cu128
2,samples[33].contract.versions.vllm,0.10.2
2,samples[33].contract.versions.vllm_commit,01efc7ef781391e744ed08c3292817a773d654e6
2,samples[33].copy_s,0.003796191930770874
2,samples[33].expert_bytes,1572864
2,samples[33].experts_per_batch,128
2,samples[33].gather_s,2.3986121751368046
2,samples[33].mode,gather
2,samples[33].payload_bytes,201326592
2,samples[33].rank,1
2,samples[33].repetition,0
2,samples[33].wall_s,2.4025690318085253
2,samples[34].compute_s,
2,samples[34].contention,isolated
2,samples[34].contract.benchmark_policy_sha256,a51e2f06eccbbd7e1dbd0dfad28145edbdc58a6bf90f1dd7ceeb46af6ae1eaed
2,samples[34].contract.commit,2161d80517315fe9835ee3cf32c98f8e6b0343a7
2,samples[34].contract.hardware_sha256,9791dbc6d311596ecffb3eb44b417020cb7e142e79a148bc73feb7a0573b4bd1
2,samples[34].contract.tensor_parallel_size,4
2,samples[34].contract.versions.cuda,12.8
2,samples[34].contract.versions.python,3.12.11
2,samples[34].contract.versions.torch,2.8.0+cu128
2,samples[34].contract.versions.vllm,0.10.2
2,samples[34].contract.versions.vllm_commit,01efc7ef781391e744ed08c3292817a773d654e6
2,samples[34].copy_s,0.0037968959808349608
2,samples[34].expert_bytes,1572864
2,samples[34].experts_per_batch,128
2,samples[34].gather_s,2.3503469228744507
2,samples[34].mode,gather
2,samples[34].payload_bytes,201326592
2,samples[34].rank,1
2,samples[34].repetition,1
2,samples[34].wall_s,2.3543558279052377
2,samples[35].compute_s,
2,samples[35].contention,isolated
2,samples[35].contract.benchmark_policy_sha256,a51e2f06eccbbd7e1dbd0dfad28145edbdc58a6bf90f1dd7ceeb46af6ae1eaed
2,samples[35].contract.commit,2161d80517315fe9835ee3cf32c98f8e6b0343a7
2,samples[35].contract.hardware_sha256,9791dbc6d311596ecffb3eb44b417020cb7e142e79a148bc73feb7a0573b4bd1
2,samples[35].contract.tensor_parallel_size,4
2,samples[35].contract.versions.cuda,12.8
2,samples[35].contract.versions.python,3.12.11
2,samples[35].contract.versions.torch,2.8.0+cu128
2,samples[35].contract.versions.vllm,0.10.2
2,samples[35].contract.versions.vllm_commit,01efc7ef781391e744ed08c3292817a773d654e6
2,samples[35].copy_s,0.003814784049987793
2,samples[35].expert_bytes,1572864
2,samples[35].experts_per_batch,128
2,samples[35].gather_s,2.19303856510669
2,samples[35].mode,gather
2,samples[35].payload_bytes,201326592
2,samples[35].rank,1
2,samples[35].repetition,2
2,samples[35].wall_s,2.1971360337920487
2,samples[36].compute_s,
2,samples[36].contention,isolated
2,samples[36].contract.benchmark_policy_sha256,a51e2f06eccbbd7e1dbd0dfad28145edbdc58a6bf90f1dd7ceeb46af6ae1eaed
2,samples[36].contract.commit,2161d80517315fe9835ee3cf32c98f8e6b0343a7
2,samples[36].contract.hardware_sha256,9791dbc6d311596ecffb3eb44b417020cb7e142e79a148bc73feb7a0573b4bd1
2,samples[36].contract.tensor_parallel_size,4
2,samples[36].contract.versions.cuda,12.8
2,samples[36].contract.versions.python,3.12.11
2,samples[36].contract.versions.torch,2.8.0+cu128
2,samples[36].contract.versions.vllm,0.10.2
2,samples[36].contract.versions.vllm_commit,01efc7ef781391e744ed08c3292817a773d654e6
2,samples[36].copy_s,0.030250560760498046
2,samples[36].expert_bytes,1572864
2,samples[36].experts_per_batch,512
2,samples[36].gather_s,0.0
2,samples[36].mode,contiguous
2,samples[36].payload_bytes,805306368
2,samples[36].rank,1
2,samples[36].repetition,0
2,samples[36].wall_s,0.030275390949100256
2,samples[37].compute_s,
2,samples[37].contention,isolated
2,samples[37].contract.benchmark_policy_sha256,a51e2f06eccbbd7e1dbd0dfad28145edbdc58a6bf90f1dd7ceeb46af6ae1eaed
2,samples[37].contract.commit,2161d80517315fe9835ee3cf32c98f8e6b0343a7
2,samples[37].contract.hardware_sha256,9791dbc6d311596ecffb3eb44b417020cb7e142e79a148bc73feb7a0573b4bd1
2,samples[37].contract.tensor_parallel_size,4
2,samples[37].contract.versions.cuda,12.8
2,samples[37].contract.versions.python,3.12.11
2,samples[37].contract.versions.torch,2.8.0+cu128
2,samples[37].contract.versions.vllm,0.10.2
2,samples[37].contract.versions.vllm_commit,01efc7ef781391e744ed08c3292817a773d654e6
2,samples[37].copy_s,0.030314783096313476
2,samples[37].expert_bytes,1572864
2,samples[37].experts_per_batch,512
2,samples[37].gather_s,0.0
2,samples[37].mode,contiguous
2,samples[37].payload_bytes,805306368
2,samples[37].rank,1
2,samples[37].repetition,1
2,samples[37].wall_s,0.030350642278790474
2,samples[38].compute_s,
2,samples[38].contention,isolated
2,samples[38].contract.benchmark_policy_sha256,a51e2f06eccbbd7e1dbd0dfad28145edbdc58a6bf90f1dd7ceeb46af6ae1eaed
2,samples[38].contract.commit,2161d80517315fe9835ee3cf32c98f8e6b0343a7
2,samples[38].contract.hardware_sha256,9791dbc6d311596ecffb3eb44b417020cb7e142e79a148bc73feb7a0573b4bd1
2,samples[38].contract.tensor_parallel_size,4
2,samples[38].contract.versions.cuda,12.8
2,samples[38].contract.versions.python,3.12.11
2,samples[38].contract.versions.torch,2.8.0+cu128
2,samples[38].contract.versions.vllm,0.10.2
2,samples[38].contract.versions.vllm_commit,01efc7ef781391e744ed08c3292817a773d654e6
2,samples[38].copy_s,0.030314239501953125
2,samples[38].expert_bytes,1572864
2,samples[38].experts_per_batch,512
2,samples[38].gather_s,0.0
2,samples[38].mode,contiguous
2,samples[38].payload_bytes,805306368
2,samples[38].rank,1
2,samples[38].repetition,2
2,samples[38].wall_s,0.03034619288519025
2,samples[39].compute_s,
2,samples[39].contention,isolated
2,samples[39].contract.benchmark_policy_sha256,a51e2f06eccbbd7e1dbd0dfad28145edbdc58a6bf90f1dd7ceeb46af6ae1eaed
2,samples[39].contract.commit,2161d80517315fe9835ee3cf32c98f8e6b0343a7
2,samples[39].contract.hardware_sha256,9791dbc6d311596ecffb3eb44b417020cb7e142e79a148bc73feb7a0573b4bd1
2,samples[39].contract.tensor_parallel_size,4
2,samples[39].contract.versions.cuda,12.8
2,samples[39].contract.versions.python,3.12.11
2,samples[39].contract.versions.torch,2.8.0+cu128
2,samples[39].contract.versions.vllm,0.10.2
2,samples[39].contract.versions.vllm_commit,01efc7ef781391e744ed08c3292817a773d654e6
2,samples[39].copy_s,0.02408143997192383
2,samples[39].expert_bytes,1572864
2,samples[39].experts_per_batch,512
2,samples[39].gather_s,0.0
2,samples[39].mode,fragmented
2,samples[39].payload_bytes,805306368
2,samples[39].rank,1
2,samples[39].repetition,0
2,samples[39].wall_s,0.02411148976534605
2,samples[40].compute_s,
2,samples[40].contention,isolated
2,samples[40].contract.benchmark_policy_sha256,a51e2f06eccbbd7e1dbd0dfad28145edbdc58a6bf90f1dd7ceeb46af6ae1eaed
2,samples[40].contract.commit,2161d80517315fe9835ee3cf32c98f8e6b0343a7
2,samples[40].contract.hardware_sha256,9791dbc6d311596ecffb3eb44b417020cb7e142e79a148bc73feb7a0573b4bd1
2,samples[40].contract.tensor_parallel_size,4
2,samples[40].contract.versions.cuda,12.8
2,samples[40].contract.versions.python,3.12.11
2,samples[40].contract.versions.torch,2.8.0+cu128
2,samples[40].contract.versions.vllm,0.10.2
2,samples[40].contract.versions.vllm_commit,01efc7ef781391e744ed08c3292817a773d654e6
2,samples[40].copy_s,0.024121376037597658
2,samples[40].expert_bytes,1572864
2,samples[40].experts_per_batch,512
2,samples[40].gather_s,0.0
2,samples[40].mode,fragmented
2,samples[40].payload_bytes,805306368
2,samples[40].rank,1
2,samples[40].repetition,1
2,samples[40].wall_s,0.024165757931768894
2,samples[41].compute_s,
2,samples[41].contention,isolated
2,samples[41].contract.benchmark_policy_sha256,a51e2f06eccbbd7e1dbd0dfad28145edbdc58a6bf90f1dd7ceeb46af6ae1eaed
2,samples[41].contract.commit,2161d80517315fe9835ee3cf32c98f8e6b0343a7
2,samples[41].contract.hardware_sha256,9791dbc6d311596ecffb3eb44b417020cb7e142e79a148bc73feb7a0573b4bd1
2,samples[41].contract.tensor_parallel_size,4
2,samples[41].contract.versions.cuda,12.8
2,samples[41].contract.versions.python,3.12.11
2,samples[41].contract.versions.torch,2.8.0+cu128
2,samples[41].contract.versions.vllm,0.10.2
2,samples[41].contract.versions.vllm_commit,01efc7ef781391e744ed08c3292817a773d654e6
2,samples[41].copy_s,0.024091487884521486
2,samples[41].expert_bytes,1572864
2,samples[41].experts_per_batch,512
2,samples[41].gather_s,0.0
2,samples[41].mode,fragmented
2,samples[41].payload_bytes,805306368
2,samples[41].rank,1
2,samples[41].repetition,2
2,samples[41].wall_s,0.024133875966072083
2,samples[42].compute_s,
2,samples[42].contention,isolated
2,samples[42].contract.benchmark_policy_sha256,a51e2f06eccbbd7e1dbd0dfad28145edbdc58a6bf90f1dd7ceeb46af6ae1eaed
2,samples[42].contract.commit,2161d80517315fe9835ee3cf32c98f8e6b0343a7
2,samples[42].contract.hardware_sha256,9791dbc6d311596ecffb3eb44b417020cb7e142e79a148bc73feb7a0573b4bd1
2,samples[42].contract.tensor_parallel_size,4
2,samples[42].contract.versions.cuda,12.8
2,samples[42].contract.versions.python,3.12.11
2,samples[42].contract.versions.torch,2.8.0+cu128
2,samples[42].contract.versions.vllm,0.10.2
2,samples[42].contract.versions.vllm_commit,01efc7ef781391e744ed08c3292817a773d654e6
2,samples[42].copy_s,0.014705471992492676
2,samples[42].expert_bytes,1572864
2,samples[42].experts_per_batch,512
2,samples[42].gather_s,9.383815500419587
2,samples[42].mode,gather
2,samples[42].payload_bytes,805306368
2,samples[42].rank,1
2,samples[42].repetition,0
2,samples[42].wall_s,9.39886093325913
2,samples[43].compute_s,
2,samples[43].contention,isolated
2,samples[43].contract.benchmark_policy_sha256,a51e2f06eccbbd7e1dbd0dfad28145edbdc58a6bf90f1dd7ceeb46af6ae1eaed
2,samples[43].contract.commit,2161d80517315fe9835ee3cf32c98f8e6b0343a7
2,samples[43].contract.hardware_sha256,9791dbc6d311596ecffb3eb44b417020cb7e142e79a148bc73feb7a0573b4bd1
2,samples[43].contract.tensor_parallel_size,4
2,samples[43].contract.versions.cuda,12.8
2,samples[43].contract.versions.python,3.12.11
2,samples[43].contract.versions.torch,2.8.0+cu128
2,samples[43].contract.versions.vllm,0.10.2
2,samples[43].contract.versions.vllm_commit,01efc7ef781391e744ed08c3292817a773d654e6
2,samples[43].copy_s,0.014790656089782715
2,samples[43].expert_bytes,1572864
2,samples[43].experts_per_batch,512
2,samples[43].gather_s,9.292160158976912
2,samples[43].mode,gather
2,samples[43].payload_bytes,805306368
2,samples[43].rank,1
2,samples[43].repetition,1
2,samples[43].wall_s,9.307569732889533
2,samples[44].compute_s,
2,samples[44].contention,isolated
2,samples[44].contract.benchmark_policy_sha256,a51e2f06eccbbd7e1dbd0dfad28145edbdc58a6bf90f1dd7ceeb46af6ae1eaed
2,samples[44].contract.commit,2161d80517315fe9835ee3cf32c98f8e6b0343a7
2,samples[44].contract.hardware_sha256,9791dbc6d311596ecffb3eb44b417020cb7e142e79a148bc73feb7a0573b4bd1
2,samples[44].contract.tensor_parallel_size,4
2,samples[44].contract.versions.cuda,12.8
2,samples[44].contract.versions.python,3.12.11
2,samples[44].contract.versions.torch,2.8.0+cu128
2,samples[44].contract.versions.vllm,0.10.2
2,samples[44].contract.versions.vllm_commit,01efc7ef781391e744ed08c3292817a773d654e6
2,samples[44].copy_s,0.016489984512329102
2,samples[44].expert_bytes,1572864
2,samples[44].experts_per_batch,512
2,samples[44].gather_s,8.50170074077323
2,samples[44].mode,gather
2,samples[44].payload_bytes,805306368
2,samples[44].rank,1
2,samples[44].repetition,2
2,samples[44].wall_s,8.518542157951742
2,status,complete
2,topology_status,NUMA/PCIe-unavailable
2,artifact_kind,transfer-worker
3,record_index,3
3,contract.benchmark_policy_sha256,a51e2f06eccbbd7e1dbd0dfad28145edbdc58a6bf90f1dd7ceeb46af6ae1eaed
3,contract.commit,2161d80517315fe9835ee3cf32c98f8e6b0343a7
3,contract.hardware_sha256,9791dbc6d311596ecffb3eb44b417020cb7e142e79a148bc73feb7a0573b4bd1
3,contract.tensor_parallel_size,4
3,contract.versions.cuda,12.8
3,contract.versions.python,3.12.11
3,contract.versions.torch,2.8.0+cu128
3,contract.versions.vllm,0.10.2
3,contract.versions.vllm_commit,01efc7ef781391e744ed08c3292817a773d654e6
3,cpu_affinity_sha256,5b9a7d2fd9e4915888e092a354e7b06222745d078d2eb415374508fe3a31243f
3,device_rank,2
3,measurements[0].compute_only_components,
3,measurements[0].compute_only_wall_s,
3,measurements[0].compute_s,
3,measurements[0].copy_only_components.compute_s,0.0
3,measurements[0].copy_only_components.copy_s,5.06879985332489e-05
3,measurements[0].copy_only_components.gather_s,0.0
3,measurements[0].copy_only_components.wall_s,8.50483775138855e-05
3,measurements[0].copy_only_wall_s,8.50483775138855e-05
3,measurements[0].copy_s,5.06879985332489e-05
3,measurements[0].experts_per_batch,1
3,measurements[0].gather_s,0.0
3,measurements[0].joint_wall_s,
3,measurements[0].mode,contiguous
3,measurements[0].rank,2
3,measurements[0].repetition,0
3,measurements[0].wall_s,8.50483775138855e-05
3,measurements[1].compute_only_components,
3,measurements[1].compute_only_wall_s,
3,measurements[1].compute_s,
3,measurements[1].copy_only_components.compute_s,0.0
3,measurements[1].copy_only_components.copy_s,6.588800251483917e-05
3,measurements[1].copy_only_components.gather_s,0.0
3,measurements[1].copy_only_components.wall_s,0.00010782387107610703
3,measurements[1].copy_only_wall_s,0.00010782387107610703
3,measurements[1].copy_s,6.588800251483917e-05
3,measurements[1].experts_per_batch,1
3,measurements[1].gather_s,0.0
3,measurements[1].joint_wall_s,
3,measurements[1].mode,contiguous
3,measurements[1].rank,2
3,measurements[1].repetition,1
3,measurements[1].wall_s,0.00010782387107610703
3,measurements[2].compute_only_components,
3,measurements[2].compute_only_wall_s,
3,measurements[2].compute_s,
3,measurements[2].copy_only_components.compute_s,0.0
3,measurements[2].copy_only_components.copy_s,6.259199976921082e-05
3,measurements[2].copy_only_components.gather_s,0.0
3,measurements[2].copy_only_components.wall_s,0.00011069886386394501
3,measurements[2].copy_only_wall_s,0.00011069886386394501
3,measurements[2].copy_s,6.259199976921082e-05
3,measurements[2].experts_per_batch,1
3,measurements[2].gather_s,0.0
3,measurements[2].joint_wall_s,
3,measurements[2].mode,contiguous
3,measurements[2].rank,2
3,measurements[2].repetition,2
3,measurements[2].wall_s,0.00011069886386394501
3,measurements[3].compute_only_components,
3,measurements[3].compute_only_wall_s,
3,measurements[3].compute_s,
3,measurements[3].copy_only_components.compute_s,0.0
3,measurements[3].copy_only_components.copy_s,5.622399970889091e-05
3,measurements[3].copy_only_components.gather_s,0.0
3,measurements[3].copy_only_components.wall_s,9.608175605535507e-05
3,measurements[3].copy_only_wall_s,9.608175605535507e-05
3,measurements[3].copy_s,5.622399970889091e-05
3,measurements[3].experts_per_batch,1
3,measurements[3].gather_s,0.0
3,measurements[3].joint_wall_s,
3,measurements[3].mode,fragmented
3,measurements[3].rank,2
3,measurements[3].repetition,0
3,measurements[3].wall_s,9.608175605535507e-05
3,measurements[4].compute_only_components,
3,measurements[4].compute_only_wall_s,
3,measurements[4].compute_s,
3,measurements[4].copy_only_components.compute_s,0.0
3,measurements[4].copy_only_components.copy_s,0.00016819199919700624
3,measurements[4].copy_only_components.gather_s,0.0
3,measurements[4].copy_only_components.wall_s,0.00031138118356466293
3,measurements[4].copy_only_wall_s,0.00031138118356466293
3,measurements[4].copy_s,0.00016819199919700624
3,measurements[4].experts_per_batch,1
3,measurements[4].gather_s,0.0
3,measurements[4].joint_wall_s,
3,measurements[4].mode,fragmented
3,measurements[4].rank,2
3,measurements[4].repetition,1
3,measurements[4].wall_s,0.00031138118356466293
3,measurements[5].compute_only_components,
3,measurements[5].compute_only_wall_s,
3,measurements[5].compute_s,
3,measurements[5].copy_only_components.compute_s,0.0
3,measurements[5].copy_only_components.copy_s,0.0001504960060119629
3,measurements[5].copy_only_components.gather_s,0.0
3,measurements[5].copy_only_components.wall_s,0.0002797851338982582
3,measurements[5].copy_only_wall_s,0.0002797851338982582
3,measurements[5].copy_s,0.0001504960060119629
3,measurements[5].experts_per_batch,1
3,measurements[5].gather_s,0.0
3,measurements[5].joint_wall_s,
3,measurements[5].mode,fragmented
3,measurements[5].rank,2
3,measurements[5].repetition,2
3,measurements[5].wall_s,0.0002797851338982582
3,measurements[6].compute_only_components,
3,measurements[6].compute_only_wall_s,
3,measurements[6].compute_s,
3,measurements[6].copy_only_components.compute_s,0.0
3,measurements[6].copy_only_components.copy_s,6.585600227117538e-05
3,measurements[6].copy_only_components.gather_s,0.01606919476762414
3,measurements[6].copy_only_components.wall_s,0.016196440905332565
3,measurements[6].copy_only_wall_s,0.016196440905332565
3,measurements[6].copy_s,6.585600227117538e-05
3,measurements[6].experts_per_batch,1
3,measurements[6].gather_s,0.01606919476762414
3,measurements[6].joint_wall_s,
3,measurements[6].mode,gather
3,measurements[6].rank,2
3,measurements[6].repetition,0
3,measurements[6].wall_s,0.016196440905332565
3,measurements[7].compute_only_components,
3,measurements[7].compute_only_wall_s,
3,measurements[7].compute_s,
3,measurements[7].copy_only_components.compute_s,0.0
3,measurements[7].copy_only_components.copy_s,7.468800246715545e-05
3,measurements[7].copy_only_components.gather_s,0.019443125929683447
3,measurements[7].copy_only_components.wall_s,0.01959264324977994
3,measurements[7].copy_only_wall_s,0.01959264324977994
3,measurements[7].copy_s,7.468800246715545e-05
3,measurements[7].experts_per_batch,1
3,measurements[7].gather_s,0.019443125929683447
3,measurements[7].joint_wall_s,
3,measurements[7].mode,gather
3,measurements[7].rank,2
3,measurements[7].repetition,1
3,measurements[7].wall_s,0.01959264324977994
3,measurements[8].compute_only_components,
3,measurements[8].compute_only_wall_s,
3,measurements[8].compute_s,
3,measurements[8].copy_only_components.compute_s,0.0
3,measurements[8].copy_only_components.copy_s,0.00010700800269842147
3,measurements[8].copy_only_components.gather_s,0.019408284220844507
3,measurements[8].copy_only_components.wall_s,0.01965620368719101
3,measurements[8].copy_only_wall_s,0.01965620368719101
3,measurements[8].copy_s,0.00010700800269842147
3,measurements[8].experts_per_batch,1
3,measurements[8].gather_s,0.019408284220844507
3,measurements[8].joint_wall_s,
3,measurements[8].mode,gather
3,measurements[8].rank,2
3,measurements[8].repetition,2
3,measurements[8].wall_s,0.01965620368719101
3,measurements[9].compute_only_components,
3,measurements[9].compute_only_wall_s,
3,measurements[9].compute_s,
3,measurements[9].copy_only_components.compute_s,0.0
3,measurements[9].copy_only_components.copy_s,0.0004066239893436432
3,measurements[9].copy_only_components.gather_s,0.0
3,measurements[9].copy_only_components.wall_s,0.00043545104563236237
3,measurements[9].copy_only_wall_s,0.00043545104563236237
3,measurements[9].copy_s,0.0004066239893436432
3,measurements[9].experts_per_batch,8
3,measurements[9].gather_s,0.0
3,measurements[9].joint_wall_s,
3,measurements[9].mode,contiguous
3,measurements[9].rank,2
3,measurements[9].repetition,0
3,measurements[9].wall_s,0.00043545104563236237
3,measurements[10].compute_only_components,
3,measurements[10].compute_only_wall_s,
3,measurements[10].compute_s,
3,measurements[10].copy_only_components.compute_s,0.0
3,measurements[10].copy_only_components.copy_s,0.0004159039855003357
3,measurements[10].copy_only_components.gather_s,0.0
3,measurements[10].copy_only_components.wall_s,0.00046292878687381744
3,measurements[10].copy_only_wall_s,0.00046292878687381744
3,measurements[10].copy_s,0.0004159039855003357
3,measurements[10].experts_per_batch,8
3,measurements[10].gather_s,0.0
3,measurements[10].joint_wall_s,
3,measurements[10].mode,contiguous
3,measurements[10].rank,2
3,measurements[10].repetition,1
3,measurements[10].wall_s,0.00046292878687381744
3,measurements[11].compute_only_components,
3,measurements[11].compute_only_wall_s,
3,measurements[11].compute_s,
3,measurements[11].copy_only_components.compute_s,0.0
3,measurements[11].copy_only_components.copy_s,0.00044371199607849124
3,measurements[11].copy_only_components.gather_s,0.0
3,measurements[11].copy_only_components.wall_s,0.0004827701486647129
3,measurements[11].copy_only_wall_s,0.0004827701486647129
3,measurements[11].copy_s,0.00044371199607849124
3,measurements[11].experts_per_batch,8
3,measurements[11].gather_s,0.0
3,measurements[11].joint_wall_s,
3,measurements[11].mode,contiguous
3,measurements[11].rank,2
3,measurements[11].repetition,2
3,measurements[11].wall_s,0.0004827701486647129
3,measurements[12].compute_only_components,
3,measurements[12].compute_only_wall_s,
3,measurements[12].compute_s,
3,measurements[12].copy_only_components.compute_s,0.0
3,measurements[12].copy_only_components.copy_s,0.0003665919899940491
3,measurements[12].copy_only_components.gather_s,0.0
3,measurements[12].copy_only_components.wall_s,0.0003993390128016472
3,measurements[12].copy_only_wall_s,0.0003993390128016472
3,measurements[12].copy_s,0.0003665919899940491
3,measurements[12].experts_per_batch,8
3,measurements[12].gather_s,0.0
3,measurements[12].joint_wall_s,
3,measurements[12].mode,fragmented
3,measurements[12].rank,2
3,measurements[12].repetition,0
3,measurements[12].wall_s,0.0003993390128016472
3,measurements[13].compute_only_components,
3,measurements[13].compute_only_wall_s,
3,measurements[13].compute_s,
3,measurements[13].copy_only_components.compute_s,0.0
3,measurements[13].copy_only_components.copy_s,0.00042505601048469546
3,measurements[13].copy_only_components.gather_s,0.0
3,measurements[13].copy_only_components.wall_s,0.0004861517809331417
3,measurements[13].copy_only_wall_s,0.0004861517809331417
3,measurements[13].copy_s,0.00042505601048469546
3,measurements[13].experts_per_batch,8
3,measurements[13].gather_s,0.0
3,measurements[13].joint_wall_s,
3,measurements[13].mode,fragmented
3,measurements[13].rank,2
3,measurements[13].repetition,1
3,measurements[13].wall_s,0.0004861517809331417
3,measurements[14].compute_only_components,
3,measurements[14].compute_only_wall_s,
3,measurements[14].compute_s,
3,measurements[14].copy_only_components.compute_s,0.0
3,measurements[14].copy_only_components.copy_s,0.0003819519877433777
3,measurements[14].copy_only_components.gather_s,0.0
3,measurements[14].copy_only_components.wall_s,0.0004278249107301235
3,measurements[14].copy_only_wall_s,0.0004278249107301235
3,measurements[14].copy_s,0.0003819519877433777
3,measurements[14].experts_per_batch,8
3,measurements[14].gather_s,0.0
3,measurements[14].joint_wall_s,
3,measurements[14].mode,fragmented
3,measurements[14].rank,2
3,measurements[14].repetition,2
3,measurements[14].wall_s,0.0004278249107301235
3,measurements[15].compute_only_components,
3,measurements[15].compute_only_wall_s,
3,measurements[15].compute_s,
3,measurements[15].copy_only_components.compute_s,0.0
3,measurements[15].copy_only_components.copy_s,0.0003185279965400696
3,measurements[15].copy_only_components.gather_s,0.1759713850915432
3,measurements[15].copy_only_components.wall_s,0.1764116222038865
3,measurements[15].copy_only_wall_s,0.1764116222038865
3,measurements[15].copy_s,0.0003185279965400696
3,measurements[15].experts_per_batch,8
3,measurements[15].gather_s,0.1759713850915432
3,measurements[15].joint_wall_s,
3,measurements[15].mode,gather
3,measurements[15].rank,2
3,measurements[15].repetition,0
3,measurements[15].wall_s,0.1764116222038865
3,measurements[16].compute_only_components,
3,measurements[16].compute_only_wall_s,
3,measurements[16].compute_s,
3,measurements[16].copy_only_components.compute_s,0.0
3,measurements[16].copy_only_components.copy_s,0.0003503040075302124
3,measurements[16].copy_only_components.gather_s,0.16843824461102486
3,measurements[16].copy_only_components.wall_s,0.1689252438955009
3,measurements[16].copy_only_wall_s,0.1689252438955009
3,measurements[16].copy_s,0.0003503040075302124
3,measurements[16].experts_per_batch,8
3,measurements[16].gather_s,0.16843824461102486
3,measurements[16].joint_wall_s,
3,measurements[16].mode,gather
3,measurements[16].rank,2
3,measurements[16].repetition,1
3,measurements[16].wall_s,0.1689252438955009
3,measurements[17].compute_only_components,
3,measurements[17].compute_only_wall_s,
3,measurements[17].compute_s,
3,measurements[17].copy_only_components.compute_s,0.0
3,measurements[17].copy_only_components.copy_s,0.0003564159870147705
3,measurements[17].copy_only_components.gather_s,0.16353703755885363
3,measurements[17].copy_only_components.wall_s,0.16408556094393134
3,measurements[17].copy_only_wall_s,0.16408556094393134
3,measurements[17].copy_s,0.0003564159870147705
3,measurements[17].experts_per_batch,8
3,measurements[17].gather_s,0.16353703755885363
3,measurements[17].joint_wall_s,
3,measurements[17].mode,gather
3,measurements[17].rank,2
3,measurements[17].repetition,2
3,measurements[17].wall_s,0.16408556094393134
3,measurements[18].compute_only_components,
3,measurements[18].compute_only_wall_s,
3,measurements[18].compute_s,
3,measurements[18].copy_only_components.compute_s,0.0
3,measurements[18].copy_only_components.copy_s,0.0012802239656448365
3,measurements[18].copy_only_components.gather_s,0.0
3,measurements[18].copy_only_components.wall_s,0.0013110698200762272
3,measurements[18].copy_only_wall_s,0.0013110698200762272
3,measurements[18].copy_s,0.0012802239656448365
3,measurements[18].experts_per_batch,32
3,measurements[18].gather_s,0.0
3,measurements[18].joint_wall_s,
3,measurements[18].mode,contiguous
3,measurements[18].rank,2
3,measurements[18].repetition,0
3,measurements[18].wall_s,0.0013110698200762272
3,measurements[19].compute_only_components,
3,measurements[19].compute_only_wall_s,
3,measurements[19].compute_s,
3,measurements[19].copy_only_components.compute_s,0.0
3,measurements[19].copy_only_components.copy_s,0.0013078080415725708
3,measurements[19].copy_only_components.gather_s,0.0
3,measurements[19].copy_only_components.wall_s,0.0013745380565524101
3,measurements[19].copy_only_wall_s,0.0013745380565524101
3,measurements[19].copy_s,0.0013078080415725708
3,measurements[19].experts_per_batch,32
3,measurements[19].gather_s,0.0
3,measurements[19].joint_wall_s,
3,measurements[19].mode,contiguous
3,measurements[19].rank,2
3,measurements[19].repetition,1
3,measurements[19].wall_s,0.0013745380565524101
3,measurements[20].compute_only_components,
3,measurements[20].compute_only_wall_s,
3,measurements[20].compute_s,
3,measurements[20].copy_only_components.compute_s,0.0
3,measurements[20].copy_only_components.copy_s,0.0013419840335845948
3,measurements[20].copy_only_components.gather_s,0.0
3,measurements[20].copy_only_components.wall_s,0.0014161285944283009
3,measurements[20].copy_only_wall_s,0.0014161285944283009
3,measurements[20].copy_s,0.0013419840335845948
3,measurements[20].experts_per_batch,32
3,measurements[20].gather_s,0.0
3,measurements[20].joint_wall_s,
3,measurements[20].mode,contiguous
3,measurements[20].rank,2
3,measurements[20].repetition,2
3,measurements[20].wall_s,0.0014161285944283009
3,measurements[21].compute_only_components,
3,measurements[21].compute_only_wall_s,
3,measurements[21].compute_s,
3,measurements[21].copy_only_components.compute_s,0.0
3,measurements[21].copy_only_components.copy_s,0.001368191957473755
3,measurements[21].copy_only_components.gather_s,0.0
3,measurements[21].copy_only_components.wall_s,0.0014019347727298737
3,measurements[21].copy_only_wall_s,0.0014019347727298737
3,measurements[21].copy_s,0.001368191957473755
3,measurements[21].experts_per_batch,32
3,measurements[21].gather_s,0.0
3,measurements[21].joint_wall_s,
3,measurements[21].mode,fragmented
3,measurements[21].rank,2
3,measurements[21].repetition,0
3,measurements[21].wall_s,0.0014019347727298737
3,measurements[22].compute_only_components,
3,measurements[22].compute_only_wall_s,
3,measurements[22].compute_s,
3,measurements[22].copy_only_components.compute_s,0.0
3,measurements[22].copy_only_components.copy_s,0.0014113600254058837
3,measurements[22].copy_only_components.gather_s,0.0
3,measurements[22].copy_only_components.wall_s,0.00145660899579525
3,measurements[22].copy_only_wall_s,0.00145660899579525
3,measurements[22].copy_s,0.0014113600254058837
3,measurements[22].experts_per_batch,32
3,measurements[22].gather_s,0.0
3,measurements[22].joint_wall_s,
3,measurements[22].mode,fragmented
3,measurements[22].rank,2
3,measurements[22].repetition,1
3,measurements[22].wall_s,0.00145660899579525
3,measurements[23].compute_only_components,
3,measurements[23].compute_only_wall_s,
3,measurements[23].compute_s,
3,measurements[23].copy_only_components.compute_s,0.0
3,measurements[23].copy_only_components.copy_s,0.0013621759414672852
3,measurements[23].copy_only_components.gather_s,0.0
3,measurements[23].copy_only_components.wall_s,0.0014030770398676395
3,measurements[23].copy_only_wall_s,0.0014030770398676395
3,measurements[23].copy_s,0.0013621759414672852
3,measurements[23].experts_per_batch,32
3,measurements[23].gather_s,0.0
3,measurements[23].joint_wall_s,
3,measurements[23].mode,fragmented
3,measurements[23].rank,2
3,measurements[23].repetition,2
3,measurements[23].wall_s,0.0014030770398676395
3,measurements[24].compute_only_components,
3,measurements[24].compute_only_wall_s,
3,measurements[24].compute_s,
3,measurements[24].copy_only_components.compute_s,0.0
3,measurements[24].copy_only_components.copy_s,0.0010632319450378418
3,measurements[24].copy_only_components.gather_s,0.6696418197825551
3,measurements[24].copy_only_components.wall_s,0.6709919581189752
3,measurements[24].copy_only_wall_s,0.6709919581189752
3,measurements[24].copy_s,0.0010632319450378418
3,measurements[24].experts_per_batch,32
3,measurements[24].gather_s,0.6696418197825551
3,measurements[24].joint_wall_s,
3,measurements[24].mode,gather
3,measurements[24].rank,2
3,measurements[24].repetition,0
3,measurements[24].wall_s,0.6709919581189752
3,measurements[25].compute_only_components,
3,measurements[25].compute_only_wall_s,
3,measurements[25].compute_s,
3,measurements[25].copy_only_components.compute_s,0.0
3,measurements[25].copy_only_components.copy_s,0.0010547200441360473
3,measurements[25].copy_only_components.gather_s,0.6663012462668121
3,measurements[25].copy_only_components.wall_s,0.6675786548294127
3,measurements[25].copy_only_wall_s,0.6675786548294127
3,measurements[25].copy_s,0.0010547200441360473
3,measurements[25].experts_per_batch,32
3,measurements[25].gather_s,0.6663012462668121
3,measurements[25].joint_wall_s,
3,measurements[25].mode,gather
3,measurements[25].rank,2
3,measurements[25].repetition,1
3,measurements[25].wall_s,0.6675786548294127
3,measurements[26].compute_only_components,
3,measurements[26].compute_only_wall_s,
3,measurements[26].compute_s,
3,measurements[26].copy_only_components.compute_s,0.0
3,measurements[26].copy_only_components.copy_s,0.0010025919675827027
3,measurements[26].copy_only_components.gather_s,0.611803509760648
3,measurements[26].copy_only_components.wall_s,0.612934289034456
3,measurements[26].copy_only_wall_s,0.612934289034456
3,measurements[26].copy_s,0.0010025919675827027
3,measurements[26].experts_per_batch,32
3,measurements[26].gather_s,0.611803509760648
3,measurements[26].joint_wall_s,
3,measurements[26].mode,gather
3,measurements[26].rank,2
3,measurements[26].repetition,2
3,measurements[26].wall_s,0.612934289034456
3,measurements[27].compute_only_components,
3,measurements[27].compute_only_wall_s,
3,measurements[27].compute_s,
3,measurements[27].copy_only_components.compute_s,0.0
3,measurements[27].copy_only_components.copy_s,0.007911295890808105
3,measurements[27].copy_only_components.gather_s,0.0
3,measurements[27].copy_only_components.wall_s,0.007938086055219173
3,measurements[27].copy_only_wall_s,0.007938086055219173
3,measurements[27].copy_s,0.007911295890808105
3,measurements[27].experts_per_batch,128
3,measurements[27].gather_s,0.0
3,measurements[27].joint_wall_s,
3,measurements[27].mode,contiguous
3,measurements[27].rank,2
3,measurements[27].repetition,0
3,measurements[27].wall_s,0.007938086055219173
3,measurements[28].compute_only_components,
3,measurements[28].compute_only_wall_s,
3,measurements[28].compute_s,
3,measurements[28].copy_only_components.compute_s,0.0
3,measurements[28].copy_only_components.copy_s,0.008340831756591796
3,measurements[28].copy_only_components.gather_s,0.0
3,measurements[28].copy_only_components.wall_s,0.008382110856473446
3,measurements[28].copy_only_wall_s,0.008382110856473446
3,measurements[28].copy_s,0.008340831756591796
3,measurements[28].experts_per_batch,128
3,measurements[28].gather_s,0.0
3,measurements[28].joint_wall_s,
3,measurements[28].mode,contiguous
3,measurements[28].rank,2
3,measurements[28].repetition,1
3,measurements[28].wall_s,0.008382110856473446
3,measurements[29].compute_only_components,
3,measurements[29].compute_only_wall_s,
3,measurements[29].compute_s,
3,measurements[29].copy_only_components.compute_s,0.0
3,measurements[29].copy_only_components.copy_s,0.00851580810546875
3,measurements[29].copy_only_components.gather_s,0.0
3,measurements[29].copy_only_components.wall_s,0.008553079795092344
3,measurements[29].copy_only_wall_s,0.008553079795092344
3,measurements[29].copy_s,0.00851580810546875
3,measurements[29].experts_per_batch,128
3,measurements[29].gather_s,0.0
3,measurements[29].joint_wall_s,
3,measurements[29].mode,contiguous
3,measurements[29].rank,2
3,measurements[29].repetition,2
3,measurements[29].wall_s,0.008553079795092344
3,measurements[30].compute_only_components,
3,measurements[30].compute_only_wall_s,
3,measurements[30].compute_s,
3,measurements[30].copy_only_components.compute_s,0.0
3,measurements[30].copy_only_components.copy_s,0.005909247875213623
3,measurements[30].copy_only_components.gather_s,0.0
3,measurements[30].copy_only_components.wall_s,0.005938679911196232
3,measurements[30].copy_only_wall_s,0.005938679911196232
3,measurements[30].copy_s,0.005909247875213623
3,measurements[30].experts_per_batch,128
3,measurements[30].gather_s,0.0
3,measurements[30].joint_wall_s,
3,measurements[30].mode,fragmented
3,measurements[30].rank,2
3,measurements[30].repetition,0
3,measurements[30].wall_s,0.005938679911196232
3,measurements[31].compute_only_components,
3,measurements[31].compute_only_wall_s,
3,measurements[31].compute_s,
3,measurements[31].copy_only_components.compute_s,0.0
3,measurements[31].copy_only_components.copy_s,0.006008959770202636
3,measurements[31].copy_only_components.gather_s,0.0
3,measurements[31].copy_only_components.wall_s,0.006053784862160683
3,measurements[31].copy_only_wall_s,0.006053784862160683
3,measurements[31].copy_s,0.006008959770202636
3,measurements[31].experts_per_batch,128
3,measurements[31].gather_s,0.0
3,measurements[31].joint_wall_s,
3,measurements[31].mode,fragmented
3,measurements[31].rank,2
3,measurements[31].repetition,1
3,measurements[31].wall_s,0.006053784862160683
3,measurements[32].compute_only_components,
3,measurements[32].compute_only_wall_s,
3,measurements[32].compute_s,
3,measurements[32].copy_only_components.compute_s,0.0
3,measurements[32].copy_only_components.copy_s,0.006032415866851807
3,measurements[32].copy_only_components.gather_s,0.0
3,measurements[32].copy_only_components.wall_s,0.0060733612626791
3,measurements[32].copy_only_wall_s,0.0060733612626791
3,measurements[32].copy_s,0.006032415866851807
3,measurements[32].experts_per_batch,128
3,measurements[32].gather_s,0.0
3,measurements[32].joint_wall_s,
3,measurements[32].mode,fragmented
3,measurements[32].rank,2
3,measurements[32].repetition,2
3,measurements[32].wall_s,0.0060733612626791
3,measurements[33].compute_only_components,
3,measurements[33].compute_only_wall_s,
3,measurements[33].compute_s,
3,measurements[33].copy_only_components.compute_s,0.0
3,measurements[33].copy_only_components.copy_s,0.003816672086715698
3,measurements[33].copy_only_components.gather_s,2.295535204000771
3,measurements[33].copy_only_components.wall_s,2.3005058602429926
3,measurements[33].copy_only_wall_s,2.3005058602429926
3,measurements[33].copy_s,0.003816672086715698
3,measurements[33].experts_per_batch,128
3,measurements[33].gather_s,2.295535204000771
3,measurements[33].joint_wall_s,
3,measurements[33].mode,gather
3,measurements[33].rank,2
3,measurements[33].repetition,0
3,measurements[33].wall_s,2.3005058602429926
3,measurements[34].compute_only_components,
3,measurements[34].compute_only_wall_s,
3,measurements[34].compute_s,
3,measurements[34].copy_only_components.compute_s,0.0
3,measurements[34].copy_only_components.copy_s,0.0037668159008026124
3,measurements[34].copy_only_components.gather_s,2.3373702191747725
3,measurements[34].copy_only_components.wall_s,2.3413223237730563
3,measurements[34].copy_only_wall_s,2.3413223237730563
3,measurements[34].copy_s,0.0037668159008026124
3,measurements[34].experts_per_batch,128
3,measurements[34].gather_s,2.3373702191747725
3,measurements[34].joint_wall_s,
3,measurements[34].mode,gather
3,measurements[34].rank,2
3,measurements[34].repetition,1
3,measurements[34].wall_s,2.3413223237730563
3,measurements[35].compute_only_components,
3,measurements[35].compute_only_wall_s,
3,measurements[35].compute_s,
3,measurements[35].copy_only_components.compute_s,0.0
3,measurements[35].copy_only_components.copy_s,0.003781440019607544
3,measurements[35].copy_only_components.gather_s,2.205878351815045
3,measurements[35].copy_only_components.wall_s,2.209811477921903
3,measurements[35].copy_only_wall_s,2.209811477921903
3,measurements[35].copy_s,0.003781440019607544
3,measurements[35].experts_per_batch,128
3,measurements[35].gather_s,2.205878351815045
3,measurements[35].joint_wall_s,
3,measurements[35].mode,gather
3,measurements[35].rank,2
3,measurements[35].repetition,2
3,measurements[35].wall_s,2.209811477921903
3,measurements[36].compute_only_components,
3,measurements[36].compute_only_wall_s,
3,measurements[36].compute_s,
3,measurements[36].copy_only_components.compute_s,0.0
3,measurements[36].copy_only_components.copy_s,0.03445305633544922
3,measurements[36].copy_only_components.gather_s,0.0
3,measurements[36].copy_only_components.wall_s,0.034477222710847855
3,measurements[36].copy_only_wall_s,0.034477222710847855
3,measurements[36].copy_s,0.03445305633544922
3,measurements[36].experts_per_batch,512
3,measurements[36].gather_s,0.0
3,measurements[36].joint_wall_s,
3,measurements[36].mode,contiguous
3,measurements[36].rank,2
3,measurements[36].repetition,0
3,measurements[36].wall_s,0.034477222710847855
3,measurements[37].compute_only_components,
3,measurements[37].compute_only_wall_s,
3,measurements[37].compute_s,
3,measurements[37].copy_only_components.compute_s,0.0
3,measurements[37].copy_only_components.copy_s,0.03454956817626953
3,measurements[37].copy_only_components.gather_s,0.0
3,measurements[37].copy_only_components.wall_s,0.03458781773224473
3,measurements[37].copy_only_wall_s,0.03458781773224473
3,measurements[37].copy_s,0.03454956817626953
3,measurements[37].experts_per_batch,512
3,measurements[37].gather_s,0.0
3,measurements[37].joint_wall_s,
3,measurements[37].mode,contiguous
3,measurements[37].rank,2
3,measurements[37].repetition,1
3,measurements[37].wall_s,0.03458781773224473
3,measurements[38].compute_only_components,
3,measurements[38].compute_only_wall_s,
3,measurements[38].compute_s,
3,measurements[38].copy_only_components.compute_s,0.0
3,measurements[38].copy_only_components.copy_s,0.0345483512878418
3,measurements[38].copy_only_components.gather_s,0.0
3,measurements[38].copy_only_components.wall_s,0.03458916023373604
3,measurements[38].copy_only_wall_s,0.03458916023373604
3,measurements[38].copy_s,0.0345483512878418
3,measurements[38].experts_per_batch,512
3,measurements[38].gather_s,0.0
3,measurements[38].joint_wall_s,
3,measurements[38].mode,contiguous
3,measurements[38].rank,2
3,measurements[38].repetition,2
3,measurements[38].wall_s,0.03458916023373604
3,measurements[39].compute_only_components,
3,measurements[39].compute_only_wall_s,
3,measurements[39].compute_s,
3,measurements[39].copy_only_components.compute_s,0.0
3,measurements[39].copy_only_components.copy_s,0.026972095489501954
3,measurements[39].copy_only_components.gather_s,0.0
3,measurements[39].copy_only_components.wall_s,0.02702012937515974
3,measurements[39].copy_only_wall_s,0.02702012937515974
3,measurements[39].copy_s,0.026972095489501954
3,measurements[39].experts_per_batch,512
3,measurements[39].gather_s,0.0
3,measurements[39].joint_wall_s,
3,measurements[39].mode,fragmented
3,measurements[39].rank,2
3,measurements[39].repetition,0
3,measurements[39].wall_s,0.02702012937515974
3,measurements[40].compute_only_components,
3,measurements[40].compute_only_wall_s,
3,measurements[40].compute_s,
3,measurements[40].copy_only_components.compute_s,0.0
3,measurements[40].copy_only_components.copy_s,0.026952287673950196
3,measurements[40].copy_only_components.gather_s,0.0
3,measurements[40].copy_only_components.wall_s,0.026989125180989504
3,measurements[40].copy_only_wall_s,0.026989125180989504
3,measurements[40].copy_s,0.026952287673950196
3,measurements[40].experts_per_batch,512
3,measurements[40].gather_s,0.0
3,measurements[40].joint_wall_s,
3,measurements[40].mode,fragmented
3,measurements[40].rank,2
3,measurements[40].repetition,1
3,measurements[40].wall_s,0.026989125180989504
3,measurements[41].compute_only_components,
3,measurements[41].compute_only_wall_s,
3,measurements[41].compute_s,
3,measurements[41].copy_only_components.compute_s,0.0
3,measurements[41].copy_only_components.copy_s,0.027062463760375976
3,measurements[41].copy_only_components.gather_s,0.0
3,measurements[41].copy_only_components.wall_s,0.027098078280687332
3,measurements[41].copy_only_wall_s,0.027098078280687332
3,measurements[41].copy_s,0.027062463760375976
3,measurements[41].experts_per_batch,512
3,measurements[41].gather_s,0.0
3,measurements[41].joint_wall_s,
3,measurements[41].mode,fragmented
3,measurements[41].rank,2
3,measurements[41].repetition,2
3,measurements[41].wall_s,0.027098078280687332
3,measurements[42].compute_only_components,
3,measurements[42].compute_only_wall_s,
3,measurements[42].compute_s,
3,measurements[42].copy_only_components.compute_s,0.0
3,measurements[42].copy_only_components.copy_s,0.017137504577636718
3,measurements[42].copy_only_components.gather_s,9.418937939219177
3,measurements[42].copy_only_components.wall_s,9.436749320011586
3,measurements[42].copy_only_wall_s,9.436749320011586
3,measurements[42].copy_s,0.017137504577636718
3,measurements[42].experts_per_batch,512
3,measurements[42].gather_s,9.418937939219177
3,measurements[42].joint_wall_s,
3,measurements[42].mode,gather
3,measurements[42].rank,2
3,measurements[42].repetition,0
3,measurements[42].wall_s,9.436749320011586
3,measurements[43].compute_only_components,
3,measurements[43].compute_only_wall_s,
3,measurements[43].compute_s,
3,measurements[43].copy_only_components.compute_s,0.0
3,measurements[43].copy_only_components.copy_s,0.017177087783813477
3,measurements[43].copy_only_components.gather_s,9.389968197792768
3,measurements[43].copy_only_components.wall_s,9.40769697772339
3,measurements[43].copy_only_wall_s,9.40769697772339
3,measurements[43].copy_s,0.017177087783813477
3,measurements[43].experts_per_batch,512
3,measurements[43].gather_s,9.389968197792768
3,measurements[43].joint_wall_s,
3,measurements[43].mode,gather
3,measurements[43].rank,2
3,measurements[43].repetition,1
3,measurements[43].wall_s,9.40769697772339
3,measurements[44].compute_only_components,
3,measurements[44].compute_only_wall_s,
3,measurements[44].compute_s,
3,measurements[44].copy_only_components.compute_s,0.0
3,measurements[44].copy_only_components.copy_s,0.017614463806152343
3,measurements[44].copy_only_components.gather_s,8.495769120752811
3,measurements[44].copy_only_components.wall_s,8.51365153491497
3,measurements[44].copy_only_wall_s,8.51365153491497
3,measurements[44].copy_s,0.017614463806152343
3,measurements[44].experts_per_batch,512
3,measurements[44].gather_s,8.495769120752811
3,measurements[44].joint_wall_s,
3,measurements[44].mode,gather
3,measurements[44].rank,2
3,measurements[44].repetition,2
3,measurements[44].wall_s,8.51365153491497
3,rank,2
3,samples[0].compute_s,
3,samples[0].contention,isolated
3,samples[0].contract.benchmark_policy_sha256,a51e2f06eccbbd7e1dbd0dfad28145edbdc58a6bf90f1dd7ceeb46af6ae1eaed
3,samples[0].contract.commit,2161d80517315fe9835ee3cf32c98f8e6b0343a7
3,samples[0].contract.hardware_sha256,9791dbc6d311596ecffb3eb44b417020cb7e142e79a148bc73feb7a0573b4bd1
3,samples[0].contract.tensor_parallel_size,4
3,samples[0].contract.versions.cuda,12.8
3,samples[0].contract.versions.python,3.12.11
3,samples[0].contract.versions.torch,2.8.0+cu128
3,samples[0].contract.versions.vllm,0.10.2
3,samples[0].contract.versions.vllm_commit,01efc7ef781391e744ed08c3292817a773d654e6
3,samples[0].copy_s,5.06879985332489e-05
3,samples[0].expert_bytes,1572864
3,samples[0].experts_per_batch,1
3,samples[0].gather_s,0.0
3,samples[0].mode,contiguous
3,samples[0].payload_bytes,1572864
3,samples[0].rank,2
3,samples[0].repetition,0
3,samples[0].wall_s,8.50483775138855e-05
3,samples[1].compute_s,
3,samples[1].contention,isolated
3,samples[1].contract.benchmark_policy_sha256,a51e2f06eccbbd7e1dbd0dfad28145edbdc58a6bf90f1dd7ceeb46af6ae1eaed
3,samples[1].contract.commit,2161d80517315fe9835ee3cf32c98f8e6b0343a7
3,samples[1].contract.hardware_sha256,9791dbc6d311596ecffb3eb44b417020cb7e142e79a148bc73feb7a0573b4bd1
3,samples[1].contract.tensor_parallel_size,4
3,samples[1].contract.versions.cuda,12.8
3,samples[1].contract.versions.python,3.12.11
3,samples[1].contract.versions.torch,2.8.0+cu128
3,samples[1].contract.versions.vllm,0.10.2
3,samples[1].contract.versions.vllm_commit,01efc7ef781391e744ed08c3292817a773d654e6
3,samples[1].copy_s,6.588800251483917e-05
3,samples[1].expert_bytes,1572864
3,samples[1].experts_per_batch,1
3,samples[1].gather_s,0.0
3,samples[1].mode,contiguous
3,samples[1].payload_bytes,1572864
3,samples[1].rank,2
3,samples[1].repetition,1
3,samples[1].wall_s,0.00010782387107610703
3,samples[2].compute_s,
3,samples[2].contention,isolated
3,samples[2].contract.benchmark_policy_sha256,a51e2f06eccbbd7e1dbd0dfad28145edbdc58a6bf90f1dd7ceeb46af6ae1eaed
3,samples[2].contract.commit,2161d80517315fe9835ee3cf32c98f8e6b0343a7
3,samples[2].contract.hardware_sha256,9791dbc6d311596ecffb3eb44b417020cb7e142e79a148bc73feb7a0573b4bd1
3,samples[2].contract.tensor_parallel_size,4
3,samples[2].contract.versions.cuda,12.8
3,samples[2].contract.versions.python,3.12.11
3,samples[2].contract.versions.torch,2.8.0+cu128
3,samples[2].contract.versions.vllm,0.10.2
3,samples[2].contract.versions.vllm_commit,01efc7ef781391e744ed08c3292817a773d654e6
3,samples[2].copy_s,6.259199976921082e-05
3,samples[2].expert_bytes,1572864
3,samples[2].experts_per_batch,1
3,samples[2].gather_s,0.0
3,samples[2].mode,contiguous
3,samples[2].payload_bytes,1572864
3,samples[2].rank,2
3,samples[2].repetition,2
3,samples[2].wall_s,0.00011069886386394501
3,samples[3].compute_s,
3,samples[3].contention,isolated
3,samples[3].contract.benchmark_policy_sha256,a51e2f06eccbbd7e1dbd0dfad28145edbdc58a6bf90f1dd7ceeb46af6ae1eaed
3,samples[3].contract.commit,2161d80517315fe9835ee3cf32c98f8e6b0343a7
3,samples[3].contract.hardware_sha256,9791dbc6d311596ecffb3eb44b417020cb7e142e79a148bc73feb7a0573b4bd1
3,samples[3].contract.tensor_parallel_size,4
3,samples[3].contract.versions.cuda,12.8
3,samples[3].contract.versions.python,3.12.11
3,samples[3].contract.versions.torch,2.8.0+cu128
3,samples[3].contract.versions.vllm,0.10.2
3,samples[3].contract.versions.vllm_commit,01efc7ef781391e744ed08c3292817a773d654e6
3,samples[3].copy_s,5.622399970889091e-05
3,samples[3].expert_bytes,1572864
3,samples[3].experts_per_batch,1
3,samples[3].gather_s,0.0
3,samples[3].mode,fragmented
3,samples[3].payload_bytes,1572864
3,samples[3].rank,2
3,samples[3].repetition,0
3,samples[3].wall_s,9.608175605535507e-05
3,samples[4].compute_s,
3,samples[4].contention,isolated
3,samples[4].contract.benchmark_policy_sha256,a51e2f06eccbbd7e1dbd0dfad28145edbdc58a6bf90f1dd7ceeb46af6ae1eaed
3,samples[4].contract.commit,2161d80517315fe9835ee3cf32c98f8e6b0343a7
3,samples[4].contract.hardware_sha256,9791dbc6d311596ecffb3eb44b417020cb7e142e79a148bc73feb7a0573b4bd1
3,samples[4].contract.tensor_parallel_size,4
3,samples[4].contract.versions.cuda,12.8
3,samples[4].contract.versions.python,3.12.11
3,samples[4].contract.versions.torch,2.8.0+cu128
3,samples[4].contract.versions.vllm,0.10.2
3,samples[4].contract.versions.vllm_commit,01efc7ef781391e744ed08c3292817a773d654e6
3,samples[4].copy_s,0.00016819199919700624
3,samples[4].expert_bytes,1572864
3,samples[4].experts_per_batch,1
3,samples[4].gather_s,0.0
3,samples[4].mode,fragmented
3,samples[4].payload_bytes,1572864
3,samples[4].rank,2
3,samples[4].repetition,1
3,samples[4].wall_s,0.00031138118356466293
3,samples[5].compute_s,
3,samples[5].contention,isolated
3,samples[5].contract.benchmark_policy_sha256,a51e2f06eccbbd7e1dbd0dfad28145edbdc58a6bf90f1dd7ceeb46af6ae1eaed
3,samples[5].contract.commit,2161d80517315fe9835ee3cf32c98f8e6b0343a7
3,samples[5].contract.hardware_sha256,9791dbc6d311596ecffb3eb44b417020cb7e142e79a148bc73feb7a0573b4bd1
3,samples[5].contract.tensor_parallel_size,4
3,samples[5].contract.versions.cuda,12.8
3,samples[5].contract.versions.python,3.12.11
3,samples[5].contract.versions.torch,2.8.0+cu128
3,samples[5].contract.versions.vllm,0.10.2
3,samples[5].contract.versions.vllm_commit,01efc7ef781391e744ed08c3292817a773d654e6
3,samples[5].copy_s,0.0001504960060119629
3,samples[5].expert_bytes,1572864
3,samples[5].experts_per_batch,1
3,samples[5].gather_s,0.0
3,samples[5].mode,fragmented
3,samples[5].payload_bytes,1572864
3,samples[5].rank,2
3,samples[5].repetition,2
3,samples[5].wall_s,0.0002797851338982582
3,samples[6].compute_s,
3,samples[6].contention,isolated
3,samples[6].contract.benchmark_policy_sha256,a51e2f06eccbbd7e1dbd0dfad28145edbdc58a6bf90f1dd7ceeb46af6ae1eaed
3,samples[6].contract.commit,2161d80517315fe9835ee3cf32c98f8e6b0343a7
3,samples[6].contract.hardware_sha256,9791dbc6d311596ecffb3eb44b417020cb7e142e79a148bc73feb7a0573b4bd1
3,samples[6].contract.tensor_parallel_size,4
3,samples[6].contract.versions.cuda,12.8
3,samples[6].contract.versions.python,3.12.11
3,samples[6].contract.versions.torch,2.8.0+cu128
3,samples[6].contract.versions.vllm,0.10.2
3,samples[6].contract.versions.vllm_commit,01efc7ef781391e744ed08c3292817a773d654e6
3,samples[6].copy_s,6.585600227117538e-05
3,samples[6].expert_bytes,1572864
3,samples[6].experts_per_batch,1
3,samples[6].gather_s,0.01606919476762414
3,samples[6].mode,gather
3,samples[6].payload_bytes,1572864
3,samples[6].rank,2
3,samples[6].repetition,0
3,samples[6].wall_s,0.016196440905332565
3,samples[7].compute_s,
3,samples[7].contention,isolated
3,samples[7].contract.benchmark_policy_sha256,a51e2f06eccbbd7e1dbd0dfad28145edbdc58a6bf90f1dd7ceeb46af6ae1eaed
3,samples[7].contract.commit,2161d80517315fe9835ee3cf32c98f8e6b0343a7
3,samples[7].contract.hardware_sha256,9791dbc6d311596ecffb3eb44b417020cb7e142e79a148bc73feb7a0573b4bd1
3,samples[7].contract.tensor_parallel_size,4
3,samples[7].contract.versions.cuda,12.8
3,samples[7].contract.versions.python,3.12.11
3,samples[7].contract.versions.torch,2.8.0+cu128
3,samples[7].contract.versions.vllm,0.10.2
3,samples[7].contract.versions.vllm_commit,01efc7ef781391e744ed08c3292817a773d654e6
3,samples[7].copy_s,7.468800246715545e-05
3,samples[7].expert_bytes,1572864
3,samples[7].experts_per_batch,1
3,samples[7].gather_s,0.019443125929683447
3,samples[7].mode,gather
3,samples[7].payload_bytes,1572864
3,samples[7].rank,2
3,samples[7].repetition,1
3,samples[7].wall_s,0.01959264324977994
3,samples[8].compute_s,
3,samples[8].contention,isolated
3,samples[8].contract.benchmark_policy_sha256,a51e2f06eccbbd7e1dbd0dfad28145edbdc58a6bf90f1dd7ceeb46af6ae1eaed
3,samples[8].contract.commit,2161d80517315fe9835ee3cf32c98f8e6b0343a7
3,samples[8].contract.hardware_sha256,9791dbc6d311596ecffb3eb44b417020cb7e142e79a148bc73feb7a0573b4bd1
3,samples[8].contract.tensor_parallel_size,4
3,samples[8].contract.versions.cuda,12.8
3,samples[8].contract.versions.python,3.12.11
3,samples[8].contract.versions.torch,2.8.0+cu128
3,samples[8].contract.versions.vllm,0.10.2
3,samples[8].contract.versions.vllm_commit,01efc7ef781391e744ed08c3292817a773d654e6
3,samples[8].copy_s,0.00010700800269842147
3,samples[8].expert_bytes,1572864
3,samples[8].experts_per_batch,1
3,samples[8].gather_s,0.019408284220844507
3,samples[8].mode,gather
3,samples[8].payload_bytes,1572864
3,samples[8].rank,2
3,samples[8].repetition,2
3,samples[8].wall_s,0.01965620368719101
3,samples[9].compute_s,
3,samples[9].contention,isolated
3,samples[9].contract.benchmark_policy_sha256,a51e2f06eccbbd7e1dbd0dfad28145edbdc58a6bf90f1dd7ceeb46af6ae1eaed
3,samples[9].contract.commit,2161d80517315fe9835ee3cf32c98f8e6b0343a7
3,samples[9].contract.hardware_sha256,9791dbc6d311596ecffb3eb44b417020cb7e142e79a148bc73feb7a0573b4bd1
3,samples[9].contract.tensor_parallel_size,4
3,samples[9].contract.versions.cuda,12.8
3,samples[9].contract.versions.python,3.12.11
3,samples[9].contract.versions.torch,2.8.0+cu128
3,samples[9].contract.versions.vllm,0.10.2
3,samples[9].contract.versions.vllm_commit,01efc7ef781391e744ed08c3292817a773d654e6
3,samples[9].copy_s,0.0004066239893436432
3,samples[9].expert_bytes,1572864
3,samples[9].experts_per_batch,8
3,samples[9].gather_s,0.0
3,samples[9].mode,contiguous
3,samples[9].payload_bytes,12582912
3,samples[9].rank,2
3,samples[9].repetition,0
3,samples[9].wall_s,0.00043545104563236237
3,samples[10].compute_s,
3,samples[10].contention,isolated
3,samples[10].contract.benchmark_policy_sha256,a51e2f06eccbbd7e1dbd0dfad28145edbdc58a6bf90f1dd7ceeb46af6ae1eaed
3,samples[10].contract.commit,2161d80517315fe9835ee3cf32c98f8e6b0343a7
3,samples[10].contract.hardware_sha256,9791dbc6d311596ecffb3eb44b417020cb7e142e79a148bc73feb7a0573b4bd1
3,samples[10].contract.tensor_parallel_size,4
3,samples[10].contract.versions.cuda,12.8
3,samples[10].contract.versions.python,3.12.11
3,samples[10].contract.versions.torch,2.8.0+cu128
3,samples[10].contract.versions.vllm,0.10.2
3,samples[10].contract.versions.vllm_commit,01efc7ef781391e744ed08c3292817a773d654e6
3,samples[10].copy_s,0.0004159039855003357
3,samples[10].expert_bytes,1572864
3,samples[10].experts_per_batch,8
3,samples[10].gather_s,0.0
3,samples[10].mode,contiguous
3,samples[10].payload_bytes,12582912
3,samples[10].rank,2
3,samples[10].repetition,1
3,samples[10].wall_s,0.00046292878687381744
3,samples[11].compute_s,
3,samples[11].contention,isolated
3,samples[11].contract.benchmark_policy_sha256,a51e2f06eccbbd7e1dbd0dfad28145edbdc58a6bf90f1dd7ceeb46af6ae1eaed
3,samples[11].contract.commit,2161d80517315fe9835ee3cf32c98f8e6b0343a7
3,samples[11].contract.hardware_sha256,9791dbc6d311596ecffb3eb44b417020cb7e142e79a148bc73feb7a0573b4bd1
3,samples[11].contract.tensor_parallel_size,4
3,samples[11].contract.versions.cuda,12.8
3,samples[11].contract.versions.python,3.12.11
3,samples[11].contract.versions.torch,2.8.0+cu128
3,samples[11].contract.versions.vllm,0.10.2
3,samples[11].contract.versions.vllm_commit,01efc7ef781391e744ed08c3292817a773d654e6
3,samples[11].copy_s,0.00044371199607849124
3,samples[11].expert_bytes,1572864
3,samples[11].experts_per_batch,8
3,samples[11].gather_s,0.0
3,samples[11].mode,contiguous
3,samples[11].payload_bytes,12582912
3,samples[11].rank,2
3,samples[11].repetition,2
3,samples[11].wall_s,0.0004827701486647129
3,samples[12].compute_s,
3,samples[12].contention,isolated
3,samples[12].contract.benchmark_policy_sha256,a51e2f06eccbbd7e1dbd0dfad28145edbdc58a6bf90f1dd7ceeb46af6ae1eaed
3,samples[12].contract.commit,2161d80517315fe9835ee3cf32c98f8e6b0343a7
3,samples[12].contract.hardware_sha256,9791dbc6d311596ecffb3eb44b417020cb7e142e79a148bc73feb7a0573b4bd1
3,samples[12].contract.tensor_parallel_size,4
3,samples[12].contract.versions.cuda,12.8
3,samples[12].contract.versions.python,3.12.11
3,samples[12].contract.versions.torch,2.8.0+cu128
3,samples[12].contract.versions.vllm,0.10.2
3,samples[12].contract.versions.vllm_commit,01efc7ef781391e744ed08c3292817a773d654e6
3,samples[12].copy_s,0.0003665919899940491
3,samples[12].expert_bytes,1572864
3,samples[12].experts_per_batch,8
3,samples[12].gather_s,0.0
3,samples[12].mode,fragmented
3,samples[12].payload_bytes,12582912
3,samples[12].rank,2
3,samples[12].repetition,0
3,samples[12].wall_s,0.0003993390128016472
3,samples[13].compute_s,
3,samples[13].contention,isolated
3,samples[13].contract.benchmark_policy_sha256,a51e2f06eccbbd7e1dbd0dfad28145edbdc58a6bf90f1dd7ceeb46af6ae1eaed
3,samples[13].contract.commit,2161d80517315fe9835ee3cf32c98f8e6b0343a7
3,samples[13].contract.hardware_sha256,9791dbc6d311596ecffb3eb44b417020cb7e142e79a148bc73feb7a0573b4bd1
3,samples[13].contract.tensor_parallel_size,4
3,samples[13].contract.versions.cuda,12.8
3,samples[13].contract.versions.python,3.12.11
3,samples[13].contract.versions.torch,2.8.0+cu128
3,samples[13].contract.versions.vllm,0.10.2
3,samples[13].contract.versions.vllm_commit,01efc7ef781391e744ed08c3292817a773d654e6
3,samples[13].copy_s,0.00042505601048469546
3,samples[13].expert_bytes,1572864
3,samples[13].experts_per_batch,8
3,samples[13].gather_s,0.0
3,samples[13].mode,fragmented
3,samples[13].payload_bytes,12582912
3,samples[13].rank,2
3,samples[13].repetition,1
3,samples[13].wall_s,0.0004861517809331417
3,samples[14].compute_s,
3,samples[14].contention,isolated
3,samples[14].contract.benchmark_policy_sha256,a51e2f06eccbbd7e1dbd0dfad28145edbdc58a6bf90f1dd7ceeb46af6ae1eaed
3,samples[14].contract.commit,2161d80517315fe9835ee3cf32c98f8e6b0343a7
3,samples[14].contract.hardware_sha256,9791dbc6d311596ecffb3eb44b417020cb7e142e79a148bc73feb7a0573b4bd1
3,samples[14].contract.tensor_parallel_size,4
3,samples[14].contract.versions.cuda,12.8
3,samples[14].contract.versions.python,3.12.11
3,samples[14].contract.versions.torch,2.8.0+cu128
3,samples[14].contract.versions.vllm,0.10.2
3,samples[14].contract.versions.vllm_commit,01efc7ef781391e744ed08c3292817a773d654e6
3,samples[14].copy_s,0.0003819519877433777
3,samples[14].expert_bytes,1572864
3,samples[14].experts_per_batch,8
3,samples[14].gather_s,0.0
3,samples[14].mode,fragmented
3,samples[14].payload_bytes,12582912
3,samples[14].rank,2
3,samples[14].repetition,2
3,samples[14].wall_s,0.0004278249107301235
3,samples[15].compute_s,
3,samples[15].contention,isolated
3,samples[15].contract.benchmark_policy_sha256,a51e2f06eccbbd7e1dbd0dfad28145edbdc58a6bf90f1dd7ceeb46af6ae1eaed
3,samples[15].contract.commit,2161d80517315fe9835ee3cf32c98f8e6b0343a7
3,samples[15].contract.hardware_sha256,9791dbc6d311596ecffb3eb44b417020cb7e142e79a148bc73feb7a0573b4bd1
3,samples[15].contract.tensor_parallel_size,4
3,samples[15].contract.versions.cuda,12.8
3,samples[15].contract.versions.python,3.12.11
3,samples[15].contract.versions.torch,2.8.0+cu128
3,samples[15].contract.versions.vllm,0.10.2
3,samples[15].contract.versions.vllm_commit,01efc7ef781391e744ed08c3292817a773d654e6
3,samples[15].copy_s,0.0003185279965400696
3,samples[15].expert_bytes,1572864
3,samples[15].experts_per_batch,8
3,samples[15].gather_s,0.1759713850915432
3,samples[15].mode,gather
3,samples[15].payload_bytes,12582912
3,samples[15].rank,2
3,samples[15].repetition,0
3,samples[15].wall_s,0.1764116222038865
3,samples[16].compute_s,
3,samples[16].contention,isolated
3,samples[16].contract.benchmark_policy_sha256,a51e2f06eccbbd7e1dbd0dfad28145edbdc58a6bf90f1dd7ceeb46af6ae1eaed
3,samples[16].contract.commit,2161d80517315fe9835ee3cf32c98f8e6b0343a7
3,samples[16].contract.hardware_sha256,9791dbc6d311596ecffb3eb44b417020cb7e142e79a148bc73feb7a0573b4bd1
3,samples[16].contract.tensor_parallel_size,4
3,samples[16].contract.versions.cuda,12.8
3,samples[16].contract.versions.python,3.12.11
3,samples[16].contract.versions.torch,2.8.0+cu128
3,samples[16].contract.versions.vllm,0.10.2
3,samples[16].contract.versions.vllm_commit,01efc7ef781391e744ed08c3292817a773d654e6
3,samples[16].copy_s,0.0003503040075302124
3,samples[16].expert_bytes,1572864
3,samples[16].experts_per_batch,8
3,samples[16].gather_s,0.16843824461102486
3,samples[16].mode,gather
3,samples[16].payload_bytes,12582912
3,samples[16].rank,2
3,samples[16].repetition,1
3,samples[16].wall_s,0.1689252438955009
3,samples[17].compute_s,
3,samples[17].contention,isolated
3,samples[17].contract.benchmark_policy_sha256,a51e2f06eccbbd7e1dbd0dfad28145edbdc58a6bf90f1dd7ceeb46af6ae1eaed
3,samples[17].contract.commit,2161d80517315fe9835ee3cf32c98f8e6b0343a7
3,samples[17].contract.hardware_sha256,9791dbc6d311596ecffb3eb44b417020cb7e142e79a148bc73feb7a0573b4bd1
3,samples[17].contract.tensor_parallel_size,4
3,samples[17].contract.versions.cuda,12.8
3,samples[17].contract.versions.python,3.12.11
3,samples[17].contract.versions.torch,2.8.0+cu128
3,samples[17].contract.versions.vllm,0.10.2
3,samples[17].contract.versions.vllm_commit,01efc7ef781391e744ed08c3292817a773d654e6
3,samples[17].copy_s,0.0003564159870147705
3,samples[17].expert_bytes,1572864
3,samples[17].experts_per_batch,8
3,samples[17].gather_s,0.16353703755885363
3,samples[17].mode,gather
3,samples[17].payload_bytes,12582912
3,samples[17].rank,2
3,samples[17].repetition,2
3,samples[17].wall_s,0.16408556094393134
3,samples[18].compute_s,
3,samples[18].contention,isolated
3,samples[18].contract.benchmark_policy_sha256,a51e2f06eccbbd7e1dbd0dfad28145edbdc58a6bf90f1dd7ceeb46af6ae1eaed
3,samples[18].contract.commit,2161d80517315fe9835ee3cf32c98f8e6b0343a7
3,samples[18].contract.hardware_sha256,9791dbc6d311596ecffb3eb44b417020cb7e142e79a148bc73feb7a0573b4bd1
3,samples[18].contract.tensor_parallel_size,4
3,samples[18].contract.versions.cuda,12.8
3,samples[18].contract.versions.python,3.12.11
3,samples[18].contract.versions.torch,2.8.0+cu128
3,samples[18].contract.versions.vllm,0.10.2
3,samples[18].contract.versions.vllm_commit,01efc7ef781391e744ed08c3292817a773d654e6
3,samples[18].copy_s,0.0012802239656448365
3,samples[18].expert_bytes,1572864
3,samples[18].experts_per_batch,32
3,samples[18].gather_s,0.0
3,samples[18].mode,contiguous
3,samples[18].payload_bytes,50331648
3,samples[18].rank,2
3,samples[18].repetition,0
3,samples[18].wall_s,0.0013110698200762272
3,samples[19].compute_s,
3,samples[19].contention,isolated
3,samples[19].contract.benchmark_policy_sha256,a51e2f06eccbbd7e1dbd0dfad28145edbdc58a6bf90f1dd7ceeb46af6ae1eaed
3,samples[19].contract.commit,2161d80517315fe9835ee3cf32c98f8e6b0343a7
3,samples[19].contract.hardware_sha256,9791dbc6d311596ecffb3eb44b417020cb7e142e79a148bc73feb7a0573b4bd1
3,samples[19].contract.tensor_parallel_size,4
3,samples[19].contract.versions.cuda,12.8
3,samples[19].contract.versions.python,3.12.11
3,samples[19].contract.versions.torch,2.8.0+cu128
3,samples[19].contract.versions.vllm,0.10.2
3,samples[19].contract.versions.vllm_commit,01efc7ef781391e744ed08c3292817a773d654e6
3,samples[19].copy_s,0.0013078080415725708
3,samples[19].expert_bytes,1572864
3,samples[19].experts_per_batch,32
3,samples[19].gather_s,0.0
3,samples[19].mode,contiguous
3,samples[19].payload_bytes,50331648
3,samples[19].rank,2
3,samples[19].repetition,1
3,samples[19].wall_s,0.0013745380565524101
3,samples[20].compute_s,
3,samples[20].contention,isolated
3,samples[20].contract.benchmark_policy_sha256,a51e2f06eccbbd7e1dbd0dfad28145edbdc58a6bf90f1dd7ceeb46af6ae1eaed
3,samples[20].contract.commit,2161d80517315fe9835ee3cf32c98f8e6b0343a7
3,samples[20].contract.hardware_sha256,9791dbc6d311596ecffb3eb44b417020cb7e142e79a148bc73feb7a0573b4bd1
3,samples[20].contract.tensor_parallel_size,4
3,samples[20].contract.versions.cuda,12.8
3,samples[20].contract.versions.python,3.12.11
3,samples[20].contract.versions.torch,2.8.0+cu128
3,samples[20].contract.versions.vllm,0.10.2
3,samples[20].contract.versions.vllm_commit,01efc7ef781391e744ed08c3292817a773d654e6
3,samples[20].copy_s,0.0013419840335845948
3,samples[20].expert_bytes,1572864
3,samples[20].experts_per_batch,32
3,samples[20].gather_s,0.0
3,samples[20].mode,contiguous
3,samples[20].payload_bytes,50331648
3,samples[20].rank,2
3,samples[20].repetition,2
3,samples[20].wall_s,0.0014161285944283009
3,samples[21].compute_s,
3,samples[21].contention,isolated
3,samples[21].contract.benchmark_policy_sha256,a51e2f06eccbbd7e1dbd0dfad28145edbdc58a6bf90f1dd7ceeb46af6ae1eaed
3,samples[21].contract.commit,2161d80517315fe9835ee3cf32c98f8e6b0343a7
3,samples[21].contract.hardware_sha256,9791dbc6d311596ecffb3eb44b417020cb7e142e79a148bc73feb7a0573b4bd1
3,samples[21].contract.tensor_parallel_size,4
3,samples[21].contract.versions.cuda,12.8
3,samples[21].contract.versions.python,3.12.11
3,samples[21].contract.versions.torch,2.8.0+cu128
3,samples[21].contract.versions.vllm,0.10.2
3,samples[21].contract.versions.vllm_commit,01efc7ef781391e744ed08c3292817a773d654e6
3,samples[21].copy_s,0.001368191957473755
3,samples[21].expert_bytes,1572864
3,samples[21].experts_per_batch,32
3,samples[21].gather_s,0.0
3,samples[21].mode,fragmented
3,samples[21].payload_bytes,50331648
3,samples[21].rank,2
3,samples[21].repetition,0
3,samples[21].wall_s,0.0014019347727298737
3,samples[22].compute_s,
3,samples[22].contention,isolated
3,samples[22].contract.benchmark_policy_sha256,a51e2f06eccbbd7e1dbd0dfad28145edbdc58a6bf90f1dd7ceeb46af6ae1eaed
3,samples[22].contract.commit,2161d80517315fe9835ee3cf32c98f8e6b0343a7
3,samples[22].contract.hardware_sha256,9791dbc6d311596ecffb3eb44b417020cb7e142e79a148bc73feb7a0573b4bd1
3,samples[22].contract.tensor_parallel_size,4
3,samples[22].contract.versions.cuda,12.8
3,samples[22].contract.versions.python,3.12.11
3,samples[22].contract.versions.torch,2.8.0+cu128
3,samples[22].contract.versions.vllm,0.10.2
3,samples[22].contract.versions.vllm_commit,01efc7ef781391e744ed08c3292817a773d654e6
3,samples[22].copy_s,0.0014113600254058837
3,samples[22].expert_bytes,1572864
3,samples[22].experts_per_batch,32
3,samples[22].gather_s,0.0
3,samples[22].mode,fragmented
3,samples[22].payload_bytes,50331648
3,samples[22].rank,2
3,samples[22].repetition,1
3,samples[22].wall_s,0.00145660899579525
3,samples[23].compute_s,
3,samples[23].contention,isolated
3,samples[23].contract.benchmark_policy_sha256,a51e2f06eccbbd7e1dbd0dfad28145edbdc58a6bf90f1dd7ceeb46af6ae1eaed
3,samples[23].contract.commit,2161d80517315fe9835ee3cf32c98f8e6b0343a7
3,samples[23].contract.hardware_sha256,9791dbc6d311596ecffb3eb44b417020cb7e142e79a148bc73feb7a0573b4bd1
3,samples[23].contract.tensor_parallel_size,4
3,samples[23].contract.versions.cuda,12.8
3,samples[23].contract.versions.python,3.12.11
3,samples[23].contract.versions.torch,2.8.0+cu128
3,samples[23].contract.versions.vllm,0.10.2
3,samples[23].contract.versions.vllm_commit,01efc7ef781391e744ed08c3292817a773d654e6
3,samples[23].copy_s,0.0013621759414672852
3,samples[23].expert_bytes,1572864
3,samples[23].experts_per_batch,32
3,samples[23].gather_s,0.0
3,samples[23].mode,fragmented
3,samples[23].payload_bytes,50331648
3,samples[23].rank,2
3,samples[23].repetition,2
3,samples[23].wall_s,0.0014030770398676395
3,samples[24].compute_s,
3,samples[24].contention,isolated
3,samples[24].contract.benchmark_policy_sha256,a51e2f06eccbbd7e1dbd0dfad28145edbdc58a6bf90f1dd7ceeb46af6ae1eaed
3,samples[24].contract.commit,2161d80517315fe9835ee3cf32c98f8e6b0343a7
3,samples[24].contract.hardware_sha256,9791dbc6d311596ecffb3eb44b417020cb7e142e79a148bc73feb7a0573b4bd1
3,samples[24].contract.tensor_parallel_size,4
3,samples[24].contract.versions.cuda,12.8
3,samples[24].contract.versions.python,3.12.11
3,samples[24].contract.versions.torch,2.8.0+cu128
3,samples[24].contract.versions.vllm,0.10.2
3,samples[24].contract.versions.vllm_commit,01efc7ef781391e744ed08c3292817a773d654e6
3,samples[24].copy_s,0.0010632319450378418
3,samples[24].expert_bytes,1572864
3,samples[24].experts_per_batch,32
3,samples[24].gather_s,0.6696418197825551
3,samples[24].mode,gather
3,samples[24].payload_bytes,50331648
3,samples[24].rank,2
3,samples[24].repetition,0
3,samples[24].wall_s,0.6709919581189752
3,samples[25].compute_s,
3,samples[25].contention,isolated
3,samples[25].contract.benchmark_policy_sha256,a51e2f06eccbbd7e1dbd0dfad28145edbdc58a6bf90f1dd7ceeb46af6ae1eaed
3,samples[25].contract.commit,2161d80517315fe9835ee3cf32c98f8e6b0343a7
3,samples[25].contract.hardware_sha256,9791dbc6d311596ecffb3eb44b417020cb7e142e79a148bc73feb7a0573b4bd1
3,samples[25].contract.tensor_parallel_size,4
3,samples[25].contract.versions.cuda,12.8
3,samples[25].contract.versions.python,3.12.11
3,samples[25].contract.versions.torch,2.8.0+cu128
3,samples[25].contract.versions.vllm,0.10.2
3,samples[25].contract.versions.vllm_commit,01efc7ef781391e744ed08c3292817a773d654e6
3,samples[25].copy_s,0.0010547200441360473
3,samples[25].expert_bytes,1572864
3,samples[25].experts_per_batch,32
3,samples[25].gather_s,0.6663012462668121
3,samples[25].mode,gather
3,samples[25].payload_bytes,50331648
3,samples[25].rank,2
3,samples[25].repetition,1
3,samples[25].wall_s,0.6675786548294127
3,samples[26].compute_s,
3,samples[26].contention,isolated
3,samples[26].contract.benchmark_policy_sha256,a51e2f06eccbbd7e1dbd0dfad28145edbdc58a6bf90f1dd7ceeb46af6ae1eaed
3,samples[26].contract.commit,2161d80517315fe9835ee3cf32c98f8e6b0343a7
3,samples[26].contract.hardware_sha256,9791dbc6d311596ecffb3eb44b417020cb7e142e79a148bc73feb7a0573b4bd1
3,samples[26].contract.tensor_parallel_size,4
3,samples[26].contract.versions.cuda,12.8
3,samples[26].contract.versions.python,3.12.11
3,samples[26].contract.versions.torch,2.8.0+cu128
3,samples[26].contract.versions.vllm,0.10.2
3,samples[26].contract.versions.vllm_commit,01efc7ef781391e744ed08c3292817a773d654e6
3,samples[26].copy_s,0.0010025919675827027
3,samples[26].expert_bytes,1572864
3,samples[26].experts_per_batch,32
3,samples[26].gather_s,0.611803509760648
3,samples[26].mode,gather
3,samples[26].payload_bytes,50331648
3,samples[26].rank,2
3,samples[26].repetition,2
3,samples[26].wall_s,0.612934289034456
3,samples[27].compute_s,
3,samples[27].contention,isolated
3,samples[27].contract.benchmark_policy_sha256,a51e2f06eccbbd7e1dbd0dfad28145edbdc58a6bf90f1dd7ceeb46af6ae1eaed
3,samples[27].contract.commit,2161d80517315fe9835ee3cf32c98f8e6b0343a7
3,samples[27].contract.hardware_sha256,9791dbc6d311596ecffb3eb44b417020cb7e142e79a148bc73feb7a0573b4bd1
3,samples[27].contract.tensor_parallel_size,4
3,samples[27].contract.versions.cuda,12.8
3,samples[27].contract.versions.python,3.12.11
3,samples[27].contract.versions.torch,2.8.0+cu128
3,samples[27].contract.versions.vllm,0.10.2
3,samples[27].contract.versions.vllm_commit,01efc7ef781391e744ed08c3292817a773d654e6
3,samples[27].copy_s,0.007911295890808105
3,samples[27].expert_bytes,1572864
3,samples[27].experts_per_batch,128
3,samples[27].gather_s,0.0
3,samples[27].mode,contiguous
3,samples[27].payload_bytes,201326592
3,samples[27].rank,2
3,samples[27].repetition,0
3,samples[27].wall_s,0.007938086055219173
3,samples[28].compute_s,
3,samples[28].contention,isolated
3,samples[28].contract.benchmark_policy_sha256,a51e2f06eccbbd7e1dbd0dfad28145edbdc58a6bf90f1dd7ceeb46af6ae1eaed
3,samples[28].contract.commit,2161d80517315fe9835ee3cf32c98f8e6b0343a7
3,samples[28].contract.hardware_sha256,9791dbc6d311596ecffb3eb44b417020cb7e142e79a148bc73feb7a0573b4bd1
3,samples[28].contract.tensor_parallel_size,4
3,samples[28].contract.versions.cuda,12.8
3,samples[28].contract.versions.python,3.12.11
3,samples[28].contract.versions.torch,2.8.0+cu128
3,samples[28].contract.versions.vllm,0.10.2
3,samples[28].contract.versions.vllm_commit,01efc7ef781391e744ed08c3292817a773d654e6
3,samples[28].copy_s,0.008340831756591796
3,samples[28].expert_bytes,1572864
3,samples[28].experts_per_batch,128
3,samples[28].gather_s,0.0
3,samples[28].mode,contiguous
3,samples[28].payload_bytes,201326592
3,samples[28].rank,2
3,samples[28].repetition,1
3,samples[28].wall_s,0.008382110856473446
3,samples[29].compute_s,
3,samples[29].contention,isolated
3,samples[29].contract.benchmark_policy_sha256,a51e2f06eccbbd7e1dbd0dfad28145edbdc58a6bf90f1dd7ceeb46af6ae1eaed
3,samples[29].contract.commit,2161d80517315fe9835ee3cf32c98f8e6b0343a7
3,samples[29].contract.hardware_sha256,9791dbc6d311596ecffb3eb44b417020cb7e142e79a148bc73feb7a0573b4bd1
3,samples[29].contract.tensor_parallel_size,4
3,samples[29].contract.versions.cuda,12.8
3,samples[29].contract.versions.python,3.12.11
3,samples[29].contract.versions.torch,2.8.0+cu128
3,samples[29].contract.versions.vllm,0.10.2
3,samples[29].contract.versions.vllm_commit,01efc7ef781391e744ed08c3292817a773d654e6
3,samples[29].copy_s,0.00851580810546875
3,samples[29].expert_bytes,1572864
3,samples[29].experts_per_batch,128
3,samples[29].gather_s,0.0
3,samples[29].mode,contiguous
3,samples[29].payload_bytes,201326592
3,samples[29].rank,2
3,samples[29].repetition,2
3,samples[29].wall_s,0.008553079795092344
3,samples[30].compute_s,
3,samples[30].contention,isolated
3,samples[30].contract.benchmark_policy_sha256,a51e2f06eccbbd7e1dbd0dfad28145edbdc58a6bf90f1dd7ceeb46af6ae1eaed
3,samples[30].contract.commit,2161d80517315fe9835ee3cf32c98f8e6b0343a7
3,samples[30].contract.hardware_sha256,9791dbc6d311596ecffb3eb44b417020cb7e142e79a148bc73feb7a0573b4bd1
3,samples[30].contract.tensor_parallel_size,4
3,samples[30].contract.versions.cuda,12.8
3,samples[30].contract.versions.python,3.12.11
3,samples[30].contract.versions.torch,2.8.0+cu128
3,samples[30].contract.versions.vllm,0.10.2
3,samples[30].contract.versions.vllm_commit,01efc7ef781391e744ed08c3292817a773d654e6
3,samples[30].copy_s,0.005909247875213623
3,samples[30].expert_bytes,1572864
3,samples[30].experts_per_batch,128
3,samples[30].gather_s,0.0
3,samples[30].mode,fragmented
3,samples[30].payload_bytes,201326592
3,samples[30].rank,2
3,samples[30].repetition,0
3,samples[30].wall_s,0.005938679911196232
3,samples[31].compute_s,
3,samples[31].contention,isolated
3,samples[31].contract.benchmark_policy_sha256,a51e2f06eccbbd7e1dbd0dfad28145edbdc58a6bf90f1dd7ceeb46af6ae1eaed
3,samples[31].contract.commit,2161d80517315fe9835ee3cf32c98f8e6b0343a7
3,samples[31].contract.hardware_sha256,9791dbc6d311596ecffb3eb44b417020cb7e142e79a148bc73feb7a0573b4bd1
3,samples[31].contract.tensor_parallel_size,4
3,samples[31].contract.versions.cuda,12.8
3,samples[31].contract.versions.python,3.12.11
3,samples[31].contract.versions.torch,2.8.0+cu128
3,samples[31].contract.versions.vllm,0.10.2
3,samples[31].contract.versions.vllm_commit,01efc7ef781391e744ed08c3292817a773d654e6
3,samples[31].copy_s,0.006008959770202636
3,samples[31].expert_bytes,1572864
3,samples[31].experts_per_batch,128
3,samples[31].gather_s,0.0
3,samples[31].mode,fragmented
3,samples[31].payload_bytes,201326592
3,samples[31].rank,2
3,samples[31].repetition,1
3,samples[31].wall_s,0.006053784862160683
3,samples[32].compute_s,
3,samples[32].contention,isolated
3,samples[32].contract.benchmark_policy_sha256,a51e2f06eccbbd7e1dbd0dfad28145edbdc58a6bf90f1dd7ceeb46af6ae1eaed
3,samples[32].contract.commit,2161d80517315fe9835ee3cf32c98f8e6b0343a7
3,samples[32].contract.hardware_sha256,9791dbc6d311596ecffb3eb44b417020cb7e142e79a148bc73feb7a0573b4bd1
3,samples[32].contract.tensor_parallel_size,4
3,samples[32].contract.versions.cuda,12.8
3,samples[32].contract.versions.python,3.12.11
3,samples[32].contract.versions.torch,2.8.0+cu128
3,samples[32].contract.versions.vllm,0.10.2
3,samples[32].contract.versions.vllm_commit,01efc7ef781391e744ed08c3292817a773d654e6
3,samples[32].copy_s,0.006032415866851807
3,samples[32].expert_bytes,1572864
3,samples[32].experts_per_batch,128
3,samples[32].gather_s,0.0
3,samples[32].mode,fragmented
3,samples[32].payload_bytes,201326592
3,samples[32].rank,2
3,samples[32].repetition,2
3,samples[32].wall_s,0.0060733612626791
3,samples[33].compute_s,
3,samples[33].contention,isolated
3,samples[33].contract.benchmark_policy_sha256,a51e2f06eccbbd7e1dbd0dfad28145edbdc58a6bf90f1dd7ceeb46af6ae1eaed
3,samples[33].contract.commit,2161d80517315fe9835ee3cf32c98f8e6b0343a7
3,samples[33].contract.hardware_sha256,9791dbc6d311596ecffb3eb44b417020cb7e142e79a148bc73feb7a0573b4bd1
3,samples[33].contract.tensor_parallel_size,4
3,samples[33].contract.versions.cuda,12.8
3,samples[33].contract.versions.python,3.12.11
3,samples[33].contract.versions.torch,2.8.0+cu128
3,samples[33].contract.versions.vllm,0.10.2
3,samples[33].contract.versions.vllm_commit,01efc7ef781391e744ed08c3292817a773d654e6
3,samples[33].copy_s,0.003816672086715698
3,samples[33].expert_bytes,1572864
3,samples[33].experts_per_batch,128
3,samples[33].gather_s,2.295535204000771
3,samples[33].mode,gather
3,samples[33].payload_bytes,201326592
3,samples[33].rank,2
3,samples[33].repetition,0
3,samples[33].wall_s,2.3005058602429926
3,samples[34].compute_s,
3,samples[34].contention,isolated
3,samples[34].contract.benchmark_policy_sha256,a51e2f06eccbbd7e1dbd0dfad28145edbdc58a6bf90f1dd7ceeb46af6ae1eaed
3,samples[34].contract.commit,2161d80517315fe9835ee3cf32c98f8e6b0343a7
3,samples[34].contract.hardware_sha256,9791dbc6d311596ecffb3eb44b417020cb7e142e79a148bc73feb7a0573b4bd1
3,samples[34].contract.tensor_parallel_size,4
3,samples[34].contract.versions.cuda,12.8
3,samples[34].contract.versions.python,3.12.11
3,samples[34].contract.versions.torch,2.8.0+cu128
3,samples[34].contract.versions.vllm,0.10.2
3,samples[34].contract.versions.vllm_commit,01efc7ef781391e744ed08c3292817a773d654e6
3,samples[34].copy_s,0.0037668159008026124
3,samples[34].expert_bytes,1572864
3,samples[34].experts_per_batch,128
3,samples[34].gather_s,2.3373702191747725
3,samples[34].mode,gather
3,samples[34].payload_bytes,201326592
3,samples[34].rank,2
3,samples[34].repetition,1
3,samples[34].wall_s,2.3413223237730563
3,samples[35].compute_s,
3,samples[35].contention,isolated
3,samples[35].contract.benchmark_policy_sha256,a51e2f06eccbbd7e1dbd0dfad28145edbdc58a6bf90f1dd7ceeb46af6ae1eaed
3,samples[35].contract.commit,2161d80517315fe9835ee3cf32c98f8e6b0343a7
3,samples[35].contract.hardware_sha256,9791dbc6d311596ecffb3eb44b417020cb7e142e79a148bc73feb7a0573b4bd1
3,samples[35].contract.tensor_parallel_size,4
3,samples[35].contract.versions.cuda,12.8
3,samples[35].contract.versions.python,3.12.11
3,samples[35].contract.versions.torch,2.8.0+cu128
3,samples[35].contract.versions.vllm,0.10.2
3,samples[35].contract.versions.vllm_commit,01efc7ef781391e744ed08c3292817a773d654e6
3,samples[35].copy_s,0.003781440019607544
3,samples[35].expert_bytes,1572864
3,samples[35].experts_per_batch,128
3,samples[35].gather_s,2.205878351815045
3,samples[35].mode,gather
3,samples[35].payload_bytes,201326592
3,samples[35].rank,2
3,samples[35].repetition,2
3,samples[35].wall_s,2.209811477921903
3,samples[36].compute_s,
3,samples[36].contention,isolated
3,samples[36].contract.benchmark_policy_sha256,a51e2f06eccbbd7e1dbd0dfad28145edbdc58a6bf90f1dd7ceeb46af6ae1eaed
3,samples[36].contract.commit,2161d80517315fe9835ee3cf32c98f8e6b0343a7
3,samples[36].contract.hardware_sha256,9791dbc6d311596ecffb3eb44b417020cb7e142e79a148bc73feb7a0573b4bd1
3,samples[36].contract.tensor_parallel_size,4
3,samples[36].contract.versions.cuda,12.8
3,samples[36].contract.versions.python,3.12.11
3,samples[36].contract.versions.torch,2.8.0+cu128
3,samples[36].contract.versions.vllm,0.10.2
3,samples[36].contract.versions.vllm_commit,01efc7ef781391e744ed08c3292817a773d654e6
3,samples[36].copy_s,0.03445305633544922
3,samples[36].expert_bytes,1572864
3,samples[36].experts_per_batch,512
3,samples[36].gather_s,0.0
3,samples[36].mode,contiguous
3,samples[36].payload_bytes,805306368
3,samples[36].rank,2
3,samples[36].repetition,0
3,samples[36].wall_s,0.034477222710847855
3,samples[37].compute_s,
3,samples[37].contention,isolated
3,samples[37].contract.benchmark_policy_sha256,a51e2f06eccbbd7e1dbd0dfad28145edbdc58a6bf90f1dd7ceeb46af6ae1eaed
3,samples[37].contract.commit,2161d80517315fe9835ee3cf32c98f8e6b0343a7
3,samples[37].contract.hardware_sha256,9791dbc6d311596ecffb3eb44b417020cb7e142e79a148bc73feb7a0573b4bd1
3,samples[37].contract.tensor_parallel_size,4
3,samples[37].contract.versions.cuda,12.8
3,samples[37].contract.versions.python,3.12.11
3,samples[37].contract.versions.torch,2.8.0+cu128
3,samples[37].contract.versions.vllm,0.10.2
3,samples[37].contract.versions.vllm_commit,01efc7ef781391e744ed08c3292817a773d654e6
3,samples[37].copy_s,0.03454956817626953
3,samples[37].expert_bytes,1572864
3,samples[37].experts_per_batch,512
3,samples[37].gather_s,0.0
3,samples[37].mode,contiguous
3,samples[37].payload_bytes,805306368
3,samples[37].rank,2
3,samples[37].repetition,1
3,samples[37].wall_s,0.03458781773224473
3,samples[38].compute_s,
3,samples[38].contention,isolated
3,samples[38].contract.benchmark_policy_sha256,a51e2f06eccbbd7e1dbd0dfad28145edbdc58a6bf90f1dd7ceeb46af6ae1eaed
3,samples[38].contract.commit,2161d80517315fe9835ee3cf32c98f8e6b0343a7
3,samples[38].contract.hardware_sha256,9791dbc6d311596ecffb3eb44b417020cb7e142e79a148bc73feb7a0573b4bd1
3,samples[38].contract.tensor_parallel_size,4
3,samples[38].contract.versions.cuda,12.8
3,samples[38].contract.versions.python,3.12.11
3,samples[38].contract.versions.torch,2.8.0+cu128
3,samples[38].contract.versions.vllm,0.10.2
3,samples[38].contract.versions.vllm_commit,01efc7ef781391e744ed08c3292817a773d654e6
3,samples[38].copy_s,0.0345483512878418
3,samples[38].expert_bytes,1572864
3,samples[38].experts_per_batch,512
3,samples[38].gather_s,0.0
3,samples[38].mode,contiguous
3,samples[38].payload_bytes,805306368
3,samples[38].rank,2
3,samples[38].repetition,2
3,samples[38].wall_s,0.03458916023373604
3,samples[39].compute_s,
3,samples[39].contention,isolated
3,samples[39].contract.benchmark_policy_sha256,a51e2f06eccbbd7e1dbd0dfad28145edbdc58a6bf90f1dd7ceeb46af6ae1eaed
3,samples[39].contract.commit,2161d80517315fe9835ee3cf32c98f8e6b0343a7
3,samples[39].contract.hardware_sha256,9791dbc6d311596ecffb3eb44b417020cb7e142e79a148bc73feb7a0573b4bd1
3,samples[39].contract.tensor_parallel_size,4
3,samples[39].contract.versions.cuda,12.8
3,samples[39].contract.versions.python,3.12.11
3,samples[39].contract.versions.torch,2.8.0+cu128
3,samples[39].contract.versions.vllm,0.10.2
3,samples[39].contract.versions.vllm_commit,01efc7ef781391e744ed08c3292817a773d654e6
3,samples[39].copy_s,0.026972095489501954
3,samples[39].expert_bytes,1572864
3,samples[39].experts_per_batch,512
3,samples[39].gather_s,0.0
3,samples[39].mode,fragmented
3,samples[39].payload_bytes,805306368
3,samples[39].rank,2
3,samples[39].repetition,0
3,samples[39].wall_s,0.02702012937515974
3,samples[40].compute_s,
3,samples[40].contention,isolated
3,samples[40].contract.benchmark_policy_sha256,a51e2f06eccbbd7e1dbd0dfad28145edbdc58a6bf90f1dd7ceeb46af6ae1eaed
3,samples[40].contract.commit,2161d80517315fe9835ee3cf32c98f8e6b0343a7
3,samples[40].contract.hardware_sha256,9791dbc6d311596ecffb3eb44b417020cb7e142e79a148bc73feb7a0573b4bd1
3,samples[40].contract.tensor_parallel_size,4
3,samples[40].contract.versions.cuda,12.8
3,samples[40].contract.versions.python,3.12.11
3,samples[40].contract.versions.torch,2.8.0+cu128
3,samples[40].contract.versions.vllm,0.10.2
3,samples[40].contract.versions.vllm_commit,01efc7ef781391e744ed08c3292817a773d654e6
3,samples[40].copy_s,0.026952287673950196
3,samples[40].expert_bytes,1572864
3,samples[40].experts_per_batch,512
3,samples[40].gather_s,0.0
3,samples[40].mode,fragmented
3,samples[40].payload_bytes,805306368
3,samples[40].rank,2
3,samples[40].repetition,1
3,samples[40].wall_s,0.026989125180989504
3,samples[41].compute_s,
3,samples[41].contention,isolated
3,samples[41].contract.benchmark_policy_sha256,a51e2f06eccbbd7e1dbd0dfad28145edbdc58a6bf90f1dd7ceeb46af6ae1eaed
3,samples[41].contract.commit,2161d80517315fe9835ee3cf32c98f8e6b0343a7
3,samples[41].contract.hardware_sha256,9791dbc6d311596ecffb3eb44b417020cb7e142e79a148bc73feb7a0573b4bd1
3,samples[41].contract.tensor_parallel_size,4
3,samples[41].contract.versions.cuda,12.8
3,samples[41].contract.versions.python,3.12.11
3,samples[41].contract.versions.torch,2.8.0+cu128
3,samples[41].contract.versions.vllm,0.10.2
3,samples[41].contract.versions.vllm_commit,01efc7ef781391e744ed08c3292817a773d654e6
3,samples[41].copy_s,0.027062463760375976
3,samples[41].expert_bytes,1572864
3,samples[41].experts_per_batch,512
3,samples[41].gather_s,0.0
3,samples[41].mode,fragmented
3,samples[41].payload_bytes,805306368
3,samples[41].rank,2
3,samples[41].repetition,2
3,samples[41].wall_s,0.027098078280687332
3,samples[42].compute_s,
3,samples[42].contention,isolated
3,samples[42].contract.benchmark_policy_sha256,a51e2f06eccbbd7e1dbd0dfad28145edbdc58a6bf90f1dd7ceeb46af6ae1eaed
3,samples[42].contract.commit,2161d80517315fe9835ee3cf32c98f8e6b0343a7
3,samples[42].contract.hardware_sha256,9791dbc6d311596ecffb3eb44b417020cb7e142e79a148bc73feb7a0573b4bd1
3,samples[42].contract.tensor_parallel_size,4
3,samples[42].contract.versions.cuda,12.8
3,samples[42].contract.versions.python,3.12.11
3,samples[42].contract.versions.torch,2.8.0+cu128
3,samples[42].contract.versions.vllm,0.10.2
3,samples[42].contract.versions.vllm_commit,01efc7ef781391e744ed08c3292817a773d654e6
3,samples[42].copy_s,0.017137504577636718
3,samples[42].expert_bytes,1572864
3,samples[42].experts_per_batch,512
3,samples[42].gather_s,9.418937939219177
3,samples[42].mode,gather
3,samples[42].payload_bytes,805306368
3,samples[42].rank,2
3,samples[42].repetition,0
3,samples[42].wall_s,9.436749320011586
3,samples[43].compute_s,
3,samples[43].contention,isolated
3,samples[43].contract.benchmark_policy_sha256,a51e2f06eccbbd7e1dbd0dfad28145edbdc58a6bf90f1dd7ceeb46af6ae1eaed
3,samples[43].contract.commit,2161d80517315fe9835ee3cf32c98f8e6b0343a7
3,samples[43].contract.hardware_sha256,9791dbc6d311596ecffb3eb44b417020cb7e142e79a148bc73feb7a0573b4bd1
3,samples[43].contract.tensor_parallel_size,4
3,samples[43].contract.versions.cuda,12.8
3,samples[43].contract.versions.python,3.12.11
3,samples[43].contract.versions.torch,2.8.0+cu128
3,samples[43].contract.versions.vllm,0.10.2
3,samples[43].contract.versions.vllm_commit,01efc7ef781391e744ed08c3292817a773d654e6
3,samples[43].copy_s,0.017177087783813477
3,samples[43].expert_bytes,1572864
3,samples[43].experts_per_batch,512
3,samples[43].gather_s,9.389968197792768
3,samples[43].mode,gather
3,samples[43].payload_bytes,805306368
3,samples[43].rank,2
3,samples[43].repetition,1
3,samples[43].wall_s,9.40769697772339
3,samples[44].compute_s,
3,samples[44].contention,isolated
3,samples[44].contract.benchmark_policy_sha256,a51e2f06eccbbd7e1dbd0dfad28145edbdc58a6bf90f1dd7ceeb46af6ae1eaed
3,samples[44].contract.commit,2161d80517315fe9835ee3cf32c98f8e6b0343a7
3,samples[44].contract.hardware_sha256,9791dbc6d311596ecffb3eb44b417020cb7e142e79a148bc73feb7a0573b4bd1
3,samples[44].contract.tensor_parallel_size,4
3,samples[44].contract.versions.cuda,12.8
3,samples[44].contract.versions.python,3.12.11
3,samples[44].contract.versions.torch,2.8.0+cu128
3,samples[44].contract.versions.vllm,0.10.2
3,samples[44].contract.versions.vllm_commit,01efc7ef781391e744ed08c3292817a773d654e6
3,samples[44].copy_s,0.017614463806152343
3,samples[44].expert_bytes,1572864
3,samples[44].experts_per_batch,512
3,samples[44].gather_s,8.495769120752811
3,samples[44].mode,gather
3,samples[44].payload_bytes,805306368
3,samples[44].rank,2
3,samples[44].repetition,2
3,samples[44].wall_s,8.51365153491497
3,status,complete
3,topology_status,NUMA/PCIe-unavailable
3,artifact_kind,transfer-worker
4,record_index,4
4,contract.benchmark_policy_sha256,a51e2f06eccbbd7e1dbd0dfad28145edbdc58a6bf90f1dd7ceeb46af6ae1eaed
4,contract.commit,2161d80517315fe9835ee3cf32c98f8e6b0343a7
4,contract.hardware_sha256,9791dbc6d311596ecffb3eb44b417020cb7e142e79a148bc73feb7a0573b4bd1
4,contract.tensor_parallel_size,4
4,contract.versions.cuda,12.8
4,contract.versions.python,3.12.11
4,contract.versions.torch,2.8.0+cu128
4,contract.versions.vllm,0.10.2
4,contract.versions.vllm_commit,01efc7ef781391e744ed08c3292817a773d654e6
4,cpu_affinity_sha256,5b9a7d2fd9e4915888e092a354e7b06222745d078d2eb415374508fe3a31243f
4,device_rank,3
4,measurements[0].compute_only_components,
4,measurements[0].compute_only_wall_s,
4,measurements[0].compute_s,
4,measurements[0].copy_only_components.compute_s,0.0
4,measurements[0].copy_only_components.copy_s,5.2960000932216646e-05
4,measurements[0].copy_only_components.gather_s,0.0
4,measurements[0].copy_only_components.wall_s,8.719321340322495e-05
4,measurements[0].copy_only_wall_s,8.719321340322495e-05
4,measurements[0].copy_s,5.2960000932216646e-05
4,measurements[0].experts_per_batch,1
4,measurements[0].gather_s,0.0
4,measurements[0].joint_wall_s,
4,measurements[0].mode,contiguous
4,measurements[0].rank,3
4,measurements[0].repetition,0
4,measurements[0].wall_s,8.719321340322495e-05
4,measurements[1].compute_only_components,
4,measurements[1].compute_only_wall_s,
4,measurements[1].compute_s,
4,measurements[1].copy_only_components.compute_s,0.0
4,measurements[1].copy_only_components.copy_s,6.419199705123901e-05
4,measurements[1].copy_only_components.gather_s,0.0
4,measurements[1].copy_only_components.wall_s,0.00010419078171253204
4,measurements[1].copy_only_wall_s,0.00010419078171253204
4,measurements[1].copy_s,6.419199705123901e-05
4,measurements[1].experts_per_batch,1
4,measurements[1].gather_s,0.0
4,measurements[1].joint_wall_s,
4,measurements[1].mode,contiguous
4,measurements[1].rank,3
4,measurements[1].repetition,1
4,measurements[1].wall_s,0.00010419078171253204
4,measurements[2].compute_only_components,
4,measurements[2].compute_only_wall_s,
4,measurements[2].compute_s,
4,measurements[2].copy_only_components.compute_s,0.0
4,measurements[2].copy_only_components.copy_s,5.78560009598732e-05
4,measurements[2].copy_only_components.gather_s,0.0
4,measurements[2].copy_only_components.wall_s,9.65590588748455e-05
4,measurements[2].copy_only_wall_s,9.65590588748455e-05
4,measurements[2].copy_s,5.78560009598732e-05
4,measurements[2].experts_per_batch,1
4,measurements[2].gather_s,0.0
4,measurements[2].joint_wall_s,
4,measurements[2].mode,contiguous
4,measurements[2].rank,3
4,measurements[2].repetition,2
4,measurements[2].wall_s,9.65590588748455e-05
4,measurements[3].compute_only_components,
4,measurements[3].compute_only_wall_s,
4,measurements[3].compute_s,
4,measurements[3].copy_only_components.compute_s,0.0
4,measurements[3].copy_only_components.copy_s,7.769600301980973e-05
4,measurements[3].copy_only_components.gather_s,0.0
4,measurements[3].copy_only_components.wall_s,0.00013066967949271202
4,measurements[3].copy_only_wall_s,0.00013066967949271202
4,measurements[3].copy_s,7.769600301980973e-05
4,measurements[3].experts_per_batch,1
4,measurements[3].gather_s,0.0
4,measurements[3].joint_wall_s,
4,measurements[3].mode,fragmented
4,measurements[3].rank,3
4,measurements[3].repetition,0
4,measurements[3].wall_s,0.00013066967949271202
4,measurements[4].compute_only_components,
4,measurements[4].compute_only_wall_s,
4,measurements[4].compute_s,
4,measurements[4].copy_only_components.compute_s,0.0
4,measurements[4].copy_only_components.copy_s,0.00010867200046777726
4,measurements[4].copy_only_components.gather_s,0.0
4,measurements[4].copy_only_components.wall_s,0.00017659086734056473
4,measurements[4].copy_only_wall_s,0.00017659086734056473
4,measurements[4].copy_s,0.00010867200046777726
4,measurements[4].experts_per_batch,1
4,measurements[4].gather_s,0.0
4,measurements[4].joint_wall_s,
4,measurements[4].mode,fragmented
4,measurements[4].rank,3
4,measurements[4].repetition,1
4,measurements[4].wall_s,0.00017659086734056473
4,measurements[5].compute_only_components,
4,measurements[5].compute_only_wall_s,
4,measurements[5].compute_s,
4,measurements[5].copy_only_components.compute_s,0.0
4,measurements[5].copy_only_components.copy_s,0.0001098560020327568
4,measurements[5].copy_only_components.gather_s,0.0
4,measurements[5].copy_only_components.wall_s,0.00017327116802334785
4,measurements[5].copy_only_wall_s,0.00017327116802334785
4,measurements[5].copy_s,0.0001098560020327568
4,measurements[5].experts_per_batch,1
4,measurements[5].gather_s,0.0
4,measurements[5].joint_wall_s,
4,measurements[5].mode,fragmented
4,measurements[5].rank,3
4,measurements[5].repetition,2
4,measurements[5].wall_s,0.00017327116802334785
4,measurements[6].compute_only_components,
4,measurements[6].compute_only_wall_s,
4,measurements[6].compute_s,
4,measurements[6].copy_only_components.compute_s,0.0
4,measurements[6].copy_only_components.copy_s,6.400000303983688e-05
4,measurements[6].copy_only_components.gather_s,0.02003170968964696
4,measurements[6].copy_only_components.wall_s,0.02014911314472556
4,measurements[6].copy_only_wall_s,0.02014911314472556
4,measurements[6].copy_s,6.400000303983688e-05
4,measurements[6].experts_per_batch,1
4,measurements[6].gather_s,0.02003170968964696
4,measurements[6].joint_wall_s,
4,measurements[6].mode,gather
4,measurements[6].rank,3
4,measurements[6].repetition,0
4,measurements[6].wall_s,0.02014911314472556
4,measurements[7].compute_only_components,
4,measurements[7].compute_only_wall_s,
4,measurements[7].compute_s,
4,measurements[7].copy_only_components.compute_s,0.0
4,measurements[7].copy_only_components.copy_s,8.326400071382522e-05
4,measurements[7].copy_only_components.gather_s,0.01859355205669999
4,measurements[7].copy_only_components.wall_s,0.018797462806105614
4,measurements[7].copy_only_wall_s,0.018797462806105614
4,measurements[7].copy_s,8.326400071382522e-05
4,measurements[7].experts_per_batch,1
4,measurements[7].gather_s,0.01859355205669999
4,measurements[7].joint_wall_s,
4,measurements[7].mode,gather
4,measurements[7].rank,3
4,measurements[7].repetition,1
4,measurements[7].wall_s,0.018797462806105614
4,measurements[8].compute_only_components,
4,measurements[8].compute_only_wall_s,
4,measurements[8].compute_s,
4,measurements[8].copy_only_components.compute_s,0.0
4,measurements[8].copy_only_components.copy_s,8.755200356245042e-05
4,measurements[8].copy_only_components.gather_s,0.015520974062383175
4,measurements[8].copy_only_components.wall_s,0.0157236703671515
4,measurements[8].copy_only_wall_s,0.0157236703671515
4,measurements[8].copy_s,8.755200356245042e-05
4,measurements[8].experts_per_batch,1
4,measurements[8].gather_s,0.015520974062383175
4,measurements[8].joint_wall_s,
4,measurements[8].mode,gather
4,measurements[8].rank,3
4,measurements[8].repetition,2
4,measurements[8].wall_s,0.0157236703671515
4,measurements[9].compute_only_components,
4,measurements[9].compute_only_wall_s,
4,measurements[9].compute_s,
4,measurements[9].copy_only_components.compute_s,0.0
4,measurements[9].copy_only_components.copy_s,0.0003531840145587921
4,measurements[9].copy_only_components.gather_s,0.0
4,measurements[9].copy_only_components.wall_s,0.00040015485137701035
4,measurements[9].copy_only_wall_s,0.00040015485137701035
4,measurements[9].copy_s,0.0003531840145587921
4,measurements[9].experts_per_batch,8
4,measurements[9].gather_s,0.0
4,measurements[9].joint_wall_s,
4,measurements[9].mode,contiguous
4,measurements[9].rank,3
4,measurements[9].repetition,0
4,measurements[9].wall_s,0.00040015485137701035
4,measurements[10].compute_only_components,
4,measurements[10].compute_only_wall_s,
4,measurements[10].compute_s,
4,measurements[10].copy_only_components.compute_s,0.0
4,measurements[10].copy_only_components.copy_s,0.00041763201355934145
4,measurements[10].copy_only_components.gather_s,0.0
4,measurements[10].copy_only_components.wall_s,0.0004617818631231785
4,measurements[10].copy_only_wall_s,0.0004617818631231785
4,measurements[10].copy_s,0.00041763201355934145
4,measurements[10].experts_per_batch,8
4,measurements[10].gather_s,0.0
4,measurements[10].joint_wall_s,
4,measurements[10].mode,contiguous
4,measurements[10].rank,3
4,measurements[10].repetition,1
4,measurements[10].wall_s,0.0004617818631231785
4,measurements[11].compute_only_components,
4,measurements[11].compute_only_wall_s,
4,measurements[11].compute_s,
4,measurements[11].copy_only_components.compute_s,0.0
4,measurements[11].copy_only_components.copy_s,0.0004408319890499115
4,measurements[11].copy_only_components.gather_s,0.0
4,measurements[11].copy_only_components.wall_s,0.00048044323921203613
4,measurements[11].copy_only_wall_s,0.00048044323921203613
4,measurements[11].copy_s,0.0004408319890499115
4,measurements[11].experts_per_batch,8
4,measurements[11].gather_s,0.0
4,measurements[11].joint_wall_s,
4,measurements[11].mode,contiguous
4,measurements[11].rank,3
4,measurements[11].repetition,2
4,measurements[11].wall_s,0.00048044323921203613
4,measurements[12].compute_only_components,
4,measurements[12].compute_only_wall_s,
4,measurements[12].compute_s,
4,measurements[12].copy_only_components.compute_s,0.0
4,measurements[12].copy_only_components.copy_s,0.00036934399604797365
4,measurements[12].copy_only_components.gather_s,0.0
4,measurements[12].copy_only_components.wall_s,0.0003980211913585663
4,measurements[12].copy_only_wall_s,0.0003980211913585663
4,measurements[12].copy_s,0.00036934399604797365
4,measurements[12].experts_per_batch,8
4,measurements[12].gather_s,0.0
4,measurements[12].joint_wall_s,
4,measurements[12].mode,fragmented
4,measurements[12].rank,3
4,measurements[12].repetition,0
4,measurements[12].wall_s,0.0003980211913585663
4,measurements[13].compute_only_components,
4,measurements[13].compute_only_wall_s,
4,measurements[13].compute_s,
4,measurements[13].copy_only_components.compute_s,0.0
4,measurements[13].copy_only_components.copy_s,0.0004249280095100403
4,measurements[13].copy_only_components.gather_s,0.0
4,measurements[13].copy_only_components.wall_s,0.0004831496626138687
4,measurements[13].copy_only_wall_s,0.0004831496626138687
4,measurements[13].copy_s,0.0004249280095100403
4,measurements[13].experts_per_batch,8
4,measurements[13].gather_s,0.0
4,measurements[13].joint_wall_s,
4,measurements[13].mode,fragmented
4,measurements[13].rank,3
4,measurements[13].repetition,1
4,measurements[13].wall_s,0.0004831496626138687
4,measurements[14].compute_only_components,
4,measurements[14].compute_only_wall_s,
4,measurements[14].compute_s,
4,measurements[14].copy_only_components.compute_s,0.0
4,measurements[14].copy_only_components.copy_s,0.0003856639862060547
4,measurements[14].copy_only_components.gather_s,0.0
4,measurements[14].copy_only_components.wall_s,0.00046600913628935814
4,measurements[14].copy_only_wall_s,0.00046600913628935814
4,measurements[14].copy_s,0.0003856639862060547
4,measurements[14].experts_per_batch,8
4,measurements[14].gather_s,0.0
4,measurements[14].joint_wall_s,
4,measurements[14].mode,fragmented
4,measurements[14].rank,3
4,measurements[14].repetition,2
4,measurements[14].wall_s,0.00046600913628935814
4,measurements[15].compute_only_components,
4,measurements[15].compute_only_wall_s,
4,measurements[15].compute_s,
4,measurements[15].copy_only_components.compute_s,0.0
4,measurements[15].copy_only_components.copy_s,0.0003744640052318573
4,measurements[15].copy_only_components.gather_s,0.1507537248544395
4,measurements[15].copy_only_components.wall_s,0.1514970869757235
4,measurements[15].copy_only_wall_s,0.1514970869757235
4,measurements[15].copy_s,0.0003744640052318573
4,measurements[15].experts_per_batch,8
4,measurements[15].gather_s,0.1507537248544395
4,measurements[15].joint_wall_s,
4,measurements[15].mode,gather
4,measurements[15].rank,3
4,measurements[15].repetition,0
4,measurements[15].wall_s,0.1514970869757235
4,measurements[16].compute_only_components,
4,measurements[16].compute_only_wall_s,
4,measurements[16].compute_s,
4,measurements[16].copy_only_components.compute_s,0.0
4,measurements[16].copy_only_components.copy_s,0.00034921601414680483
4,measurements[16].copy_only_components.gather_s,0.16144650429487228
4,measurements[16].copy_only_components.wall_s,0.16197321796789765
4,measurements[16].copy_only_wall_s,0.16197321796789765
4,measurements[16].copy_s,0.00034921601414680483
4,measurements[16].experts_per_batch,8
4,measurements[16].gather_s,0.16144650429487228
4,measurements[16].joint_wall_s,
4,measurements[16].mode,gather
4,measurements[16].rank,3
4,measurements[16].repetition,1
4,measurements[16].wall_s,0.16197321796789765
4,measurements[17].compute_only_components,
4,measurements[17].compute_only_wall_s,
4,measurements[17].compute_s,
4,measurements[17].copy_only_components.compute_s,0.0
4,measurements[17].copy_only_components.copy_s,0.0003671360015869141
4,measurements[17].copy_only_components.gather_s,0.16408080980181694
4,measurements[17].copy_only_components.wall_s,0.16464285925030708
4,measurements[17].copy_only_wall_s,0.16464285925030708
4,measurements[17].copy_s,0.0003671360015869141
4,measurements[17].experts_per_batch,8
4,measurements[17].gather_s,0.16408080980181694
4,measurements[17].joint_wall_s,
4,measurements[17].mode,gather
4,measurements[17].rank,3
4,measurements[17].repetition,2
4,measurements[17].wall_s,0.16464285925030708
4,measurements[18].compute_only_components,
4,measurements[18].compute_only_wall_s,
4,measurements[18].compute_s,
4,measurements[18].copy_only_components.compute_s,0.0
4,measurements[18].copy_only_components.copy_s,0.0014206399917602538
4,measurements[18].copy_only_components.gather_s,0.0
4,measurements[18].copy_only_components.wall_s,0.001496732234954834
4,measurements[18].copy_only_wall_s,0.001496732234954834
4,measurements[18].copy_s,0.0014206399917602538
4,measurements[18].experts_per_batch,32
4,measurements[18].gather_s,0.0
4,measurements[18].joint_wall_s,
4,measurements[18].mode,contiguous
4,measurements[18].rank,3
4,measurements[18].repetition,0
4,measurements[18].wall_s,0.001496732234954834
4,measurements[19].compute_only_components,
4,measurements[19].compute_only_wall_s,
4,measurements[19].compute_s,
4,measurements[19].copy_only_components.compute_s,0.0
4,measurements[19].copy_only_components.copy_s,0.001517151951789856
4,measurements[19].copy_only_components.gather_s,0.0
4,measurements[19].copy_only_components.wall_s,0.0016153110191226006
4,measurements[19].copy_only_wall_s,0.0016153110191226006
4,measurements[19].copy_s,0.001517151951789856
4,measurements[19].experts_per_batch,32
4,measurements[19].gather_s,0.0
4,measurements[19].joint_wall_s,
4,measurements[19].mode,contiguous
4,measurements[19].rank,3
4,measurements[19].repetition,1
4,measurements[19].wall_s,0.0016153110191226006
4,measurements[20].compute_only_components,
4,measurements[20].compute_only_wall_s,
4,measurements[20].compute_s,
4,measurements[20].copy_only_components.compute_s,0.0
4,measurements[20].copy_only_components.copy_s,0.0015419520139694214
4,measurements[20].copy_only_components.gather_s,0.0
4,measurements[20].copy_only_components.wall_s,0.0016381661407649517
4,measurements[20].copy_only_wall_s,0.0016381661407649517
4,measurements[20].copy_s,0.0015419520139694214
4,measurements[20].experts_per_batch,32
4,measurements[20].gather_s,0.0
4,measurements[20].joint_wall_s,
4,measurements[20].mode,contiguous
4,measurements[20].rank,3
4,measurements[20].repetition,2
4,measurements[20].wall_s,0.0016381661407649517
4,measurements[21].compute_only_components,
4,measurements[21].compute_only_wall_s,
4,measurements[21].compute_s,
4,measurements[21].copy_only_components.compute_s,0.0
4,measurements[21].copy_only_components.copy_s,0.001385759949684143
4,measurements[21].copy_only_components.gather_s,0.0
4,measurements[21].copy_only_components.wall_s,0.0014216513372957706
4,measurements[21].copy_only_wall_s,0.0014216513372957706
4,measurements[21].copy_s,0.001385759949684143
4,measurements[21].experts_per_batch,32
4,measurements[21].gather_s,0.0
4,measurements[21].joint_wall_s,
4,measurements[21].mode,fragmented
4,measurements[21].rank,3
4,measurements[21].repetition,0
4,measurements[21].wall_s,0.0014216513372957706
4,measurements[22].compute_only_components,
4,measurements[22].compute_only_wall_s,
4,measurements[22].compute_s,
4,measurements[22].copy_only_components.compute_s,0.0
4,measurements[22].copy_only_components.copy_s,0.001425376057624817
4,measurements[22].copy_only_components.gather_s,0.0
4,measurements[22].copy_only_components.wall_s,0.001480471808463335
4,measurements[22].copy_only_wall_s,0.001480471808463335
4,measurements[22].copy_s,0.001425376057624817
4,measurements[22].experts_per_batch,32
4,measurements[22].gather_s,0.0
4,measurements[22].joint_wall_s,
4,measurements[22].mode,fragmented
4,measurements[22].rank,3
4,measurements[22].repetition,1
4,measurements[22].wall_s,0.001480471808463335
4,measurements[23].compute_only_components,
4,measurements[23].compute_only_wall_s,
4,measurements[23].compute_s,
4,measurements[23].copy_only_components.compute_s,0.0
4,measurements[23].copy_only_components.copy_s,0.0013393919467926025
4,measurements[23].copy_only_components.gather_s,0.0
4,measurements[23].copy_only_components.wall_s,0.0015168609097599983
4,measurements[23].copy_only_wall_s,0.0015168609097599983
4,measurements[23].copy_s,0.0013393919467926025
4,measurements[23].experts_per_batch,32
4,measurements[23].gather_s,0.0
4,measurements[23].joint_wall_s,
4,measurements[23].mode,fragmented
4,measurements[23].rank,3
4,measurements[23].repetition,2
4,measurements[23].wall_s,0.0015168609097599983
4,measurements[24].compute_only_components,
4,measurements[24].compute_only_wall_s,
4,measurements[24].compute_s,
4,measurements[24].copy_only_components.compute_s,0.0
4,measurements[24].copy_only_components.copy_s,0.0011076799631118774
4,measurements[24].copy_only_components.gather_s,0.7065762239508331
4,measurements[24].copy_only_components.wall_s,0.7078521610237658
4,measurements[24].copy_only_wall_s,0.7078521610237658
4,measurements[24].copy_s,0.0011076799631118774
4,measurements[24].experts_per_batch,32
4,measurements[24].gather_s,0.7065762239508331
4,measurements[24].joint_wall_s,
4,measurements[24].mode,gather
4,measurements[24].rank,3
4,measurements[24].repetition,0
4,measurements[24].wall_s,0.7078521610237658
4,measurements[25].compute_only_components,
4,measurements[25].compute_only_wall_s,
4,measurements[25].compute_s,
4,measurements[25].copy_only_components.compute_s,0.0
4,measurements[25].copy_only_components.copy_s,0.001016767978668213
4,measurements[25].copy_only_components.gather_s,0.6923378319479525
4,measurements[25].copy_only_components.wall_s,0.6934977769851685
4,measurements[25].copy_only_wall_s,0.6934977769851685
4,measurements[25].copy_s,0.001016767978668213
4,measurements[25].experts_per_batch,32
4,measurements[25].gather_s,0.6923378319479525
4,measurements[25].joint_wall_s,
4,measurements[25].mode,gather
4,measurements[25].rank,3
4,measurements[25].repetition,1
4,measurements[25].wall_s,0.6934977769851685
4,measurements[26].compute_only_components,
4,measurements[26].compute_only_wall_s,
4,measurements[26].compute_s,
4,measurements[26].copy_only_components.compute_s,0.0
4,measurements[26].copy_only_components.copy_s,0.0010158079862594605
4,measurements[26].copy_only_components.gather_s,0.5887995432130992
4,measurements[26].copy_only_components.wall_s,0.5899664713069797
4,measurements[26].copy_only_wall_s,0.5899664713069797
4,measurements[26].copy_s,0.0010158079862594605
4,measurements[26].experts_per_batch,32
4,measurements[26].gather_s,0.5887995432130992
4,measurements[26].joint_wall_s,
4,measurements[26].mode,gather
4,measurements[26].rank,3
4,measurements[26].repetition,2
4,measurements[26].wall_s,0.5899664713069797
4,measurements[27].compute_only_components,
4,measurements[27].compute_only_wall_s,
4,measurements[27].compute_s,
4,measurements[27].copy_only_components.compute_s,0.0
4,measurements[27].copy_only_components.copy_s,0.007963647842407226
4,measurements[27].copy_only_components.gather_s,0.0
4,measurements[27].copy_only_components.wall_s,0.007988676894456148
4,measurements[27].copy_only_wall_s,0.007988676894456148
4,measurements[27].copy_s,0.007963647842407226
4,measurements[27].experts_per_batch,128
4,measurements[27].gather_s,0.0
4,measurements[27].joint_wall_s,
4,measurements[27].mode,contiguous
4,measurements[27].rank,3
4,measurements[27].repetition,0
4,measurements[27].wall_s,0.007988676894456148
4,measurements[28].compute_only_components,
4,measurements[28].compute_only_wall_s,
4,measurements[28].compute_s,
4,measurements[28].copy_only_components.compute_s,0.0
4,measurements[28].copy_only_components.copy_s,0.008325119972229005
4,measurements[28].copy_only_components.gather_s,0.0
4,measurements[28].copy_only_components.wall_s,0.008364700246602297
4,measurements[28].copy_only_wall_s,0.008364700246602297
4,measurements[28].copy_s,0.008325119972229005
4,measurements[28].experts_per_batch,128
4,measurements[28].gather_s,0.0
4,measurements[28].joint_wall_s,
4,measurements[28].mode,contiguous
4,measurements[28].rank,3
4,measurements[28].repetition,1
4,measurements[28].wall_s,0.008364700246602297
4,measurements[29].compute_only_components,
4,measurements[29].compute_only_wall_s,
4,measurements[29].compute_s,
4,measurements[29].copy_only_components.compute_s,0.0
4,measurements[29].copy_only_components.copy_s,0.008516096115112304
4,measurements[29].copy_only_components.gather_s,0.0
4,measurements[29].copy_only_components.wall_s,0.008556504733860493
4,measurements[29].copy_only_wall_s,0.008556504733860493
4,measurements[29].copy_s,0.008516096115112304
4,measurements[29].experts_per_batch,128
4,measurements[29].gather_s,0.0
4,measurements[29].joint_wall_s,
4,measurements[29].mode,contiguous
4,measurements[29].rank,3
4,measurements[29].repetition,2
4,measurements[29].wall_s,0.008556504733860493
4,measurements[30].compute_only_components,
4,measurements[30].compute_only_wall_s,
4,measurements[30].compute_s,
4,measurements[30].copy_only_components.compute_s,0.0
4,measurements[30].copy_only_components.copy_s,0.006003935813903808
4,measurements[30].copy_only_components.gather_s,0.0
4,measurements[30].copy_only_components.wall_s,0.006034959107637405
4,measurements[30].copy_only_wall_s,0.006034959107637405
4,measurements[30].copy_s,0.006003935813903808
4,measurements[30].experts_per_batch,128
4,measurements[30].gather_s,0.0
4,measurements[30].joint_wall_s,
4,measurements[30].mode,fragmented
4,measurements[30].rank,3
4,measurements[30].repetition,0
4,measurements[30].wall_s,0.006034959107637405
4,measurements[31].compute_only_components,
4,measurements[31].compute_only_wall_s,
4,measurements[31].compute_s,
4,measurements[31].copy_only_components.compute_s,0.0
4,measurements[31].copy_only_components.copy_s,0.006067584037780762
4,measurements[31].copy_only_components.gather_s,0.0
4,measurements[31].copy_only_components.wall_s,0.006129061803221703
4,measurements[31].copy_only_wall_s,0.006129061803221703
4,measurements[31].copy_s,0.006067584037780762
4,measurements[31].experts_per_batch,128
4,measurements[31].gather_s,0.0
4,measurements[31].joint_wall_s,
4,measurements[31].mode,fragmented
4,measurements[31].rank,3
4,measurements[31].repetition,1
4,measurements[31].wall_s,0.006129061803221703
4,measurements[32].compute_only_components,
4,measurements[32].compute_only_wall_s,
4,measurements[32].compute_s,
4,measurements[32].copy_only_components.compute_s,0.0
4,measurements[32].copy_only_components.copy_s,0.006086527824401855
4,measurements[32].copy_only_components.gather_s,0.0
4,measurements[32].copy_only_components.wall_s,0.006130625959485769
4,measurements[32].copy_only_wall_s,0.006130625959485769
4,measurements[32].copy_s,0.006086527824401855
4,measurements[32].experts_per_batch,128
4,measurements[32].gather_s,0.0
4,measurements[32].joint_wall_s,
4,measurements[32].mode,fragmented
4,measurements[32].rank,3
4,measurements[32].repetition,2
4,measurements[32].wall_s,0.006130625959485769
4,measurements[33].compute_only_components,
4,measurements[33].compute_only_wall_s,
4,measurements[33].compute_s,
4,measurements[33].copy_only_components.compute_s,0.0
4,measurements[33].copy_only_components.copy_s,0.003792992115020752
4,measurements[33].copy_only_components.gather_s,2.412697497289628
4,measurements[33].copy_only_components.wall_s,2.4166205008514225
4,measurements[33].copy_only_wall_s,2.4166205008514225
4,measurements[33].copy_s,0.003792992115020752
4,measurements[33].experts_per_batch,128
4,measurements[33].gather_s,2.412697497289628
4,measurements[33].joint_wall_s,
4,measurements[33].mode,gather
4,measurements[33].rank,3
4,measurements[33].repetition,0
4,measurements[33].wall_s,2.4166205008514225
4,measurements[34].compute_only_components,
4,measurements[34].compute_only_wall_s,
4,measurements[34].compute_s,
4,measurements[34].copy_only_components.compute_s,0.0
4,measurements[34].copy_only_components.copy_s,0.003801503896713257
4,measurements[34].copy_only_components.gather_s,2.366536775138229
4,measurements[34].copy_only_components.wall_s,2.370500714983791
4,measurements[34].copy_only_wall_s,2.370500714983791
4,measurements[34].copy_s,0.003801503896713257
4,measurements[34].experts_per_batch,128
4,measurements[34].gather_s,2.366536775138229
4,measurements[34].joint_wall_s,
4,measurements[34].mode,gather
4,measurements[34].rank,3
4,measurements[34].repetition,1
4,measurements[34].wall_s,2.370500714983791
4,measurements[35].compute_only_components,
4,measurements[35].compute_only_wall_s,
4,measurements[35].compute_s,
4,measurements[35].copy_only_components.compute_s,0.0
4,measurements[35].copy_only_components.copy_s,0.0037957119941711428
4,measurements[35].copy_only_components.gather_s,2.2143676141276956
4,measurements[35].copy_only_components.wall_s,2.218314987141639
4,measurements[35].copy_only_wall_s,2.218314987141639
4,measurements[35].copy_s,0.0037957119941711428
4,measurements[35].experts_per_batch,128
4,measurements[35].gather_s,2.2143676141276956
4,measurements[35].joint_wall_s,
4,measurements[35].mode,gather
4,measurements[35].rank,3
4,measurements[35].repetition,2
4,measurements[35].wall_s,2.218314987141639
4,measurements[36].compute_only_components,
4,measurements[36].compute_only_wall_s,
4,measurements[36].compute_s,
4,measurements[36].copy_only_components.compute_s,0.0
4,measurements[36].copy_only_components.copy_s,0.03454304122924805
4,measurements[36].copy_only_components.gather_s,0.0
4,measurements[36].copy_only_components.wall_s,0.034567197784781456
4,measurements[36].copy_only_wall_s,0.034567197784781456
4,measurements[36].copy_s,0.03454304122924805
4,measurements[36].experts_per_batch,512
4,measurements[36].gather_s,0.0
4,measurements[36].joint_wall_s,
4,measurements[36].mode,contiguous
4,measurements[36].rank,3
4,measurements[36].repetition,0
4,measurements[36].wall_s,0.034567197784781456
4,measurements[37].compute_only_components,
4,measurements[37].compute_only_wall_s,
4,measurements[37].compute_s,
4,measurements[37].copy_only_components.compute_s,0.0
4,measurements[37].copy_only_components.copy_s,0.034584800720214845
4,measurements[37].copy_only_components.gather_s,0.0
4,measurements[37].copy_only_components.wall_s,0.034620641730725765
4,measurements[37].copy_only_wall_s,0.034620641730725765
4,measurements[37].copy_s,0.034584800720214845
4,measurements[37].experts_per_batch,512
4,measurements[37].gather_s,0.0
4,measurements[37].joint_wall_s,
4,measurements[37].mode,contiguous
4,measurements[37].rank,3
4,measurements[37].repetition,1
4,measurements[37].wall_s,0.034620641730725765
4,measurements[38].compute_only_components,
4,measurements[38].compute_only_wall_s,
4,measurements[38].compute_s,
4,measurements[38].copy_only_components.compute_s,0.0
4,measurements[38].copy_only_components.copy_s,0.03461030578613281
4,measurements[38].copy_only_components.gather_s,0.0
4,measurements[38].copy_only_components.wall_s,0.03465055674314499
4,measurements[38].copy_only_wall_s,0.03465055674314499
4,measurements[38].copy_s,0.03461030578613281
4,measurements[38].experts_per_batch,512
4,measurements[38].gather_s,0.0
4,measurements[38].joint_wall_s,
4,measurements[38].mode,contiguous
4,measurements[38].rank,3
4,measurements[38].repetition,2
4,measurements[38].wall_s,0.03465055674314499
4,measurements[39].compute_only_components,
4,measurements[39].compute_only_wall_s,
4,measurements[39].compute_s,
4,measurements[39].copy_only_components.compute_s,0.0
4,measurements[39].copy_only_components.copy_s,0.027341472625732423
4,measurements[39].copy_only_components.gather_s,0.0
4,measurements[39].copy_only_components.wall_s,0.027370635885745287
4,measurements[39].copy_only_wall_s,0.027370635885745287
4,measurements[39].copy_s,0.027341472625732423
4,measurements[39].experts_per_batch,512
4,measurements[39].gather_s,0.0
4,measurements[39].joint_wall_s,
4,measurements[39].mode,fragmented
4,measurements[39].rank,3
4,measurements[39].repetition,0
4,measurements[39].wall_s,0.027370635885745287
4,measurements[40].compute_only_components,
4,measurements[40].compute_only_wall_s,
4,measurements[40].compute_s,
4,measurements[40].copy_only_components.compute_s,0.0
4,measurements[40].copy_only_components.copy_s,0.027320320129394532
4,measurements[40].copy_only_components.gather_s,0.0
4,measurements[40].copy_only_components.wall_s,0.027358413208276033
4,measurements[40].copy_only_wall_s,0.027358413208276033
4,measurements[40].copy_s,0.027320320129394532
4,measurements[40].experts_per_batch,512
4,measurements[40].gather_s,0.0
4,measurements[40].joint_wall_s,
4,measurements[40].mode,fragmented
4,measurements[40].rank,3
4,measurements[40].repetition,1
4,measurements[40].wall_s,0.027358413208276033
4,measurements[41].compute_only_components,
4,measurements[41].compute_only_wall_s,
4,measurements[41].compute_s,
4,measurements[41].copy_only_components.compute_s,0.0
4,measurements[41].copy_only_components.copy_s,0.027380575180053712
4,measurements[41].copy_only_components.gather_s,0.0
4,measurements[41].copy_only_components.wall_s,0.02741558663547039
4,measurements[41].copy_only_wall_s,0.02741558663547039
4,measurements[41].copy_s,0.027380575180053712
4,measurements[41].experts_per_batch,512
4,measurements[41].gather_s,0.0
4,measurements[41].joint_wall_s,
4,measurements[41].mode,fragmented
4,measurements[41].rank,3
4,measurements[41].repetition,2
4,measurements[41].wall_s,0.02741558663547039
4,measurements[42].compute_only_components,
4,measurements[42].compute_only_wall_s,
4,measurements[42].compute_s,
4,measurements[42].copy_only_components.compute_s,0.0
4,measurements[42].copy_only_components.copy_s,0.0173787841796875
4,measurements[42].copy_only_components.gather_s,9.425303332041949
4,measurements[42].copy_only_components.wall_s,9.443493044935167
4,measurements[42].copy_only_wall_s,9.443493044935167
4,measurements[42].copy_s,0.0173787841796875
4,measurements[42].experts_per_batch,512
4,measurements[42].gather_s,9.425303332041949
4,measurements[42].joint_wall_s,
4,measurements[42].mode,gather
4,measurements[42].rank,3
4,measurements[42].repetition,0
4,measurements[42].wall_s,9.443493044935167
4,measurements[43].compute_only_components,
4,measurements[43].compute_only_wall_s,
4,measurements[43].compute_s,
4,measurements[43].copy_only_components.compute_s,0.0
4,measurements[43].copy_only_components.copy_s,0.017093280792236328
4,measurements[43].copy_only_components.gather_s,9.39680114807561
4,measurements[43].copy_only_components.wall_s,9.414201734121889
4,measurements[43].copy_only_wall_s,9.414201734121889
4,measurements[43].copy_s,0.017093280792236328
4,measurements[43].experts_per_batch,512
4,measurements[43].gather_s,9.39680114807561
4,measurements[43].joint_wall_s,
4,measurements[43].mode,gather
4,measurements[43].rank,3
4,measurements[43].repetition,1
4,measurements[43].wall_s,9.414201734121889
4,measurements[44].compute_only_components,
4,measurements[44].compute_only_wall_s,
4,measurements[44].compute_s,
4,measurements[44].copy_only_components.compute_s,0.0
4,measurements[44].copy_only_components.copy_s,0.014869983673095704
4,measurements[44].copy_only_components.gather_s,8.169800157193094
4,measurements[44].copy_only_components.wall_s,8.187572275288403
4,measurements[44].copy_only_wall_s,8.187572275288403
4,measurements[44].copy_s,0.014869983673095704
4,measurements[44].experts_per_batch,512
4,measurements[44].gather_s,8.169800157193094
4,measurements[44].joint_wall_s,
4,measurements[44].mode,gather
4,measurements[44].rank,3
4,measurements[44].repetition,2
4,measurements[44].wall_s,8.187572275288403
4,rank,3
4,samples[0].compute_s,
4,samples[0].contention,isolated
4,samples[0].contract.benchmark_policy_sha256,a51e2f06eccbbd7e1dbd0dfad28145edbdc58a6bf90f1dd7ceeb46af6ae1eaed
4,samples[0].contract.commit,2161d80517315fe9835ee3cf32c98f8e6b0343a7
4,samples[0].contract.hardware_sha256,9791dbc6d311596ecffb3eb44b417020cb7e142e79a148bc73feb7a0573b4bd1
4,samples[0].contract.tensor_parallel_size,4
4,samples[0].contract.versions.cuda,12.8
4,samples[0].contract.versions.python,3.12.11
4,samples[0].contract.versions.torch,2.8.0+cu128
4,samples[0].contract.versions.vllm,0.10.2
4,samples[0].contract.versions.vllm_commit,01efc7ef781391e744ed08c3292817a773d654e6
4,samples[0].copy_s,5.2960000932216646e-05
4,samples[0].expert_bytes,1572864
4,samples[0].experts_per_batch,1
4,samples[0].gather_s,0.0
4,samples[0].mode,contiguous
4,samples[0].payload_bytes,1572864
4,samples[0].rank,3
4,samples[0].repetition,0
4,samples[0].wall_s,8.719321340322495e-05
4,samples[1].compute_s,
4,samples[1].contention,isolated
4,samples[1].contract.benchmark_policy_sha256,a51e2f06eccbbd7e1dbd0dfad28145edbdc58a6bf90f1dd7ceeb46af6ae1eaed
4,samples[1].contract.commit,2161d80517315fe9835ee3cf32c98f8e6b0343a7
4,samples[1].contract.hardware_sha256,9791dbc6d311596ecffb3eb44b417020cb7e142e79a148bc73feb7a0573b4bd1
4,samples[1].contract.tensor_parallel_size,4
4,samples[1].contract.versions.cuda,12.8
4,samples[1].contract.versions.python,3.12.11
4,samples[1].contract.versions.torch,2.8.0+cu128
4,samples[1].contract.versions.vllm,0.10.2
4,samples[1].contract.versions.vllm_commit,01efc7ef781391e744ed08c3292817a773d654e6
4,samples[1].copy_s,6.419199705123901e-05
4,samples[1].expert_bytes,1572864
4,samples[1].experts_per_batch,1
4,samples[1].gather_s,0.0
4,samples[1].mode,contiguous
4,samples[1].payload_bytes,1572864
4,samples[1].rank,3
4,samples[1].repetition,1
4,samples[1].wall_s,0.00010419078171253204
4,samples[2].compute_s,
4,samples[2].contention,isolated
4,samples[2].contract.benchmark_policy_sha256,a51e2f06eccbbd7e1dbd0dfad28145edbdc58a6bf90f1dd7ceeb46af6ae1eaed
4,samples[2].contract.commit,2161d80517315fe9835ee3cf32c98f8e6b0343a7
4,samples[2].contract.hardware_sha256,9791dbc6d311596ecffb3eb44b417020cb7e142e79a148bc73feb7a0573b4bd1
4,samples[2].contract.tensor_parallel_size,4
4,samples[2].contract.versions.cuda,12.8
4,samples[2].contract.versions.python,3.12.11
4,samples[2].contract.versions.torch,2.8.0+cu128
4,samples[2].contract.versions.vllm,0.10.2
4,samples[2].contract.versions.vllm_commit,01efc7ef781391e744ed08c3292817a773d654e6
4,samples[2].copy_s,5.78560009598732e-05
4,samples[2].expert_bytes,1572864
4,samples[2].experts_per_batch,1
4,samples[2].gather_s,0.0
4,samples[2].mode,contiguous
4,samples[2].payload_bytes,1572864
4,samples[2].rank,3
4,samples[2].repetition,2
4,samples[2].wall_s,9.65590588748455e-05
4,samples[3].compute_s,
4,samples[3].contention,isolated
4,samples[3].contract.benchmark_policy_sha256,a51e2f06eccbbd7e1dbd0dfad28145edbdc58a6bf90f1dd7ceeb46af6ae1eaed
4,samples[3].contract.commit,2161d80517315fe9835ee3cf32c98f8e6b0343a7
4,samples[3].contract.hardware_sha256,9791dbc6d311596ecffb3eb44b417020cb7e142e79a148bc73feb7a0573b4bd1
4,samples[3].contract.tensor_parallel_size,4
4,samples[3].contract.versions.cuda,12.8
4,samples[3].contract.versions.python,3.12.11
4,samples[3].contract.versions.torch,2.8.0+cu128
4,samples[3].contract.versions.vllm,0.10.2
4,samples[3].contract.versions.vllm_commit,01efc7ef781391e744ed08c3292817a773d654e6
4,samples[3].copy_s,7.769600301980973e-05
4,samples[3].expert_bytes,1572864
4,samples[3].experts_per_batch,1
4,samples[3].gather_s,0.0
4,samples[3].mode,fragmented
4,samples[3].payload_bytes,1572864
4,samples[3].rank,3
4,samples[3].repetition,0
4,samples[3].wall_s,0.00013066967949271202
4,samples[4].compute_s,
4,samples[4].contention,isolated
4,samples[4].contract.benchmark_policy_sha256,a51e2f06eccbbd7e1dbd0dfad28145edbdc58a6bf90f1dd7ceeb46af6ae1eaed
4,samples[4].contract.commit,2161d80517315fe9835ee3cf32c98f8e6b0343a7
4,samples[4].contract.hardware_sha256,9791dbc6d311596ecffb3eb44b417020cb7e142e79a148bc73feb7a0573b4bd1
4,samples[4].contract.tensor_parallel_size,4
4,samples[4].contract.versions.cuda,12.8
4,samples[4].contract.versions.python,3.12.11
4,samples[4].contract.versions.torch,2.8.0+cu128
4,samples[4].contract.versions.vllm,0.10.2
4,samples[4].contract.versions.vllm_commit,01efc7ef781391e744ed08c3292817a773d654e6
4,samples[4].copy_s,0.00010867200046777726
4,samples[4].expert_bytes,1572864
4,samples[4].experts_per_batch,1
4,samples[4].gather_s,0.0
4,samples[4].mode,fragmented
4,samples[4].payload_bytes,1572864
4,samples[4].rank,3
4,samples[4].repetition,1
4,samples[4].wall_s,0.00017659086734056473
4,samples[5].compute_s,
4,samples[5].contention,isolated
4,samples[5].contract.benchmark_policy_sha256,a51e2f06eccbbd7e1dbd0dfad28145edbdc58a6bf90f1dd7ceeb46af6ae1eaed
4,samples[5].contract.commit,2161d80517315fe9835ee3cf32c98f8e6b0343a7
4,samples[5].contract.hardware_sha256,9791dbc6d311596ecffb3eb44b417020cb7e142e79a148bc73feb7a0573b4bd1
4,samples[5].contract.tensor_parallel_size,4
4,samples[5].contract.versions.cuda,12.8
4,samples[5].contract.versions.python,3.12.11
4,samples[5].contract.versions.torch,2.8.0+cu128
4,samples[5].contract.versions.vllm,0.10.2
4,samples[5].contract.versions.vllm_commit,01efc7ef781391e744ed08c3292817a773d654e6
4,samples[5].copy_s,0.0001098560020327568
4,samples[5].expert_bytes,1572864
4,samples[5].experts_per_batch,1
4,samples[5].gather_s,0.0
4,samples[5].mode,fragmented
4,samples[5].payload_bytes,1572864
4,samples[5].rank,3
4,samples[5].repetition,2
4,samples[5].wall_s,0.00017327116802334785
4,samples[6].compute_s,
4,samples[6].contention,isolated
4,samples[6].contract.benchmark_policy_sha256,a51e2f06eccbbd7e1dbd0dfad28145edbdc58a6bf90f1dd7ceeb46af6ae1eaed
4,samples[6].contract.commit,2161d80517315fe9835ee3cf32c98f8e6b0343a7
4,samples[6].contract.hardware_sha256,9791dbc6d311596ecffb3eb44b417020cb7e142e79a148bc73feb7a0573b4bd1
4,samples[6].contract.tensor_parallel_size,4
4,samples[6].contract.versions.cuda,12.8
4,samples[6].contract.versions.python,3.12.11
4,samples[6].contract.versions.torch,2.8.0+cu128
4,samples[6].contract.versions.vllm,0.10.2
4,samples[6].contract.versions.vllm_commit,01efc7ef781391e744ed08c3292817a773d654e6
4,samples[6].copy_s,6.400000303983688e-05
4,samples[6].expert_bytes,1572864
4,samples[6].experts_per_batch,1
4,samples[6].gather_s,0.02003170968964696
4,samples[6].mode,gather
4,samples[6].payload_bytes,1572864
4,samples[6].rank,3
4,samples[6].repetition,0
4,samples[6].wall_s,0.02014911314472556
4,samples[7].compute_s,
4,samples[7].contention,isolated
4,samples[7].contract.benchmark_policy_sha256,a51e2f06eccbbd7e1dbd0dfad28145edbdc58a6bf90f1dd7ceeb46af6ae1eaed
4,samples[7].contract.commit,2161d80517315fe9835ee3cf32c98f8e6b0343a7
4,samples[7].contract.hardware_sha256,9791dbc6d311596ecffb3eb44b417020cb7e142e79a148bc73feb7a0573b4bd1
4,samples[7].contract.tensor_parallel_size,4
4,samples[7].contract.versions.cuda,12.8
4,samples[7].contract.versions.python,3.12.11
4,samples[7].contract.versions.torch,2.8.0+cu128
4,samples[7].contract.versions.vllm,0.10.2
4,samples[7].contract.versions.vllm_commit,01efc7ef781391e744ed08c3292817a773d654e6
4,samples[7].copy_s,8.326400071382522e-05
4,samples[7].expert_bytes,1572864
4,samples[7].experts_per_batch,1
4,samples[7].gather_s,0.01859355205669999
4,samples[7].mode,gather
4,samples[7].payload_bytes,1572864
4,samples[7].rank,3
4,samples[7].repetition,1
4,samples[7].wall_s,0.018797462806105614
4,samples[8].compute_s,
4,samples[8].contention,isolated
4,samples[8].contract.benchmark_policy_sha256,a51e2f06eccbbd7e1dbd0dfad28145edbdc58a6bf90f1dd7ceeb46af6ae1eaed
4,samples[8].contract.commit,2161d80517315fe9835ee3cf32c98f8e6b0343a7
4,samples[8].contract.hardware_sha256,9791dbc6d311596ecffb3eb44b417020cb7e142e79a148bc73feb7a0573b4bd1
4,samples[8].contract.tensor_parallel_size,4
4,samples[8].contract.versions.cuda,12.8
4,samples[8].contract.versions.python,3.12.11
4,samples[8].contract.versions.torch,2.8.0+cu128
4,samples[8].contract.versions.vllm,0.10.2
4,samples[8].contract.versions.vllm_commit,01efc7ef781391e744ed08c3292817a773d654e6
4,samples[8].copy_s,8.755200356245042e-05
4,samples[8].expert_bytes,1572864
4,samples[8].experts_per_batch,1
4,samples[8].gather_s,0.015520974062383175
4,samples[8].mode,gather
4,samples[8].payload_bytes,1572864
4,samples[8].rank,3
4,samples[8].repetition,2
4,samples[8].wall_s,0.0157236703671515
4,samples[9].compute_s,
4,samples[9].contention,isolated
4,samples[9].contract.benchmark_policy_sha256,a51e2f06eccbbd7e1dbd0dfad28145edbdc58a6bf90f1dd7ceeb46af6ae1eaed
4,samples[9].contract.commit,2161d80517315fe9835ee3cf32c98f8e6b0343a7
4,samples[9].contract.hardware_sha256,9791dbc6d311596ecffb3eb44b417020cb7e142e79a148bc73feb7a0573b4bd1
4,samples[9].contract.tensor_parallel_size,4
4,samples[9].contract.versions.cuda,12.8
4,samples[9].contract.versions.python,3.12.11
4,samples[9].contract.versions.torch,2.8.0+cu128
4,samples[9].contract.versions.vllm,0.10.2
4,samples[9].contract.versions.vllm_commit,01efc7ef781391e744ed08c3292817a773d654e6
4,samples[9].copy_s,0.0003531840145587921
4,samples[9].expert_bytes,1572864
4,samples[9].experts_per_batch,8
4,samples[9].gather_s,0.0
4,samples[9].mode,contiguous
4,samples[9].payload_bytes,12582912
4,samples[9].rank,3
4,samples[9].repetition,0
4,samples[9].wall_s,0.00040015485137701035
4,samples[10].compute_s,
4,samples[10].contention,isolated
4,samples[10].contract.benchmark_policy_sha256,a51e2f06eccbbd7e1dbd0dfad28145edbdc58a6bf90f1dd7ceeb46af6ae1eaed
4,samples[10].contract.commit,2161d80517315fe9835ee3cf32c98f8e6b0343a7
4,samples[10].contract.hardware_sha256,9791dbc6d311596ecffb3eb44b417020cb7e142e79a148bc73feb7a0573b4bd1
4,samples[10].contract.tensor_parallel_size,4
4,samples[10].contract.versions.cuda,12.8
4,samples[10].contract.versions.python,3.12.11
4,samples[10].contract.versions.torch,2.8.0+cu128
4,samples[10].contract.versions.vllm,0.10.2
4,samples[10].contract.versions.vllm_commit,01efc7ef781391e744ed08c3292817a773d654e6
4,samples[10].copy_s,0.00041763201355934145
4,samples[10].expert_bytes,1572864
4,samples[10].experts_per_batch,8
4,samples[10].gather_s,0.0
4,samples[10].mode,contiguous
4,samples[10].payload_bytes,12582912
4,samples[10].rank,3
4,samples[10].repetition,1
4,samples[10].wall_s,0.0004617818631231785
4,samples[11].compute_s,
4,samples[11].contention,isolated
4,samples[11].contract.benchmark_policy_sha256,a51e2f06eccbbd7e1dbd0dfad28145edbdc58a6bf90f1dd7ceeb46af6ae1eaed
4,samples[11].contract.commit,2161d80517315fe9835ee3cf32c98f8e6b0343a7
4,samples[11].contract.hardware_sha256,9791dbc6d311596ecffb3eb44b417020cb7e142e79a148bc73feb7a0573b4bd1
4,samples[11].contract.tensor_parallel_size,4
4,samples[11].contract.versions.cuda,12.8
4,samples[11].contract.versions.python,3.12.11
4,samples[11].contract.versions.torch,2.8.0+cu128
4,samples[11].contract.versions.vllm,0.10.2
4,samples[11].contract.versions.vllm_commit,01efc7ef781391e744ed08c3292817a773d654e6
4,samples[11].copy_s,0.0004408319890499115
4,samples[11].expert_bytes,1572864
4,samples[11].experts_per_batch,8
4,samples[11].gather_s,0.0
4,samples[11].mode,contiguous
4,samples[11].payload_bytes,12582912
4,samples[11].rank,3
4,samples[11].repetition,2
4,samples[11].wall_s,0.00048044323921203613
4,samples[12].compute_s,
4,samples[12].contention,isolated
4,samples[12].contract.benchmark_policy_sha256,a51e2f06eccbbd7e1dbd0dfad28145edbdc58a6bf90f1dd7ceeb46af6ae1eaed
4,samples[12].contract.commit,2161d80517315fe9835ee3cf32c98f8e6b0343a7
4,samples[12].contract.hardware_sha256,9791dbc6d311596ecffb3eb44b417020cb7e142e79a148bc73feb7a0573b4bd1
4,samples[12].contract.tensor_parallel_size,4
4,samples[12].contract.versions.cuda,12.8
4,samples[12].contract.versions.python,3.12.11
4,samples[12].contract.versions.torch,2.8.0+cu128
4,samples[12].contract.versions.vllm,0.10.2
4,samples[12].contract.versions.vllm_commit,01efc7ef781391e744ed08c3292817a773d654e6
4,samples[12].copy_s,0.00036934399604797365
4,samples[12].expert_bytes,1572864
4,samples[12].experts_per_batch,8
4,samples[12].gather_s,0.0
4,samples[12].mode,fragmented
4,samples[12].payload_bytes,12582912
4,samples[12].rank,3
4,samples[12].repetition,0
4,samples[12].wall_s,0.0003980211913585663
4,samples[13].compute_s,
4,samples[13].contention,isolated
4,samples[13].contract.benchmark_policy_sha256,a51e2f06eccbbd7e1dbd0dfad28145edbdc58a6bf90f1dd7ceeb46af6ae1eaed
4,samples[13].contract.commit,2161d80517315fe9835ee3cf32c98f8e6b0343a7
4,samples[13].contract.hardware_sha256,9791dbc6d311596ecffb3eb44b417020cb7e142e79a148bc73feb7a0573b4bd1
4,samples[13].contract.tensor_parallel_size,4
4,samples[13].contract.versions.cuda,12.8
4,samples[13].contract.versions.python,3.12.11
4,samples[13].contract.versions.torch,2.8.0+cu128
4,samples[13].contract.versions.vllm,0.10.2
4,samples[13].contract.versions.vllm_commit,01efc7ef781391e744ed08c3292817a773d654e6
4,samples[13].copy_s,0.0004249280095100403
4,samples[13].expert_bytes,1572864
4,samples[13].experts_per_batch,8
4,samples[13].gather_s,0.0
4,samples[13].mode,fragmented
4,samples[13].payload_bytes,12582912
4,samples[13].rank,3
4,samples[13].repetition,1
4,samples[13].wall_s,0.0004831496626138687
4,samples[14].compute_s,
4,samples[14].contention,isolated
4,samples[14].contract.benchmark_policy_sha256,a51e2f06eccbbd7e1dbd0dfad28145edbdc58a6bf90f1dd7ceeb46af6ae1eaed
4,samples[14].contract.commit,2161d80517315fe9835ee3cf32c98f8e6b0343a7
4,samples[14].contract.hardware_sha256,9791dbc6d311596ecffb3eb44b417020cb7e142e79a148bc73feb7a0573b4bd1
4,samples[14].contract.tensor_parallel_size,4
4,samples[14].contract.versions.cuda,12.8
4,samples[14].contract.versions.python,3.12.11
4,samples[14].contract.versions.torch,2.8.0+cu128
4,samples[14].contract.versions.vllm,0.10.2
4,samples[14].contract.versions.vllm_commit,01efc7ef781391e744ed08c3292817a773d654e6
4,samples[14].copy_s,0.0003856639862060547
4,samples[14].expert_bytes,1572864
4,samples[14].experts_per_batch,8
4,samples[14].gather_s,0.0
4,samples[14].mode,fragmented
4,samples[14].payload_bytes,12582912
4,samples[14].rank,3
4,samples[14].repetition,2
4,samples[14].wall_s,0.00046600913628935814
4,samples[15].compute_s,
4,samples[15].contention,isolated
4,samples[15].contract.benchmark_policy_sha256,a51e2f06eccbbd7e1dbd0dfad28145edbdc58a6bf90f1dd7ceeb46af6ae1eaed
4,samples[15].contract.commit,2161d80517315fe9835ee3cf32c98f8e6b0343a7
4,samples[15].contract.hardware_sha256,9791dbc6d311596ecffb3eb44b417020cb7e142e79a148bc73feb7a0573b4bd1
4,samples[15].contract.tensor_parallel_size,4
4,samples[15].contract.versions.cuda,12.8
4,samples[15].contract.versions.python,3.12.11
4,samples[15].contract.versions.torch,2.8.0+cu128
4,samples[15].contract.versions.vllm,0.10.2
4,samples[15].contract.versions.vllm_commit,01efc7ef781391e744ed08c3292817a773d654e6
4,samples[15].copy_s,0.0003744640052318573
4,samples[15].expert_bytes,1572864
4,samples[15].experts_per_batch,8
4,samples[15].gather_s,0.1507537248544395
4,samples[15].mode,gather
4,samples[15].payload_bytes,12582912
4,samples[15].rank,3
4,samples[15].repetition,0
4,samples[15].wall_s,0.1514970869757235
4,samples[16].compute_s,
4,samples[16].contention,isolated
4,samples[16].contract.benchmark_policy_sha256,a51e2f06eccbbd7e1dbd0dfad28145edbdc58a6bf90f1dd7ceeb46af6ae1eaed
4,samples[16].contract.commit,2161d80517315fe9835ee3cf32c98f8e6b0343a7
4,samples[16].contract.hardware_sha256,9791dbc6d311596ecffb3eb44b417020cb7e142e79a148bc73feb7a0573b4bd1
4,samples[16].contract.tensor_parallel_size,4
4,samples[16].contract.versions.cuda,12.8
4,samples[16].contract.versions.python,3.12.11
4,samples[16].contract.versions.torch,2.8.0+cu128
4,samples[16].contract.versions.vllm,0.10.2
4,samples[16].contract.versions.vllm_commit,01efc7ef781391e744ed08c3292817a773d654e6
4,samples[16].copy_s,0.00034921601414680483
4,samples[16].expert_bytes,1572864
4,samples[16].experts_per_batch,8
4,samples[16].gather_s,0.16144650429487228
4,samples[16].mode,gather
4,samples[16].payload_bytes,12582912
4,samples[16].rank,3
4,samples[16].repetition,1
4,samples[16].wall_s,0.16197321796789765
4,samples[17].compute_s,
4,samples[17].contention,isolated
4,samples[17].contract.benchmark_policy_sha256,a51e2f06eccbbd7e1dbd0dfad28145edbdc58a6bf90f1dd7ceeb46af6ae1eaed
4,samples[17].contract.commit,2161d80517315fe9835ee3cf32c98f8e6b0343a7
4,samples[17].contract.hardware_sha256,9791dbc6d311596ecffb3eb44b417020cb7e142e79a148bc73feb7a0573b4bd1
4,samples[17].contract.tensor_parallel_size,4
4,samples[17].contract.versions.cuda,12.8
4,samples[17].contract.versions.python,3.12.11
4,samples[17].contract.versions.torch,2.8.0+cu128
4,samples[17].contract.versions.vllm,0.10.2
4,samples[17].contract.versions.vllm_commit,01efc7ef781391e744ed08c3292817a773d654e6
4,samples[17].copy_s,0.0003671360015869141
4,samples[17].expert_bytes,1572864
4,samples[17].experts_per_batch,8
4,samples[17].gather_s,0.16408080980181694
4,samples[17].mode,gather
4,samples[17].payload_bytes,12582912
4,samples[17].rank,3
4,samples[17].repetition,2
4,samples[17].wall_s,0.16464285925030708
4,samples[18].compute_s,
4,samples[18].contention,isolated
4,samples[18].contract.benchmark_policy_sha256,a51e2f06eccbbd7e1dbd0dfad28145edbdc58a6bf90f1dd7ceeb46af6ae1eaed
4,samples[18].contract.commit,2161d80517315fe9835ee3cf32c98f8e6b0343a7
4,samples[18].contract.hardware_sha256,9791dbc6d311596ecffb3eb44b417020cb7e142e79a148bc73feb7a0573b4bd1
4,samples[18].contract.tensor_parallel_size,4
4,samples[18].contract.versions.cuda,12.8
4,samples[18].contract.versions.python,3.12.11
4,samples[18].contract.versions.torch,2.8.0+cu128
4,samples[18].contract.versions.vllm,0.10.2
4,samples[18].contract.versions.vllm_commit,01efc7ef781391e744ed08c3292817a773d654e6
4,samples[18].copy_s,0.0014206399917602538
4,samples[18].expert_bytes,1572864
4,samples[18].experts_per_batch,32
4,samples[18].gather_s,0.0
4,samples[18].mode,contiguous
4,samples[18].payload_bytes,50331648
4,samples[18].rank,3
4,samples[18].repetition,0
4,samples[18].wall_s,0.001496732234954834
4,samples[19].compute_s,
4,samples[19].contention,isolated
4,samples[19].contract.benchmark_policy_sha256,a51e2f06eccbbd7e1dbd0dfad28145edbdc58a6bf90f1dd7ceeb46af6ae1eaed
4,samples[19].contract.commit,2161d80517315fe9835ee3cf32c98f8e6b0343a7
4,samples[19].contract.hardware_sha256,9791dbc6d311596ecffb3eb44b417020cb7e142e79a148bc73feb7a0573b4bd1
4,samples[19].contract.tensor_parallel_size,4
4,samples[19].contract.versions.cuda,12.8
4,samples[19].contract.versions.python,3.12.11
4,samples[19].contract.versions.torch,2.8.0+cu128
4,samples[19].contract.versions.vllm,0.10.2
4,samples[19].contract.versions.vllm_commit,01efc7ef781391e744ed08c3292817a773d654e6
4,samples[19].copy_s,0.001517151951789856
4,samples[19].expert_bytes,1572864
4,samples[19].experts_per_batch,32
4,samples[19].gather_s,0.0
4,samples[19].mode,contiguous
4,samples[19].payload_bytes,50331648
4,samples[19].rank,3
4,samples[19].repetition,1
4,samples[19].wall_s,0.0016153110191226006
4,samples[20].compute_s,
4,samples[20].contention,isolated
4,samples[20].contract.benchmark_policy_sha256,a51e2f06eccbbd7e1dbd0dfad28145edbdc58a6bf90f1dd7ceeb46af6ae1eaed
4,samples[20].contract.commit,2161d80517315fe9835ee3cf32c98f8e6b0343a7
4,samples[20].contract.hardware_sha256,9791dbc6d311596ecffb3eb44b417020cb7e142e79a148bc73feb7a0573b4bd1
4,samples[20].contract.tensor_parallel_size,4
4,samples[20].contract.versions.cuda,12.8
4,samples[20].contract.versions.python,3.12.11
4,samples[20].contract.versions.torch,2.8.0+cu128
4,samples[20].contract.versions.vllm,0.10.2
4,samples[20].contract.versions.vllm_commit,01efc7ef781391e744ed08c3292817a773d654e6
4,samples[20].copy_s,0.0015419520139694214
4,samples[20].expert_bytes,1572864
4,samples[20].experts_per_batch,32
4,samples[20].gather_s,0.0
4,samples[20].mode,contiguous
4,samples[20].payload_bytes,50331648
4,samples[20].rank,3
4,samples[20].repetition,2
4,samples[20].wall_s,0.0016381661407649517
4,samples[21].compute_s,
4,samples[21].contention,isolated
4,samples[21].contract.benchmark_policy_sha256,a51e2f06eccbbd7e1dbd0dfad28145edbdc58a6bf90f1dd7ceeb46af6ae1eaed
4,samples[21].contract.commit,2161d80517315fe9835ee3cf32c98f8e6b0343a7
4,samples[21].contract.hardware_sha256,9791dbc6d311596ecffb3eb44b417020cb7e142e79a148bc73feb7a0573b4bd1
4,samples[21].contract.tensor_parallel_size,4
4,samples[21].contract.versions.cuda,12.8
4,samples[21].contract.versions.python,3.12.11
4,samples[21].contract.versions.torch,2.8.0+cu128
4,samples[21].contract.versions.vllm,0.10.2
4,samples[21].contract.versions.vllm_commit,01efc7ef781391e744ed08c3292817a773d654e6
4,samples[21].copy_s,0.001385759949684143
4,samples[21].expert_bytes,1572864
4,samples[21].experts_per_batch,32
4,samples[21].gather_s,0.0
4,samples[21].mode,fragmented
4,samples[21].payload_bytes,50331648
4,samples[21].rank,3
4,samples[21].repetition,0
4,samples[21].wall_s,0.0014216513372957706
4,samples[22].compute_s,
4,samples[22].contention,isolated
4,samples[22].contract.benchmark_policy_sha256,a51e2f06eccbbd7e1dbd0dfad28145edbdc58a6bf90f1dd7ceeb46af6ae1eaed
4,samples[22].contract.commit,2161d80517315fe9835ee3cf32c98f8e6b0343a7
4,samples[22].contract.hardware_sha256,9791dbc6d311596ecffb3eb44b417020cb7e142e79a148bc73feb7a0573b4bd1
4,samples[22].contract.tensor_parallel_size,4
4,samples[22].contract.versions.cuda,12.8
4,samples[22].contract.versions.python,3.12.11
4,samples[22].contract.versions.torch,2.8.0+cu128
4,samples[22].contract.versions.vllm,0.10.2
4,samples[22].contract.versions.vllm_commit,01efc7ef781391e744ed08c3292817a773d654e6
4,samples[22].copy_s,0.001425376057624817
4,samples[22].expert_bytes,1572864
4,samples[22].experts_per_batch,32
4,samples[22].gather_s,0.0
4,samples[22].mode,fragmented
4,samples[22].payload_bytes,50331648
4,samples[22].rank,3
4,samples[22].repetition,1
4,samples[22].wall_s,0.001480471808463335
4,samples[23].compute_s,
4,samples[23].contention,isolated
4,samples[23].contract.benchmark_policy_sha256,a51e2f06eccbbd7e1dbd0dfad28145edbdc58a6bf90f1dd7ceeb46af6ae1eaed
4,samples[23].contract.commit,2161d80517315fe9835ee3cf32c98f8e6b0343a7
4,samples[23].contract.hardware_sha256,9791dbc6d311596ecffb3eb44b417020cb7e142e79a148bc73feb7a0573b4bd1
4,samples[23].contract.tensor_parallel_size,4
4,samples[23].contract.versions.cuda,12.8
4,samples[23].contract.versions.python,3.12.11
4,samples[23].contract.versions.torch,2.8.0+cu128
4,samples[23].contract.versions.vllm,0.10.2
4,samples[23].contract.versions.vllm_commit,01efc7ef781391e744ed08c3292817a773d654e6
4,samples[23].copy_s,0.0013393919467926025
4,samples[23].expert_bytes,1572864
4,samples[23].experts_per_batch,32
4,samples[23].gather_s,0.0
4,samples[23].mode,fragmented
4,samples[23].payload_bytes,50331648
4,samples[23].rank,3
4,samples[23].repetition,2
4,samples[23].wall_s,0.0015168609097599983
4,samples[24].compute_s,
4,samples[24].contention,isolated
4,samples[24].contract.benchmark_policy_sha256,a51e2f06eccbbd7e1dbd0dfad28145edbdc58a6bf90f1dd7ceeb46af6ae1eaed
4,samples[24].contract.commit,2161d80517315fe9835ee3cf32c98f8e6b0343a7
4,samples[24].contract.hardware_sha256,9791dbc6d311596ecffb3eb44b417020cb7e142e79a148bc73feb7a0573b4bd1
4,samples[24].contract.tensor_parallel_size,4
4,samples[24].contract.versions.cuda,12.8
4,samples[24].contract.versions.python,3.12.11
4,samples[24].contract.versions.torch,2.8.0+cu128
4,samples[24].contract.versions.vllm,0.10.2
4,samples[24].contract.versions.vllm_commit,01efc7ef781391e744ed08c3292817a773d654e6
4,samples[24].copy_s,0.0011076799631118774
4,samples[24].expert_bytes,1572864
4,samples[24].experts_per_batch,32
4,samples[24].gather_s,0.7065762239508331
4,samples[24].mode,gather
4,samples[24].payload_bytes,50331648
4,samples[24].rank,3
4,samples[24].repetition,0
4,samples[24].wall_s,0.7078521610237658
4,samples[25].compute_s,
4,samples[25].contention,isolated
4,samples[25].contract.benchmark_policy_sha256,a51e2f06eccbbd7e1dbd0dfad28145edbdc58a6bf90f1dd7ceeb46af6ae1eaed
4,samples[25].contract.commit,2161d80517315fe9835ee3cf32c98f8e6b0343a7
4,samples[25].contract.hardware_sha256,9791dbc6d311596ecffb3eb44b417020cb7e142e79a148bc73feb7a0573b4bd1
4,samples[25].contract.tensor_parallel_size,4
4,samples[25].contract.versions.cuda,12.8
4,samples[25].contract.versions.python,3.12.11
4,samples[25].contract.versions.torch,2.8.0+cu128
4,samples[25].contract.versions.vllm,0.10.2
4,samples[25].contract.versions.vllm_commit,01efc7ef781391e744ed08c3292817a773d654e6
4,samples[25].copy_s,0.001016767978668213
4,samples[25].expert_bytes,1572864
4,samples[25].experts_per_batch,32
4,samples[25].gather_s,0.6923378319479525
4,samples[25].mode,gather
4,samples[25].payload_bytes,50331648
4,samples[25].rank,3
4,samples[25].repetition,1
4,samples[25].wall_s,0.6934977769851685
4,samples[26].compute_s,
4,samples[26].contention,isolated
4,samples[26].contract.benchmark_policy_sha256,a51e2f06eccbbd7e1dbd0dfad28145edbdc58a6bf90f1dd7ceeb46af6ae1eaed
4,samples[26].contract.commit,2161d80517315fe9835ee3cf32c98f8e6b0343a7
4,samples[26].contract.hardware_sha256,9791dbc6d311596ecffb3eb44b417020cb7e142e79a148bc73feb7a0573b4bd1
4,samples[26].contract.tensor_parallel_size,4
4,samples[26].contract.versions.cuda,12.8
4,samples[26].contract.versions.python,3.12.11
4,samples[26].contract.versions.torch,2.8.0+cu128
4,samples[26].contract.versions.vllm,0.10.2
4,samples[26].contract.versions.vllm_commit,01efc7ef781391e744ed08c3292817a773d654e6
4,samples[26].copy_s,0.0010158079862594605
4,samples[26].expert_bytes,1572864
4,samples[26].experts_per_batch,32
4,samples[26].gather_s,0.5887995432130992
4,samples[26].mode,gather
4,samples[26].payload_bytes,50331648
4,samples[26].rank,3
4,samples[26].repetition,2
4,samples[26].wall_s,0.5899664713069797
4,samples[27].compute_s,
4,samples[27].contention,isolated
4,samples[27].contract.benchmark_policy_sha256,a51e2f06eccbbd7e1dbd0dfad28145edbdc58a6bf90f1dd7ceeb46af6ae1eaed
4,samples[27].contract.commit,2161d80517315fe9835ee3cf32c98f8e6b0343a7
4,samples[27].contract.hardware_sha256,9791dbc6d311596ecffb3eb44b417020cb7e142e79a148bc73feb7a0573b4bd1
4,samples[27].contract.tensor_parallel_size,4
4,samples[27].contract.versions.cuda,12.8
4,samples[27].contract.versions.python,3.12.11
4,samples[27].contract.versions.torch,2.8.0+cu128
4,samples[27].contract.versions.vllm,0.10.2
4,samples[27].contract.versions.vllm_commit,01efc7ef781391e744ed08c3292817a773d654e6
4,samples[27].copy_s,0.007963647842407226
4,samples[27].expert_bytes,1572864
4,samples[27].experts_per_batch,128
4,samples[27].gather_s,0.0
4,samples[27].mode,contiguous
4,samples[27].payload_bytes,201326592
4,samples[27].rank,3
4,samples[27].repetition,0
4,samples[27].wall_s,0.007988676894456148
4,samples[28].compute_s,
4,samples[28].contention,isolated
4,samples[28].contract.benchmark_policy_sha256,a51e2f06eccbbd7e1dbd0dfad28145edbdc58a6bf90f1dd7ceeb46af6ae1eaed
4,samples[28].contract.commit,2161d80517315fe9835ee3cf32c98f8e6b0343a7
4,samples[28].contract.hardware_sha256,9791dbc6d311596ecffb3eb44b417020cb7e142e79a148bc73feb7a0573b4bd1
4,samples[28].contract.tensor_parallel_size,4
4,samples[28].contract.versions.cuda,12.8
4,samples[28].contract.versions.python,3.12.11
4,samples[28].contract.versions.torch,2.8.0+cu128
4,samples[28].contract.versions.vllm,0.10.2
4,samples[28].contract.versions.vllm_commit,01efc7ef781391e744ed08c3292817a773d654e6
4,samples[28].copy_s,0.008325119972229005
4,samples[28].expert_bytes,1572864
4,samples[28].experts_per_batch,128
4,samples[28].gather_s,0.0
4,samples[28].mode,contiguous
4,samples[28].payload_bytes,201326592
4,samples[28].rank,3
4,samples[28].repetition,1
4,samples[28].wall_s,0.008364700246602297
4,samples[29].compute_s,
4,samples[29].contention,isolated
4,samples[29].contract.benchmark_policy_sha256,a51e2f06eccbbd7e1dbd0dfad28145edbdc58a6bf90f1dd7ceeb46af6ae1eaed
4,samples[29].contract.commit,2161d80517315fe9835ee3cf32c98f8e6b0343a7
4,samples[29].contract.hardware_sha256,9791dbc6d311596ecffb3eb44b417020cb7e142e79a148bc73feb7a0573b4bd1
4,samples[29].contract.tensor_parallel_size,4
4,samples[29].contract.versions.cuda,12.8
4,samples[29].contract.versions.python,3.12.11
4,samples[29].contract.versions.torch,2.8.0+cu128
4,samples[29].contract.versions.vllm,0.10.2
4,samples[29].contract.versions.vllm_commit,01efc7ef781391e744ed08c3292817a773d654e6
4,samples[29].copy_s,0.008516096115112304
4,samples[29].expert_bytes,1572864
4,samples[29].experts_per_batch,128
4,samples[29].gather_s,0.0
4,samples[29].mode,contiguous
4,samples[29].payload_bytes,201326592
4,samples[29].rank,3
4,samples[29].repetition,2
4,samples[29].wall_s,0.008556504733860493
4,samples[30].compute_s,
4,samples[30].contention,isolated
4,samples[30].contract.benchmark_policy_sha256,a51e2f06eccbbd7e1dbd0dfad28145edbdc58a6bf90f1dd7ceeb46af6ae1eaed
4,samples[30].contract.commit,2161d80517315fe9835ee3cf32c98f8e6b0343a7
4,samples[30].contract.hardware_sha256,9791dbc6d311596ecffb3eb44b417020cb7e142e79a148bc73feb7a0573b4bd1
4,samples[30].contract.tensor_parallel_size,4
4,samples[30].contract.versions.cuda,12.8
4,samples[30].contract.versions.python,3.12.11
4,samples[30].contract.versions.torch,2.8.0+cu128
4,samples[30].contract.versions.vllm,0.10.2
4,samples[30].contract.versions.vllm_commit,01efc7ef781391e744ed08c3292817a773d654e6
4,samples[30].copy_s,0.006003935813903808
4,samples[30].expert_bytes,1572864
4,samples[30].experts_per_batch,128
4,samples[30].gather_s,0.0
4,samples[30].mode,fragmented
4,samples[30].payload_bytes,201326592
4,samples[30].rank,3
4,samples[30].repetition,0
4,samples[30].wall_s,0.006034959107637405
4,samples[31].compute_s,
4,samples[31].contention,isolated
4,samples[31].contract.benchmark_policy_sha256,a51e2f06eccbbd7e1dbd0dfad28145edbdc58a6bf90f1dd7ceeb46af6ae1eaed
4,samples[31].contract.commit,2161d80517315fe9835ee3cf32c98f8e6b0343a7
4,samples[31].contract.hardware_sha256,9791dbc6d311596ecffb3eb44b417020cb7e142e79a148bc73feb7a0573b4bd1
4,samples[31].contract.tensor_parallel_size,4
4,samples[31].contract.versions.cuda,12.8
4,samples[31].contract.versions.python,3.12.11
4,samples[31].contract.versions.torch,2.8.0+cu128
4,samples[31].contract.versions.vllm,0.10.2
4,samples[31].contract.versions.vllm_commit,01efc7ef781391e744ed08c3292817a773d654e6
4,samples[31].copy_s,0.006067584037780762
4,samples[31].expert_bytes,1572864
4,samples[31].experts_per_batch,128
4,samples[31].gather_s,0.0
4,samples[31].mode,fragmented
4,samples[31].payload_bytes,201326592
4,samples[31].rank,3
4,samples[31].repetition,1
4,samples[31].wall_s,0.006129061803221703
4,samples[32].compute_s,
4,samples[32].contention,isolated
4,samples[32].contract.benchmark_policy_sha256,a51e2f06eccbbd7e1dbd0dfad28145edbdc58a6bf90f1dd7ceeb46af6ae1eaed
4,samples[32].contract.commit,2161d80517315fe9835ee3cf32c98f8e6b0343a7
4,samples[32].contract.hardware_sha256,9791dbc6d311596ecffb3eb44b417020cb7e142e79a148bc73feb7a0573b4bd1
4,samples[32].contract.tensor_parallel_size,4
4,samples[32].contract.versions.cuda,12.8
4,samples[32].contract.versions.python,3.12.11
4,samples[32].contract.versions.torch,2.8.0+cu128
4,samples[32].contract.versions.vllm,0.10.2
4,samples[32].contract.versions.vllm_commit,01efc7ef781391e744ed08c3292817a773d654e6
4,samples[32].copy_s,0.006086527824401855
4,samples[32].expert_bytes,1572864
4,samples[32].experts_per_batch,128
4,samples[32].gather_s,0.0
4,samples[32].mode,fragmented
4,samples[32].payload_bytes,201326592
4,samples[32].rank,3
4,samples[32].repetition,2
4,samples[32].wall_s,0.006130625959485769
4,samples[33].compute_s,
4,samples[33].contention,isolated
4,samples[33].contract.benchmark_policy_sha256,a51e2f06eccbbd7e1dbd0dfad28145edbdc58a6bf90f1dd7ceeb46af6ae1eaed
4,samples[33].contract.commit,2161d80517315fe9835ee3cf32c98f8e6b0343a7
4,samples[33].contract.hardware_sha256,9791dbc6d311596ecffb3eb44b417020cb7e142e79a148bc73feb7a0573b4bd1
4,samples[33].contract.tensor_parallel_size,4
4,samples[33].contract.versions.cuda,12.8
4,samples[33].contract.versions.python,3.12.11
4,samples[33].contract.versions.torch,2.8.0+cu128
4,samples[33].contract.versions.vllm,0.10.2
4,samples[33].contract.versions.vllm_commit,01efc7ef781391e744ed08c3292817a773d654e6
4,samples[33].copy_s,0.003792992115020752
4,samples[33].expert_bytes,1572864
4,samples[33].experts_per_batch,128
4,samples[33].gather_s,2.412697497289628
4,samples[33].mode,gather
4,samples[33].payload_bytes,201326592
4,samples[33].rank,3
4,samples[33].repetition,0
4,samples[33].wall_s,2.4166205008514225
4,samples[34].compute_s,
4,samples[34].contention,isolated
4,samples[34].contract.benchmark_policy_sha256,a51e2f06eccbbd7e1dbd0dfad28145edbdc58a6bf90f1dd7ceeb46af6ae1eaed
4,samples[34].contract.commit,2161d80517315fe9835ee3cf32c98f8e6b0343a7
4,samples[34].contract.hardware_sha256,9791dbc6d311596ecffb3eb44b417020cb7e142e79a148bc73feb7a0573b4bd1
4,samples[34].contract.tensor_parallel_size,4
4,samples[34].contract.versions.cuda,12.8
4,samples[34].contract.versions.python,3.12.11
4,samples[34].contract.versions.torch,2.8.0+cu128
4,samples[34].contract.versions.vllm,0.10.2
4,samples[34].contract.versions.vllm_commit,01efc7ef781391e744ed08c3292817a773d654e6
4,samples[34].copy_s,0.003801503896713257
4,samples[34].expert_bytes,1572864
4,samples[34].experts_per_batch,128
4,samples[34].gather_s,2.366536775138229
4,samples[34].mode,gather
4,samples[34].payload_bytes,201326592
4,samples[34].rank,3
4,samples[34].repetition,1
4,samples[34].wall_s,2.370500714983791
4,samples[35].compute_s,
4,samples[35].contention,isolated
4,samples[35].contract.benchmark_policy_sha256,a51e2f06eccbbd7e1dbd0dfad28145edbdc58a6bf90f1dd7ceeb46af6ae1eaed
4,samples[35].contract.commit,2161d80517315fe9835ee3cf32c98f8e6b0343a7
4,samples[35].contract.hardware_sha256,9791dbc6d311596ecffb3eb44b417020cb7e142e79a148bc73feb7a0573b4bd1
4,samples[35].contract.tensor_parallel_size,4
4,samples[35].contract.versions.cuda,12.8
4,samples[35].contract.versions.python,3.12.11
4,samples[35].contract.versions.torch,2.8.0+cu128
4,samples[35].contract.versions.vllm,0.10.2
4,samples[35].contract.versions.vllm_commit,01efc7ef781391e744ed08c3292817a773d654e6
4,samples[35].copy_s,0.0037957119941711428
4,samples[35].expert_bytes,1572864
4,samples[35].experts_per_batch,128
4,samples[35].gather_s,2.2143676141276956
4,samples[35].mode,gather
4,samples[35].payload_bytes,201326592
4,samples[35].rank,3
4,samples[35].repetition,2
4,samples[35].wall_s,2.218314987141639
4,samples[36].compute_s,
4,samples[36].contention,isolated
4,samples[36].contract.benchmark_policy_sha256,a51e2f06eccbbd7e1dbd0dfad28145edbdc58a6bf90f1dd7ceeb46af6ae1eaed
4,samples[36].contract.commit,2161d80517315fe9835ee3cf32c98f8e6b0343a7
4,samples[36].contract.hardware_sha256,9791dbc6d311596ecffb3eb44b417020cb7e142e79a148bc73feb7a0573b4bd1
4,samples[36].contract.tensor_parallel_size,4
4,samples[36].contract.versions.cuda,12.8
4,samples[36].contract.versions.python,3.12.11
4,samples[36].contract.versions.torch,2.8.0+cu128
4,samples[36].contract.versions.vllm,0.10.2
4,samples[36].contract.versions.vllm_commit,01efc7ef781391e744ed08c3292817a773d654e6
4,samples[36].copy_s,0.03454304122924805
4,samples[36].expert_bytes,1572864
4,samples[36].experts_per_batch,512
4,samples[36].gather_s,0.0
4,samples[36].mode,contiguous
4,samples[36].payload_bytes,805306368
4,samples[36].rank,3
4,samples[36].repetition,0
4,samples[36].wall_s,0.034567197784781456
4,samples[37].compute_s,
4,samples[37].contention,isolated
4,samples[37].contract.benchmark_policy_sha256,a51e2f06eccbbd7e1dbd0dfad28145edbdc58a6bf90f1dd7ceeb46af6ae1eaed
4,samples[37].contract.commit,2161d80517315fe9835ee3cf32c98f8e6b0343a7
4,samples[37].contract.hardware_sha256,9791dbc6d311596ecffb3eb44b417020cb7e142e79a148bc73feb7a0573b4bd1
4,samples[37].contract.tensor_parallel_size,4
4,samples[37].contract.versions.cuda,12.8
4,samples[37].contract.versions.python,3.12.11
4,samples[37].contract.versions.torch,2.8.0+cu128
4,samples[37].contract.versions.vllm,0.10.2
4,samples[37].contract.versions.vllm_commit,01efc7ef781391e744ed08c3292817a773d654e6
4,samples[37].copy_s,0.034584800720214845
4,samples[37].expert_bytes,1572864
4,samples[37].experts_per_batch,512
4,samples[37].gather_s,0.0
4,samples[37].mode,contiguous
4,samples[37].payload_bytes,805306368
4,samples[37].rank,3
4,samples[37].repetition,1
4,samples[37].wall_s,0.034620641730725765
4,samples[38].compute_s,
4,samples[38].contention,isolated
4,samples[38].contract.benchmark_policy_sha256,a51e2f06eccbbd7e1dbd0dfad28145edbdc58a6bf90f1dd7ceeb46af6ae1eaed
4,samples[38].contract.commit,2161d80517315fe9835ee3cf32c98f8e6b0343a7
4,samples[38].contract.hardware_sha256,9791dbc6d311596ecffb3eb44b417020cb7e142e79a148bc73feb7a0573b4bd1
4,samples[38].contract.tensor_parallel_size,4
4,samples[38].contract.versions.cuda,12.8
4,samples[38].contract.versions.python,3.12.11
4,samples[38].contract.versions.torch,2.8.0+cu128
4,samples[38].contract.versions.vllm,0.10.2
4,samples[38].contract.versions.vllm_commit,01efc7ef781391e744ed08c3292817a773d654e6
4,samples[38].copy_s,0.03461030578613281
4,samples[38].expert_bytes,1572864
4,samples[38].experts_per_batch,512
4,samples[38].gather_s,0.0
4,samples[38].mode,contiguous
4,samples[38].payload_bytes,805306368
4,samples[38].rank,3
4,samples[38].repetition,2
4,samples[38].wall_s,0.03465055674314499
4,samples[39].compute_s,
4,samples[39].contention,isolated
4,samples[39].contract.benchmark_policy_sha256,a51e2f06eccbbd7e1dbd0dfad28145edbdc58a6bf90f1dd7ceeb46af6ae1eaed
4,samples[39].contract.commit,2161d80517315fe9835ee3cf32c98f8e6b0343a7
4,samples[39].contract.hardware_sha256,9791dbc6d311596ecffb3eb44b417020cb7e142e79a148bc73feb7a0573b4bd1
4,samples[39].contract.tensor_parallel_size,4
4,samples[39].contract.versions.cuda,12.8
4,samples[39].contract.versions.python,3.12.11
4,samples[39].contract.versions.torch,2.8.0+cu128
4,samples[39].contract.versions.vllm,0.10.2
4,samples[39].contract.versions.vllm_commit,01efc7ef781391e744ed08c3292817a773d654e6
4,samples[39].copy_s,0.027341472625732423
4,samples[39].expert_bytes,1572864
4,samples[39].experts_per_batch,512
4,samples[39].gather_s,0.0
4,samples[39].mode,fragmented
4,samples[39].payload_bytes,805306368
4,samples[39].rank,3
4,samples[39].repetition,0
4,samples[39].wall_s,0.027370635885745287
4,samples[40].compute_s,
4,samples[40].contention,isolated
4,samples[40].contract.benchmark_policy_sha256,a51e2f06eccbbd7e1dbd0dfad28145edbdc58a6bf90f1dd7ceeb46af6ae1eaed
4,samples[40].contract.commit,2161d80517315fe9835ee3cf32c98f8e6b0343a7
4,samples[40].contract.hardware_sha256,9791dbc6d311596ecffb3eb44b417020cb7e142e79a148bc73feb7a0573b4bd1
4,samples[40].contract.tensor_parallel_size,4
4,samples[40].contract.versions.cuda,12.8
4,samples[40].contract.versions.python,3.12.11
4,samples[40].contract.versions.torch,2.8.0+cu128
4,samples[40].contract.versions.vllm,0.10.2
4,samples[40].contract.versions.vllm_commit,01efc7ef781391e744ed08c3292817a773d654e6
4,samples[40].copy_s,0.027320320129394532
4,samples[40].expert_bytes,1572864
4,samples[40].experts_per_batch,512
4,samples[40].gather_s,0.0
4,samples[40].mode,fragmented
4,samples[40].payload_bytes,805306368
4,samples[40].rank,3
4,samples[40].repetition,1
4,samples[40].wall_s,0.027358413208276033
4,samples[41].compute_s,
4,samples[41].contention,isolated
4,samples[41].contract.benchmark_policy_sha256,a51e2f06eccbbd7e1dbd0dfad28145edbdc58a6bf90f1dd7ceeb46af6ae1eaed
4,samples[41].contract.commit,2161d80517315fe9835ee3cf32c98f8e6b0343a7
4,samples[41].contract.hardware_sha256,9791dbc6d311596ecffb3eb44b417020cb7e142e79a148bc73feb7a0573b4bd1
4,samples[41].contract.tensor_parallel_size,4
4,samples[41].contract.versions.cuda,12.8
4,samples[41].contract.versions.python,3.12.11
4,samples[41].contract.versions.torch,2.8.0+cu128
4,samples[41].contract.versions.vllm,0.10.2
4,samples[41].contract.versions.vllm_commit,01efc7ef781391e744ed08c3292817a773d654e6
4,samples[41].copy_s,0.027380575180053712
4,samples[41].expert_bytes,1572864
4,samples[41].experts_per_batch,512
4,samples[41].gather_s,0.0
4,samples[41].mode,fragmented
4,samples[41].payload_bytes,805306368
4,samples[41].rank,3
4,samples[41].repetition,2
4,samples[41].wall_s,0.02741558663547039
4,samples[42].compute_s,
4,samples[42].contention,isolated
4,samples[42].contract.benchmark_policy_sha256,a51e2f06eccbbd7e1dbd0dfad28145edbdc58a6bf90f1dd7ceeb46af6ae1eaed
4,samples[42].contract.commit,2161d80517315fe9835ee3cf32c98f8e6b0343a7
4,samples[42].contract.hardware_sha256,9791dbc6d311596ecffb3eb44b417020cb7e142e79a148bc73feb7a0573b4bd1
4,samples[42].contract.tensor_parallel_size,4
4,samples[42].contract.versions.cuda,12.8
4,samples[42].contract.versions.python,3.12.11
4,samples[42].contract.versions.torch,2.8.0+cu128
4,samples[42].contract.versions.vllm,0.10.2
4,samples[42].contract.versions.vllm_commit,01efc7ef781391e744ed08c3292817a773d654e6
4,samples[42].copy_s,0.0173787841796875
4,samples[42].expert_bytes,1572864
4,samples[42].experts_per_batch,512
4,samples[42].gather_s,9.425303332041949
4,samples[42].mode,gather
4,samples[42].payload_bytes,805306368
4,samples[42].rank,3
4,samples[42].repetition,0
4,samples[42].wall_s,9.443493044935167
4,samples[43].compute_s,
4,samples[43].contention,isolated
4,samples[43].contract.benchmark_policy_sha256,a51e2f06eccbbd7e1dbd0dfad28145edbdc58a6bf90f1dd7ceeb46af6ae1eaed
4,samples[43].contract.commit,2161d80517315fe9835ee3cf32c98f8e6b0343a7
4,samples[43].contract.hardware_sha256,9791dbc6d311596ecffb3eb44b417020cb7e142e79a148bc73feb7a0573b4bd1
4,samples[43].contract.tensor_parallel_size,4
4,samples[43].contract.versions.cuda,12.8
4,samples[43].contract.versions.python,3.12.11
4,samples[43].contract.versions.torch,2.8.0+cu128
4,samples[43].contract.versions.vllm,0.10.2
4,samples[43].contract.versions.vllm_commit,01efc7ef781391e744ed08c3292817a773d654e6
4,samples[43].copy_s,0.017093280792236328
4,samples[43].expert_bytes,1572864
4,samples[43].experts_per_batch,512
4,samples[43].gather_s,9.39680114807561
4,samples[43].mode,gather
4,samples[43].payload_bytes,805306368
4,samples[43].rank,3
4,samples[43].repetition,1
4,samples[43].wall_s,9.414201734121889
4,samples[44].compute_s,
4,samples[44].contention,isolated
4,samples[44].contract.benchmark_policy_sha256,a51e2f06eccbbd7e1dbd0dfad28145edbdc58a6bf90f1dd7ceeb46af6ae1eaed
4,samples[44].contract.commit,2161d80517315fe9835ee3cf32c98f8e6b0343a7
4,samples[44].contract.hardware_sha256,9791dbc6d311596ecffb3eb44b417020cb7e142e79a148bc73feb7a0573b4bd1
4,samples[44].contract.tensor_parallel_size,4
4,samples[44].contract.versions.cuda,12.8
4,samples[44].contract.versions.python,3.12.11
4,samples[44].contract.versions.torch,2.8.0+cu128
4,samples[44].contract.versions.vllm,0.10.2
4,samples[44].contract.versions.vllm_commit,01efc7ef781391e744ed08c3292817a773d654e6
4,samples[44].copy_s,0.014869983673095704
4,samples[44].expert_bytes,1572864
4,samples[44].experts_per_batch,512
4,samples[44].gather_s,8.169800157193094
4,samples[44].mode,gather
4,samples[44].payload_bytes,805306368
4,samples[44].rank,3
4,samples[44].repetition,2
4,samples[44].wall_s,8.187572275288403
4,status,complete
4,topology_status,NUMA/PCIe-unavailable
4,artifact_kind,transfer-worker
