run_id,field,value
01-resident,schema_version,1
01-resident,run_id,01-resident
01-resident,arm,resident
01-resident,status,complete
01-resident,offload_count,0
01-resident,staging_slots,1
01-resident,repetitions_completed,1
01-resident,requested_kv_cache_bytes,
01-resident,exit_code,0
01-resident,launcher_elapsed_s,126.01712168101221
01-resident,smoke_matches_resident,
01-resident,performance_outputs_stable,True
01-resident,contract.batch_size,1
01-resident,contract.context_length,4096
01-resident,contract.output_length,8
01-resident,contract.tensor_parallel_size,4
01-resident,contract.gpu_memory_utilization,0.6
01-resident,contract.seed,20260905
01-resident,contract.warmups,0
01-resident,contract.timing_samples,128
01-resident,contract.max_num_seqs,256
01-resident,contract.max_num_batched_tokens,8192
01-resident,contract.repetitions_requested,1
01-resident,contract.smoke_output_length,8
01-resident,contract.source_request_count,256
01-resident,contract.unique_selected_request_count,1
01-resident,contract.repeated_request_count,0
01-resident,contract.commit,813196a4938d5fa04d6b489a7acaf3b44885b8d3
01-resident,contract.model_identity_sha256,f197bd16d71c7da5e1472aacaeb3bd213c41d7688695ac857cf30665fe951a59
01-resident,contract.model_config_sha256,2d483c7cabad7c8704478ed4038fa7e7b2eff840bc00a118eccbe38e2b488303
01-resident,contract.dataset_sha256,ae5e2428733c21f39efdd1c6ba45d9dac78e4f00d43a0a930151034eda178445
01-resident,contract.dataset_manifest_sha256,d1fa27a78c422ed77b6e44e7c1b642c8cdf3d1a5b1068d7ee0c4996079f8a75b
01-resident,contract.input_sha256,17f2a44427ea95c77ac3a8fa8b47048c812b09533a104b80986621be6e484bf7
01-resident,contract.engine_policy_sha256,c31521abdb4de4c1f8295d175ba1e834a7985899d78c947072397433df087ebf
01-resident,contract.dtype,bfloat16
01-resident,contract.versions.torch,2.8.0+cu128
01-resident,contract.versions.vllm,0.10.2
01-resident,contract.versions.cuda,12.8
01-resident,contract.versions.vllm_commit,01efc7ef781391e744ed08c3292817a773d654e6
01-resident,contract.comparison_backend,expert-cache
01-resident,contract.expert_cache.resident_ratio,0.5
01-resident,contract.expert_cache.cache_policy,decayed-lfu
01-resident,contract.expert_cache.cache_slots,256
01-resident,contract.expert_cache.calibration_count,32
01-resident,contract.expert_cache.timing_samples,128
01-resident,contract.expert_cache.profile_sha256,d9621ee27a5fe4df521bbbb2e68485d88a9a82a54f9c979a93cbd508862ca400
01-resident,contract.expert_cache.identity.geometry.total_layers,48
01-resident,contract.expert_cache.identity.geometry.num_experts,512
01-resident,contract.expert_cache.identity.geometry.hidden_size,2048
01-resident,contract.expert_cache.identity.geometry.intermediate_size,128
01-resident,contract.expert_cache.identity.tensor_parallel_size,4
01-resident,contract.expert_cache.identity.model_config_sha256,2d483c7cabad7c8704478ed4038fa7e7b2eff840bc00a118eccbe38e2b488303
01-resident,contract.expert_cache.identity.model_identity_sha256,24f6a89ba0e0435caffbb3d056425fb1fe980fca09d5a8749dfb231bd24880d8
01-resident,contract.calibration_count,32
01-resident,contract.evaluation_pool_count,224
01-resident,contract.calibration_input_hashes_sha256,feaa8b330120d2781328031822d540c273fb008c811faa1e05e92e5b18e3958f
01-resident,contract.sampling_policy,heldout-token-hash-first-unique
01-resident,contract.split_scope,full-prompt-token-hashes; source-conversation-disjointness-not-claimed
01-resident,memory[0].rank,0
01-resident,memory[0].total_gpu_bytes,85017493504
01-resident,memory[0].free_gpu_bytes,32921157632
01-resident,memory[0].torch_allocated_bytes,49011059200
01-resident,memory[0].torch_reserved_bytes,49979326464
01-resident,memory[0].torch_peak_allocated_bytes,49578541056
01-resident,memory[0].torch_peak_reserved_bytes,49979326464
01-resident,memory[0].available_kv_cache_bytes,
01-resident,memory[0].model_memory_bytes,39959379968
01-resident,memory[0].kv_cache_allocated_bytes,8980856832
01-resident,memory[0].kv_cache_declared_bytes,8980856832
01-resident,memory[0].num_gpu_blocks,2687
01-resident,memory[0].kv_cache_accounting_consistent,True
01-resident,memory[1].rank,1
01-resident,memory[1].total_gpu_bytes,85017493504
01-resident,memory[1].free_gpu_bytes,32921157632
01-resident,memory[1].torch_allocated_bytes,49011059200
01-resident,memory[1].torch_reserved_bytes,49979326464
01-resident,memory[1].torch_peak_allocated_bytes,49578541056
01-resident,memory[1].torch_peak_reserved_bytes,49979326464
01-resident,memory[1].available_kv_cache_bytes,
01-resident,memory[1].model_memory_bytes,39959379968
01-resident,memory[1].kv_cache_allocated_bytes,8980856832
01-resident,memory[1].kv_cache_declared_bytes,8980856832
01-resident,memory[1].num_gpu_blocks,2687
01-resident,memory[1].kv_cache_accounting_consistent,True
01-resident,memory[2].rank,2
01-resident,memory[2].total_gpu_bytes,85017493504
01-resident,memory[2].free_gpu_bytes,32921157632
01-resident,memory[2].torch_allocated_bytes,49011059200
01-resident,memory[2].torch_reserved_bytes,49979326464
01-resident,memory[2].torch_peak_allocated_bytes,49578541056
01-resident,memory[2].torch_peak_reserved_bytes,49979326464
01-resident,memory[2].available_kv_cache_bytes,
01-resident,memory[2].model_memory_bytes,39959379968
01-resident,memory[2].kv_cache_allocated_bytes,8980856832
01-resident,memory[2].kv_cache_declared_bytes,8980856832
01-resident,memory[2].num_gpu_blocks,2687
01-resident,memory[2].kv_cache_accounting_consistent,True
01-resident,memory[3].rank,3
01-resident,memory[3].total_gpu_bytes,85017493504
01-resident,memory[3].free_gpu_bytes,32921157632
01-resident,memory[3].torch_allocated_bytes,49011059200
01-resident,memory[3].torch_reserved_bytes,49979326464
01-resident,memory[3].torch_peak_allocated_bytes,49578541056
01-resident,memory[3].torch_peak_reserved_bytes,49979326464
01-resident,memory[3].available_kv_cache_bytes,
01-resident,memory[3].model_memory_bytes,39959379968
01-resident,memory[3].kv_cache_allocated_bytes,8980856832
01-resident,memory[3].kv_cache_declared_bytes,8980856832
01-resident,memory[3].num_gpu_blocks,2687
01-resident,memory[3].kv_cache_accounting_consistent,True
01-resident,final_memory[0].rank,0
01-resident,final_memory[0].total_gpu_bytes,85017493504
01-resident,final_memory[0].free_gpu_bytes,29983047680
01-resident,final_memory[0].torch_allocated_bytes,49011066368
01-resident,final_memory[0].torch_reserved_bytes,49979326464
01-resident,final_memory[0].torch_peak_allocated_bytes,49294943744
01-resident,final_memory[0].torch_peak_reserved_bytes,49979326464
01-resident,final_memory[0].available_kv_cache_bytes,
01-resident,final_memory[0].model_memory_bytes,39959379968
01-resident,final_memory[0].kv_cache_allocated_bytes,8980856832
01-resident,final_memory[0].kv_cache_declared_bytes,8980856832
01-resident,final_memory[0].num_gpu_blocks,2687
01-resident,final_memory[0].kv_cache_accounting_consistent,True
01-resident,final_memory[1].rank,1
01-resident,final_memory[1].total_gpu_bytes,85017493504
01-resident,final_memory[1].free_gpu_bytes,29983047680
01-resident,final_memory[1].torch_allocated_bytes,49011066368
01-resident,final_memory[1].torch_reserved_bytes,49979326464
01-resident,final_memory[1].torch_peak_allocated_bytes,49294943744
01-resident,final_memory[1].torch_peak_reserved_bytes,49979326464
01-resident,final_memory[1].available_kv_cache_bytes,
01-resident,final_memory[1].model_memory_bytes,39959379968
01-resident,final_memory[1].kv_cache_allocated_bytes,8980856832
01-resident,final_memory[1].kv_cache_declared_bytes,8980856832
01-resident,final_memory[1].num_gpu_blocks,2687
01-resident,final_memory[1].kv_cache_accounting_consistent,True
01-resident,final_memory[2].rank,2
01-resident,final_memory[2].total_gpu_bytes,85017493504
01-resident,final_memory[2].free_gpu_bytes,29983047680
01-resident,final_memory[2].torch_allocated_bytes,49011066368
01-resident,final_memory[2].torch_reserved_bytes,49979326464
01-resident,final_memory[2].torch_peak_allocated_bytes,49294943744
01-resident,final_memory[2].torch_peak_reserved_bytes,49979326464
01-resident,final_memory[2].available_kv_cache_bytes,
01-resident,final_memory[2].model_memory_bytes,39959379968
01-resident,final_memory[2].kv_cache_allocated_bytes,8980856832
01-resident,final_memory[2].kv_cache_declared_bytes,8980856832
01-resident,final_memory[2].num_gpu_blocks,2687
01-resident,final_memory[2].kv_cache_accounting_consistent,True
01-resident,final_memory[3].rank,3
01-resident,final_memory[3].total_gpu_bytes,85017493504
01-resident,final_memory[3].free_gpu_bytes,29983047680
01-resident,final_memory[3].torch_allocated_bytes,49011066368
01-resident,final_memory[3].torch_reserved_bytes,49979326464
01-resident,final_memory[3].torch_peak_allocated_bytes,49294943744
01-resident,final_memory[3].torch_peak_reserved_bytes,49979326464
01-resident,final_memory[3].available_kv_cache_bytes,
01-resident,final_memory[3].model_memory_bytes,39959379968
01-resident,final_memory[3].kv_cache_allocated_bytes,8980856832
01-resident,final_memory[3].kv_cache_declared_bytes,8980856832
01-resident,final_memory[3].num_gpu_blocks,2687
01-resident,final_memory[3].kv_cache_accounting_consistent,True
01-resident,hardware_budget.total_gpu_bytes_by_rank[0],85017493504
01-resident,hardware_budget.total_gpu_bytes_by_rank[1],85017493504
01-resident,hardware_budget.total_gpu_bytes_by_rank[2],85017493504
01-resident,hardware_budget.total_gpu_bytes_by_rank[3],85017493504
01-resident,hardware_budget.requested_gpu_bytes_by_rank[0],51010496102
01-resident,hardware_budget.requested_gpu_bytes_by_rank[1],51010496102
01-resident,hardware_budget.requested_gpu_bytes_by_rank[2],51010496102
01-resident,hardware_budget.requested_gpu_bytes_by_rank[3],51010496102
01-resident,smoke.elapsed_s,15.24720033397898
01-resident,smoke.generated_tokens,8
01-resident,smoke.request_count,1
01-resident,smoke.output_tokens_per_second,0.5246864883234785
01-resident,smoke.latency_available_requests,0
01-resident,smoke.ttft_available_requests,0
01-resident,smoke.ttft_median_s,
01-resident,smoke.request_latency_median_s,
01-resident,smoke.input_sha256,17f2a44427ea95c77ac3a8fa8b47048c812b09533a104b80986621be6e484bf7
01-resident,smoke.output_sha256,b512fd12a4a5eace21091c769d8bf4d4bf5d2f1a5577411243f4c11e02c6d54d
01-resident,repetitions[0].repetition,0
01-resident,repetitions[0].elapsed_s,0.6532559487968683
01-resident,repetitions[0].generated_tokens,8
01-resident,repetitions[0].request_count,1
01-resident,repetitions[0].output_tokens_per_second,12.246348486736277
01-resident,repetitions[0].latency_available_requests,0
01-resident,repetitions[0].ttft_available_requests,0
01-resident,repetitions[0].ttft_median_s,
01-resident,repetitions[0].request_latency_median_s,
01-resident,repetitions[0].output_sha256,b512fd12a4a5eace21091c769d8bf4d4bf5d2f1a5577411243f4c11e02c6d54d
01-resident,repetitions[0].timing_available,False
01-resident,repetitions[0].diagnostics.h2d_bytes,0
01-resident,repetitions[0].diagnostics.copy_launches,0
01-resident,repetitions[0].diagnostics.startup_resident_h2d_bytes,0
01-resident,repetitions[0].diagnostics.promotion_d2d_bytes,0
01-resident,repetitions[0].diagnostics.metadata_h2d_bytes,0
01-resident,repetitions[0].diagnostics.unique_demands,0
01-resident,repetitions[0].diagnostics.resident_hits,0
01-resident,repetitions[0].diagnostics.timing.route_d2h_s,0
01-resident,repetitions[0].diagnostics.timing.policy_cpu_s,0
01-resident,repetitions[0].diagnostics.timing.host_reuse_wait_s,0
01-resident,repetitions[0].diagnostics.timing.host_gather_s,0
01-resident,repetitions[0].diagnostics.timing.h2d_enqueue_s,0
01-resident,repetitions[0].diagnostics.timing.compute_enqueue_s,0
01-resident,repetitions[0].diagnostics.timing.cuda_sample_count,0
01-resident,repetitions[0].diagnostics.timing.load_cuda_s,0
01-resident,repetitions[0].diagnostics.timing.compute_cuda_s,0
01-resident,repetitions[0].diagnostics.timing.promotion_cuda_s,0
01-resident,repetitions[0].diagnostics.policy.observations,0
01-resident,repetitions[0].diagnostics.policy.unique_demands,0
01-resident,repetitions[0].diagnostics.policy.completed_forwards,0
01-resident,repetitions[0].diagnostics.policy.decay_events,0
01-resident,repetitions[0].diagnostics.policy.cache_hits,0
01-resident,repetitions[0].diagnostics.policy.cache_misses,0
01-resident,repetitions[0].diagnostics.policy.admissions,0
01-resident,repetitions[0].diagnostics.policy.evictions,0
01-resident,repetitions[0].diagnostics.policy.cache_bypasses,0
01-resident,repetitions[0].diagnostics.policy.reconfigurations,0
01-resident,repetitions[0].diagnostics.policy.cache_hit_ratio,
01-resident,repetitions[0].diagnostics.per_rank[0].h2d_bytes,0
01-resident,repetitions[0].diagnostics.per_rank[0].copy_launches,0
01-resident,repetitions[0].diagnostics.per_rank[0].startup_resident_h2d_bytes,0
01-resident,repetitions[0].diagnostics.per_rank[0].promotion_d2d_bytes,0
01-resident,repetitions[0].diagnostics.per_rank[0].metadata_h2d_bytes,0
01-resident,repetitions[0].diagnostics.per_rank[0].unique_demands,0
01-resident,repetitions[0].diagnostics.per_rank[0].resident_hits,0
01-resident,repetitions[0].diagnostics.per_rank[0].timing.route_d2h_s,0
01-resident,repetitions[0].diagnostics.per_rank[0].timing.policy_cpu_s,0
01-resident,repetitions[0].diagnostics.per_rank[0].timing.host_reuse_wait_s,0
01-resident,repetitions[0].diagnostics.per_rank[0].timing.host_gather_s,0
01-resident,repetitions[0].diagnostics.per_rank[0].timing.h2d_enqueue_s,0
01-resident,repetitions[0].diagnostics.per_rank[0].timing.compute_enqueue_s,0
01-resident,repetitions[0].diagnostics.per_rank[0].timing.cuda_sample_count,0
01-resident,repetitions[0].diagnostics.per_rank[0].timing.load_cuda_s,0
01-resident,repetitions[0].diagnostics.per_rank[0].timing.compute_cuda_s,0
01-resident,repetitions[0].diagnostics.per_rank[0].timing.promotion_cuda_s,0
01-resident,repetitions[0].diagnostics.per_rank[0].policy.observations,0
01-resident,repetitions[0].diagnostics.per_rank[0].policy.unique_demands,0
01-resident,repetitions[0].diagnostics.per_rank[0].policy.completed_forwards,0
01-resident,repetitions[0].diagnostics.per_rank[0].policy.decay_events,0
01-resident,repetitions[0].diagnostics.per_rank[0].policy.cache_hits,0
01-resident,repetitions[0].diagnostics.per_rank[0].policy.cache_misses,0
01-resident,repetitions[0].diagnostics.per_rank[0].policy.admissions,0
01-resident,repetitions[0].diagnostics.per_rank[0].policy.evictions,0
01-resident,repetitions[0].diagnostics.per_rank[0].policy.cache_bypasses,0
01-resident,repetitions[0].diagnostics.per_rank[0].policy.reconfigurations,0
01-resident,repetitions[0].diagnostics.per_rank[0].policy.cache_hit_ratio,
01-resident,repetitions[0].diagnostics.per_rank[0].rank,0
01-resident,repetitions[0].diagnostics.per_rank[1].h2d_bytes,0
01-resident,repetitions[0].diagnostics.per_rank[1].copy_launches,0
01-resident,repetitions[0].diagnostics.per_rank[1].startup_resident_h2d_bytes,0
01-resident,repetitions[0].diagnostics.per_rank[1].promotion_d2d_bytes,0
01-resident,repetitions[0].diagnostics.per_rank[1].metadata_h2d_bytes,0
01-resident,repetitions[0].diagnostics.per_rank[1].unique_demands,0
01-resident,repetitions[0].diagnostics.per_rank[1].resident_hits,0
01-resident,repetitions[0].diagnostics.per_rank[1].timing.route_d2h_s,0
01-resident,repetitions[0].diagnostics.per_rank[1].timing.policy_cpu_s,0
01-resident,repetitions[0].diagnostics.per_rank[1].timing.host_reuse_wait_s,0
01-resident,repetitions[0].diagnostics.per_rank[1].timing.host_gather_s,0
01-resident,repetitions[0].diagnostics.per_rank[1].timing.h2d_enqueue_s,0
01-resident,repetitions[0].diagnostics.per_rank[1].timing.compute_enqueue_s,0
01-resident,repetitions[0].diagnostics.per_rank[1].timing.cuda_sample_count,0
01-resident,repetitions[0].diagnostics.per_rank[1].timing.load_cuda_s,0
01-resident,repetitions[0].diagnostics.per_rank[1].timing.compute_cuda_s,0
01-resident,repetitions[0].diagnostics.per_rank[1].timing.promotion_cuda_s,0
01-resident,repetitions[0].diagnostics.per_rank[1].policy.observations,0
01-resident,repetitions[0].diagnostics.per_rank[1].policy.unique_demands,0
01-resident,repetitions[0].diagnostics.per_rank[1].policy.completed_forwards,0
01-resident,repetitions[0].diagnostics.per_rank[1].policy.decay_events,0
01-resident,repetitions[0].diagnostics.per_rank[1].policy.cache_hits,0
01-resident,repetitions[0].diagnostics.per_rank[1].policy.cache_misses,0
01-resident,repetitions[0].diagnostics.per_rank[1].policy.admissions,0
01-resident,repetitions[0].diagnostics.per_rank[1].policy.evictions,0
01-resident,repetitions[0].diagnostics.per_rank[1].policy.cache_bypasses,0
01-resident,repetitions[0].diagnostics.per_rank[1].policy.reconfigurations,0
01-resident,repetitions[0].diagnostics.per_rank[1].policy.cache_hit_ratio,
01-resident,repetitions[0].diagnostics.per_rank[1].rank,1
01-resident,repetitions[0].diagnostics.per_rank[2].h2d_bytes,0
01-resident,repetitions[0].diagnostics.per_rank[2].copy_launches,0
01-resident,repetitions[0].diagnostics.per_rank[2].startup_resident_h2d_bytes,0
01-resident,repetitions[0].diagnostics.per_rank[2].promotion_d2d_bytes,0
01-resident,repetitions[0].diagnostics.per_rank[2].metadata_h2d_bytes,0
01-resident,repetitions[0].diagnostics.per_rank[2].unique_demands,0
01-resident,repetitions[0].diagnostics.per_rank[2].resident_hits,0
01-resident,repetitions[0].diagnostics.per_rank[2].timing.route_d2h_s,0
01-resident,repetitions[0].diagnostics.per_rank[2].timing.policy_cpu_s,0
01-resident,repetitions[0].diagnostics.per_rank[2].timing.host_reuse_wait_s,0
01-resident,repetitions[0].diagnostics.per_rank[2].timing.host_gather_s,0
01-resident,repetitions[0].diagnostics.per_rank[2].timing.h2d_enqueue_s,0
01-resident,repetitions[0].diagnostics.per_rank[2].timing.compute_enqueue_s,0
01-resident,repetitions[0].diagnostics.per_rank[2].timing.cuda_sample_count,0
01-resident,repetitions[0].diagnostics.per_rank[2].timing.load_cuda_s,0
01-resident,repetitions[0].diagnostics.per_rank[2].timing.compute_cuda_s,0
01-resident,repetitions[0].diagnostics.per_rank[2].timing.promotion_cuda_s,0
01-resident,repetitions[0].diagnostics.per_rank[2].policy.observations,0
01-resident,repetitions[0].diagnostics.per_rank[2].policy.unique_demands,0
01-resident,repetitions[0].diagnostics.per_rank[2].policy.completed_forwards,0
01-resident,repetitions[0].diagnostics.per_rank[2].policy.decay_events,0
01-resident,repetitions[0].diagnostics.per_rank[2].policy.cache_hits,0
01-resident,repetitions[0].diagnostics.per_rank[2].policy.cache_misses,0
01-resident,repetitions[0].diagnostics.per_rank[2].policy.admissions,0
01-resident,repetitions[0].diagnostics.per_rank[2].policy.evictions,0
01-resident,repetitions[0].diagnostics.per_rank[2].policy.cache_bypasses,0
01-resident,repetitions[0].diagnostics.per_rank[2].policy.reconfigurations,0
01-resident,repetitions[0].diagnostics.per_rank[2].policy.cache_hit_ratio,
01-resident,repetitions[0].diagnostics.per_rank[2].rank,2
01-resident,repetitions[0].diagnostics.per_rank[3].h2d_bytes,0
01-resident,repetitions[0].diagnostics.per_rank[3].copy_launches,0
01-resident,repetitions[0].diagnostics.per_rank[3].startup_resident_h2d_bytes,0
01-resident,repetitions[0].diagnostics.per_rank[3].promotion_d2d_bytes,0
01-resident,repetitions[0].diagnostics.per_rank[3].metadata_h2d_bytes,0
01-resident,repetitions[0].diagnostics.per_rank[3].unique_demands,0
01-resident,repetitions[0].diagnostics.per_rank[3].resident_hits,0
01-resident,repetitions[0].diagnostics.per_rank[3].timing.route_d2h_s,0
01-resident,repetitions[0].diagnostics.per_rank[3].timing.policy_cpu_s,0
01-resident,repetitions[0].diagnostics.per_rank[3].timing.host_reuse_wait_s,0
01-resident,repetitions[0].diagnostics.per_rank[3].timing.host_gather_s,0
01-resident,repetitions[0].diagnostics.per_rank[3].timing.h2d_enqueue_s,0
01-resident,repetitions[0].diagnostics.per_rank[3].timing.compute_enqueue_s,0
01-resident,repetitions[0].diagnostics.per_rank[3].timing.cuda_sample_count,0
01-resident,repetitions[0].diagnostics.per_rank[3].timing.load_cuda_s,0
01-resident,repetitions[0].diagnostics.per_rank[3].timing.compute_cuda_s,0
01-resident,repetitions[0].diagnostics.per_rank[3].timing.promotion_cuda_s,0
01-resident,repetitions[0].diagnostics.per_rank[3].policy.observations,0
01-resident,repetitions[0].diagnostics.per_rank[3].policy.unique_demands,0
01-resident,repetitions[0].diagnostics.per_rank[3].policy.completed_forwards,0
01-resident,repetitions[0].diagnostics.per_rank[3].policy.decay_events,0
01-resident,repetitions[0].diagnostics.per_rank[3].policy.cache_hits,0
01-resident,repetitions[0].diagnostics.per_rank[3].policy.cache_misses,0
01-resident,repetitions[0].diagnostics.per_rank[3].policy.admissions,0
01-resident,repetitions[0].diagnostics.per_rank[3].policy.evictions,0
01-resident,repetitions[0].diagnostics.per_rank[3].policy.cache_bypasses,0
01-resident,repetitions[0].diagnostics.per_rank[3].policy.reconfigurations,0
01-resident,repetitions[0].diagnostics.per_rank[3].policy.cache_hit_ratio,
01-resident,repetitions[0].diagnostics.per_rank[3].rank,3
01-resident,repetitions[0].memory[0].rank,0
01-resident,repetitions[0].memory[0].total_gpu_bytes,85017493504
01-resident,repetitions[0].memory[0].free_gpu_bytes,29983047680
01-resident,repetitions[0].memory[0].torch_allocated_bytes,49011066368
01-resident,repetitions[0].memory[0].torch_reserved_bytes,49979326464
01-resident,repetitions[0].memory[0].torch_peak_allocated_bytes,49294943744
01-resident,repetitions[0].memory[0].torch_peak_reserved_bytes,49979326464
01-resident,repetitions[0].memory[0].kv_cache_allocated_bytes,8980856832
01-resident,repetitions[0].memory[0].num_gpu_blocks,2687
01-resident,repetitions[0].memory[0].kv_cache_declared_bytes,8980856832
01-resident,repetitions[0].memory[0].kv_cache_accounting_consistent,True
01-resident,repetitions[0].memory[1].rank,1
01-resident,repetitions[0].memory[1].total_gpu_bytes,85017493504
01-resident,repetitions[0].memory[1].free_gpu_bytes,29983047680
01-resident,repetitions[0].memory[1].torch_allocated_bytes,49011066368
01-resident,repetitions[0].memory[1].torch_reserved_bytes,49979326464
01-resident,repetitions[0].memory[1].torch_peak_allocated_bytes,49294943744
01-resident,repetitions[0].memory[1].torch_peak_reserved_bytes,49979326464
01-resident,repetitions[0].memory[1].kv_cache_allocated_bytes,8980856832
01-resident,repetitions[0].memory[1].num_gpu_blocks,2687
01-resident,repetitions[0].memory[1].kv_cache_declared_bytes,8980856832
01-resident,repetitions[0].memory[1].kv_cache_accounting_consistent,True
01-resident,repetitions[0].memory[2].rank,2
01-resident,repetitions[0].memory[2].total_gpu_bytes,85017493504
01-resident,repetitions[0].memory[2].free_gpu_bytes,29983047680
01-resident,repetitions[0].memory[2].torch_allocated_bytes,49011066368
01-resident,repetitions[0].memory[2].torch_reserved_bytes,49979326464
01-resident,repetitions[0].memory[2].torch_peak_allocated_bytes,49294943744
01-resident,repetitions[0].memory[2].torch_peak_reserved_bytes,49979326464
01-resident,repetitions[0].memory[2].kv_cache_allocated_bytes,8980856832
01-resident,repetitions[0].memory[2].num_gpu_blocks,2687
01-resident,repetitions[0].memory[2].kv_cache_declared_bytes,8980856832
01-resident,repetitions[0].memory[2].kv_cache_accounting_consistent,True
01-resident,repetitions[0].memory[3].rank,3
01-resident,repetitions[0].memory[3].total_gpu_bytes,85017493504
01-resident,repetitions[0].memory[3].free_gpu_bytes,29983047680
01-resident,repetitions[0].memory[3].torch_allocated_bytes,49011066368
01-resident,repetitions[0].memory[3].torch_reserved_bytes,49979326464
01-resident,repetitions[0].memory[3].torch_peak_allocated_bytes,49294943744
01-resident,repetitions[0].memory[3].torch_peak_reserved_bytes,49979326464
01-resident,repetitions[0].memory[3].kv_cache_allocated_bytes,8980856832
01-resident,repetitions[0].memory[3].num_gpu_blocks,2687
01-resident,repetitions[0].memory[3].kv_cache_declared_bytes,8980856832
01-resident,repetitions[0].memory[3].kv_cache_accounting_consistent,True
01-resident,repetitions[0].memory_peak_scope,measured-generate-after-synchronized-reset
01-resident,storage_backend,native
01-resident,expert_cache_stats[0].storage_backend,native
01-resident,expert_cache_stats[0].rank,0
01-resident,expert_cache_stats[0].h2d_bytes,0
01-resident,expert_cache_stats[0].copy_launches,0
01-resident,expert_cache_stats[0].startup_resident_h2d_bytes,0
01-resident,expert_cache_stats[0].promotion_d2d_bytes,0
01-resident,expert_cache_stats[0].metadata_h2d_bytes,0
01-resident,expert_cache_stats[0].unique_demands,0
01-resident,expert_cache_stats[0].resident_hits,0
01-resident,expert_cache_stats[0].timing.route_d2h_s,0
01-resident,expert_cache_stats[0].timing.policy_cpu_s,0
01-resident,expert_cache_stats[0].timing.host_reuse_wait_s,0
01-resident,expert_cache_stats[0].timing.host_gather_s,0
01-resident,expert_cache_stats[0].timing.h2d_enqueue_s,0
01-resident,expert_cache_stats[0].timing.compute_enqueue_s,0
01-resident,expert_cache_stats[0].timing.cuda_sample_count,0
01-resident,expert_cache_stats[0].timing.load_cuda_s,0
01-resident,expert_cache_stats[0].timing.compute_cuda_s,0
01-resident,expert_cache_stats[0].timing.promotion_cuda_s,0
01-resident,expert_cache_stats[0].policy.observations,0
01-resident,expert_cache_stats[0].policy.unique_demands,0
01-resident,expert_cache_stats[0].policy.completed_forwards,0
01-resident,expert_cache_stats[0].policy.decay_events,0
01-resident,expert_cache_stats[0].policy.cache_hits,0
01-resident,expert_cache_stats[0].policy.cache_misses,0
01-resident,expert_cache_stats[0].policy.admissions,0
01-resident,expert_cache_stats[0].policy.evictions,0
01-resident,expert_cache_stats[0].policy.cache_bypasses,0
01-resident,expert_cache_stats[0].policy.reconfigurations,0
01-resident,expert_cache_stats[1].storage_backend,native
01-resident,expert_cache_stats[1].rank,1
01-resident,expert_cache_stats[1].h2d_bytes,0
01-resident,expert_cache_stats[1].copy_launches,0
01-resident,expert_cache_stats[1].startup_resident_h2d_bytes,0
01-resident,expert_cache_stats[1].promotion_d2d_bytes,0
01-resident,expert_cache_stats[1].metadata_h2d_bytes,0
01-resident,expert_cache_stats[1].unique_demands,0
01-resident,expert_cache_stats[1].resident_hits,0
01-resident,expert_cache_stats[1].timing.route_d2h_s,0
01-resident,expert_cache_stats[1].timing.policy_cpu_s,0
01-resident,expert_cache_stats[1].timing.host_reuse_wait_s,0
01-resident,expert_cache_stats[1].timing.host_gather_s,0
01-resident,expert_cache_stats[1].timing.h2d_enqueue_s,0
01-resident,expert_cache_stats[1].timing.compute_enqueue_s,0
01-resident,expert_cache_stats[1].timing.cuda_sample_count,0
01-resident,expert_cache_stats[1].timing.load_cuda_s,0
01-resident,expert_cache_stats[1].timing.compute_cuda_s,0
01-resident,expert_cache_stats[1].timing.promotion_cuda_s,0
01-resident,expert_cache_stats[1].policy.observations,0
01-resident,expert_cache_stats[1].policy.unique_demands,0
01-resident,expert_cache_stats[1].policy.completed_forwards,0
01-resident,expert_cache_stats[1].policy.decay_events,0
01-resident,expert_cache_stats[1].policy.cache_hits,0
01-resident,expert_cache_stats[1].policy.cache_misses,0
01-resident,expert_cache_stats[1].policy.admissions,0
01-resident,expert_cache_stats[1].policy.evictions,0
01-resident,expert_cache_stats[1].policy.cache_bypasses,0
01-resident,expert_cache_stats[1].policy.reconfigurations,0
01-resident,expert_cache_stats[2].storage_backend,native
01-resident,expert_cache_stats[2].rank,2
01-resident,expert_cache_stats[2].h2d_bytes,0
01-resident,expert_cache_stats[2].copy_launches,0
01-resident,expert_cache_stats[2].startup_resident_h2d_bytes,0
01-resident,expert_cache_stats[2].promotion_d2d_bytes,0
01-resident,expert_cache_stats[2].metadata_h2d_bytes,0
01-resident,expert_cache_stats[2].unique_demands,0
01-resident,expert_cache_stats[2].resident_hits,0
01-resident,expert_cache_stats[2].timing.route_d2h_s,0
01-resident,expert_cache_stats[2].timing.policy_cpu_s,0
01-resident,expert_cache_stats[2].timing.host_reuse_wait_s,0
01-resident,expert_cache_stats[2].timing.host_gather_s,0
01-resident,expert_cache_stats[2].timing.h2d_enqueue_s,0
01-resident,expert_cache_stats[2].timing.compute_enqueue_s,0
01-resident,expert_cache_stats[2].timing.cuda_sample_count,0
01-resident,expert_cache_stats[2].timing.load_cuda_s,0
01-resident,expert_cache_stats[2].timing.compute_cuda_s,0
01-resident,expert_cache_stats[2].timing.promotion_cuda_s,0
01-resident,expert_cache_stats[2].policy.observations,0
01-resident,expert_cache_stats[2].policy.unique_demands,0
01-resident,expert_cache_stats[2].policy.completed_forwards,0
01-resident,expert_cache_stats[2].policy.decay_events,0
01-resident,expert_cache_stats[2].policy.cache_hits,0
01-resident,expert_cache_stats[2].policy.cache_misses,0
01-resident,expert_cache_stats[2].policy.admissions,0
01-resident,expert_cache_stats[2].policy.evictions,0
01-resident,expert_cache_stats[2].policy.cache_bypasses,0
01-resident,expert_cache_stats[2].policy.reconfigurations,0
01-resident,expert_cache_stats[3].storage_backend,native
01-resident,expert_cache_stats[3].rank,3
01-resident,expert_cache_stats[3].h2d_bytes,0
01-resident,expert_cache_stats[3].copy_launches,0
01-resident,expert_cache_stats[3].startup_resident_h2d_bytes,0
01-resident,expert_cache_stats[3].promotion_d2d_bytes,0
01-resident,expert_cache_stats[3].metadata_h2d_bytes,0
01-resident,expert_cache_stats[3].unique_demands,0
01-resident,expert_cache_stats[3].resident_hits,0
01-resident,expert_cache_stats[3].timing.route_d2h_s,0
01-resident,expert_cache_stats[3].timing.policy_cpu_s,0
01-resident,expert_cache_stats[3].timing.host_reuse_wait_s,0
01-resident,expert_cache_stats[3].timing.host_gather_s,0
01-resident,expert_cache_stats[3].timing.h2d_enqueue_s,0
01-resident,expert_cache_stats[3].timing.compute_enqueue_s,0
01-resident,expert_cache_stats[3].timing.cuda_sample_count,0
01-resident,expert_cache_stats[3].timing.load_cuda_s,0
01-resident,expert_cache_stats[3].timing.compute_cuda_s,0
01-resident,expert_cache_stats[3].timing.promotion_cuda_s,0
01-resident,expert_cache_stats[3].policy.observations,0
01-resident,expert_cache_stats[3].policy.unique_demands,0
01-resident,expert_cache_stats[3].policy.completed_forwards,0
01-resident,expert_cache_stats[3].policy.decay_events,0
01-resident,expert_cache_stats[3].policy.cache_hits,0
01-resident,expert_cache_stats[3].policy.cache_misses,0
01-resident,expert_cache_stats[3].policy.admissions,0
01-resident,expert_cache_stats[3].policy.evictions,0
01-resident,expert_cache_stats[3].policy.cache_bypasses,0
01-resident,expert_cache_stats[3].policy.reconfigurations,0
02-partial-fixed-kv,schema_version,1
02-partial-fixed-kv,run_id,02-partial-fixed-kv
02-partial-fixed-kv,arm,partial-fixed-kv
02-partial-fixed-kv,status,complete
02-partial-fixed-kv,offload_count,0
02-partial-fixed-kv,staging_slots,1
02-partial-fixed-kv,repetitions_completed,1
02-partial-fixed-kv,requested_kv_cache_bytes,8980856832
02-partial-fixed-kv,exit_code,0
02-partial-fixed-kv,launcher_elapsed_s,162.14428225299343
02-partial-fixed-kv,smoke_matches_resident,True
02-partial-fixed-kv,performance_outputs_stable,True
02-partial-fixed-kv,performance_outputs_match_resident,True
02-partial-fixed-kv,mechanism_validated,True
02-partial-fixed-kv,contract.batch_size,1
02-partial-fixed-kv,contract.context_length,4096
02-partial-fixed-kv,contract.output_length,8
02-partial-fixed-kv,contract.tensor_parallel_size,4
02-partial-fixed-kv,contract.gpu_memory_utilization,0.6
02-partial-fixed-kv,contract.seed,20260905
02-partial-fixed-kv,contract.warmups,0
02-partial-fixed-kv,contract.timing_samples,128
02-partial-fixed-kv,contract.max_num_seqs,256
02-partial-fixed-kv,contract.max_num_batched_tokens,8192
02-partial-fixed-kv,contract.repetitions_requested,1
02-partial-fixed-kv,contract.smoke_output_length,8
02-partial-fixed-kv,contract.source_request_count,256
02-partial-fixed-kv,contract.unique_selected_request_count,1
02-partial-fixed-kv,contract.repeated_request_count,0
02-partial-fixed-kv,contract.commit,813196a4938d5fa04d6b489a7acaf3b44885b8d3
02-partial-fixed-kv,contract.model_identity_sha256,f197bd16d71c7da5e1472aacaeb3bd213c41d7688695ac857cf30665fe951a59
02-partial-fixed-kv,contract.model_config_sha256,2d483c7cabad7c8704478ed4038fa7e7b2eff840bc00a118eccbe38e2b488303
02-partial-fixed-kv,contract.dataset_sha256,ae5e2428733c21f39efdd1c6ba45d9dac78e4f00d43a0a930151034eda178445
02-partial-fixed-kv,contract.dataset_manifest_sha256,d1fa27a78c422ed77b6e44e7c1b642c8cdf3d1a5b1068d7ee0c4996079f8a75b
02-partial-fixed-kv,contract.input_sha256,17f2a44427ea95c77ac3a8fa8b47048c812b09533a104b80986621be6e484bf7
02-partial-fixed-kv,contract.engine_policy_sha256,c31521abdb4de4c1f8295d175ba1e834a7985899d78c947072397433df087ebf
02-partial-fixed-kv,contract.dtype,bfloat16
02-partial-fixed-kv,contract.versions.torch,2.8.0+cu128
02-partial-fixed-kv,contract.versions.vllm,0.10.2
02-partial-fixed-kv,contract.versions.cuda,12.8
02-partial-fixed-kv,contract.versions.vllm_commit,01efc7ef781391e744ed08c3292817a773d654e6
02-partial-fixed-kv,contract.comparison_backend,expert-cache
02-partial-fixed-kv,contract.expert_cache.resident_ratio,0.5
02-partial-fixed-kv,contract.expert_cache.cache_policy,decayed-lfu
02-partial-fixed-kv,contract.expert_cache.cache_slots,256
02-partial-fixed-kv,contract.expert_cache.calibration_count,32
02-partial-fixed-kv,contract.expert_cache.timing_samples,128
02-partial-fixed-kv,contract.expert_cache.profile_sha256,d9621ee27a5fe4df521bbbb2e68485d88a9a82a54f9c979a93cbd508862ca400
02-partial-fixed-kv,contract.expert_cache.identity.geometry.total_layers,48
02-partial-fixed-kv,contract.expert_cache.identity.geometry.num_experts,512
02-partial-fixed-kv,contract.expert_cache.identity.geometry.hidden_size,2048
02-partial-fixed-kv,contract.expert_cache.identity.geometry.intermediate_size,128
02-partial-fixed-kv,contract.expert_cache.identity.tensor_parallel_size,4
02-partial-fixed-kv,contract.expert_cache.identity.model_config_sha256,2d483c7cabad7c8704478ed4038fa7e7b2eff840bc00a118eccbe38e2b488303
02-partial-fixed-kv,contract.expert_cache.identity.model_identity_sha256,24f6a89ba0e0435caffbb3d056425fb1fe980fca09d5a8749dfb231bd24880d8
02-partial-fixed-kv,contract.calibration_count,32
02-partial-fixed-kv,contract.evaluation_pool_count,224
02-partial-fixed-kv,contract.calibration_input_hashes_sha256,feaa8b330120d2781328031822d540c273fb008c811faa1e05e92e5b18e3958f
02-partial-fixed-kv,contract.sampling_policy,heldout-token-hash-first-unique
02-partial-fixed-kv,contract.split_scope,full-prompt-token-hashes; source-conversation-disjointness-not-claimed
02-partial-fixed-kv,memory[0].rank,0
02-partial-fixed-kv,memory[0].total_gpu_bytes,85017493504
02-partial-fixed-kv,memory[0].free_gpu_bytes,51306889216
02-partial-fixed-kv,memory[0].torch_allocated_bytes,30891672064
02-partial-fixed-kv,memory[0].torch_reserved_bytes,31591497728
02-partial-fixed-kv,memory[0].torch_peak_allocated_bytes,31492719616
02-partial-fixed-kv,memory[0].torch_peak_reserved_bytes,31591497728
02-partial-fixed-kv,memory[0].available_kv_cache_bytes,8980856832
02-partial-fixed-kv,memory[0].model_memory_bytes,21839992832
02-partial-fixed-kv,memory[0].kv_cache_allocated_bytes,8980856832
02-partial-fixed-kv,memory[0].kv_cache_declared_bytes,8980856832
02-partial-fixed-kv,memory[0].num_gpu_blocks,2687
02-partial-fixed-kv,memory[0].kv_cache_accounting_consistent,True
02-partial-fixed-kv,memory[1].rank,1
02-partial-fixed-kv,memory[1].total_gpu_bytes,85017493504
02-partial-fixed-kv,memory[1].free_gpu_bytes,51306889216
02-partial-fixed-kv,memory[1].torch_allocated_bytes,30891672064
02-partial-fixed-kv,memory[1].torch_reserved_bytes,31591497728
02-partial-fixed-kv,memory[1].torch_peak_allocated_bytes,31492719616
02-partial-fixed-kv,memory[1].torch_peak_reserved_bytes,31591497728
02-partial-fixed-kv,memory[1].available_kv_cache_bytes,8980856832
02-partial-fixed-kv,memory[1].model_memory_bytes,21839992832
02-partial-fixed-kv,memory[1].kv_cache_allocated_bytes,8980856832
02-partial-fixed-kv,memory[1].kv_cache_declared_bytes,8980856832
02-partial-fixed-kv,memory[1].num_gpu_blocks,2687
02-partial-fixed-kv,memory[1].kv_cache_accounting_consistent,True
02-partial-fixed-kv,memory[2].rank,2
02-partial-fixed-kv,memory[2].total_gpu_bytes,85017493504
02-partial-fixed-kv,memory[2].free_gpu_bytes,51306889216
02-partial-fixed-kv,memory[2].torch_allocated_bytes,30891672064
02-partial-fixed-kv,memory[2].torch_reserved_bytes,31591497728
02-partial-fixed-kv,memory[2].torch_peak_allocated_bytes,31492719616
02-partial-fixed-kv,memory[2].torch_peak_reserved_bytes,31591497728
02-partial-fixed-kv,memory[2].available_kv_cache_bytes,8980856832
02-partial-fixed-kv,memory[2].model_memory_bytes,21839992832
02-partial-fixed-kv,memory[2].kv_cache_allocated_bytes,8980856832
02-partial-fixed-kv,memory[2].kv_cache_declared_bytes,8980856832
02-partial-fixed-kv,memory[2].num_gpu_blocks,2687
02-partial-fixed-kv,memory[2].kv_cache_accounting_consistent,True
02-partial-fixed-kv,memory[3].rank,3
02-partial-fixed-kv,memory[3].total_gpu_bytes,85017493504
02-partial-fixed-kv,memory[3].free_gpu_bytes,51306889216
02-partial-fixed-kv,memory[3].torch_allocated_bytes,30891672064
02-partial-fixed-kv,memory[3].torch_reserved_bytes,31591497728
02-partial-fixed-kv,memory[3].torch_peak_allocated_bytes,31492719616
02-partial-fixed-kv,memory[3].torch_peak_reserved_bytes,31591497728
02-partial-fixed-kv,memory[3].available_kv_cache_bytes,8980856832
02-partial-fixed-kv,memory[3].model_memory_bytes,21839992832
02-partial-fixed-kv,memory[3].kv_cache_allocated_bytes,8980856832
02-partial-fixed-kv,memory[3].kv_cache_declared_bytes,8980856832
02-partial-fixed-kv,memory[3].num_gpu_blocks,2687
02-partial-fixed-kv,memory[3].kv_cache_accounting_consistent,True
02-partial-fixed-kv,final_memory[0].rank,0
02-partial-fixed-kv,final_memory[0].total_gpu_bytes,85017493504
02-partial-fixed-kv,final_memory[0].free_gpu_bytes,48368779264
02-partial-fixed-kv,final_memory[0].torch_allocated_bytes,30891679232
02-partial-fixed-kv,final_memory[0].torch_reserved_bytes,31591497728
02-partial-fixed-kv,final_memory[0].torch_peak_allocated_bytes,31192341504
02-partial-fixed-kv,final_memory[0].torch_peak_reserved_bytes,31591497728
02-partial-fixed-kv,final_memory[0].available_kv_cache_bytes,8980856832
02-partial-fixed-kv,final_memory[0].model_memory_bytes,21839992832
02-partial-fixed-kv,final_memory[0].kv_cache_allocated_bytes,8980856832
02-partial-fixed-kv,final_memory[0].kv_cache_declared_bytes,8980856832
02-partial-fixed-kv,final_memory[0].num_gpu_blocks,2687
02-partial-fixed-kv,final_memory[0].kv_cache_accounting_consistent,True
02-partial-fixed-kv,final_memory[1].rank,1
02-partial-fixed-kv,final_memory[1].total_gpu_bytes,85017493504
02-partial-fixed-kv,final_memory[1].free_gpu_bytes,48368779264
02-partial-fixed-kv,final_memory[1].torch_allocated_bytes,30891679232
02-partial-fixed-kv,final_memory[1].torch_reserved_bytes,31591497728
02-partial-fixed-kv,final_memory[1].torch_peak_allocated_bytes,31192341504
02-partial-fixed-kv,final_memory[1].torch_peak_reserved_bytes,31591497728
02-partial-fixed-kv,final_memory[1].available_kv_cache_bytes,8980856832
02-partial-fixed-kv,final_memory[1].model_memory_bytes,21839992832
02-partial-fixed-kv,final_memory[1].kv_cache_allocated_bytes,8980856832
02-partial-fixed-kv,final_memory[1].kv_cache_declared_bytes,8980856832
02-partial-fixed-kv,final_memory[1].num_gpu_blocks,2687
02-partial-fixed-kv,final_memory[1].kv_cache_accounting_consistent,True
02-partial-fixed-kv,final_memory[2].rank,2
02-partial-fixed-kv,final_memory[2].total_gpu_bytes,85017493504
02-partial-fixed-kv,final_memory[2].free_gpu_bytes,48368779264
02-partial-fixed-kv,final_memory[2].torch_allocated_bytes,30891679232
02-partial-fixed-kv,final_memory[2].torch_reserved_bytes,31591497728
02-partial-fixed-kv,final_memory[2].torch_peak_allocated_bytes,31192341504
02-partial-fixed-kv,final_memory[2].torch_peak_reserved_bytes,31591497728
02-partial-fixed-kv,final_memory[2].available_kv_cache_bytes,8980856832
02-partial-fixed-kv,final_memory[2].model_memory_bytes,21839992832
02-partial-fixed-kv,final_memory[2].kv_cache_allocated_bytes,8980856832
02-partial-fixed-kv,final_memory[2].kv_cache_declared_bytes,8980856832
02-partial-fixed-kv,final_memory[2].num_gpu_blocks,2687
02-partial-fixed-kv,final_memory[2].kv_cache_accounting_consistent,True
02-partial-fixed-kv,final_memory[3].rank,3
02-partial-fixed-kv,final_memory[3].total_gpu_bytes,85017493504
02-partial-fixed-kv,final_memory[3].free_gpu_bytes,48368779264
02-partial-fixed-kv,final_memory[3].torch_allocated_bytes,30891679232
02-partial-fixed-kv,final_memory[3].torch_reserved_bytes,31591497728
02-partial-fixed-kv,final_memory[3].torch_peak_allocated_bytes,31192341504
02-partial-fixed-kv,final_memory[3].torch_peak_reserved_bytes,31591497728
02-partial-fixed-kv,final_memory[3].available_kv_cache_bytes,8980856832
02-partial-fixed-kv,final_memory[3].model_memory_bytes,21839992832
02-partial-fixed-kv,final_memory[3].kv_cache_allocated_bytes,8980856832
02-partial-fixed-kv,final_memory[3].kv_cache_declared_bytes,8980856832
02-partial-fixed-kv,final_memory[3].num_gpu_blocks,2687
02-partial-fixed-kv,final_memory[3].kv_cache_accounting_consistent,True
02-partial-fixed-kv,hardware_budget.total_gpu_bytes_by_rank[0],85017493504
02-partial-fixed-kv,hardware_budget.total_gpu_bytes_by_rank[1],85017493504
02-partial-fixed-kv,hardware_budget.total_gpu_bytes_by_rank[2],85017493504
02-partial-fixed-kv,hardware_budget.total_gpu_bytes_by_rank[3],85017493504
02-partial-fixed-kv,hardware_budget.requested_gpu_bytes_by_rank[0],51010496102
02-partial-fixed-kv,hardware_budget.requested_gpu_bytes_by_rank[1],51010496102
02-partial-fixed-kv,hardware_budget.requested_gpu_bytes_by_rank[2],51010496102
02-partial-fixed-kv,hardware_budget.requested_gpu_bytes_by_rank[3],51010496102
02-partial-fixed-kv,smoke.elapsed_s,20.921313598752022
02-partial-fixed-kv,smoke.generated_tokens,8
02-partial-fixed-kv,smoke.request_count,1
02-partial-fixed-kv,smoke.output_tokens_per_second,0.3823851672715813
02-partial-fixed-kv,smoke.latency_available_requests,0
02-partial-fixed-kv,smoke.ttft_available_requests,0
02-partial-fixed-kv,smoke.ttft_median_s,
02-partial-fixed-kv,smoke.request_latency_median_s,
02-partial-fixed-kv,smoke.input_sha256,17f2a44427ea95c77ac3a8fa8b47048c812b09533a104b80986621be6e484bf7
02-partial-fixed-kv,smoke.output_sha256,b512fd12a4a5eace21091c769d8bf4d4bf5d2f1a5577411243f4c11e02c6d54d
02-partial-fixed-kv,repetitions[0].repetition,0
02-partial-fixed-kv,repetitions[0].elapsed_s,5.9037462528795
02-partial-fixed-kv,repetitions[0].generated_tokens,8
02-partial-fixed-kv,repetitions[0].request_count,1
02-partial-fixed-kv,repetitions[0].output_tokens_per_second,1.3550717895604119
02-partial-fixed-kv,repetitions[0].latency_available_requests,0
02-partial-fixed-kv,repetitions[0].ttft_available_requests,0
02-partial-fixed-kv,repetitions[0].ttft_median_s,
02-partial-fixed-kv,repetitions[0].request_latency_median_s,
02-partial-fixed-kv,repetitions[0].output_sha256,b512fd12a4a5eace21091c769d8bf4d4bf5d2f1a5577411243f4c11e02c6d54d
02-partial-fixed-kv,repetitions[0].timing_available,True
02-partial-fixed-kv,repetitions[0].diagnostics.h2d_bytes,57485033472
02-partial-fixed-kv,repetitions[0].diagnostics.copy_launches,1288
02-partial-fixed-kv,repetitions[0].diagnostics.startup_resident_h2d_bytes,0
02-partial-fixed-kv,repetitions[0].diagnostics.promotion_d2d_bytes,0
02-partial-fixed-kv,repetitions[0].diagnostics.metadata_h2d_bytes,3145728
02-partial-fixed-kv,repetitions[0].diagnostics.unique_demands,96848
02-partial-fixed-kv,repetitions[0].diagnostics.resident_hits,59168
02-partial-fixed-kv,repetitions[0].diagnostics.timing.route_d2h_s,2.169995523057878
02-partial-fixed-kv,repetitions[0].diagnostics.timing.policy_cpu_s,0.20597145380452275
02-partial-fixed-kv,repetitions[0].diagnostics.timing.host_reuse_wait_s,0.007177284453064203
02-partial-fixed-kv,repetitions[0].diagnostics.timing.host_gather_s,13.508993180468678
02-partial-fixed-kv,repetitions[0].diagnostics.timing.h2d_enqueue_s,0.06960740592330694
02-partial-fixed-kv,repetitions[0].diagnostics.timing.compute_enqueue_s,0.6691730553284287
02-partial-fixed-kv,repetitions[0].diagnostics.timing.cuda_sample_count,52
02-partial-fixed-kv,repetitions[0].diagnostics.timing.load_cuda_s,0.04904524840973318
02-partial-fixed-kv,repetitions[0].diagnostics.timing.compute_cuda_s,0.022134623855352403
02-partial-fixed-kv,repetitions[0].diagnostics.timing.promotion_cuda_s,0.00043590400181710726
02-partial-fixed-kv,repetitions[0].diagnostics.policy.observations,1536
02-partial-fixed-kv,repetitions[0].diagnostics.policy.unique_demands,96848
02-partial-fixed-kv,repetitions[0].diagnostics.policy.completed_forwards,32
02-partial-fixed-kv,repetitions[0].diagnostics.policy.decay_events,0
02-partial-fixed-kv,repetitions[0].diagnostics.policy.cache_hits,1132
02-partial-fixed-kv,repetitions[0].diagnostics.policy.cache_misses,36548
02-partial-fixed-kv,repetitions[0].diagnostics.policy.admissions,0
02-partial-fixed-kv,repetitions[0].diagnostics.policy.evictions,0
02-partial-fixed-kv,repetitions[0].diagnostics.policy.cache_bypasses,36548
02-partial-fixed-kv,repetitions[0].diagnostics.policy.reconfigurations,0
02-partial-fixed-kv,repetitions[0].diagnostics.policy.cache_hit_ratio,0.030042462845010616
02-partial-fixed-kv,repetitions[0].diagnostics.per_rank[0].h2d_bytes,14371258368
02-partial-fixed-kv,repetitions[0].diagnostics.per_rank[0].copy_launches,322
02-partial-fixed-kv,repetitions[0].diagnostics.per_rank[0].startup_resident_h2d_bytes,0
02-partial-fixed-kv,repetitions[0].diagnostics.per_rank[0].promotion_d2d_bytes,0
02-partial-fixed-kv,repetitions[0].diagnostics.per_rank[0].metadata_h2d_bytes,786432
02-partial-fixed-kv,repetitions[0].diagnostics.per_rank[0].unique_demands,24212
02-partial-fixed-kv,repetitions[0].diagnostics.per_rank[0].resident_hits,14792
02-partial-fixed-kv,repetitions[0].diagnostics.per_rank[0].timing.route_d2h_s,0.2269428544677794
02-partial-fixed-kv,repetitions[0].diagnostics.per_rank[0].timing.policy_cpu_s,0.05298271402716637
02-partial-fixed-kv,repetitions[0].diagnostics.per_rank[0].timing.host_reuse_wait_s,0.0019221305847167969
02-partial-fixed-kv,repetitions[0].diagnostics.per_rank[0].timing.host_gather_s,4.547661541495472
02-partial-fixed-kv,repetitions[0].diagnostics.per_rank[0].timing.h2d_enqueue_s,0.019601904787123203
02-partial-fixed-kv,repetitions[0].diagnostics.per_rank[0].timing.compute_enqueue_s,0.17101877462118864
02-partial-fixed-kv,repetitions[0].diagnostics.per_rank[0].timing.cuda_sample_count,13
02-partial-fixed-kv,repetitions[0].diagnostics.per_rank[0].timing.load_cuda_s,0.012172064242884518
02-partial-fixed-kv,repetitions[0].diagnostics.per_rank[0].timing.compute_cuda_s,0.005623615950345993
02-partial-fixed-kv,repetitions[0].diagnostics.per_rank[0].timing.promotion_cuda_s,0.00011635199957527222
02-partial-fixed-kv,repetitions[0].diagnostics.per_rank[0].policy.observations,384
02-partial-fixed-kv,repetitions[0].diagnostics.per_rank[0].policy.unique_demands,24212
02-partial-fixed-kv,repetitions[0].diagnostics.per_rank[0].policy.completed_forwards,8
02-partial-fixed-kv,repetitions[0].diagnostics.per_rank[0].policy.decay_events,0
02-partial-fixed-kv,repetitions[0].diagnostics.per_rank[0].policy.cache_hits,283
02-partial-fixed-kv,repetitions[0].diagnostics.per_rank[0].policy.cache_misses,9137
02-partial-fixed-kv,repetitions[0].diagnostics.per_rank[0].policy.admissions,0
02-partial-fixed-kv,repetitions[0].diagnostics.per_rank[0].policy.evictions,0
02-partial-fixed-kv,repetitions[0].diagnostics.per_rank[0].policy.cache_bypasses,9137
02-partial-fixed-kv,repetitions[0].diagnostics.per_rank[0].policy.reconfigurations,0
02-partial-fixed-kv,repetitions[0].diagnostics.per_rank[0].policy.cache_hit_ratio,0.030042462845010616
02-partial-fixed-kv,repetitions[0].diagnostics.per_rank[0].rank,0
02-partial-fixed-kv,repetitions[0].diagnostics.per_rank[0].forward_counts[0],8
02-partial-fixed-kv,repetitions[0].diagnostics.per_rank[0].forward_counts[1],8
02-partial-fixed-kv,repetitions[0].diagnostics.per_rank[0].forward_counts[2],8
02-partial-fixed-kv,repetitions[0].diagnostics.per_rank[0].forward_counts[3],8
02-partial-fixed-kv,repetitions[0].diagnostics.per_rank[0].forward_counts[4],8
02-partial-fixed-kv,repetitions[0].diagnostics.per_rank[0].forward_counts[5],8
02-partial-fixed-kv,repetitions[0].diagnostics.per_rank[0].forward_counts[6],8
02-partial-fixed-kv,repetitions[0].diagnostics.per_rank[0].forward_counts[7],8
02-partial-fixed-kv,repetitions[0].diagnostics.per_rank[0].forward_counts[8],8
02-partial-fixed-kv,repetitions[0].diagnostics.per_rank[0].forward_counts[9],8
02-partial-fixed-kv,repetitions[0].diagnostics.per_rank[0].forward_counts[10],8
02-partial-fixed-kv,repetitions[0].diagnostics.per_rank[0].forward_counts[11],8
02-partial-fixed-kv,repetitions[0].diagnostics.per_rank[0].forward_counts[12],8
02-partial-fixed-kv,repetitions[0].diagnostics.per_rank[0].forward_counts[13],8
02-partial-fixed-kv,repetitions[0].diagnostics.per_rank[0].forward_counts[14],8
02-partial-fixed-kv,repetitions[0].diagnostics.per_rank[0].forward_counts[15],8
02-partial-fixed-kv,repetitions[0].diagnostics.per_rank[0].forward_counts[16],8
02-partial-fixed-kv,repetitions[0].diagnostics.per_rank[0].forward_counts[17],8
02-partial-fixed-kv,repetitions[0].diagnostics.per_rank[0].forward_counts[18],8
02-partial-fixed-kv,repetitions[0].diagnostics.per_rank[0].forward_counts[19],8
02-partial-fixed-kv,repetitions[0].diagnostics.per_rank[0].forward_counts[20],8
02-partial-fixed-kv,repetitions[0].diagnostics.per_rank[0].forward_counts[21],8
02-partial-fixed-kv,repetitions[0].diagnostics.per_rank[0].forward_counts[22],8
02-partial-fixed-kv,repetitions[0].diagnostics.per_rank[0].forward_counts[23],8
02-partial-fixed-kv,repetitions[0].diagnostics.per_rank[0].forward_counts[24],8
02-partial-fixed-kv,repetitions[0].diagnostics.per_rank[0].forward_counts[25],8
02-partial-fixed-kv,repetitions[0].diagnostics.per_rank[0].forward_counts[26],8
02-partial-fixed-kv,repetitions[0].diagnostics.per_rank[0].forward_counts[27],8
02-partial-fixed-kv,repetitions[0].diagnostics.per_rank[0].forward_counts[28],8
02-partial-fixed-kv,repetitions[0].diagnostics.per_rank[0].forward_counts[29],8
02-partial-fixed-kv,repetitions[0].diagnostics.per_rank[0].forward_counts[30],8
02-partial-fixed-kv,repetitions[0].diagnostics.per_rank[0].forward_counts[31],8
02-partial-fixed-kv,repetitions[0].diagnostics.per_rank[0].forward_counts[32],8
02-partial-fixed-kv,repetitions[0].diagnostics.per_rank[0].forward_counts[33],8
02-partial-fixed-kv,repetitions[0].diagnostics.per_rank[0].forward_counts[34],8
02-partial-fixed-kv,repetitions[0].diagnostics.per_rank[0].forward_counts[35],8
02-partial-fixed-kv,repetitions[0].diagnostics.per_rank[0].forward_counts[36],8
02-partial-fixed-kv,repetitions[0].diagnostics.per_rank[0].forward_counts[37],8
02-partial-fixed-kv,repetitions[0].diagnostics.per_rank[0].forward_counts[38],8
02-partial-fixed-kv,repetitions[0].diagnostics.per_rank[0].forward_counts[39],8
02-partial-fixed-kv,repetitions[0].diagnostics.per_rank[0].forward_counts[40],8
02-partial-fixed-kv,repetitions[0].diagnostics.per_rank[0].forward_counts[41],8
02-partial-fixed-kv,repetitions[0].diagnostics.per_rank[0].forward_counts[42],8
02-partial-fixed-kv,repetitions[0].diagnostics.per_rank[0].forward_counts[43],8
02-partial-fixed-kv,repetitions[0].diagnostics.per_rank[0].forward_counts[44],8
02-partial-fixed-kv,repetitions[0].diagnostics.per_rank[0].forward_counts[45],8
02-partial-fixed-kv,repetitions[0].diagnostics.per_rank[0].forward_counts[46],8
02-partial-fixed-kv,repetitions[0].diagnostics.per_rank[0].forward_counts[47],8
02-partial-fixed-kv,repetitions[0].diagnostics.per_rank[0].per_layer_unique_demands[0],568
02-partial-fixed-kv,repetitions[0].diagnostics.per_rank[0].per_layer_unique_demands[1],506
02-partial-fixed-kv,repetitions[0].diagnostics.per_rank[0].per_layer_unique_demands[2],579
02-partial-fixed-kv,repetitions[0].diagnostics.per_rank[0].per_layer_unique_demands[3],492
02-partial-fixed-kv,repetitions[0].diagnostics.per_rank[0].per_layer_unique_demands[4],485
02-partial-fixed-kv,repetitions[0].diagnostics.per_rank[0].per_layer_unique_demands[5],529
02-partial-fixed-kv,repetitions[0].diagnostics.per_rank[0].per_layer_unique_demands[6],560
02-partial-fixed-kv,repetitions[0].diagnostics.per_rank[0].per_layer_unique_demands[7],554
02-partial-fixed-kv,repetitions[0].diagnostics.per_rank[0].per_layer_unique_demands[8],516
02-partial-fixed-kv,repetitions[0].diagnostics.per_rank[0].per_layer_unique_demands[9],459
02-partial-fixed-kv,repetitions[0].diagnostics.per_rank[0].per_layer_unique_demands[10],470
02-partial-fixed-kv,repetitions[0].diagnostics.per_rank[0].per_layer_unique_demands[11],485
02-partial-fixed-kv,repetitions[0].diagnostics.per_rank[0].per_layer_unique_demands[12],435
02-partial-fixed-kv,repetitions[0].diagnostics.per_rank[0].per_layer_unique_demands[13],456
02-partial-fixed-kv,repetitions[0].diagnostics.per_rank[0].per_layer_unique_demands[14],498
02-partial-fixed-kv,repetitions[0].diagnostics.per_rank[0].per_layer_unique_demands[15],528
02-partial-fixed-kv,repetitions[0].diagnostics.per_rank[0].per_layer_unique_demands[16],495
02-partial-fixed-kv,repetitions[0].diagnostics.per_rank[0].per_layer_unique_demands[17],530
02-partial-fixed-kv,repetitions[0].diagnostics.per_rank[0].per_layer_unique_demands[18],564
02-partial-fixed-kv,repetitions[0].diagnostics.per_rank[0].per_layer_unique_demands[19],557
02-partial-fixed-kv,repetitions[0].diagnostics.per_rank[0].per_layer_unique_demands[20],512
02-partial-fixed-kv,repetitions[0].diagnostics.per_rank[0].per_layer_unique_demands[21],455
02-partial-fixed-kv,repetitions[0].diagnostics.per_rank[0].per_layer_unique_demands[22],482
02-partial-fixed-kv,repetitions[0].diagnostics.per_rank[0].per_layer_unique_demands[23],495
02-partial-fixed-kv,repetitions[0].diagnostics.per_rank[0].per_layer_unique_demands[24],463
02-partial-fixed-kv,repetitions[0].diagnostics.per_rank[0].per_layer_unique_demands[25],475
02-partial-fixed-kv,repetitions[0].diagnostics.per_rank[0].per_layer_unique_demands[26],509
02-partial-fixed-kv,repetitions[0].diagnostics.per_rank[0].per_layer_unique_demands[27],545
02-partial-fixed-kv,repetitions[0].diagnostics.per_rank[0].per_layer_unique_demands[28],516
02-partial-fixed-kv,repetitions[0].diagnostics.per_rank[0].per_layer_unique_demands[29],539
02-partial-fixed-kv,repetitions[0].diagnostics.per_rank[0].per_layer_unique_demands[30],559
02-partial-fixed-kv,repetitions[0].diagnostics.per_rank[0].per_layer_unique_demands[31],556
02-partial-fixed-kv,repetitions[0].diagnostics.per_rank[0].per_layer_unique_demands[32],528
02-partial-fixed-kv,repetitions[0].diagnostics.per_rank[0].per_layer_unique_demands[33],465
02-partial-fixed-kv,repetitions[0].diagnostics.per_rank[0].per_layer_unique_demands[34],483
02-partial-fixed-kv,repetitions[0].diagnostics.per_rank[0].per_layer_unique_demands[35],498
02-partial-fixed-kv,repetitions[0].diagnostics.per_rank[0].per_layer_unique_demands[36],470
02-partial-fixed-kv,repetitions[0].diagnostics.per_rank[0].per_layer_unique_demands[37],479
02-partial-fixed-kv,repetitions[0].diagnostics.per_rank[0].per_layer_unique_demands[38],510
02-partial-fixed-kv,repetitions[0].diagnostics.per_rank[0].per_layer_unique_demands[39],524
02-partial-fixed-kv,repetitions[0].diagnostics.per_rank[0].per_layer_unique_demands[40],530
02-partial-fixed-kv,repetitions[0].diagnostics.per_rank[0].per_layer_unique_demands[41],513
02-partial-fixed-kv,repetitions[0].diagnostics.per_rank[0].per_layer_unique_demands[42],477
02-partial-fixed-kv,repetitions[0].diagnostics.per_rank[0].per_layer_unique_demands[43],482
02-partial-fixed-kv,repetitions[0].diagnostics.per_rank[0].per_layer_unique_demands[44],469
02-partial-fixed-kv,repetitions[0].diagnostics.per_rank[0].per_layer_unique_demands[45],456
02-partial-fixed-kv,repetitions[0].diagnostics.per_rank[0].per_layer_unique_demands[46],463
02-partial-fixed-kv,repetitions[0].diagnostics.per_rank[0].per_layer_unique_demands[47],493
02-partial-fixed-kv,repetitions[0].diagnostics.per_rank[0].per_layer_mean_unique_coverage[0],0.138671875
02-partial-fixed-kv,repetitions[0].diagnostics.per_rank[0].per_layer_mean_unique_coverage[1],0.12353515625
02-partial-fixed-kv,repetitions[0].diagnostics.per_rank[0].per_layer_mean_unique_coverage[2],0.141357421875
02-partial-fixed-kv,repetitions[0].diagnostics.per_rank[0].per_layer_mean_unique_coverage[3],0.1201171875
02-partial-fixed-kv,repetitions[0].diagnostics.per_rank[0].per_layer_mean_unique_coverage[4],0.118408203125
02-partial-fixed-kv,repetitions[0].diagnostics.per_rank[0].per_layer_mean_unique_coverage[5],0.129150390625
02-partial-fixed-kv,repetitions[0].diagnostics.per_rank[0].per_layer_mean_unique_coverage[6],0.13671875
02-partial-fixed-kv,repetitions[0].diagnostics.per_rank[0].per_layer_mean_unique_coverage[7],0.13525390625
02-partial-fixed-kv,repetitions[0].diagnostics.per_rank[0].per_layer_mean_unique_coverage[8],0.1259765625
02-partial-fixed-kv,repetitions[0].diagnostics.per_rank[0].per_layer_mean_unique_coverage[9],0.112060546875
02-partial-fixed-kv,repetitions[0].diagnostics.per_rank[0].per_layer_mean_unique_coverage[10],0.11474609375
02-partial-fixed-kv,repetitions[0].diagnostics.per_rank[0].per_layer_mean_unique_coverage[11],0.118408203125
02-partial-fixed-kv,repetitions[0].diagnostics.per_rank[0].per_layer_mean_unique_coverage[12],0.106201171875
02-partial-fixed-kv,repetitions[0].diagnostics.per_rank[0].per_layer_mean_unique_coverage[13],0.111328125
02-partial-fixed-kv,repetitions[0].diagnostics.per_rank[0].per_layer_mean_unique_coverage[14],0.12158203125
02-partial-fixed-kv,repetitions[0].diagnostics.per_rank[0].per_layer_mean_unique_coverage[15],0.12890625
02-partial-fixed-kv,repetitions[0].diagnostics.per_rank[0].per_layer_mean_unique_coverage[16],0.120849609375
02-partial-fixed-kv,repetitions[0].diagnostics.per_rank[0].per_layer_mean_unique_coverage[17],0.12939453125
02-partial-fixed-kv,repetitions[0].diagnostics.per_rank[0].per_layer_mean_unique_coverage[18],0.1376953125
02-partial-fixed-kv,repetitions[0].diagnostics.per_rank[0].per_layer_mean_unique_coverage[19],0.135986328125
02-partial-fixed-kv,repetitions[0].diagnostics.per_rank[0].per_layer_mean_unique_coverage[20],0.125
02-partial-fixed-kv,repetitions[0].diagnostics.per_rank[0].per_layer_mean_unique_coverage[21],0.111083984375
02-partial-fixed-kv,repetitions[0].diagnostics.per_rank[0].per_layer_mean_unique_coverage[22],0.11767578125
02-partial-fixed-kv,repetitions[0].diagnostics.per_rank[0].per_layer_mean_unique_coverage[23],0.120849609375
02-partial-fixed-kv,repetitions[0].diagnostics.per_rank[0].per_layer_mean_unique_coverage[24],0.113037109375
02-partial-fixed-kv,repetitions[0].diagnostics.per_rank[0].per_layer_mean_unique_coverage[25],0.115966796875
02-partial-fixed-kv,repetitions[0].diagnostics.per_rank[0].per_layer_mean_unique_coverage[26],0.124267578125
02-partial-fixed-kv,repetitions[0].diagnostics.per_rank[0].per_layer_mean_unique_coverage[27],0.133056640625
02-partial-fixed-kv,repetitions[0].diagnostics.per_rank[0].per_layer_mean_unique_coverage[28],0.1259765625
02-partial-fixed-kv,repetitions[0].diagnostics.per_rank[0].per_layer_mean_unique_coverage[29],0.131591796875
02-partial-fixed-kv,repetitions[0].diagnostics.per_rank[0].per_layer_mean_unique_coverage[30],0.136474609375
02-partial-fixed-kv,repetitions[0].diagnostics.per_rank[0].per_layer_mean_unique_coverage[31],0.1357421875
02-partial-fixed-kv,repetitions[0].diagnostics.per_rank[0].per_layer_mean_unique_coverage[32],0.12890625
02-partial-fixed-kv,repetitions[0].diagnostics.per_rank[0].per_layer_mean_unique_coverage[33],0.113525390625
02-partial-fixed-kv,repetitions[0].diagnostics.per_rank[0].per_layer_mean_unique_coverage[34],0.117919921875
02-partial-fixed-kv,repetitions[0].diagnostics.per_rank[0].per_layer_mean_unique_coverage[35],0.12158203125
02-partial-fixed-kv,repetitions[0].diagnostics.per_rank[0].per_layer_mean_unique_coverage[36],0.11474609375
02-partial-fixed-kv,repetitions[0].diagnostics.per_rank[0].per_layer_mean_unique_coverage[37],0.116943359375
02-partial-fixed-kv,repetitions[0].diagnostics.per_rank[0].per_layer_mean_unique_coverage[38],0.12451171875
02-partial-fixed-kv,repetitions[0].diagnostics.per_rank[0].per_layer_mean_unique_coverage[39],0.1279296875
02-partial-fixed-kv,repetitions[0].diagnostics.per_rank[0].per_layer_mean_unique_coverage[40],0.12939453125
02-partial-fixed-kv,repetitions[0].diagnostics.per_rank[0].per_layer_mean_unique_coverage[41],0.125244140625
02-partial-fixed-kv,repetitions[0].diagnostics.per_rank[0].per_layer_mean_unique_coverage[42],0.116455078125
02-partial-fixed-kv,repetitions[0].diagnostics.per_rank[0].per_layer_mean_unique_coverage[43],0.11767578125
02-partial-fixed-kv,repetitions[0].diagnostics.per_rank[0].per_layer_mean_unique_coverage[44],0.114501953125
02-partial-fixed-kv,repetitions[0].diagnostics.per_rank[0].per_layer_mean_unique_coverage[45],0.111328125
02-partial-fixed-kv,repetitions[0].diagnostics.per_rank[0].per_layer_mean_unique_coverage[46],0.113037109375
02-partial-fixed-kv,repetitions[0].diagnostics.per_rank[0].per_layer_mean_unique_coverage[47],0.120361328125
02-partial-fixed-kv,repetitions[0].diagnostics.per_rank[0].gauge_snapshot.max_unique_per_forward,509
02-partial-fixed-kv,repetitions[0].diagnostics.per_rank[0].gauge_snapshot.mean_unique_coverage,0.10698070860745613
02-partial-fixed-kv,repetitions[0].diagnostics.per_rank[0].gauge_snapshot.per_layer_max_unique_per_forward[0],498
02-partial-fixed-kv,repetitions[0].diagnostics.per_rank[0].gauge_snapshot.per_layer_max_unique_per_forward[1],436
02-partial-fixed-kv,repetitions[0].diagnostics.per_rank[0].gauge_snapshot.per_layer_max_unique_per_forward[2],509
02-partial-fixed-kv,repetitions[0].diagnostics.per_rank[0].gauge_snapshot.per_layer_max_unique_per_forward[3],422
02-partial-fixed-kv,repetitions[0].diagnostics.per_rank[0].gauge_snapshot.per_layer_max_unique_per_forward[4],415
02-partial-fixed-kv,repetitions[0].diagnostics.per_rank[0].gauge_snapshot.per_layer_max_unique_per_forward[5],459
02-partial-fixed-kv,repetitions[0].diagnostics.per_rank[0].gauge_snapshot.per_layer_max_unique_per_forward[6],491
02-partial-fixed-kv,repetitions[0].diagnostics.per_rank[0].gauge_snapshot.per_layer_max_unique_per_forward[7],484
02-partial-fixed-kv,repetitions[0].diagnostics.per_rank[0].gauge_snapshot.per_layer_max_unique_per_forward[8],446
02-partial-fixed-kv,repetitions[0].diagnostics.per_rank[0].gauge_snapshot.per_layer_max_unique_per_forward[9],389
02-partial-fixed-kv,repetitions[0].diagnostics.per_rank[0].gauge_snapshot.per_layer_max_unique_per_forward[10],400
02-partial-fixed-kv,repetitions[0].diagnostics.per_rank[0].gauge_snapshot.per_layer_max_unique_per_forward[11],415
02-partial-fixed-kv,repetitions[0].diagnostics.per_rank[0].gauge_snapshot.per_layer_max_unique_per_forward[12],367
02-partial-fixed-kv,repetitions[0].diagnostics.per_rank[0].gauge_snapshot.per_layer_max_unique_per_forward[13],388
02-partial-fixed-kv,repetitions[0].diagnostics.per_rank[0].gauge_snapshot.per_layer_max_unique_per_forward[14],428
02-partial-fixed-kv,repetitions[0].diagnostics.per_rank[0].gauge_snapshot.per_layer_max_unique_per_forward[15],458
02-partial-fixed-kv,repetitions[0].diagnostics.per_rank[0].gauge_snapshot.per_layer_max_unique_per_forward[16],426
02-partial-fixed-kv,repetitions[0].diagnostics.per_rank[0].gauge_snapshot.per_layer_max_unique_per_forward[17],461
02-partial-fixed-kv,repetitions[0].diagnostics.per_rank[0].gauge_snapshot.per_layer_max_unique_per_forward[18],494
02-partial-fixed-kv,repetitions[0].diagnostics.per_rank[0].gauge_snapshot.per_layer_max_unique_per_forward[19],487
02-partial-fixed-kv,repetitions[0].diagnostics.per_rank[0].gauge_snapshot.per_layer_max_unique_per_forward[20],443
02-partial-fixed-kv,repetitions[0].diagnostics.per_rank[0].gauge_snapshot.per_layer_max_unique_per_forward[21],387
02-partial-fixed-kv,repetitions[0].diagnostics.per_rank[0].gauge_snapshot.per_layer_max_unique_per_forward[22],412
02-partial-fixed-kv,repetitions[0].diagnostics.per_rank[0].gauge_snapshot.per_layer_max_unique_per_forward[23],425
02-partial-fixed-kv,repetitions[0].diagnostics.per_rank[0].gauge_snapshot.per_layer_max_unique_per_forward[24],393
02-partial-fixed-kv,repetitions[0].diagnostics.per_rank[0].gauge_snapshot.per_layer_max_unique_per_forward[25],405
02-partial-fixed-kv,repetitions[0].diagnostics.per_rank[0].gauge_snapshot.per_layer_max_unique_per_forward[26],443
02-partial-fixed-kv,repetitions[0].diagnostics.per_rank[0].gauge_snapshot.per_layer_max_unique_per_forward[27],475
02-partial-fixed-kv,repetitions[0].diagnostics.per_rank[0].gauge_snapshot.per_layer_max_unique_per_forward[28],446
02-partial-fixed-kv,repetitions[0].diagnostics.per_rank[0].gauge_snapshot.per_layer_max_unique_per_forward[29],469
02-partial-fixed-kv,repetitions[0].diagnostics.per_rank[0].gauge_snapshot.per_layer_max_unique_per_forward[30],489
02-partial-fixed-kv,repetitions[0].diagnostics.per_rank[0].gauge_snapshot.per_layer_max_unique_per_forward[31],486
02-partial-fixed-kv,repetitions[0].diagnostics.per_rank[0].gauge_snapshot.per_layer_max_unique_per_forward[32],458
02-partial-fixed-kv,repetitions[0].diagnostics.per_rank[0].gauge_snapshot.per_layer_max_unique_per_forward[33],395
02-partial-fixed-kv,repetitions[0].diagnostics.per_rank[0].gauge_snapshot.per_layer_max_unique_per_forward[34],413
02-partial-fixed-kv,repetitions[0].diagnostics.per_rank[0].gauge_snapshot.per_layer_max_unique_per_forward[35],428
02-partial-fixed-kv,repetitions[0].diagnostics.per_rank[0].gauge_snapshot.per_layer_max_unique_per_forward[36],401
02-partial-fixed-kv,repetitions[0].diagnostics.per_rank[0].gauge_snapshot.per_layer_max_unique_per_forward[37],410
02-partial-fixed-kv,repetitions[0].diagnostics.per_rank[0].gauge_snapshot.per_layer_max_unique_per_forward[38],442
02-partial-fixed-kv,repetitions[0].diagnostics.per_rank[0].gauge_snapshot.per_layer_max_unique_per_forward[39],454
02-partial-fixed-kv,repetitions[0].diagnostics.per_rank[0].gauge_snapshot.per_layer_max_unique_per_forward[40],460
02-partial-fixed-kv,repetitions[0].diagnostics.per_rank[0].gauge_snapshot.per_layer_max_unique_per_forward[41],443
02-partial-fixed-kv,repetitions[0].diagnostics.per_rank[0].gauge_snapshot.per_layer_max_unique_per_forward[42],412
02-partial-fixed-kv,repetitions[0].diagnostics.per_rank[0].gauge_snapshot.per_layer_max_unique_per_forward[43],412
02-partial-fixed-kv,repetitions[0].diagnostics.per_rank[0].gauge_snapshot.per_layer_max_unique_per_forward[44],399
02-partial-fixed-kv,repetitions[0].diagnostics.per_rank[0].gauge_snapshot.per_layer_max_unique_per_forward[45],386
02-partial-fixed-kv,repetitions[0].diagnostics.per_rank[0].gauge_snapshot.per_layer_max_unique_per_forward[46],393
02-partial-fixed-kv,repetitions[0].diagnostics.per_rank[0].gauge_snapshot.per_layer_max_unique_per_forward[47],424
02-partial-fixed-kv,repetitions[0].diagnostics.per_rank[0].policy_snapshot.resident_experts,12288
02-partial-fixed-kv,repetitions[0].diagnostics.per_rank[0].policy_snapshot.cache_slots,256
02-partial-fixed-kv,repetitions[0].diagnostics.per_rank[0].policy_snapshot.cache_entries,256
02-partial-fixed-kv,repetitions[0].diagnostics.per_rank[0].policy_snapshot.cache_hit_ratio,0.01768480358912828
02-partial-fixed-kv,repetitions[0].diagnostics.per_rank[0].kernel_config_records.capacity,64
02-partial-fixed-kv,repetitions[0].diagnostics.per_rank[0].kernel_config_records.unrecorded_selections,0
02-partial-fixed-kv,repetitions[0].diagnostics.per_rank[0].kernel_config_records.records[0].chunk_tokens,8192
02-partial-fixed-kv,repetitions[0].diagnostics.per_rank[0].kernel_config_records.records[0].top_k,10
02-partial-fixed-kv,repetitions[0].diagnostics.per_rank[0].kernel_config_records.records[0].selections,96
02-partial-fixed-kv,repetitions[0].diagnostics.per_rank[0].kernel_config_records.records[0].w13_shape[0],512
02-partial-fixed-kv,repetitions[0].diagnostics.per_rank[0].kernel_config_records.records[0].w13_shape[1],256
02-partial-fixed-kv,repetitions[0].diagnostics.per_rank[0].kernel_config_records.records[0].w13_shape[2],2048
02-partial-fixed-kv,repetitions[0].diagnostics.per_rank[0].kernel_config_records.records[0].w2_shape[0],512
02-partial-fixed-kv,repetitions[0].diagnostics.per_rank[0].kernel_config_records.records[0].w2_shape[1],2048
02-partial-fixed-kv,repetitions[0].diagnostics.per_rank[0].kernel_config_records.records[0].w2_shape[2],128
02-partial-fixed-kv,repetitions[0].diagnostics.per_rank[0].kernel_config_records.records[0].config.BLOCK_SIZE_K,64
02-partial-fixed-kv,repetitions[0].diagnostics.per_rank[0].kernel_config_records.records[0].config.BLOCK_SIZE_M,128
02-partial-fixed-kv,repetitions[0].diagnostics.per_rank[0].kernel_config_records.records[0].config.BLOCK_SIZE_N,128
02-partial-fixed-kv,repetitions[0].diagnostics.per_rank[0].kernel_config_records.records[0].config.GROUP_SIZE_M,64
02-partial-fixed-kv,repetitions[0].diagnostics.per_rank[0].kernel_config_records.records[0].config.num_stages,3
02-partial-fixed-kv,repetitions[0].diagnostics.per_rank[0].kernel_config_records.records[0].config.num_warps,8
02-partial-fixed-kv,repetitions[0].diagnostics.per_rank[0].kernel_config_records.records[1].chunk_tokens,1
02-partial-fixed-kv,repetitions[0].diagnostics.per_rank[0].kernel_config_records.records[1].top_k,10
02-partial-fixed-kv,repetitions[0].diagnostics.per_rank[0].kernel_config_records.records[1].selections,720
02-partial-fixed-kv,repetitions[0].diagnostics.per_rank[0].kernel_config_records.records[1].w13_shape[0],512
02-partial-fixed-kv,repetitions[0].diagnostics.per_rank[0].kernel_config_records.records[1].w13_shape[1],256
02-partial-fixed-kv,repetitions[0].diagnostics.per_rank[0].kernel_config_records.records[1].w13_shape[2],2048
02-partial-fixed-kv,repetitions[0].diagnostics.per_rank[0].kernel_config_records.records[1].w2_shape[0],512
02-partial-fixed-kv,repetitions[0].diagnostics.per_rank[0].kernel_config_records.records[1].w2_shape[1],2048
02-partial-fixed-kv,repetitions[0].diagnostics.per_rank[0].kernel_config_records.records[1].w2_shape[2],128
02-partial-fixed-kv,repetitions[0].diagnostics.per_rank[0].kernel_config_records.records[1].config.BLOCK_SIZE_K,64
02-partial-fixed-kv,repetitions[0].diagnostics.per_rank[0].kernel_config_records.records[1].config.BLOCK_SIZE_M,16
02-partial-fixed-kv,repetitions[0].diagnostics.per_rank[0].kernel_config_records.records[1].config.BLOCK_SIZE_N,32
02-partial-fixed-kv,repetitions[0].diagnostics.per_rank[0].kernel_config_records.records[1].config.GROUP_SIZE_M,1
02-partial-fixed-kv,repetitions[0].diagnostics.per_rank[0].kernel_config_records.records[1].config.num_stages,4
02-partial-fixed-kv,repetitions[0].diagnostics.per_rank[0].kernel_config_records.records[1].config.num_warps,4
02-partial-fixed-kv,repetitions[0].diagnostics.per_rank[0].kernel_config_records.records[2].chunk_tokens,4096
02-partial-fixed-kv,repetitions[0].diagnostics.per_rank[0].kernel_config_records.records[2].top_k,10
02-partial-fixed-kv,repetitions[0].diagnostics.per_rank[0].kernel_config_records.records[2].selections,96
02-partial-fixed-kv,repetitions[0].diagnostics.per_rank[0].kernel_config_records.records[2].w13_shape[0],512
02-partial-fixed-kv,repetitions[0].diagnostics.per_rank[0].kernel_config_records.records[2].w13_shape[1],256
02-partial-fixed-kv,repetitions[0].diagnostics.per_rank[0].kernel_config_records.records[2].w13_shape[2],2048
02-partial-fixed-kv,repetitions[0].diagnostics.per_rank[0].kernel_config_records.records[2].w2_shape[0],512
02-partial-fixed-kv,repetitions[0].diagnostics.per_rank[0].kernel_config_records.records[2].w2_shape[1],2048
02-partial-fixed-kv,repetitions[0].diagnostics.per_rank[0].kernel_config_records.records[2].w2_shape[2],128
02-partial-fixed-kv,repetitions[0].diagnostics.per_rank[0].kernel_config_records.records[2].config.BLOCK_SIZE_K,64
02-partial-fixed-kv,repetitions[0].diagnostics.per_rank[0].kernel_config_records.records[2].config.BLOCK_SIZE_M,128
02-partial-fixed-kv,repetitions[0].diagnostics.per_rank[0].kernel_config_records.records[2].config.BLOCK_SIZE_N,128
02-partial-fixed-kv,repetitions[0].diagnostics.per_rank[0].kernel_config_records.records[2].config.GROUP_SIZE_M,64
02-partial-fixed-kv,repetitions[0].diagnostics.per_rank[0].kernel_config_records.records[2].config.num_stages,3
02-partial-fixed-kv,repetitions[0].diagnostics.per_rank[0].kernel_config_records.records[2].config.num_warps,8
02-partial-fixed-kv,repetitions[0].diagnostics.per_rank[1].h2d_bytes,14371258368
02-partial-fixed-kv,repetitions[0].diagnostics.per_rank[1].copy_launches,322
02-partial-fixed-kv,repetitions[0].diagnostics.per_rank[1].startup_resident_h2d_bytes,0
02-partial-fixed-kv,repetitions[0].diagnostics.per_rank[1].promotion_d2d_bytes,0
02-partial-fixed-kv,repetitions[0].diagnostics.per_rank[1].metadata_h2d_bytes,786432
02-partial-fixed-kv,repetitions[0].diagnostics.per_rank[1].unique_demands,24212
02-partial-fixed-kv,repetitions[0].diagnostics.per_rank[1].resident_hits,14792
02-partial-fixed-kv,repetitions[0].diagnostics.per_rank[1].timing.route_d2h_s,0.6234665955416858
02-partial-fixed-kv,repetitions[0].diagnostics.per_rank[1].timing.policy_cpu_s,0.05002484284341335
02-partial-fixed-kv,repetitions[0].diagnostics.per_rank[1].timing.host_reuse_wait_s,0.0017156638205051422
02-partial-fixed-kv,repetitions[0].diagnostics.per_rank[1].timing.host_gather_s,3.0810618540272117
02-partial-fixed-kv,repetitions[0].diagnostics.per_rank[1].timing.h2d_enqueue_s,0.016694242134690285
02-partial-fixed-kv,repetitions[0].diagnostics.per_rank[1].timing.compute_enqueue_s,0.16263739857822657
02-partial-fixed-kv,repetitions[0].diagnostics.per_rank[1].timing.cuda_sample_count,13
02-partial-fixed-kv,repetitions[0].diagnostics.per_rank[1].timing.load_cuda_s,0.01230838411860168
02-partial-fixed-kv,repetitions[0].diagnostics.per_rank[1].timing.compute_cuda_s,0.005495615929365158
02-partial-fixed-kv,repetitions[0].diagnostics.per_rank[1].timing.promotion_cuda_s,0.00010848000086843968
02-partial-fixed-kv,repetitions[0].diagnostics.per_rank[1].policy.observations,384
02-partial-fixed-kv,repetitions[0].diagnostics.per_rank[1].policy.unique_demands,24212
02-partial-fixed-kv,repetitions[0].diagnostics.per_rank[1].policy.completed_forwards,8
02-partial-fixed-kv,repetitions[0].diagnostics.per_rank[1].policy.decay_events,0
02-partial-fixed-kv,repetitions[0].diagnostics.per_rank[1].policy.cache_hits,283
02-partial-fixed-kv,repetitions[0].diagnostics.per_rank[1].policy.cache_misses,9137
02-partial-fixed-kv,repetitions[0].diagnostics.per_rank[1].policy.admissions,0
02-partial-fixed-kv,repetitions[0].diagnostics.per_rank[1].policy.evictions,0
02-partial-fixed-kv,repetitions[0].diagnostics.per_rank[1].policy.cache_bypasses,9137
02-partial-fixed-kv,repetitions[0].diagnostics.per_rank[1].policy.reconfigurations,0
02-partial-fixed-kv,repetitions[0].diagnostics.per_rank[1].policy.cache_hit_ratio,0.030042462845010616
02-partial-fixed-kv,repetitions[0].diagnostics.per_rank[1].rank,1
02-partial-fixed-kv,repetitions[0].diagnostics.per_rank[1].forward_counts[0],8
02-partial-fixed-kv,repetitions[0].diagnostics.per_rank[1].forward_counts[1],8
02-partial-fixed-kv,repetitions[0].diagnostics.per_rank[1].forward_counts[2],8
02-partial-fixed-kv,repetitions[0].diagnostics.per_rank[1].forward_counts[3],8
02-partial-fixed-kv,repetitions[0].diagnostics.per_rank[1].forward_counts[4],8
02-partial-fixed-kv,repetitions[0].diagnostics.per_rank[1].forward_counts[5],8
02-partial-fixed-kv,repetitions[0].diagnostics.per_rank[1].forward_counts[6],8
02-partial-fixed-kv,repetitions[0].diagnostics.per_rank[1].forward_counts[7],8
02-partial-fixed-kv,repetitions[0].diagnostics.per_rank[1].forward_counts[8],8
02-partial-fixed-kv,repetitions[0].diagnostics.per_rank[1].forward_counts[9],8
02-partial-fixed-kv,repetitions[0].diagnostics.per_rank[1].forward_counts[10],8
02-partial-fixed-kv,repetitions[0].diagnostics.per_rank[1].forward_counts[11],8
02-partial-fixed-kv,repetitions[0].diagnostics.per_rank[1].forward_counts[12],8
02-partial-fixed-kv,repetitions[0].diagnostics.per_rank[1].forward_counts[13],8
02-partial-fixed-kv,repetitions[0].diagnostics.per_rank[1].forward_counts[14],8
02-partial-fixed-kv,repetitions[0].diagnostics.per_rank[1].forward_counts[15],8
02-partial-fixed-kv,repetitions[0].diagnostics.per_rank[1].forward_counts[16],8
02-partial-fixed-kv,repetitions[0].diagnostics.per_rank[1].forward_counts[17],8
02-partial-fixed-kv,repetitions[0].diagnostics.per_rank[1].forward_counts[18],8
02-partial-fixed-kv,repetitions[0].diagnostics.per_rank[1].forward_counts[19],8
02-partial-fixed-kv,repetitions[0].diagnostics.per_rank[1].forward_counts[20],8
02-partial-fixed-kv,repetitions[0].diagnostics.per_rank[1].forward_counts[21],8
02-partial-fixed-kv,repetitions[0].diagnostics.per_rank[1].forward_counts[22],8
02-partial-fixed-kv,repetitions[0].diagnostics.per_rank[1].forward_counts[23],8
02-partial-fixed-kv,repetitions[0].diagnostics.per_rank[1].forward_counts[24],8
02-partial-fixed-kv,repetitions[0].diagnostics.per_rank[1].forward_counts[25],8
02-partial-fixed-kv,repetitions[0].diagnostics.per_rank[1].forward_counts[26],8
02-partial-fixed-kv,repetitions[0].diagnostics.per_rank[1].forward_counts[27],8
02-partial-fixed-kv,repetitions[0].diagnostics.per_rank[1].forward_counts[28],8
02-partial-fixed-kv,repetitions[0].diagnostics.per_rank[1].forward_counts[29],8
02-partial-fixed-kv,repetitions[0].diagnostics.per_rank[1].forward_counts[30],8
02-partial-fixed-kv,repetitions[0].diagnostics.per_rank[1].forward_counts[31],8
02-partial-fixed-kv,repetitions[0].diagnostics.per_rank[1].forward_counts[32],8
02-partial-fixed-kv,repetitions[0].diagnostics.per_rank[1].forward_counts[33],8
02-partial-fixed-kv,repetitions[0].diagnostics.per_rank[1].forward_counts[34],8
02-partial-fixed-kv,repetitions[0].diagnostics.per_rank[1].forward_counts[35],8
02-partial-fixed-kv,repetitions[0].diagnostics.per_rank[1].forward_counts[36],8
02-partial-fixed-kv,repetitions[0].diagnostics.per_rank[1].forward_counts[37],8
02-partial-fixed-kv,repetitions[0].diagnostics.per_rank[1].forward_counts[38],8
02-partial-fixed-kv,repetitions[0].diagnostics.per_rank[1].forward_counts[39],8
02-partial-fixed-kv,repetitions[0].diagnostics.per_rank[1].forward_counts[40],8
02-partial-fixed-kv,repetitions[0].diagnostics.per_rank[1].forward_counts[41],8
02-partial-fixed-kv,repetitions[0].diagnostics.per_rank[1].forward_counts[42],8
02-partial-fixed-kv,repetitions[0].diagnostics.per_rank[1].forward_counts[43],8
02-partial-fixed-kv,repetitions[0].diagnostics.per_rank[1].forward_counts[44],8
02-partial-fixed-kv,repetitions[0].diagnostics.per_rank[1].forward_counts[45],8
02-partial-fixed-kv,repetitions[0].diagnostics.per_rank[1].forward_counts[46],8
02-partial-fixed-kv,repetitions[0].diagnostics.per_rank[1].forward_counts[47],8
02-partial-fixed-kv,repetitions[0].diagnostics.per_rank[1].per_layer_unique_demands[0],568
02-partial-fixed-kv,repetitions[0].diagnostics.per_rank[1].per_layer_unique_demands[1],506
02-partial-fixed-kv,repetitions[0].diagnostics.per_rank[1].per_layer_unique_demands[2],579
02-partial-fixed-kv,repetitions[0].diagnostics.per_rank[1].per_layer_unique_demands[3],492
02-partial-fixed-kv,repetitions[0].diagnostics.per_rank[1].per_layer_unique_demands[4],485
02-partial-fixed-kv,repetitions[0].diagnostics.per_rank[1].per_layer_unique_demands[5],529
02-partial-fixed-kv,repetitions[0].diagnostics.per_rank[1].per_layer_unique_demands[6],560
02-partial-fixed-kv,repetitions[0].diagnostics.per_rank[1].per_layer_unique_demands[7],554
02-partial-fixed-kv,repetitions[0].diagnostics.per_rank[1].per_layer_unique_demands[8],516
02-partial-fixed-kv,repetitions[0].diagnostics.per_rank[1].per_layer_unique_demands[9],459
02-partial-fixed-kv,repetitions[0].diagnostics.per_rank[1].per_layer_unique_demands[10],470
02-partial-fixed-kv,repetitions[0].diagnostics.per_rank[1].per_layer_unique_demands[11],485
02-partial-fixed-kv,repetitions[0].diagnostics.per_rank[1].per_layer_unique_demands[12],435
02-partial-fixed-kv,repetitions[0].diagnostics.per_rank[1].per_layer_unique_demands[13],456
02-partial-fixed-kv,repetitions[0].diagnostics.per_rank[1].per_layer_unique_demands[14],498
02-partial-fixed-kv,repetitions[0].diagnostics.per_rank[1].per_layer_unique_demands[15],528
02-partial-fixed-kv,repetitions[0].diagnostics.per_rank[1].per_layer_unique_demands[16],495
02-partial-fixed-kv,repetitions[0].diagnostics.per_rank[1].per_layer_unique_demands[17],530
02-partial-fixed-kv,repetitions[0].diagnostics.per_rank[1].per_layer_unique_demands[18],564
02-partial-fixed-kv,repetitions[0].diagnostics.per_rank[1].per_layer_unique_demands[19],557
02-partial-fixed-kv,repetitions[0].diagnostics.per_rank[1].per_layer_unique_demands[20],512
02-partial-fixed-kv,repetitions[0].diagnostics.per_rank[1].per_layer_unique_demands[21],455
02-partial-fixed-kv,repetitions[0].diagnostics.per_rank[1].per_layer_unique_demands[22],482
02-partial-fixed-kv,repetitions[0].diagnostics.per_rank[1].per_layer_unique_demands[23],495
02-partial-fixed-kv,repetitions[0].diagnostics.per_rank[1].per_layer_unique_demands[24],463
02-partial-fixed-kv,repetitions[0].diagnostics.per_rank[1].per_layer_unique_demands[25],475
02-partial-fixed-kv,repetitions[0].diagnostics.per_rank[1].per_layer_unique_demands[26],509
02-partial-fixed-kv,repetitions[0].diagnostics.per_rank[1].per_layer_unique_demands[27],545
02-partial-fixed-kv,repetitions[0].diagnostics.per_rank[1].per_layer_unique_demands[28],516
02-partial-fixed-kv,repetitions[0].diagnostics.per_rank[1].per_layer_unique_demands[29],539
02-partial-fixed-kv,repetitions[0].diagnostics.per_rank[1].per_layer_unique_demands[30],559
02-partial-fixed-kv,repetitions[0].diagnostics.per_rank[1].per_layer_unique_demands[31],556
02-partial-fixed-kv,repetitions[0].diagnostics.per_rank[1].per_layer_unique_demands[32],528
02-partial-fixed-kv,repetitions[0].diagnostics.per_rank[1].per_layer_unique_demands[33],465
02-partial-fixed-kv,repetitions[0].diagnostics.per_rank[1].per_layer_unique_demands[34],483
02-partial-fixed-kv,repetitions[0].diagnostics.per_rank[1].per_layer_unique_demands[35],498
02-partial-fixed-kv,repetitions[0].diagnostics.per_rank[1].per_layer_unique_demands[36],470
02-partial-fixed-kv,repetitions[0].diagnostics.per_rank[1].per_layer_unique_demands[37],479
02-partial-fixed-kv,repetitions[0].diagnostics.per_rank[1].per_layer_unique_demands[38],510
02-partial-fixed-kv,repetitions[0].diagnostics.per_rank[1].per_layer_unique_demands[39],524
02-partial-fixed-kv,repetitions[0].diagnostics.per_rank[1].per_layer_unique_demands[40],530
02-partial-fixed-kv,repetitions[0].diagnostics.per_rank[1].per_layer_unique_demands[41],513
02-partial-fixed-kv,repetitions[0].diagnostics.per_rank[1].per_layer_unique_demands[42],477
02-partial-fixed-kv,repetitions[0].diagnostics.per_rank[1].per_layer_unique_demands[43],482
02-partial-fixed-kv,repetitions[0].diagnostics.per_rank[1].per_layer_unique_demands[44],469
02-partial-fixed-kv,repetitions[0].diagnostics.per_rank[1].per_layer_unique_demands[45],456
02-partial-fixed-kv,repetitions[0].diagnostics.per_rank[1].per_layer_unique_demands[46],463
02-partial-fixed-kv,repetitions[0].diagnostics.per_rank[1].per_layer_unique_demands[47],493
02-partial-fixed-kv,repetitions[0].diagnostics.per_rank[1].per_layer_mean_unique_coverage[0],0.138671875
02-partial-fixed-kv,repetitions[0].diagnostics.per_rank[1].per_layer_mean_unique_coverage[1],0.12353515625
02-partial-fixed-kv,repetitions[0].diagnostics.per_rank[1].per_layer_mean_unique_coverage[2],0.141357421875
02-partial-fixed-kv,repetitions[0].diagnostics.per_rank[1].per_layer_mean_unique_coverage[3],0.1201171875
02-partial-fixed-kv,repetitions[0].diagnostics.per_rank[1].per_layer_mean_unique_coverage[4],0.118408203125
02-partial-fixed-kv,repetitions[0].diagnostics.per_rank[1].per_layer_mean_unique_coverage[5],0.129150390625
02-partial-fixed-kv,repetitions[0].diagnostics.per_rank[1].per_layer_mean_unique_coverage[6],0.13671875
02-partial-fixed-kv,repetitions[0].diagnostics.per_rank[1].per_layer_mean_unique_coverage[7],0.13525390625
02-partial-fixed-kv,repetitions[0].diagnostics.per_rank[1].per_layer_mean_unique_coverage[8],0.1259765625
02-partial-fixed-kv,repetitions[0].diagnostics.per_rank[1].per_layer_mean_unique_coverage[9],0.112060546875
02-partial-fixed-kv,repetitions[0].diagnostics.per_rank[1].per_layer_mean_unique_coverage[10],0.11474609375
02-partial-fixed-kv,repetitions[0].diagnostics.per_rank[1].per_layer_mean_unique_coverage[11],0.118408203125
02-partial-fixed-kv,repetitions[0].diagnostics.per_rank[1].per_layer_mean_unique_coverage[12],0.106201171875
02-partial-fixed-kv,repetitions[0].diagnostics.per_rank[1].per_layer_mean_unique_coverage[13],0.111328125
02-partial-fixed-kv,repetitions[0].diagnostics.per_rank[1].per_layer_mean_unique_coverage[14],0.12158203125
02-partial-fixed-kv,repetitions[0].diagnostics.per_rank[1].per_layer_mean_unique_coverage[15],0.12890625
02-partial-fixed-kv,repetitions[0].diagnostics.per_rank[1].per_layer_mean_unique_coverage[16],0.120849609375
02-partial-fixed-kv,repetitions[0].diagnostics.per_rank[1].per_layer_mean_unique_coverage[17],0.12939453125
02-partial-fixed-kv,repetitions[0].diagnostics.per_rank[1].per_layer_mean_unique_coverage[18],0.1376953125
02-partial-fixed-kv,repetitions[0].diagnostics.per_rank[1].per_layer_mean_unique_coverage[19],0.135986328125
02-partial-fixed-kv,repetitions[0].diagnostics.per_rank[1].per_layer_mean_unique_coverage[20],0.125
02-partial-fixed-kv,repetitions[0].diagnostics.per_rank[1].per_layer_mean_unique_coverage[21],0.111083984375
02-partial-fixed-kv,repetitions[0].diagnostics.per_rank[1].per_layer_mean_unique_coverage[22],0.11767578125
02-partial-fixed-kv,repetitions[0].diagnostics.per_rank[1].per_layer_mean_unique_coverage[23],0.120849609375
02-partial-fixed-kv,repetitions[0].diagnostics.per_rank[1].per_layer_mean_unique_coverage[24],0.113037109375
02-partial-fixed-kv,repetitions[0].diagnostics.per_rank[1].per_layer_mean_unique_coverage[25],0.115966796875
02-partial-fixed-kv,repetitions[0].diagnostics.per_rank[1].per_layer_mean_unique_coverage[26],0.124267578125
02-partial-fixed-kv,repetitions[0].diagnostics.per_rank[1].per_layer_mean_unique_coverage[27],0.133056640625
02-partial-fixed-kv,repetitions[0].diagnostics.per_rank[1].per_layer_mean_unique_coverage[28],0.1259765625
02-partial-fixed-kv,repetitions[0].diagnostics.per_rank[1].per_layer_mean_unique_coverage[29],0.131591796875
02-partial-fixed-kv,repetitions[0].diagnostics.per_rank[1].per_layer_mean_unique_coverage[30],0.136474609375
02-partial-fixed-kv,repetitions[0].diagnostics.per_rank[1].per_layer_mean_unique_coverage[31],0.1357421875
02-partial-fixed-kv,repetitions[0].diagnostics.per_rank[1].per_layer_mean_unique_coverage[32],0.12890625
02-partial-fixed-kv,repetitions[0].diagnostics.per_rank[1].per_layer_mean_unique_coverage[33],0.113525390625
02-partial-fixed-kv,repetitions[0].diagnostics.per_rank[1].per_layer_mean_unique_coverage[34],0.117919921875
02-partial-fixed-kv,repetitions[0].diagnostics.per_rank[1].per_layer_mean_unique_coverage[35],0.12158203125
02-partial-fixed-kv,repetitions[0].diagnostics.per_rank[1].per_layer_mean_unique_coverage[36],0.11474609375
02-partial-fixed-kv,repetitions[0].diagnostics.per_rank[1].per_layer_mean_unique_coverage[37],0.116943359375
02-partial-fixed-kv,repetitions[0].diagnostics.per_rank[1].per_layer_mean_unique_coverage[38],0.12451171875
02-partial-fixed-kv,repetitions[0].diagnostics.per_rank[1].per_layer_mean_unique_coverage[39],0.1279296875
02-partial-fixed-kv,repetitions[0].diagnostics.per_rank[1].per_layer_mean_unique_coverage[40],0.12939453125
02-partial-fixed-kv,repetitions[0].diagnostics.per_rank[1].per_layer_mean_unique_coverage[41],0.125244140625
02-partial-fixed-kv,repetitions[0].diagnostics.per_rank[1].per_layer_mean_unique_coverage[42],0.116455078125
02-partial-fixed-kv,repetitions[0].diagnostics.per_rank[1].per_layer_mean_unique_coverage[43],0.11767578125
02-partial-fixed-kv,repetitions[0].diagnostics.per_rank[1].per_layer_mean_unique_coverage[44],0.114501953125
02-partial-fixed-kv,repetitions[0].diagnostics.per_rank[1].per_layer_mean_unique_coverage[45],0.111328125
02-partial-fixed-kv,repetitions[0].diagnostics.per_rank[1].per_layer_mean_unique_coverage[46],0.113037109375
02-partial-fixed-kv,repetitions[0].diagnostics.per_rank[1].per_layer_mean_unique_coverage[47],0.120361328125
02-partial-fixed-kv,repetitions[0].diagnostics.per_rank[1].gauge_snapshot.max_unique_per_forward,509
02-partial-fixed-kv,repetitions[0].diagnostics.per_rank[1].gauge_snapshot.mean_unique_coverage,0.10698070860745613
02-partial-fixed-kv,repetitions[0].diagnostics.per_rank[1].gauge_snapshot.per_layer_max_unique_per_forward[0],498
02-partial-fixed-kv,repetitions[0].diagnostics.per_rank[1].gauge_snapshot.per_layer_max_unique_per_forward[1],436
02-partial-fixed-kv,repetitions[0].diagnostics.per_rank[1].gauge_snapshot.per_layer_max_unique_per_forward[2],509
02-partial-fixed-kv,repetitions[0].diagnostics.per_rank[1].gauge_snapshot.per_layer_max_unique_per_forward[3],422
02-partial-fixed-kv,repetitions[0].diagnostics.per_rank[1].gauge_snapshot.per_layer_max_unique_per_forward[4],415
02-partial-fixed-kv,repetitions[0].diagnostics.per_rank[1].gauge_snapshot.per_layer_max_unique_per_forward[5],459
02-partial-fixed-kv,repetitions[0].diagnostics.per_rank[1].gauge_snapshot.per_layer_max_unique_per_forward[6],491
02-partial-fixed-kv,repetitions[0].diagnostics.per_rank[1].gauge_snapshot.per_layer_max_unique_per_forward[7],484
02-partial-fixed-kv,repetitions[0].diagnostics.per_rank[1].gauge_snapshot.per_layer_max_unique_per_forward[8],446
02-partial-fixed-kv,repetitions[0].diagnostics.per_rank[1].gauge_snapshot.per_layer_max_unique_per_forward[9],389
02-partial-fixed-kv,repetitions[0].diagnostics.per_rank[1].gauge_snapshot.per_layer_max_unique_per_forward[10],400
02-partial-fixed-kv,repetitions[0].diagnostics.per_rank[1].gauge_snapshot.per_layer_max_unique_per_forward[11],415
02-partial-fixed-kv,repetitions[0].diagnostics.per_rank[1].gauge_snapshot.per_layer_max_unique_per_forward[12],367
02-partial-fixed-kv,repetitions[0].diagnostics.per_rank[1].gauge_snapshot.per_layer_max_unique_per_forward[13],388
02-partial-fixed-kv,repetitions[0].diagnostics.per_rank[1].gauge_snapshot.per_layer_max_unique_per_forward[14],428
02-partial-fixed-kv,repetitions[0].diagnostics.per_rank[1].gauge_snapshot.per_layer_max_unique_per_forward[15],458
02-partial-fixed-kv,repetitions[0].diagnostics.per_rank[1].gauge_snapshot.per_layer_max_unique_per_forward[16],426
02-partial-fixed-kv,repetitions[0].diagnostics.per_rank[1].gauge_snapshot.per_layer_max_unique_per_forward[17],461
02-partial-fixed-kv,repetitions[0].diagnostics.per_rank[1].gauge_snapshot.per_layer_max_unique_per_forward[18],494
02-partial-fixed-kv,repetitions[0].diagnostics.per_rank[1].gauge_snapshot.per_layer_max_unique_per_forward[19],487
02-partial-fixed-kv,repetitions[0].diagnostics.per_rank[1].gauge_snapshot.per_layer_max_unique_per_forward[20],443
02-partial-fixed-kv,repetitions[0].diagnostics.per_rank[1].gauge_snapshot.per_layer_max_unique_per_forward[21],387
02-partial-fixed-kv,repetitions[0].diagnostics.per_rank[1].gauge_snapshot.per_layer_max_unique_per_forward[22],412
02-partial-fixed-kv,repetitions[0].diagnostics.per_rank[1].gauge_snapshot.per_layer_max_unique_per_forward[23],425
02-partial-fixed-kv,repetitions[0].diagnostics.per_rank[1].gauge_snapshot.per_layer_max_unique_per_forward[24],393
02-partial-fixed-kv,repetitions[0].diagnostics.per_rank[1].gauge_snapshot.per_layer_max_unique_per_forward[25],405
02-partial-fixed-kv,repetitions[0].diagnostics.per_rank[1].gauge_snapshot.per_layer_max_unique_per_forward[26],443
02-partial-fixed-kv,repetitions[0].diagnostics.per_rank[1].gauge_snapshot.per_layer_max_unique_per_forward[27],475
02-partial-fixed-kv,repetitions[0].diagnostics.per_rank[1].gauge_snapshot.per_layer_max_unique_per_forward[28],446
02-partial-fixed-kv,repetitions[0].diagnostics.per_rank[1].gauge_snapshot.per_layer_max_unique_per_forward[29],469
02-partial-fixed-kv,repetitions[0].diagnostics.per_rank[1].gauge_snapshot.per_layer_max_unique_per_forward[30],489
02-partial-fixed-kv,repetitions[0].diagnostics.per_rank[1].gauge_snapshot.per_layer_max_unique_per_forward[31],486
02-partial-fixed-kv,repetitions[0].diagnostics.per_rank[1].gauge_snapshot.per_layer_max_unique_per_forward[32],458
02-partial-fixed-kv,repetitions[0].diagnostics.per_rank[1].gauge_snapshot.per_layer_max_unique_per_forward[33],395
02-partial-fixed-kv,repetitions[0].diagnostics.per_rank[1].gauge_snapshot.per_layer_max_unique_per_forward[34],413
02-partial-fixed-kv,repetitions[0].diagnostics.per_rank[1].gauge_snapshot.per_layer_max_unique_per_forward[35],428
02-partial-fixed-kv,repetitions[0].diagnostics.per_rank[1].gauge_snapshot.per_layer_max_unique_per_forward[36],401
02-partial-fixed-kv,repetitions[0].diagnostics.per_rank[1].gauge_snapshot.per_layer_max_unique_per_forward[37],410
02-partial-fixed-kv,repetitions[0].diagnostics.per_rank[1].gauge_snapshot.per_layer_max_unique_per_forward[38],442
02-partial-fixed-kv,repetitions[0].diagnostics.per_rank[1].gauge_snapshot.per_layer_max_unique_per_forward[39],454
02-partial-fixed-kv,repetitions[0].diagnostics.per_rank[1].gauge_snapshot.per_layer_max_unique_per_forward[40],460
02-partial-fixed-kv,repetitions[0].diagnostics.per_rank[1].gauge_snapshot.per_layer_max_unique_per_forward[41],443
02-partial-fixed-kv,repetitions[0].diagnostics.per_rank[1].gauge_snapshot.per_layer_max_unique_per_forward[42],412
02-partial-fixed-kv,repetitions[0].diagnostics.per_rank[1].gauge_snapshot.per_layer_max_unique_per_forward[43],412
02-partial-fixed-kv,repetitions[0].diagnostics.per_rank[1].gauge_snapshot.per_layer_max_unique_per_forward[44],399
02-partial-fixed-kv,repetitions[0].diagnostics.per_rank[1].gauge_snapshot.per_layer_max_unique_per_forward[45],386
02-partial-fixed-kv,repetitions[0].diagnostics.per_rank[1].gauge_snapshot.per_layer_max_unique_per_forward[46],393
02-partial-fixed-kv,repetitions[0].diagnostics.per_rank[1].gauge_snapshot.per_layer_max_unique_per_forward[47],424
02-partial-fixed-kv,repetitions[0].diagnostics.per_rank[1].policy_snapshot.resident_experts,12288
02-partial-fixed-kv,repetitions[0].diagnostics.per_rank[1].policy_snapshot.cache_slots,256
02-partial-fixed-kv,repetitions[0].diagnostics.per_rank[1].policy_snapshot.cache_entries,256
02-partial-fixed-kv,repetitions[0].diagnostics.per_rank[1].policy_snapshot.cache_hit_ratio,0.01768480358912828
02-partial-fixed-kv,repetitions[0].diagnostics.per_rank[1].kernel_config_records.capacity,64
02-partial-fixed-kv,repetitions[0].diagnostics.per_rank[1].kernel_config_records.unrecorded_selections,0
02-partial-fixed-kv,repetitions[0].diagnostics.per_rank[1].kernel_config_records.records[0].chunk_tokens,8192
02-partial-fixed-kv,repetitions[0].diagnostics.per_rank[1].kernel_config_records.records[0].top_k,10
02-partial-fixed-kv,repetitions[0].diagnostics.per_rank[1].kernel_config_records.records[0].selections,96
02-partial-fixed-kv,repetitions[0].diagnostics.per_rank[1].kernel_config_records.records[0].w13_shape[0],512
02-partial-fixed-kv,repetitions[0].diagnostics.per_rank[1].kernel_config_records.records[0].w13_shape[1],256
02-partial-fixed-kv,repetitions[0].diagnostics.per_rank[1].kernel_config_records.records[0].w13_shape[2],2048
02-partial-fixed-kv,repetitions[0].diagnostics.per_rank[1].kernel_config_records.records[0].w2_shape[0],512
02-partial-fixed-kv,repetitions[0].diagnostics.per_rank[1].kernel_config_records.records[0].w2_shape[1],2048
02-partial-fixed-kv,repetitions[0].diagnostics.per_rank[1].kernel_config_records.records[0].w2_shape[2],128
02-partial-fixed-kv,repetitions[0].diagnostics.per_rank[1].kernel_config_records.records[0].config.BLOCK_SIZE_K,64
02-partial-fixed-kv,repetitions[0].diagnostics.per_rank[1].kernel_config_records.records[0].config.BLOCK_SIZE_M,128
02-partial-fixed-kv,repetitions[0].diagnostics.per_rank[1].kernel_config_records.records[0].config.BLOCK_SIZE_N,128
02-partial-fixed-kv,repetitions[0].diagnostics.per_rank[1].kernel_config_records.records[0].config.GROUP_SIZE_M,64
02-partial-fixed-kv,repetitions[0].diagnostics.per_rank[1].kernel_config_records.records[0].config.num_stages,3
02-partial-fixed-kv,repetitions[0].diagnostics.per_rank[1].kernel_config_records.records[0].config.num_warps,8
02-partial-fixed-kv,repetitions[0].diagnostics.per_rank[1].kernel_config_records.records[1].chunk_tokens,1
02-partial-fixed-kv,repetitions[0].diagnostics.per_rank[1].kernel_config_records.records[1].top_k,10
02-partial-fixed-kv,repetitions[0].diagnostics.per_rank[1].kernel_config_records.records[1].selections,720
02-partial-fixed-kv,repetitions[0].diagnostics.per_rank[1].kernel_config_records.records[1].w13_shape[0],512
02-partial-fixed-kv,repetitions[0].diagnostics.per_rank[1].kernel_config_records.records[1].w13_shape[1],256
02-partial-fixed-kv,repetitions[0].diagnostics.per_rank[1].kernel_config_records.records[1].w13_shape[2],2048
02-partial-fixed-kv,repetitions[0].diagnostics.per_rank[1].kernel_config_records.records[1].w2_shape[0],512
02-partial-fixed-kv,repetitions[0].diagnostics.per_rank[1].kernel_config_records.records[1].w2_shape[1],2048
02-partial-fixed-kv,repetitions[0].diagnostics.per_rank[1].kernel_config_records.records[1].w2_shape[2],128
02-partial-fixed-kv,repetitions[0].diagnostics.per_rank[1].kernel_config_records.records[1].config.BLOCK_SIZE_K,64
02-partial-fixed-kv,repetitions[0].diagnostics.per_rank[1].kernel_config_records.records[1].config.BLOCK_SIZE_M,16
02-partial-fixed-kv,repetitions[0].diagnostics.per_rank[1].kernel_config_records.records[1].config.BLOCK_SIZE_N,32
02-partial-fixed-kv,repetitions[0].diagnostics.per_rank[1].kernel_config_records.records[1].config.GROUP_SIZE_M,1
02-partial-fixed-kv,repetitions[0].diagnostics.per_rank[1].kernel_config_records.records[1].config.num_stages,4
02-partial-fixed-kv,repetitions[0].diagnostics.per_rank[1].kernel_config_records.records[1].config.num_warps,4
02-partial-fixed-kv,repetitions[0].diagnostics.per_rank[1].kernel_config_records.records[2].chunk_tokens,4096
02-partial-fixed-kv,repetitions[0].diagnostics.per_rank[1].kernel_config_records.records[2].top_k,10
02-partial-fixed-kv,repetitions[0].diagnostics.per_rank[1].kernel_config_records.records[2].selections,96
02-partial-fixed-kv,repetitions[0].diagnostics.per_rank[1].kernel_config_records.records[2].w13_shape[0],512
02-partial-fixed-kv,repetitions[0].diagnostics.per_rank[1].kernel_config_records.records[2].w13_shape[1],256
02-partial-fixed-kv,repetitions[0].diagnostics.per_rank[1].kernel_config_records.records[2].w13_shape[2],2048
02-partial-fixed-kv,repetitions[0].diagnostics.per_rank[1].kernel_config_records.records[2].w2_shape[0],512
02-partial-fixed-kv,repetitions[0].diagnostics.per_rank[1].kernel_config_records.records[2].w2_shape[1],2048
02-partial-fixed-kv,repetitions[0].diagnostics.per_rank[1].kernel_config_records.records[2].w2_shape[2],128
02-partial-fixed-kv,repetitions[0].diagnostics.per_rank[1].kernel_config_records.records[2].config.BLOCK_SIZE_K,64
02-partial-fixed-kv,repetitions[0].diagnostics.per_rank[1].kernel_config_records.records[2].config.BLOCK_SIZE_M,128
02-partial-fixed-kv,repetitions[0].diagnostics.per_rank[1].kernel_config_records.records[2].config.BLOCK_SIZE_N,128
02-partial-fixed-kv,repetitions[0].diagnostics.per_rank[1].kernel_config_records.records[2].config.GROUP_SIZE_M,64
02-partial-fixed-kv,repetitions[0].diagnostics.per_rank[1].kernel_config_records.records[2].config.num_stages,3
02-partial-fixed-kv,repetitions[0].diagnostics.per_rank[1].kernel_config_records.records[2].config.num_warps,8
02-partial-fixed-kv,repetitions[0].diagnostics.per_rank[2].h2d_bytes,14371258368
02-partial-fixed-kv,repetitions[0].diagnostics.per_rank[2].copy_launches,322
02-partial-fixed-kv,repetitions[0].diagnostics.per_rank[2].startup_resident_h2d_bytes,0
02-partial-fixed-kv,repetitions[0].diagnostics.per_rank[2].promotion_d2d_bytes,0
02-partial-fixed-kv,repetitions[0].diagnostics.per_rank[2].metadata_h2d_bytes,786432
02-partial-fixed-kv,repetitions[0].diagnostics.per_rank[2].unique_demands,24212
02-partial-fixed-kv,repetitions[0].diagnostics.per_rank[2].resident_hits,14792
02-partial-fixed-kv,repetitions[0].diagnostics.per_rank[2].timing.route_d2h_s,0.6374418083578348
02-partial-fixed-kv,repetitions[0].diagnostics.per_rank[2].timing.policy_cpu_s,0.052917547058314085
02-partial-fixed-kv,repetitions[0].diagnostics.per_rank[2].timing.host_reuse_wait_s,0.0018079746514558792
02-partial-fixed-kv,repetitions[0].diagnostics.per_rank[2].timing.host_gather_s,2.962290380615741
02-partial-fixed-kv,repetitions[0].diagnostics.per_rank[2].timing.h2d_enqueue_s,0.01710224524140358
02-partial-fixed-kv,repetitions[0].diagnostics.per_rank[2].timing.compute_enqueue_s,0.16751164244487882
02-partial-fixed-kv,repetitions[0].diagnostics.per_rank[2].timing.cuda_sample_count,13
02-partial-fixed-kv,repetitions[0].diagnostics.per_rank[2].timing.load_cuda_s,0.012356607893481848
02-partial-fixed-kv,repetitions[0].diagnostics.per_rank[2].timing.compute_cuda_s,0.00555510401725769
02-partial-fixed-kv,repetitions[0].diagnostics.per_rank[2].timing.promotion_cuda_s,0.00010867200046777724
02-partial-fixed-kv,repetitions[0].diagnostics.per_rank[2].policy.observations,384
02-partial-fixed-kv,repetitions[0].diagnostics.per_rank[2].policy.unique_demands,24212
02-partial-fixed-kv,repetitions[0].diagnostics.per_rank[2].policy.completed_forwards,8
02-partial-fixed-kv,repetitions[0].diagnostics.per_rank[2].policy.decay_events,0
02-partial-fixed-kv,repetitions[0].diagnostics.per_rank[2].policy.cache_hits,283
02-partial-fixed-kv,repetitions[0].diagnostics.per_rank[2].policy.cache_misses,9137
02-partial-fixed-kv,repetitions[0].diagnostics.per_rank[2].policy.admissions,0
02-partial-fixed-kv,repetitions[0].diagnostics.per_rank[2].policy.evictions,0
02-partial-fixed-kv,repetitions[0].diagnostics.per_rank[2].policy.cache_bypasses,9137
02-partial-fixed-kv,repetitions[0].diagnostics.per_rank[2].policy.reconfigurations,0
02-partial-fixed-kv,repetitions[0].diagnostics.per_rank[2].policy.cache_hit_ratio,0.030042462845010616
02-partial-fixed-kv,repetitions[0].diagnostics.per_rank[2].rank,2
02-partial-fixed-kv,repetitions[0].diagnostics.per_rank[2].forward_counts[0],8
02-partial-fixed-kv,repetitions[0].diagnostics.per_rank[2].forward_counts[1],8
02-partial-fixed-kv,repetitions[0].diagnostics.per_rank[2].forward_counts[2],8
02-partial-fixed-kv,repetitions[0].diagnostics.per_rank[2].forward_counts[3],8
02-partial-fixed-kv,repetitions[0].diagnostics.per_rank[2].forward_counts[4],8
02-partial-fixed-kv,repetitions[0].diagnostics.per_rank[2].forward_counts[5],8
02-partial-fixed-kv,repetitions[0].diagnostics.per_rank[2].forward_counts[6],8
02-partial-fixed-kv,repetitions[0].diagnostics.per_rank[2].forward_counts[7],8
02-partial-fixed-kv,repetitions[0].diagnostics.per_rank[2].forward_counts[8],8
02-partial-fixed-kv,repetitions[0].diagnostics.per_rank[2].forward_counts[9],8
02-partial-fixed-kv,repetitions[0].diagnostics.per_rank[2].forward_counts[10],8
02-partial-fixed-kv,repetitions[0].diagnostics.per_rank[2].forward_counts[11],8
02-partial-fixed-kv,repetitions[0].diagnostics.per_rank[2].forward_counts[12],8
02-partial-fixed-kv,repetitions[0].diagnostics.per_rank[2].forward_counts[13],8
02-partial-fixed-kv,repetitions[0].diagnostics.per_rank[2].forward_counts[14],8
02-partial-fixed-kv,repetitions[0].diagnostics.per_rank[2].forward_counts[15],8
02-partial-fixed-kv,repetitions[0].diagnostics.per_rank[2].forward_counts[16],8
02-partial-fixed-kv,repetitions[0].diagnostics.per_rank[2].forward_counts[17],8
02-partial-fixed-kv,repetitions[0].diagnostics.per_rank[2].forward_counts[18],8
02-partial-fixed-kv,repetitions[0].diagnostics.per_rank[2].forward_counts[19],8
02-partial-fixed-kv,repetitions[0].diagnostics.per_rank[2].forward_counts[20],8
02-partial-fixed-kv,repetitions[0].diagnostics.per_rank[2].forward_counts[21],8
02-partial-fixed-kv,repetitions[0].diagnostics.per_rank[2].forward_counts[22],8
02-partial-fixed-kv,repetitions[0].diagnostics.per_rank[2].forward_counts[23],8
02-partial-fixed-kv,repetitions[0].diagnostics.per_rank[2].forward_counts[24],8
02-partial-fixed-kv,repetitions[0].diagnostics.per_rank[2].forward_counts[25],8
02-partial-fixed-kv,repetitions[0].diagnostics.per_rank[2].forward_counts[26],8
02-partial-fixed-kv,repetitions[0].diagnostics.per_rank[2].forward_counts[27],8
02-partial-fixed-kv,repetitions[0].diagnostics.per_rank[2].forward_counts[28],8
02-partial-fixed-kv,repetitions[0].diagnostics.per_rank[2].forward_counts[29],8
02-partial-fixed-kv,repetitions[0].diagnostics.per_rank[2].forward_counts[30],8
02-partial-fixed-kv,repetitions[0].diagnostics.per_rank[2].forward_counts[31],8
02-partial-fixed-kv,repetitions[0].diagnostics.per_rank[2].forward_counts[32],8
02-partial-fixed-kv,repetitions[0].diagnostics.per_rank[2].forward_counts[33],8
02-partial-fixed-kv,repetitions[0].diagnostics.per_rank[2].forward_counts[34],8
02-partial-fixed-kv,repetitions[0].diagnostics.per_rank[2].forward_counts[35],8
02-partial-fixed-kv,repetitions[0].diagnostics.per_rank[2].forward_counts[36],8
02-partial-fixed-kv,repetitions[0].diagnostics.per_rank[2].forward_counts[37],8
02-partial-fixed-kv,repetitions[0].diagnostics.per_rank[2].forward_counts[38],8
02-partial-fixed-kv,repetitions[0].diagnostics.per_rank[2].forward_counts[39],8
02-partial-fixed-kv,repetitions[0].diagnostics.per_rank[2].forward_counts[40],8
02-partial-fixed-kv,repetitions[0].diagnostics.per_rank[2].forward_counts[41],8
02-partial-fixed-kv,repetitions[0].diagnostics.per_rank[2].forward_counts[42],8
02-partial-fixed-kv,repetitions[0].diagnostics.per_rank[2].forward_counts[43],8
02-partial-fixed-kv,repetitions[0].diagnostics.per_rank[2].forward_counts[44],8
02-partial-fixed-kv,repetitions[0].diagnostics.per_rank[2].forward_counts[45],8
02-partial-fixed-kv,repetitions[0].diagnostics.per_rank[2].forward_counts[46],8
02-partial-fixed-kv,repetitions[0].diagnostics.per_rank[2].forward_counts[47],8
02-partial-fixed-kv,repetitions[0].diagnostics.per_rank[2].per_layer_unique_demands[0],568
02-partial-fixed-kv,repetitions[0].diagnostics.per_rank[2].per_layer_unique_demands[1],506
02-partial-fixed-kv,repetitions[0].diagnostics.per_rank[2].per_layer_unique_demands[2],579
02-partial-fixed-kv,repetitions[0].diagnostics.per_rank[2].per_layer_unique_demands[3],492
02-partial-fixed-kv,repetitions[0].diagnostics.per_rank[2].per_layer_unique_demands[4],485
02-partial-fixed-kv,repetitions[0].diagnostics.per_rank[2].per_layer_unique_demands[5],529
02-partial-fixed-kv,repetitions[0].diagnostics.per_rank[2].per_layer_unique_demands[6],560
02-partial-fixed-kv,repetitions[0].diagnostics.per_rank[2].per_layer_unique_demands[7],554
02-partial-fixed-kv,repetitions[0].diagnostics.per_rank[2].per_layer_unique_demands[8],516
02-partial-fixed-kv,repetitions[0].diagnostics.per_rank[2].per_layer_unique_demands[9],459
02-partial-fixed-kv,repetitions[0].diagnostics.per_rank[2].per_layer_unique_demands[10],470
02-partial-fixed-kv,repetitions[0].diagnostics.per_rank[2].per_layer_unique_demands[11],485
02-partial-fixed-kv,repetitions[0].diagnostics.per_rank[2].per_layer_unique_demands[12],435
02-partial-fixed-kv,repetitions[0].diagnostics.per_rank[2].per_layer_unique_demands[13],456
02-partial-fixed-kv,repetitions[0].diagnostics.per_rank[2].per_layer_unique_demands[14],498
02-partial-fixed-kv,repetitions[0].diagnostics.per_rank[2].per_layer_unique_demands[15],528
02-partial-fixed-kv,repetitions[0].diagnostics.per_rank[2].per_layer_unique_demands[16],495
02-partial-fixed-kv,repetitions[0].diagnostics.per_rank[2].per_layer_unique_demands[17],530
02-partial-fixed-kv,repetitions[0].diagnostics.per_rank[2].per_layer_unique_demands[18],564
02-partial-fixed-kv,repetitions[0].diagnostics.per_rank[2].per_layer_unique_demands[19],557
02-partial-fixed-kv,repetitions[0].diagnostics.per_rank[2].per_layer_unique_demands[20],512
02-partial-fixed-kv,repetitions[0].diagnostics.per_rank[2].per_layer_unique_demands[21],455
02-partial-fixed-kv,repetitions[0].diagnostics.per_rank[2].per_layer_unique_demands[22],482
02-partial-fixed-kv,repetitions[0].diagnostics.per_rank[2].per_layer_unique_demands[23],495
02-partial-fixed-kv,repetitions[0].diagnostics.per_rank[2].per_layer_unique_demands[24],463
02-partial-fixed-kv,repetitions[0].diagnostics.per_rank[2].per_layer_unique_demands[25],475
02-partial-fixed-kv,repetitions[0].diagnostics.per_rank[2].per_layer_unique_demands[26],509
02-partial-fixed-kv,repetitions[0].diagnostics.per_rank[2].per_layer_unique_demands[27],545
02-partial-fixed-kv,repetitions[0].diagnostics.per_rank[2].per_layer_unique_demands[28],516
02-partial-fixed-kv,repetitions[0].diagnostics.per_rank[2].per_layer_unique_demands[29],539
02-partial-fixed-kv,repetitions[0].diagnostics.per_rank[2].per_layer_unique_demands[30],559
02-partial-fixed-kv,repetitions[0].diagnostics.per_rank[2].per_layer_unique_demands[31],556
02-partial-fixed-kv,repetitions[0].diagnostics.per_rank[2].per_layer_unique_demands[32],528
02-partial-fixed-kv,repetitions[0].diagnostics.per_rank[2].per_layer_unique_demands[33],465
02-partial-fixed-kv,repetitions[0].diagnostics.per_rank[2].per_layer_unique_demands[34],483
02-partial-fixed-kv,repetitions[0].diagnostics.per_rank[2].per_layer_unique_demands[35],498
02-partial-fixed-kv,repetitions[0].diagnostics.per_rank[2].per_layer_unique_demands[36],470
02-partial-fixed-kv,repetitions[0].diagnostics.per_rank[2].per_layer_unique_demands[37],479
02-partial-fixed-kv,repetitions[0].diagnostics.per_rank[2].per_layer_unique_demands[38],510
02-partial-fixed-kv,repetitions[0].diagnostics.per_rank[2].per_layer_unique_demands[39],524
02-partial-fixed-kv,repetitions[0].diagnostics.per_rank[2].per_layer_unique_demands[40],530
02-partial-fixed-kv,repetitions[0].diagnostics.per_rank[2].per_layer_unique_demands[41],513
02-partial-fixed-kv,repetitions[0].diagnostics.per_rank[2].per_layer_unique_demands[42],477
02-partial-fixed-kv,repetitions[0].diagnostics.per_rank[2].per_layer_unique_demands[43],482
02-partial-fixed-kv,repetitions[0].diagnostics.per_rank[2].per_layer_unique_demands[44],469
02-partial-fixed-kv,repetitions[0].diagnostics.per_rank[2].per_layer_unique_demands[45],456
02-partial-fixed-kv,repetitions[0].diagnostics.per_rank[2].per_layer_unique_demands[46],463
02-partial-fixed-kv,repetitions[0].diagnostics.per_rank[2].per_layer_unique_demands[47],493
02-partial-fixed-kv,repetitions[0].diagnostics.per_rank[2].per_layer_mean_unique_coverage[0],0.138671875
02-partial-fixed-kv,repetitions[0].diagnostics.per_rank[2].per_layer_mean_unique_coverage[1],0.12353515625
02-partial-fixed-kv,repetitions[0].diagnostics.per_rank[2].per_layer_mean_unique_coverage[2],0.141357421875
02-partial-fixed-kv,repetitions[0].diagnostics.per_rank[2].per_layer_mean_unique_coverage[3],0.1201171875
02-partial-fixed-kv,repetitions[0].diagnostics.per_rank[2].per_layer_mean_unique_coverage[4],0.118408203125
02-partial-fixed-kv,repetitions[0].diagnostics.per_rank[2].per_layer_mean_unique_coverage[5],0.129150390625
02-partial-fixed-kv,repetitions[0].diagnostics.per_rank[2].per_layer_mean_unique_coverage[6],0.13671875
02-partial-fixed-kv,repetitions[0].diagnostics.per_rank[2].per_layer_mean_unique_coverage[7],0.13525390625
02-partial-fixed-kv,repetitions[0].diagnostics.per_rank[2].per_layer_mean_unique_coverage[8],0.1259765625
02-partial-fixed-kv,repetitions[0].diagnostics.per_rank[2].per_layer_mean_unique_coverage[9],0.112060546875
02-partial-fixed-kv,repetitions[0].diagnostics.per_rank[2].per_layer_mean_unique_coverage[10],0.11474609375
02-partial-fixed-kv,repetitions[0].diagnostics.per_rank[2].per_layer_mean_unique_coverage[11],0.118408203125
02-partial-fixed-kv,repetitions[0].diagnostics.per_rank[2].per_layer_mean_unique_coverage[12],0.106201171875
02-partial-fixed-kv,repetitions[0].diagnostics.per_rank[2].per_layer_mean_unique_coverage[13],0.111328125
02-partial-fixed-kv,repetitions[0].diagnostics.per_rank[2].per_layer_mean_unique_coverage[14],0.12158203125
02-partial-fixed-kv,repetitions[0].diagnostics.per_rank[2].per_layer_mean_unique_coverage[15],0.12890625
02-partial-fixed-kv,repetitions[0].diagnostics.per_rank[2].per_layer_mean_unique_coverage[16],0.120849609375
02-partial-fixed-kv,repetitions[0].diagnostics.per_rank[2].per_layer_mean_unique_coverage[17],0.12939453125
02-partial-fixed-kv,repetitions[0].diagnostics.per_rank[2].per_layer_mean_unique_coverage[18],0.1376953125
02-partial-fixed-kv,repetitions[0].diagnostics.per_rank[2].per_layer_mean_unique_coverage[19],0.135986328125
02-partial-fixed-kv,repetitions[0].diagnostics.per_rank[2].per_layer_mean_unique_coverage[20],0.125
02-partial-fixed-kv,repetitions[0].diagnostics.per_rank[2].per_layer_mean_unique_coverage[21],0.111083984375
02-partial-fixed-kv,repetitions[0].diagnostics.per_rank[2].per_layer_mean_unique_coverage[22],0.11767578125
02-partial-fixed-kv,repetitions[0].diagnostics.per_rank[2].per_layer_mean_unique_coverage[23],0.120849609375
02-partial-fixed-kv,repetitions[0].diagnostics.per_rank[2].per_layer_mean_unique_coverage[24],0.113037109375
02-partial-fixed-kv,repetitions[0].diagnostics.per_rank[2].per_layer_mean_unique_coverage[25],0.115966796875
02-partial-fixed-kv,repetitions[0].diagnostics.per_rank[2].per_layer_mean_unique_coverage[26],0.124267578125
02-partial-fixed-kv,repetitions[0].diagnostics.per_rank[2].per_layer_mean_unique_coverage[27],0.133056640625
02-partial-fixed-kv,repetitions[0].diagnostics.per_rank[2].per_layer_mean_unique_coverage[28],0.1259765625
02-partial-fixed-kv,repetitions[0].diagnostics.per_rank[2].per_layer_mean_unique_coverage[29],0.131591796875
02-partial-fixed-kv,repetitions[0].diagnostics.per_rank[2].per_layer_mean_unique_coverage[30],0.136474609375
02-partial-fixed-kv,repetitions[0].diagnostics.per_rank[2].per_layer_mean_unique_coverage[31],0.1357421875
02-partial-fixed-kv,repetitions[0].diagnostics.per_rank[2].per_layer_mean_unique_coverage[32],0.12890625
02-partial-fixed-kv,repetitions[0].diagnostics.per_rank[2].per_layer_mean_unique_coverage[33],0.113525390625
02-partial-fixed-kv,repetitions[0].diagnostics.per_rank[2].per_layer_mean_unique_coverage[34],0.117919921875
02-partial-fixed-kv,repetitions[0].diagnostics.per_rank[2].per_layer_mean_unique_coverage[35],0.12158203125
02-partial-fixed-kv,repetitions[0].diagnostics.per_rank[2].per_layer_mean_unique_coverage[36],0.11474609375
02-partial-fixed-kv,repetitions[0].diagnostics.per_rank[2].per_layer_mean_unique_coverage[37],0.116943359375
02-partial-fixed-kv,repetitions[0].diagnostics.per_rank[2].per_layer_mean_unique_coverage[38],0.12451171875
02-partial-fixed-kv,repetitions[0].diagnostics.per_rank[2].per_layer_mean_unique_coverage[39],0.1279296875
02-partial-fixed-kv,repetitions[0].diagnostics.per_rank[2].per_layer_mean_unique_coverage[40],0.12939453125
02-partial-fixed-kv,repetitions[0].diagnostics.per_rank[2].per_layer_mean_unique_coverage[41],0.125244140625
02-partial-fixed-kv,repetitions[0].diagnostics.per_rank[2].per_layer_mean_unique_coverage[42],0.116455078125
02-partial-fixed-kv,repetitions[0].diagnostics.per_rank[2].per_layer_mean_unique_coverage[43],0.11767578125
02-partial-fixed-kv,repetitions[0].diagnostics.per_rank[2].per_layer_mean_unique_coverage[44],0.114501953125
02-partial-fixed-kv,repetitions[0].diagnostics.per_rank[2].per_layer_mean_unique_coverage[45],0.111328125
02-partial-fixed-kv,repetitions[0].diagnostics.per_rank[2].per_layer_mean_unique_coverage[46],0.113037109375
02-partial-fixed-kv,repetitions[0].diagnostics.per_rank[2].per_layer_mean_unique_coverage[47],0.120361328125
02-partial-fixed-kv,repetitions[0].diagnostics.per_rank[2].gauge_snapshot.max_unique_per_forward,509
02-partial-fixed-kv,repetitions[0].diagnostics.per_rank[2].gauge_snapshot.mean_unique_coverage,0.10698070860745613
02-partial-fixed-kv,repetitions[0].diagnostics.per_rank[2].gauge_snapshot.per_layer_max_unique_per_forward[0],498
02-partial-fixed-kv,repetitions[0].diagnostics.per_rank[2].gauge_snapshot.per_layer_max_unique_per_forward[1],436
02-partial-fixed-kv,repetitions[0].diagnostics.per_rank[2].gauge_snapshot.per_layer_max_unique_per_forward[2],509
02-partial-fixed-kv,repetitions[0].diagnostics.per_rank[2].gauge_snapshot.per_layer_max_unique_per_forward[3],422
02-partial-fixed-kv,repetitions[0].diagnostics.per_rank[2].gauge_snapshot.per_layer_max_unique_per_forward[4],415
02-partial-fixed-kv,repetitions[0].diagnostics.per_rank[2].gauge_snapshot.per_layer_max_unique_per_forward[5],459
02-partial-fixed-kv,repetitions[0].diagnostics.per_rank[2].gauge_snapshot.per_layer_max_unique_per_forward[6],491
02-partial-fixed-kv,repetitions[0].diagnostics.per_rank[2].gauge_snapshot.per_layer_max_unique_per_forward[7],484
02-partial-fixed-kv,repetitions[0].diagnostics.per_rank[2].gauge_snapshot.per_layer_max_unique_per_forward[8],446
02-partial-fixed-kv,repetitions[0].diagnostics.per_rank[2].gauge_snapshot.per_layer_max_unique_per_forward[9],389
02-partial-fixed-kv,repetitions[0].diagnostics.per_rank[2].gauge_snapshot.per_layer_max_unique_per_forward[10],400
02-partial-fixed-kv,repetitions[0].diagnostics.per_rank[2].gauge_snapshot.per_layer_max_unique_per_forward[11],415
02-partial-fixed-kv,repetitions[0].diagnostics.per_rank[2].gauge_snapshot.per_layer_max_unique_per_forward[12],367
02-partial-fixed-kv,repetitions[0].diagnostics.per_rank[2].gauge_snapshot.per_layer_max_unique_per_forward[13],388
02-partial-fixed-kv,repetitions[0].diagnostics.per_rank[2].gauge_snapshot.per_layer_max_unique_per_forward[14],428
02-partial-fixed-kv,repetitions[0].diagnostics.per_rank[2].gauge_snapshot.per_layer_max_unique_per_forward[15],458
02-partial-fixed-kv,repetitions[0].diagnostics.per_rank[2].gauge_snapshot.per_layer_max_unique_per_forward[16],426
02-partial-fixed-kv,repetitions[0].diagnostics.per_rank[2].gauge_snapshot.per_layer_max_unique_per_forward[17],461
02-partial-fixed-kv,repetitions[0].diagnostics.per_rank[2].gauge_snapshot.per_layer_max_unique_per_forward[18],494
02-partial-fixed-kv,repetitions[0].diagnostics.per_rank[2].gauge_snapshot.per_layer_max_unique_per_forward[19],487
02-partial-fixed-kv,repetitions[0].diagnostics.per_rank[2].gauge_snapshot.per_layer_max_unique_per_forward[20],443
02-partial-fixed-kv,repetitions[0].diagnostics.per_rank[2].gauge_snapshot.per_layer_max_unique_per_forward[21],387
02-partial-fixed-kv,repetitions[0].diagnostics.per_rank[2].gauge_snapshot.per_layer_max_unique_per_forward[22],412
02-partial-fixed-kv,repetitions[0].diagnostics.per_rank[2].gauge_snapshot.per_layer_max_unique_per_forward[23],425
02-partial-fixed-kv,repetitions[0].diagnostics.per_rank[2].gauge_snapshot.per_layer_max_unique_per_forward[24],393
02-partial-fixed-kv,repetitions[0].diagnostics.per_rank[2].gauge_snapshot.per_layer_max_unique_per_forward[25],405
02-partial-fixed-kv,repetitions[0].diagnostics.per_rank[2].gauge_snapshot.per_layer_max_unique_per_forward[26],443
02-partial-fixed-kv,repetitions[0].diagnostics.per_rank[2].gauge_snapshot.per_layer_max_unique_per_forward[27],475
02-partial-fixed-kv,repetitions[0].diagnostics.per_rank[2].gauge_snapshot.per_layer_max_unique_per_forward[28],446
02-partial-fixed-kv,repetitions[0].diagnostics.per_rank[2].gauge_snapshot.per_layer_max_unique_per_forward[29],469
02-partial-fixed-kv,repetitions[0].diagnostics.per_rank[2].gauge_snapshot.per_layer_max_unique_per_forward[30],489
02-partial-fixed-kv,repetitions[0].diagnostics.per_rank[2].gauge_snapshot.per_layer_max_unique_per_forward[31],486
02-partial-fixed-kv,repetitions[0].diagnostics.per_rank[2].gauge_snapshot.per_layer_max_unique_per_forward[32],458
02-partial-fixed-kv,repetitions[0].diagnostics.per_rank[2].gauge_snapshot.per_layer_max_unique_per_forward[33],395
02-partial-fixed-kv,repetitions[0].diagnostics.per_rank[2].gauge_snapshot.per_layer_max_unique_per_forward[34],413
02-partial-fixed-kv,repetitions[0].diagnostics.per_rank[2].gauge_snapshot.per_layer_max_unique_per_forward[35],428
02-partial-fixed-kv,repetitions[0].diagnostics.per_rank[2].gauge_snapshot.per_layer_max_unique_per_forward[36],401
02-partial-fixed-kv,repetitions[0].diagnostics.per_rank[2].gauge_snapshot.per_layer_max_unique_per_forward[37],410
02-partial-fixed-kv,repetitions[0].diagnostics.per_rank[2].gauge_snapshot.per_layer_max_unique_per_forward[38],442
02-partial-fixed-kv,repetitions[0].diagnostics.per_rank[2].gauge_snapshot.per_layer_max_unique_per_forward[39],454
02-partial-fixed-kv,repetitions[0].diagnostics.per_rank[2].gauge_snapshot.per_layer_max_unique_per_forward[40],460
02-partial-fixed-kv,repetitions[0].diagnostics.per_rank[2].gauge_snapshot.per_layer_max_unique_per_forward[41],443
02-partial-fixed-kv,repetitions[0].diagnostics.per_rank[2].gauge_snapshot.per_layer_max_unique_per_forward[42],412
02-partial-fixed-kv,repetitions[0].diagnostics.per_rank[2].gauge_snapshot.per_layer_max_unique_per_forward[43],412
02-partial-fixed-kv,repetitions[0].diagnostics.per_rank[2].gauge_snapshot.per_layer_max_unique_per_forward[44],399
02-partial-fixed-kv,repetitions[0].diagnostics.per_rank[2].gauge_snapshot.per_layer_max_unique_per_forward[45],386
02-partial-fixed-kv,repetitions[0].diagnostics.per_rank[2].gauge_snapshot.per_layer_max_unique_per_forward[46],393
02-partial-fixed-kv,repetitions[0].diagnostics.per_rank[2].gauge_snapshot.per_layer_max_unique_per_forward[47],424
02-partial-fixed-kv,repetitions[0].diagnostics.per_rank[2].policy_snapshot.resident_experts,12288
02-partial-fixed-kv,repetitions[0].diagnostics.per_rank[2].policy_snapshot.cache_slots,256
02-partial-fixed-kv,repetitions[0].diagnostics.per_rank[2].policy_snapshot.cache_entries,256
02-partial-fixed-kv,repetitions[0].diagnostics.per_rank[2].policy_snapshot.cache_hit_ratio,0.01768480358912828
02-partial-fixed-kv,repetitions[0].diagnostics.per_rank[2].kernel_config_records.capacity,64
02-partial-fixed-kv,repetitions[0].diagnostics.per_rank[2].kernel_config_records.unrecorded_selections,0
02-partial-fixed-kv,repetitions[0].diagnostics.per_rank[2].kernel_config_records.records[0].chunk_tokens,8192
02-partial-fixed-kv,repetitions[0].diagnostics.per_rank[2].kernel_config_records.records[0].top_k,10
02-partial-fixed-kv,repetitions[0].diagnostics.per_rank[2].kernel_config_records.records[0].selections,96
02-partial-fixed-kv,repetitions[0].diagnostics.per_rank[2].kernel_config_records.records[0].w13_shape[0],512
02-partial-fixed-kv,repetitions[0].diagnostics.per_rank[2].kernel_config_records.records[0].w13_shape[1],256
02-partial-fixed-kv,repetitions[0].diagnostics.per_rank[2].kernel_config_records.records[0].w13_shape[2],2048
02-partial-fixed-kv,repetitions[0].diagnostics.per_rank[2].kernel_config_records.records[0].w2_shape[0],512
02-partial-fixed-kv,repetitions[0].diagnostics.per_rank[2].kernel_config_records.records[0].w2_shape[1],2048
02-partial-fixed-kv,repetitions[0].diagnostics.per_rank[2].kernel_config_records.records[0].w2_shape[2],128
02-partial-fixed-kv,repetitions[0].diagnostics.per_rank[2].kernel_config_records.records[0].config.BLOCK_SIZE_K,64
02-partial-fixed-kv,repetitions[0].diagnostics.per_rank[2].kernel_config_records.records[0].config.BLOCK_SIZE_M,128
02-partial-fixed-kv,repetitions[0].diagnostics.per_rank[2].kernel_config_records.records[0].config.BLOCK_SIZE_N,128
02-partial-fixed-kv,repetitions[0].diagnostics.per_rank[2].kernel_config_records.records[0].config.GROUP_SIZE_M,64
02-partial-fixed-kv,repetitions[0].diagnostics.per_rank[2].kernel_config_records.records[0].config.num_stages,3
02-partial-fixed-kv,repetitions[0].diagnostics.per_rank[2].kernel_config_records.records[0].config.num_warps,8
02-partial-fixed-kv,repetitions[0].diagnostics.per_rank[2].kernel_config_records.records[1].chunk_tokens,1
02-partial-fixed-kv,repetitions[0].diagnostics.per_rank[2].kernel_config_records.records[1].top_k,10
02-partial-fixed-kv,repetitions[0].diagnostics.per_rank[2].kernel_config_records.records[1].selections,720
02-partial-fixed-kv,repetitions[0].diagnostics.per_rank[2].kernel_config_records.records[1].w13_shape[0],512
02-partial-fixed-kv,repetitions[0].diagnostics.per_rank[2].kernel_config_records.records[1].w13_shape[1],256
02-partial-fixed-kv,repetitions[0].diagnostics.per_rank[2].kernel_config_records.records[1].w13_shape[2],2048
02-partial-fixed-kv,repetitions[0].diagnostics.per_rank[2].kernel_config_records.records[1].w2_shape[0],512
02-partial-fixed-kv,repetitions[0].diagnostics.per_rank[2].kernel_config_records.records[1].w2_shape[1],2048
02-partial-fixed-kv,repetitions[0].diagnostics.per_rank[2].kernel_config_records.records[1].w2_shape[2],128
02-partial-fixed-kv,repetitions[0].diagnostics.per_rank[2].kernel_config_records.records[1].config.BLOCK_SIZE_K,64
02-partial-fixed-kv,repetitions[0].diagnostics.per_rank[2].kernel_config_records.records[1].config.BLOCK_SIZE_M,16
02-partial-fixed-kv,repetitions[0].diagnostics.per_rank[2].kernel_config_records.records[1].config.BLOCK_SIZE_N,32
02-partial-fixed-kv,repetitions[0].diagnostics.per_rank[2].kernel_config_records.records[1].config.GROUP_SIZE_M,1
02-partial-fixed-kv,repetitions[0].diagnostics.per_rank[2].kernel_config_records.records[1].config.num_stages,4
02-partial-fixed-kv,repetitions[0].diagnostics.per_rank[2].kernel_config_records.records[1].config.num_warps,4
02-partial-fixed-kv,repetitions[0].diagnostics.per_rank[2].kernel_config_records.records[2].chunk_tokens,4096
02-partial-fixed-kv,repetitions[0].diagnostics.per_rank[2].kernel_config_records.records[2].top_k,10
02-partial-fixed-kv,repetitions[0].diagnostics.per_rank[2].kernel_config_records.records[2].selections,96
02-partial-fixed-kv,repetitions[0].diagnostics.per_rank[2].kernel_config_records.records[2].w13_shape[0],512
02-partial-fixed-kv,repetitions[0].diagnostics.per_rank[2].kernel_config_records.records[2].w13_shape[1],256
02-partial-fixed-kv,repetitions[0].diagnostics.per_rank[2].kernel_config_records.records[2].w13_shape[2],2048
02-partial-fixed-kv,repetitions[0].diagnostics.per_rank[2].kernel_config_records.records[2].w2_shape[0],512
02-partial-fixed-kv,repetitions[0].diagnostics.per_rank[2].kernel_config_records.records[2].w2_shape[1],2048
02-partial-fixed-kv,repetitions[0].diagnostics.per_rank[2].kernel_config_records.records[2].w2_shape[2],128
02-partial-fixed-kv,repetitions[0].diagnostics.per_rank[2].kernel_config_records.records[2].config.BLOCK_SIZE_K,64
02-partial-fixed-kv,repetitions[0].diagnostics.per_rank[2].kernel_config_records.records[2].config.BLOCK_SIZE_M,128
02-partial-fixed-kv,repetitions[0].diagnostics.per_rank[2].kernel_config_records.records[2].config.BLOCK_SIZE_N,128
02-partial-fixed-kv,repetitions[0].diagnostics.per_rank[2].kernel_config_records.records[2].config.GROUP_SIZE_M,64
02-partial-fixed-kv,repetitions[0].diagnostics.per_rank[2].kernel_config_records.records[2].config.num_stages,3
02-partial-fixed-kv,repetitions[0].diagnostics.per_rank[2].kernel_config_records.records[2].config.num_warps,8
02-partial-fixed-kv,repetitions[0].diagnostics.per_rank[3].h2d_bytes,14371258368
02-partial-fixed-kv,repetitions[0].diagnostics.per_rank[3].copy_launches,322
02-partial-fixed-kv,repetitions[0].diagnostics.per_rank[3].startup_resident_h2d_bytes,0
02-partial-fixed-kv,repetitions[0].diagnostics.per_rank[3].promotion_d2d_bytes,0
02-partial-fixed-kv,repetitions[0].diagnostics.per_rank[3].metadata_h2d_bytes,786432
02-partial-fixed-kv,repetitions[0].diagnostics.per_rank[3].unique_demands,24212
02-partial-fixed-kv,repetitions[0].diagnostics.per_rank[3].resident_hits,14792
02-partial-fixed-kv,repetitions[0].diagnostics.per_rank[3].timing.route_d2h_s,0.682144264690578
02-partial-fixed-kv,repetitions[0].diagnostics.per_rank[3].timing.policy_cpu_s,0.05004634987562895
02-partial-fixed-kv,repetitions[0].diagnostics.per_rank[3].timing.host_reuse_wait_s,0.001731515396386385
02-partial-fixed-kv,repetitions[0].diagnostics.per_rank[3].timing.host_gather_s,2.9179794043302536
02-partial-fixed-kv,repetitions[0].diagnostics.per_rank[3].timing.h2d_enqueue_s,0.016209013760089874
02-partial-fixed-kv,repetitions[0].diagnostics.per_rank[3].timing.compute_enqueue_s,0.16800523968413472
02-partial-fixed-kv,repetitions[0].diagnostics.per_rank[3].timing.cuda_sample_count,13
02-partial-fixed-kv,repetitions[0].diagnostics.per_rank[3].timing.load_cuda_s,0.012208192154765131
02-partial-fixed-kv,repetitions[0].diagnostics.per_rank[3].timing.compute_cuda_s,0.005460287958383561
02-partial-fixed-kv,repetitions[0].diagnostics.per_rank[3].timing.promotion_cuda_s,0.00010240000090561808
02-partial-fixed-kv,repetitions[0].diagnostics.per_rank[3].policy.observations,384
02-partial-fixed-kv,repetitions[0].diagnostics.per_rank[3].policy.unique_demands,24212
02-partial-fixed-kv,repetitions[0].diagnostics.per_rank[3].policy.completed_forwards,8
02-partial-fixed-kv,repetitions[0].diagnostics.per_rank[3].policy.decay_events,0
02-partial-fixed-kv,repetitions[0].diagnostics.per_rank[3].policy.cache_hits,283
02-partial-fixed-kv,repetitions[0].diagnostics.per_rank[3].policy.cache_misses,9137
02-partial-fixed-kv,repetitions[0].diagnostics.per_rank[3].policy.admissions,0
02-partial-fixed-kv,repetitions[0].diagnostics.per_rank[3].policy.evictions,0
02-partial-fixed-kv,repetitions[0].diagnostics.per_rank[3].policy.cache_bypasses,9137
02-partial-fixed-kv,repetitions[0].diagnostics.per_rank[3].policy.reconfigurations,0
02-partial-fixed-kv,repetitions[0].diagnostics.per_rank[3].policy.cache_hit_ratio,0.030042462845010616
02-partial-fixed-kv,repetitions[0].diagnostics.per_rank[3].rank,3
02-partial-fixed-kv,repetitions[0].diagnostics.per_rank[3].forward_counts[0],8
02-partial-fixed-kv,repetitions[0].diagnostics.per_rank[3].forward_counts[1],8
02-partial-fixed-kv,repetitions[0].diagnostics.per_rank[3].forward_counts[2],8
02-partial-fixed-kv,repetitions[0].diagnostics.per_rank[3].forward_counts[3],8
02-partial-fixed-kv,repetitions[0].diagnostics.per_rank[3].forward_counts[4],8
02-partial-fixed-kv,repetitions[0].diagnostics.per_rank[3].forward_counts[5],8
02-partial-fixed-kv,repetitions[0].diagnostics.per_rank[3].forward_counts[6],8
02-partial-fixed-kv,repetitions[0].diagnostics.per_rank[3].forward_counts[7],8
02-partial-fixed-kv,repetitions[0].diagnostics.per_rank[3].forward_counts[8],8
02-partial-fixed-kv,repetitions[0].diagnostics.per_rank[3].forward_counts[9],8
02-partial-fixed-kv,repetitions[0].diagnostics.per_rank[3].forward_counts[10],8
02-partial-fixed-kv,repetitions[0].diagnostics.per_rank[3].forward_counts[11],8
02-partial-fixed-kv,repetitions[0].diagnostics.per_rank[3].forward_counts[12],8
02-partial-fixed-kv,repetitions[0].diagnostics.per_rank[3].forward_counts[13],8
02-partial-fixed-kv,repetitions[0].diagnostics.per_rank[3].forward_counts[14],8
02-partial-fixed-kv,repetitions[0].diagnostics.per_rank[3].forward_counts[15],8
02-partial-fixed-kv,repetitions[0].diagnostics.per_rank[3].forward_counts[16],8
02-partial-fixed-kv,repetitions[0].diagnostics.per_rank[3].forward_counts[17],8
02-partial-fixed-kv,repetitions[0].diagnostics.per_rank[3].forward_counts[18],8
02-partial-fixed-kv,repetitions[0].diagnostics.per_rank[3].forward_counts[19],8
02-partial-fixed-kv,repetitions[0].diagnostics.per_rank[3].forward_counts[20],8
02-partial-fixed-kv,repetitions[0].diagnostics.per_rank[3].forward_counts[21],8
02-partial-fixed-kv,repetitions[0].diagnostics.per_rank[3].forward_counts[22],8
02-partial-fixed-kv,repetitions[0].diagnostics.per_rank[3].forward_counts[23],8
02-partial-fixed-kv,repetitions[0].diagnostics.per_rank[3].forward_counts[24],8
02-partial-fixed-kv,repetitions[0].diagnostics.per_rank[3].forward_counts[25],8
02-partial-fixed-kv,repetitions[0].diagnostics.per_rank[3].forward_counts[26],8
02-partial-fixed-kv,repetitions[0].diagnostics.per_rank[3].forward_counts[27],8
02-partial-fixed-kv,repetitions[0].diagnostics.per_rank[3].forward_counts[28],8
02-partial-fixed-kv,repetitions[0].diagnostics.per_rank[3].forward_counts[29],8
02-partial-fixed-kv,repetitions[0].diagnostics.per_rank[3].forward_counts[30],8
02-partial-fixed-kv,repetitions[0].diagnostics.per_rank[3].forward_counts[31],8
02-partial-fixed-kv,repetitions[0].diagnostics.per_rank[3].forward_counts[32],8
02-partial-fixed-kv,repetitions[0].diagnostics.per_rank[3].forward_counts[33],8
02-partial-fixed-kv,repetitions[0].diagnostics.per_rank[3].forward_counts[34],8
02-partial-fixed-kv,repetitions[0].diagnostics.per_rank[3].forward_counts[35],8
02-partial-fixed-kv,repetitions[0].diagnostics.per_rank[3].forward_counts[36],8
02-partial-fixed-kv,repetitions[0].diagnostics.per_rank[3].forward_counts[37],8
02-partial-fixed-kv,repetitions[0].diagnostics.per_rank[3].forward_counts[38],8
02-partial-fixed-kv,repetitions[0].diagnostics.per_rank[3].forward_counts[39],8
02-partial-fixed-kv,repetitions[0].diagnostics.per_rank[3].forward_counts[40],8
02-partial-fixed-kv,repetitions[0].diagnostics.per_rank[3].forward_counts[41],8
02-partial-fixed-kv,repetitions[0].diagnostics.per_rank[3].forward_counts[42],8
02-partial-fixed-kv,repetitions[0].diagnostics.per_rank[3].forward_counts[43],8
02-partial-fixed-kv,repetitions[0].diagnostics.per_rank[3].forward_counts[44],8
02-partial-fixed-kv,repetitions[0].diagnostics.per_rank[3].forward_counts[45],8
02-partial-fixed-kv,repetitions[0].diagnostics.per_rank[3].forward_counts[46],8
02-partial-fixed-kv,repetitions[0].diagnostics.per_rank[3].forward_counts[47],8
02-partial-fixed-kv,repetitions[0].diagnostics.per_rank[3].per_layer_unique_demands[0],568
02-partial-fixed-kv,repetitions[0].diagnostics.per_rank[3].per_layer_unique_demands[1],506
02-partial-fixed-kv,repetitions[0].diagnostics.per_rank[3].per_layer_unique_demands[2],579
02-partial-fixed-kv,repetitions[0].diagnostics.per_rank[3].per_layer_unique_demands[3],492
02-partial-fixed-kv,repetitions[0].diagnostics.per_rank[3].per_layer_unique_demands[4],485
02-partial-fixed-kv,repetitions[0].diagnostics.per_rank[3].per_layer_unique_demands[5],529
02-partial-fixed-kv,repetitions[0].diagnostics.per_rank[3].per_layer_unique_demands[6],560
02-partial-fixed-kv,repetitions[0].diagnostics.per_rank[3].per_layer_unique_demands[7],554
02-partial-fixed-kv,repetitions[0].diagnostics.per_rank[3].per_layer_unique_demands[8],516
02-partial-fixed-kv,repetitions[0].diagnostics.per_rank[3].per_layer_unique_demands[9],459
02-partial-fixed-kv,repetitions[0].diagnostics.per_rank[3].per_layer_unique_demands[10],470
02-partial-fixed-kv,repetitions[0].diagnostics.per_rank[3].per_layer_unique_demands[11],485
02-partial-fixed-kv,repetitions[0].diagnostics.per_rank[3].per_layer_unique_demands[12],435
02-partial-fixed-kv,repetitions[0].diagnostics.per_rank[3].per_layer_unique_demands[13],456
02-partial-fixed-kv,repetitions[0].diagnostics.per_rank[3].per_layer_unique_demands[14],498
02-partial-fixed-kv,repetitions[0].diagnostics.per_rank[3].per_layer_unique_demands[15],528
02-partial-fixed-kv,repetitions[0].diagnostics.per_rank[3].per_layer_unique_demands[16],495
02-partial-fixed-kv,repetitions[0].diagnostics.per_rank[3].per_layer_unique_demands[17],530
02-partial-fixed-kv,repetitions[0].diagnostics.per_rank[3].per_layer_unique_demands[18],564
02-partial-fixed-kv,repetitions[0].diagnostics.per_rank[3].per_layer_unique_demands[19],557
02-partial-fixed-kv,repetitions[0].diagnostics.per_rank[3].per_layer_unique_demands[20],512
02-partial-fixed-kv,repetitions[0].diagnostics.per_rank[3].per_layer_unique_demands[21],455
02-partial-fixed-kv,repetitions[0].diagnostics.per_rank[3].per_layer_unique_demands[22],482
02-partial-fixed-kv,repetitions[0].diagnostics.per_rank[3].per_layer_unique_demands[23],495
02-partial-fixed-kv,repetitions[0].diagnostics.per_rank[3].per_layer_unique_demands[24],463
02-partial-fixed-kv,repetitions[0].diagnostics.per_rank[3].per_layer_unique_demands[25],475
02-partial-fixed-kv,repetitions[0].diagnostics.per_rank[3].per_layer_unique_demands[26],509
02-partial-fixed-kv,repetitions[0].diagnostics.per_rank[3].per_layer_unique_demands[27],545
02-partial-fixed-kv,repetitions[0].diagnostics.per_rank[3].per_layer_unique_demands[28],516
02-partial-fixed-kv,repetitions[0].diagnostics.per_rank[3].per_layer_unique_demands[29],539
02-partial-fixed-kv,repetitions[0].diagnostics.per_rank[3].per_layer_unique_demands[30],559
02-partial-fixed-kv,repetitions[0].diagnostics.per_rank[3].per_layer_unique_demands[31],556
02-partial-fixed-kv,repetitions[0].diagnostics.per_rank[3].per_layer_unique_demands[32],528
02-partial-fixed-kv,repetitions[0].diagnostics.per_rank[3].per_layer_unique_demands[33],465
02-partial-fixed-kv,repetitions[0].diagnostics.per_rank[3].per_layer_unique_demands[34],483
02-partial-fixed-kv,repetitions[0].diagnostics.per_rank[3].per_layer_unique_demands[35],498
02-partial-fixed-kv,repetitions[0].diagnostics.per_rank[3].per_layer_unique_demands[36],470
02-partial-fixed-kv,repetitions[0].diagnostics.per_rank[3].per_layer_unique_demands[37],479
02-partial-fixed-kv,repetitions[0].diagnostics.per_rank[3].per_layer_unique_demands[38],510
02-partial-fixed-kv,repetitions[0].diagnostics.per_rank[3].per_layer_unique_demands[39],524
02-partial-fixed-kv,repetitions[0].diagnostics.per_rank[3].per_layer_unique_demands[40],530
02-partial-fixed-kv,repetitions[0].diagnostics.per_rank[3].per_layer_unique_demands[41],513
02-partial-fixed-kv,repetitions[0].diagnostics.per_rank[3].per_layer_unique_demands[42],477
02-partial-fixed-kv,repetitions[0].diagnostics.per_rank[3].per_layer_unique_demands[43],482
02-partial-fixed-kv,repetitions[0].diagnostics.per_rank[3].per_layer_unique_demands[44],469
02-partial-fixed-kv,repetitions[0].diagnostics.per_rank[3].per_layer_unique_demands[45],456
02-partial-fixed-kv,repetitions[0].diagnostics.per_rank[3].per_layer_unique_demands[46],463
02-partial-fixed-kv,repetitions[0].diagnostics.per_rank[3].per_layer_unique_demands[47],493
02-partial-fixed-kv,repetitions[0].diagnostics.per_rank[3].per_layer_mean_unique_coverage[0],0.138671875
02-partial-fixed-kv,repetitions[0].diagnostics.per_rank[3].per_layer_mean_unique_coverage[1],0.12353515625
02-partial-fixed-kv,repetitions[0].diagnostics.per_rank[3].per_layer_mean_unique_coverage[2],0.141357421875
02-partial-fixed-kv,repetitions[0].diagnostics.per_rank[3].per_layer_mean_unique_coverage[3],0.1201171875
02-partial-fixed-kv,repetitions[0].diagnostics.per_rank[3].per_layer_mean_unique_coverage[4],0.118408203125
02-partial-fixed-kv,repetitions[0].diagnostics.per_rank[3].per_layer_mean_unique_coverage[5],0.129150390625
02-partial-fixed-kv,repetitions[0].diagnostics.per_rank[3].per_layer_mean_unique_coverage[6],0.13671875
02-partial-fixed-kv,repetitions[0].diagnostics.per_rank[3].per_layer_mean_unique_coverage[7],0.13525390625
02-partial-fixed-kv,repetitions[0].diagnostics.per_rank[3].per_layer_mean_unique_coverage[8],0.1259765625
02-partial-fixed-kv,repetitions[0].diagnostics.per_rank[3].per_layer_mean_unique_coverage[9],0.112060546875
02-partial-fixed-kv,repetitions[0].diagnostics.per_rank[3].per_layer_mean_unique_coverage[10],0.11474609375
02-partial-fixed-kv,repetitions[0].diagnostics.per_rank[3].per_layer_mean_unique_coverage[11],0.118408203125
02-partial-fixed-kv,repetitions[0].diagnostics.per_rank[3].per_layer_mean_unique_coverage[12],0.106201171875
02-partial-fixed-kv,repetitions[0].diagnostics.per_rank[3].per_layer_mean_unique_coverage[13],0.111328125
02-partial-fixed-kv,repetitions[0].diagnostics.per_rank[3].per_layer_mean_unique_coverage[14],0.12158203125
02-partial-fixed-kv,repetitions[0].diagnostics.per_rank[3].per_layer_mean_unique_coverage[15],0.12890625
02-partial-fixed-kv,repetitions[0].diagnostics.per_rank[3].per_layer_mean_unique_coverage[16],0.120849609375
02-partial-fixed-kv,repetitions[0].diagnostics.per_rank[3].per_layer_mean_unique_coverage[17],0.12939453125
02-partial-fixed-kv,repetitions[0].diagnostics.per_rank[3].per_layer_mean_unique_coverage[18],0.1376953125
02-partial-fixed-kv,repetitions[0].diagnostics.per_rank[3].per_layer_mean_unique_coverage[19],0.135986328125
02-partial-fixed-kv,repetitions[0].diagnostics.per_rank[3].per_layer_mean_unique_coverage[20],0.125
02-partial-fixed-kv,repetitions[0].diagnostics.per_rank[3].per_layer_mean_unique_coverage[21],0.111083984375
02-partial-fixed-kv,repetitions[0].diagnostics.per_rank[3].per_layer_mean_unique_coverage[22],0.11767578125
02-partial-fixed-kv,repetitions[0].diagnostics.per_rank[3].per_layer_mean_unique_coverage[23],0.120849609375
02-partial-fixed-kv,repetitions[0].diagnostics.per_rank[3].per_layer_mean_unique_coverage[24],0.113037109375
02-partial-fixed-kv,repetitions[0].diagnostics.per_rank[3].per_layer_mean_unique_coverage[25],0.115966796875
02-partial-fixed-kv,repetitions[0].diagnostics.per_rank[3].per_layer_mean_unique_coverage[26],0.124267578125
02-partial-fixed-kv,repetitions[0].diagnostics.per_rank[3].per_layer_mean_unique_coverage[27],0.133056640625
02-partial-fixed-kv,repetitions[0].diagnostics.per_rank[3].per_layer_mean_unique_coverage[28],0.1259765625
02-partial-fixed-kv,repetitions[0].diagnostics.per_rank[3].per_layer_mean_unique_coverage[29],0.131591796875
02-partial-fixed-kv,repetitions[0].diagnostics.per_rank[3].per_layer_mean_unique_coverage[30],0.136474609375
02-partial-fixed-kv,repetitions[0].diagnostics.per_rank[3].per_layer_mean_unique_coverage[31],0.1357421875
02-partial-fixed-kv,repetitions[0].diagnostics.per_rank[3].per_layer_mean_unique_coverage[32],0.12890625
02-partial-fixed-kv,repetitions[0].diagnostics.per_rank[3].per_layer_mean_unique_coverage[33],0.113525390625
02-partial-fixed-kv,repetitions[0].diagnostics.per_rank[3].per_layer_mean_unique_coverage[34],0.117919921875
02-partial-fixed-kv,repetitions[0].diagnostics.per_rank[3].per_layer_mean_unique_coverage[35],0.12158203125
02-partial-fixed-kv,repetitions[0].diagnostics.per_rank[3].per_layer_mean_unique_coverage[36],0.11474609375
02-partial-fixed-kv,repetitions[0].diagnostics.per_rank[3].per_layer_mean_unique_coverage[37],0.116943359375
02-partial-fixed-kv,repetitions[0].diagnostics.per_rank[3].per_layer_mean_unique_coverage[38],0.12451171875
02-partial-fixed-kv,repetitions[0].diagnostics.per_rank[3].per_layer_mean_unique_coverage[39],0.1279296875
02-partial-fixed-kv,repetitions[0].diagnostics.per_rank[3].per_layer_mean_unique_coverage[40],0.12939453125
02-partial-fixed-kv,repetitions[0].diagnostics.per_rank[3].per_layer_mean_unique_coverage[41],0.125244140625
02-partial-fixed-kv,repetitions[0].diagnostics.per_rank[3].per_layer_mean_unique_coverage[42],0.116455078125
02-partial-fixed-kv,repetitions[0].diagnostics.per_rank[3].per_layer_mean_unique_coverage[43],0.11767578125
02-partial-fixed-kv,repetitions[0].diagnostics.per_rank[3].per_layer_mean_unique_coverage[44],0.114501953125
02-partial-fixed-kv,repetitions[0].diagnostics.per_rank[3].per_layer_mean_unique_coverage[45],0.111328125
02-partial-fixed-kv,repetitions[0].diagnostics.per_rank[3].per_layer_mean_unique_coverage[46],0.113037109375
02-partial-fixed-kv,repetitions[0].diagnostics.per_rank[3].per_layer_mean_unique_coverage[47],0.120361328125
02-partial-fixed-kv,repetitions[0].diagnostics.per_rank[3].gauge_snapshot.max_unique_per_forward,509
02-partial-fixed-kv,repetitions[0].diagnostics.per_rank[3].gauge_snapshot.mean_unique_coverage,0.10698070860745613
02-partial-fixed-kv,repetitions[0].diagnostics.per_rank[3].gauge_snapshot.per_layer_max_unique_per_forward[0],498
02-partial-fixed-kv,repetitions[0].diagnostics.per_rank[3].gauge_snapshot.per_layer_max_unique_per_forward[1],436
02-partial-fixed-kv,repetitions[0].diagnostics.per_rank[3].gauge_snapshot.per_layer_max_unique_per_forward[2],509
02-partial-fixed-kv,repetitions[0].diagnostics.per_rank[3].gauge_snapshot.per_layer_max_unique_per_forward[3],422
02-partial-fixed-kv,repetitions[0].diagnostics.per_rank[3].gauge_snapshot.per_layer_max_unique_per_forward[4],415
02-partial-fixed-kv,repetitions[0].diagnostics.per_rank[3].gauge_snapshot.per_layer_max_unique_per_forward[5],459
02-partial-fixed-kv,repetitions[0].diagnostics.per_rank[3].gauge_snapshot.per_layer_max_unique_per_forward[6],491
02-partial-fixed-kv,repetitions[0].diagnostics.per_rank[3].gauge_snapshot.per_layer_max_unique_per_forward[7],484
02-partial-fixed-kv,repetitions[0].diagnostics.per_rank[3].gauge_snapshot.per_layer_max_unique_per_forward[8],446
02-partial-fixed-kv,repetitions[0].diagnostics.per_rank[3].gauge_snapshot.per_layer_max_unique_per_forward[9],389
02-partial-fixed-kv,repetitions[0].diagnostics.per_rank[3].gauge_snapshot.per_layer_max_unique_per_forward[10],400
02-partial-fixed-kv,repetitions[0].diagnostics.per_rank[3].gauge_snapshot.per_layer_max_unique_per_forward[11],415
02-partial-fixed-kv,repetitions[0].diagnostics.per_rank[3].gauge_snapshot.per_layer_max_unique_per_forward[12],367
02-partial-fixed-kv,repetitions[0].diagnostics.per_rank[3].gauge_snapshot.per_layer_max_unique_per_forward[13],388
02-partial-fixed-kv,repetitions[0].diagnostics.per_rank[3].gauge_snapshot.per_layer_max_unique_per_forward[14],428
02-partial-fixed-kv,repetitions[0].diagnostics.per_rank[3].gauge_snapshot.per_layer_max_unique_per_forward[15],458
02-partial-fixed-kv,repetitions[0].diagnostics.per_rank[3].gauge_snapshot.per_layer_max_unique_per_forward[16],426
02-partial-fixed-kv,repetitions[0].diagnostics.per_rank[3].gauge_snapshot.per_layer_max_unique_per_forward[17],461
02-partial-fixed-kv,repetitions[0].diagnostics.per_rank[3].gauge_snapshot.per_layer_max_unique_per_forward[18],494
02-partial-fixed-kv,repetitions[0].diagnostics.per_rank[3].gauge_snapshot.per_layer_max_unique_per_forward[19],487
02-partial-fixed-kv,repetitions[0].diagnostics.per_rank[3].gauge_snapshot.per_layer_max_unique_per_forward[20],443
02-partial-fixed-kv,repetitions[0].diagnostics.per_rank[3].gauge_snapshot.per_layer_max_unique_per_forward[21],387
02-partial-fixed-kv,repetitions[0].diagnostics.per_rank[3].gauge_snapshot.per_layer_max_unique_per_forward[22],412
02-partial-fixed-kv,repetitions[0].diagnostics.per_rank[3].gauge_snapshot.per_layer_max_unique_per_forward[23],425
02-partial-fixed-kv,repetitions[0].diagnostics.per_rank[3].gauge_snapshot.per_layer_max_unique_per_forward[24],393
02-partial-fixed-kv,repetitions[0].diagnostics.per_rank[3].gauge_snapshot.per_layer_max_unique_per_forward[25],405
02-partial-fixed-kv,repetitions[0].diagnostics.per_rank[3].gauge_snapshot.per_layer_max_unique_per_forward[26],443
02-partial-fixed-kv,repetitions[0].diagnostics.per_rank[3].gauge_snapshot.per_layer_max_unique_per_forward[27],475
02-partial-fixed-kv,repetitions[0].diagnostics.per_rank[3].gauge_snapshot.per_layer_max_unique_per_forward[28],446
02-partial-fixed-kv,repetitions[0].diagnostics.per_rank[3].gauge_snapshot.per_layer_max_unique_per_forward[29],469
02-partial-fixed-kv,repetitions[0].diagnostics.per_rank[3].gauge_snapshot.per_layer_max_unique_per_forward[30],489
02-partial-fixed-kv,repetitions[0].diagnostics.per_rank[3].gauge_snapshot.per_layer_max_unique_per_forward[31],486
02-partial-fixed-kv,repetitions[0].diagnostics.per_rank[3].gauge_snapshot.per_layer_max_unique_per_forward[32],458
02-partial-fixed-kv,repetitions[0].diagnostics.per_rank[3].gauge_snapshot.per_layer_max_unique_per_forward[33],395
02-partial-fixed-kv,repetitions[0].diagnostics.per_rank[3].gauge_snapshot.per_layer_max_unique_per_forward[34],413
02-partial-fixed-kv,repetitions[0].diagnostics.per_rank[3].gauge_snapshot.per_layer_max_unique_per_forward[35],428
02-partial-fixed-kv,repetitions[0].diagnostics.per_rank[3].gauge_snapshot.per_layer_max_unique_per_forward[36],401
02-partial-fixed-kv,repetitions[0].diagnostics.per_rank[3].gauge_snapshot.per_layer_max_unique_per_forward[37],410
02-partial-fixed-kv,repetitions[0].diagnostics.per_rank[3].gauge_snapshot.per_layer_max_unique_per_forward[38],442
02-partial-fixed-kv,repetitions[0].diagnostics.per_rank[3].gauge_snapshot.per_layer_max_unique_per_forward[39],454
02-partial-fixed-kv,repetitions[0].diagnostics.per_rank[3].gauge_snapshot.per_layer_max_unique_per_forward[40],460
02-partial-fixed-kv,repetitions[0].diagnostics.per_rank[3].gauge_snapshot.per_layer_max_unique_per_forward[41],443
02-partial-fixed-kv,repetitions[0].diagnostics.per_rank[3].gauge_snapshot.per_layer_max_unique_per_forward[42],412
02-partial-fixed-kv,repetitions[0].diagnostics.per_rank[3].gauge_snapshot.per_layer_max_unique_per_forward[43],412
02-partial-fixed-kv,repetitions[0].diagnostics.per_rank[3].gauge_snapshot.per_layer_max_unique_per_forward[44],399
02-partial-fixed-kv,repetitions[0].diagnostics.per_rank[3].gauge_snapshot.per_layer_max_unique_per_forward[45],386
02-partial-fixed-kv,repetitions[0].diagnostics.per_rank[3].gauge_snapshot.per_layer_max_unique_per_forward[46],393
02-partial-fixed-kv,repetitions[0].diagnostics.per_rank[3].gauge_snapshot.per_layer_max_unique_per_forward[47],424
02-partial-fixed-kv,repetitions[0].diagnostics.per_rank[3].policy_snapshot.resident_experts,12288
02-partial-fixed-kv,repetitions[0].diagnostics.per_rank[3].policy_snapshot.cache_slots,256
02-partial-fixed-kv,repetitions[0].diagnostics.per_rank[3].policy_snapshot.cache_entries,256
02-partial-fixed-kv,repetitions[0].diagnostics.per_rank[3].policy_snapshot.cache_hit_ratio,0.01768480358912828
02-partial-fixed-kv,repetitions[0].diagnostics.per_rank[3].kernel_config_records.capacity,64
02-partial-fixed-kv,repetitions[0].diagnostics.per_rank[3].kernel_config_records.unrecorded_selections,0
02-partial-fixed-kv,repetitions[0].diagnostics.per_rank[3].kernel_config_records.records[0].chunk_tokens,8192
02-partial-fixed-kv,repetitions[0].diagnostics.per_rank[3].kernel_config_records.records[0].top_k,10
02-partial-fixed-kv,repetitions[0].diagnostics.per_rank[3].kernel_config_records.records[0].selections,96
02-partial-fixed-kv,repetitions[0].diagnostics.per_rank[3].kernel_config_records.records[0].w13_shape[0],512
02-partial-fixed-kv,repetitions[0].diagnostics.per_rank[3].kernel_config_records.records[0].w13_shape[1],256
02-partial-fixed-kv,repetitions[0].diagnostics.per_rank[3].kernel_config_records.records[0].w13_shape[2],2048
02-partial-fixed-kv,repetitions[0].diagnostics.per_rank[3].kernel_config_records.records[0].w2_shape[0],512
02-partial-fixed-kv,repetitions[0].diagnostics.per_rank[3].kernel_config_records.records[0].w2_shape[1],2048
02-partial-fixed-kv,repetitions[0].diagnostics.per_rank[3].kernel_config_records.records[0].w2_shape[2],128
02-partial-fixed-kv,repetitions[0].diagnostics.per_rank[3].kernel_config_records.records[0].config.BLOCK_SIZE_K,64
02-partial-fixed-kv,repetitions[0].diagnostics.per_rank[3].kernel_config_records.records[0].config.BLOCK_SIZE_M,128
02-partial-fixed-kv,repetitions[0].diagnostics.per_rank[3].kernel_config_records.records[0].config.BLOCK_SIZE_N,128
02-partial-fixed-kv,repetitions[0].diagnostics.per_rank[3].kernel_config_records.records[0].config.GROUP_SIZE_M,64
02-partial-fixed-kv,repetitions[0].diagnostics.per_rank[3].kernel_config_records.records[0].config.num_stages,3
02-partial-fixed-kv,repetitions[0].diagnostics.per_rank[3].kernel_config_records.records[0].config.num_warps,8
02-partial-fixed-kv,repetitions[0].diagnostics.per_rank[3].kernel_config_records.records[1].chunk_tokens,1
02-partial-fixed-kv,repetitions[0].diagnostics.per_rank[3].kernel_config_records.records[1].top_k,10
02-partial-fixed-kv,repetitions[0].diagnostics.per_rank[3].kernel_config_records.records[1].selections,720
02-partial-fixed-kv,repetitions[0].diagnostics.per_rank[3].kernel_config_records.records[1].w13_shape[0],512
02-partial-fixed-kv,repetitions[0].diagnostics.per_rank[3].kernel_config_records.records[1].w13_shape[1],256
02-partial-fixed-kv,repetitions[0].diagnostics.per_rank[3].kernel_config_records.records[1].w13_shape[2],2048
02-partial-fixed-kv,repetitions[0].diagnostics.per_rank[3].kernel_config_records.records[1].w2_shape[0],512
02-partial-fixed-kv,repetitions[0].diagnostics.per_rank[3].kernel_config_records.records[1].w2_shape[1],2048
02-partial-fixed-kv,repetitions[0].diagnostics.per_rank[3].kernel_config_records.records[1].w2_shape[2],128
02-partial-fixed-kv,repetitions[0].diagnostics.per_rank[3].kernel_config_records.records[1].config.BLOCK_SIZE_K,64
02-partial-fixed-kv,repetitions[0].diagnostics.per_rank[3].kernel_config_records.records[1].config.BLOCK_SIZE_M,16
02-partial-fixed-kv,repetitions[0].diagnostics.per_rank[3].kernel_config_records.records[1].config.BLOCK_SIZE_N,32
02-partial-fixed-kv,repetitions[0].diagnostics.per_rank[3].kernel_config_records.records[1].config.GROUP_SIZE_M,1
02-partial-fixed-kv,repetitions[0].diagnostics.per_rank[3].kernel_config_records.records[1].config.num_stages,4
02-partial-fixed-kv,repetitions[0].diagnostics.per_rank[3].kernel_config_records.records[1].config.num_warps,4
02-partial-fixed-kv,repetitions[0].diagnostics.per_rank[3].kernel_config_records.records[2].chunk_tokens,4096
02-partial-fixed-kv,repetitions[0].diagnostics.per_rank[3].kernel_config_records.records[2].top_k,10
02-partial-fixed-kv,repetitions[0].diagnostics.per_rank[3].kernel_config_records.records[2].selections,96
02-partial-fixed-kv,repetitions[0].diagnostics.per_rank[3].kernel_config_records.records[2].w13_shape[0],512
02-partial-fixed-kv,repetitions[0].diagnostics.per_rank[3].kernel_config_records.records[2].w13_shape[1],256
02-partial-fixed-kv,repetitions[0].diagnostics.per_rank[3].kernel_config_records.records[2].w13_shape[2],2048
02-partial-fixed-kv,repetitions[0].diagnostics.per_rank[3].kernel_config_records.records[2].w2_shape[0],512
02-partial-fixed-kv,repetitions[0].diagnostics.per_rank[3].kernel_config_records.records[2].w2_shape[1],2048
02-partial-fixed-kv,repetitions[0].diagnostics.per_rank[3].kernel_config_records.records[2].w2_shape[2],128
02-partial-fixed-kv,repetitions[0].diagnostics.per_rank[3].kernel_config_records.records[2].config.BLOCK_SIZE_K,64
02-partial-fixed-kv,repetitions[0].diagnostics.per_rank[3].kernel_config_records.records[2].config.BLOCK_SIZE_M,128
02-partial-fixed-kv,repetitions[0].diagnostics.per_rank[3].kernel_config_records.records[2].config.BLOCK_SIZE_N,128
02-partial-fixed-kv,repetitions[0].diagnostics.per_rank[3].kernel_config_records.records[2].config.GROUP_SIZE_M,64
02-partial-fixed-kv,repetitions[0].diagnostics.per_rank[3].kernel_config_records.records[2].config.num_stages,3
02-partial-fixed-kv,repetitions[0].diagnostics.per_rank[3].kernel_config_records.records[2].config.num_warps,8
02-partial-fixed-kv,repetitions[0].memory[0].rank,0
02-partial-fixed-kv,repetitions[0].memory[0].total_gpu_bytes,85017493504
02-partial-fixed-kv,repetitions[0].memory[0].free_gpu_bytes,48368779264
02-partial-fixed-kv,repetitions[0].memory[0].torch_allocated_bytes,30891679232
02-partial-fixed-kv,repetitions[0].memory[0].torch_reserved_bytes,31591497728
02-partial-fixed-kv,repetitions[0].memory[0].torch_peak_allocated_bytes,31192341504
02-partial-fixed-kv,repetitions[0].memory[0].torch_peak_reserved_bytes,31591497728
02-partial-fixed-kv,repetitions[0].memory[0].kv_cache_allocated_bytes,8980856832
02-partial-fixed-kv,repetitions[0].memory[0].num_gpu_blocks,2687
02-partial-fixed-kv,repetitions[0].memory[0].kv_cache_declared_bytes,8980856832
02-partial-fixed-kv,repetitions[0].memory[0].kv_cache_accounting_consistent,True
02-partial-fixed-kv,repetitions[0].memory[1].rank,1
02-partial-fixed-kv,repetitions[0].memory[1].total_gpu_bytes,85017493504
02-partial-fixed-kv,repetitions[0].memory[1].free_gpu_bytes,48368779264
02-partial-fixed-kv,repetitions[0].memory[1].torch_allocated_bytes,30891679232
02-partial-fixed-kv,repetitions[0].memory[1].torch_reserved_bytes,31591497728
02-partial-fixed-kv,repetitions[0].memory[1].torch_peak_allocated_bytes,31192341504
02-partial-fixed-kv,repetitions[0].memory[1].torch_peak_reserved_bytes,31591497728
02-partial-fixed-kv,repetitions[0].memory[1].kv_cache_allocated_bytes,8980856832
02-partial-fixed-kv,repetitions[0].memory[1].num_gpu_blocks,2687
02-partial-fixed-kv,repetitions[0].memory[1].kv_cache_declared_bytes,8980856832
02-partial-fixed-kv,repetitions[0].memory[1].kv_cache_accounting_consistent,True
02-partial-fixed-kv,repetitions[0].memory[2].rank,2
02-partial-fixed-kv,repetitions[0].memory[2].total_gpu_bytes,85017493504
02-partial-fixed-kv,repetitions[0].memory[2].free_gpu_bytes,48368779264
02-partial-fixed-kv,repetitions[0].memory[2].torch_allocated_bytes,30891679232
02-partial-fixed-kv,repetitions[0].memory[2].torch_reserved_bytes,31591497728
02-partial-fixed-kv,repetitions[0].memory[2].torch_peak_allocated_bytes,31192341504
02-partial-fixed-kv,repetitions[0].memory[2].torch_peak_reserved_bytes,31591497728
02-partial-fixed-kv,repetitions[0].memory[2].kv_cache_allocated_bytes,8980856832
02-partial-fixed-kv,repetitions[0].memory[2].num_gpu_blocks,2687
02-partial-fixed-kv,repetitions[0].memory[2].kv_cache_declared_bytes,8980856832
02-partial-fixed-kv,repetitions[0].memory[2].kv_cache_accounting_consistent,True
02-partial-fixed-kv,repetitions[0].memory[3].rank,3
02-partial-fixed-kv,repetitions[0].memory[3].total_gpu_bytes,85017493504
02-partial-fixed-kv,repetitions[0].memory[3].free_gpu_bytes,48368779264
02-partial-fixed-kv,repetitions[0].memory[3].torch_allocated_bytes,30891679232
02-partial-fixed-kv,repetitions[0].memory[3].torch_reserved_bytes,31591497728
02-partial-fixed-kv,repetitions[0].memory[3].torch_peak_allocated_bytes,31192341504
02-partial-fixed-kv,repetitions[0].memory[3].torch_peak_reserved_bytes,31591497728
02-partial-fixed-kv,repetitions[0].memory[3].kv_cache_allocated_bytes,8980856832
02-partial-fixed-kv,repetitions[0].memory[3].num_gpu_blocks,2687
02-partial-fixed-kv,repetitions[0].memory[3].kv_cache_declared_bytes,8980856832
02-partial-fixed-kv,repetitions[0].memory[3].kv_cache_accounting_consistent,True
02-partial-fixed-kv,repetitions[0].memory_peak_scope,measured-generate-after-synchronized-reset
02-partial-fixed-kv,storage_backend,expert-cache
02-partial-fixed-kv,expert_cache_stats[0].schema_version,1
02-partial-fixed-kv,expert_cache_stats[0].rank,0
02-partial-fixed-kv,expert_cache_stats[0].tensor_parallel_size,4
02-partial-fixed-kv,expert_cache_stats[0].total_layers,48
02-partial-fixed-kv,expert_cache_stats[0].num_experts,512
02-partial-fixed-kv,expert_cache_stats[0].physical_slots,13056
02-partial-fixed-kv,expert_cache_stats[0].resident_slots,12288
02-partial-fixed-kv,expert_cache_stats[0].cache_slots,256
02-partial-fixed-kv,expert_cache_stats[0].ingress_slots,512
02-partial-fixed-kv,expert_cache_stats[0].expert_bytes,1572864
02-partial-fixed-kv,expert_cache_stats[0].host_source_bytes,38654705664
02-partial-fixed-kv,expert_cache_stats[0].pinned_gather_bytes,805306368
02-partial-fixed-kv,expert_cache_stats[0].gpu_pool_bytes,20535312384
02-partial-fixed-kv,expert_cache_stats[0].gpu_resident_bytes,19327352832
02-partial-fixed-kv,expert_cache_stats[0].gpu_cache_bytes,402653184
02-partial-fixed-kv,expert_cache_stats[0].gpu_ingress_bytes,805306368
02-partial-fixed-kv,expert_cache_stats[0].gpu_metadata_bytes,6144
02-partial-fixed-kv,expert_cache_stats[0].pinned_metadata_bytes,6144
02-partial-fixed-kv,expert_cache_stats[0].net_freed_bytes,18119387136
02-partial-fixed-kv,expert_cache_stats[0].weights_verified,0
02-partial-fixed-kv,expert_cache_stats[0].cuda_timing_capacity,128
02-partial-fixed-kv,expert_cache_stats[0].h2d_bytes,29617029120
02-partial-fixed-kv,expert_cache_stats[0].copy_launches,876
02-partial-fixed-kv,expert_cache_stats[0].startup_resident_h2d_bytes,19327352832
02-partial-fixed-kv,expert_cache_stats[0].promotion_d2d_bytes,1494220800
02-partial-fixed-kv,expert_cache_stats[0].metadata_h2d_bytes,1875376
02-partial-fixed-kv,expert_cache_stats[0].unique_demands,49954
02-partial-fixed-kv,expert_cache_stats[0].resident_hits,30785
02-partial-fixed-kv,expert_cache_stats[0].max_unique_per_forward,509
02-partial-fixed-kv,expert_cache_stats[0].mean_unique_coverage,0.10698070860745613
02-partial-fixed-kv,expert_cache_stats[0].resident_ratio,0.5
02-partial-fixed-kv,expert_cache_stats[0].policy.observations,912
02-partial-fixed-kv,expert_cache_stats[0].policy.unique_demands,49954
02-partial-fixed-kv,expert_cache_stats[0].policy.completed_forwards,19
02-partial-fixed-kv,expert_cache_stats[0].policy.decay_events,0
02-partial-fixed-kv,expert_cache_stats[0].policy.cache_hits,339
02-partial-fixed-kv,expert_cache_stats[0].policy.cache_misses,18830
02-partial-fixed-kv,expert_cache_stats[0].policy.admissions,950
02-partial-fixed-kv,expert_cache_stats[0].policy.evictions,694
02-partial-fixed-kv,expert_cache_stats[0].policy.cache_bypasses,17880
02-partial-fixed-kv,expert_cache_stats[0].policy.reconfigurations,0
02-partial-fixed-kv,expert_cache_stats[0].policy.resident_experts,12288
02-partial-fixed-kv,expert_cache_stats[0].policy.cache_slots,256
02-partial-fixed-kv,expert_cache_stats[0].policy.cache_entries,256
02-partial-fixed-kv,expert_cache_stats[0].policy.cache_hit_ratio,0.01768480358912828
02-partial-fixed-kv,expert_cache_stats[0].timing.route_d2h_s,0.2269428544677794
02-partial-fixed-kv,expert_cache_stats[0].timing.policy_cpu_s,0.05298271402716637
02-partial-fixed-kv,expert_cache_stats[0].timing.host_reuse_wait_s,0.0019221305847167969
02-partial-fixed-kv,expert_cache_stats[0].timing.host_gather_s,4.547661541495472
02-partial-fixed-kv,expert_cache_stats[0].timing.h2d_enqueue_s,0.019601904787123203
02-partial-fixed-kv,expert_cache_stats[0].timing.compute_enqueue_s,0.17101877462118864
02-partial-fixed-kv,expert_cache_stats[0].timing.cuda_sample_count,13
02-partial-fixed-kv,expert_cache_stats[0].timing.load_cuda_s,0.012172064242884518
02-partial-fixed-kv,expert_cache_stats[0].timing.compute_cuda_s,0.005623615950345993
02-partial-fixed-kv,expert_cache_stats[0].timing.promotion_cuda_s,0.00011635199957527222
02-partial-fixed-kv,expert_cache_stats[0].forward_counts[0],19
02-partial-fixed-kv,expert_cache_stats[0].forward_counts[1],19
02-partial-fixed-kv,expert_cache_stats[0].forward_counts[2],19
02-partial-fixed-kv,expert_cache_stats[0].forward_counts[3],19
02-partial-fixed-kv,expert_cache_stats[0].forward_counts[4],19
02-partial-fixed-kv,expert_cache_stats[0].forward_counts[5],19
02-partial-fixed-kv,expert_cache_stats[0].forward_counts[6],19
02-partial-fixed-kv,expert_cache_stats[0].forward_counts[7],19
02-partial-fixed-kv,expert_cache_stats[0].forward_counts[8],19
02-partial-fixed-kv,expert_cache_stats[0].forward_counts[9],19
02-partial-fixed-kv,expert_cache_stats[0].forward_counts[10],19
02-partial-fixed-kv,expert_cache_stats[0].forward_counts[11],19
02-partial-fixed-kv,expert_cache_stats[0].forward_counts[12],19
02-partial-fixed-kv,expert_cache_stats[0].forward_counts[13],19
02-partial-fixed-kv,expert_cache_stats[0].forward_counts[14],19
02-partial-fixed-kv,expert_cache_stats[0].forward_counts[15],19
02-partial-fixed-kv,expert_cache_stats[0].forward_counts[16],19
02-partial-fixed-kv,expert_cache_stats[0].forward_counts[17],19
02-partial-fixed-kv,expert_cache_stats[0].forward_counts[18],19
02-partial-fixed-kv,expert_cache_stats[0].forward_counts[19],19
02-partial-fixed-kv,expert_cache_stats[0].forward_counts[20],19
02-partial-fixed-kv,expert_cache_stats[0].forward_counts[21],19
02-partial-fixed-kv,expert_cache_stats[0].forward_counts[22],19
02-partial-fixed-kv,expert_cache_stats[0].forward_counts[23],19
02-partial-fixed-kv,expert_cache_stats[0].forward_counts[24],19
02-partial-fixed-kv,expert_cache_stats[0].forward_counts[25],19
02-partial-fixed-kv,expert_cache_stats[0].forward_counts[26],19
02-partial-fixed-kv,expert_cache_stats[0].forward_counts[27],19
02-partial-fixed-kv,expert_cache_stats[0].forward_counts[28],19
02-partial-fixed-kv,expert_cache_stats[0].forward_counts[29],19
02-partial-fixed-kv,expert_cache_stats[0].forward_counts[30],19
02-partial-fixed-kv,expert_cache_stats[0].forward_counts[31],19
02-partial-fixed-kv,expert_cache_stats[0].forward_counts[32],19
02-partial-fixed-kv,expert_cache_stats[0].forward_counts[33],19
02-partial-fixed-kv,expert_cache_stats[0].forward_counts[34],19
02-partial-fixed-kv,expert_cache_stats[0].forward_counts[35],19
02-partial-fixed-kv,expert_cache_stats[0].forward_counts[36],19
02-partial-fixed-kv,expert_cache_stats[0].forward_counts[37],19
02-partial-fixed-kv,expert_cache_stats[0].forward_counts[38],19
02-partial-fixed-kv,expert_cache_stats[0].forward_counts[39],19
02-partial-fixed-kv,expert_cache_stats[0].forward_counts[40],19
02-partial-fixed-kv,expert_cache_stats[0].forward_counts[41],19
02-partial-fixed-kv,expert_cache_stats[0].forward_counts[42],19
02-partial-fixed-kv,expert_cache_stats[0].forward_counts[43],19
02-partial-fixed-kv,expert_cache_stats[0].forward_counts[44],19
02-partial-fixed-kv,expert_cache_stats[0].forward_counts[45],19
02-partial-fixed-kv,expert_cache_stats[0].forward_counts[46],19
02-partial-fixed-kv,expert_cache_stats[0].forward_counts[47],19
02-partial-fixed-kv,expert_cache_stats[0].per_layer_unique_demands[0],1166
02-partial-fixed-kv,expert_cache_stats[0].per_layer_unique_demands[1],1042
02-partial-fixed-kv,expert_cache_stats[0].per_layer_unique_demands[2],1189
02-partial-fixed-kv,expert_cache_stats[0].per_layer_unique_demands[3],1016
02-partial-fixed-kv,expert_cache_stats[0].per_layer_unique_demands[4],1000
02-partial-fixed-kv,expert_cache_stats[0].per_layer_unique_demands[5],1089
02-partial-fixed-kv,expert_cache_stats[0].per_layer_unique_demands[6],1152
02-partial-fixed-kv,expert_cache_stats[0].per_layer_unique_demands[7],1138
02-partial-fixed-kv,expert_cache_stats[0].per_layer_unique_demands[8],1065
02-partial-fixed-kv,expert_cache_stats[0].per_layer_unique_demands[9],945
02-partial-fixed-kv,expert_cache_stats[0].per_layer_unique_demands[10],970
02-partial-fixed-kv,expert_cache_stats[0].per_layer_unique_demands[11],1000
02-partial-fixed-kv,expert_cache_stats[0].per_layer_unique_demands[12],902
02-partial-fixed-kv,expert_cache_stats[0].per_layer_unique_demands[13],945
02-partial-fixed-kv,expert_cache_stats[0].per_layer_unique_demands[14],1026
02-partial-fixed-kv,expert_cache_stats[0].per_layer_unique_demands[15],1084
02-partial-fixed-kv,expert_cache_stats[0].per_layer_unique_demands[16],1022
02-partial-fixed-kv,expert_cache_stats[0].per_layer_unique_demands[17],1093
02-partial-fixed-kv,expert_cache_stats[0].per_layer_unique_demands[18],1157
02-partial-fixed-kv,expert_cache_stats[0].per_layer_unique_demands[19],1147
02-partial-fixed-kv,expert_cache_stats[0].per_layer_unique_demands[20],1057
02-partial-fixed-kv,expert_cache_stats[0].per_layer_unique_demands[21],944
02-partial-fixed-kv,expert_cache_stats[0].per_layer_unique_demands[22],995
02-partial-fixed-kv,expert_cache_stats[0].per_layer_unique_demands[23],1020
02-partial-fixed-kv,expert_cache_stats[0].per_layer_unique_demands[24],955
02-partial-fixed-kv,expert_cache_stats[0].per_layer_unique_demands[25],978
02-partial-fixed-kv,expert_cache_stats[0].per_layer_unique_demands[26],1056
02-partial-fixed-kv,expert_cache_stats[0].per_layer_unique_demands[27],1124
02-partial-fixed-kv,expert_cache_stats[0].per_layer_unique_demands[28],1063
02-partial-fixed-kv,expert_cache_stats[0].per_layer_unique_demands[29],1109
02-partial-fixed-kv,expert_cache_stats[0].per_layer_unique_demands[30],1150
02-partial-fixed-kv,expert_cache_stats[0].per_layer_unique_demands[31],1143
02-partial-fixed-kv,expert_cache_stats[0].per_layer_unique_demands[32],1088
02-partial-fixed-kv,expert_cache_stats[0].per_layer_unique_demands[33],963
02-partial-fixed-kv,expert_cache_stats[0].per_layer_unique_demands[34],999
02-partial-fixed-kv,expert_cache_stats[0].per_layer_unique_demands[35],1027
02-partial-fixed-kv,expert_cache_stats[0].per_layer_unique_demands[36],976
02-partial-fixed-kv,expert_cache_stats[0].per_layer_unique_demands[37],991
02-partial-fixed-kv,expert_cache_stats[0].per_layer_unique_demands[38],1055
02-partial-fixed-kv,expert_cache_stats[0].per_layer_unique_demands[39],1077
02-partial-fixed-kv,expert_cache_stats[0].per_layer_unique_demands[40],1092
02-partial-fixed-kv,expert_cache_stats[0].per_layer_unique_demands[41],1054
02-partial-fixed-kv,expert_cache_stats[0].per_layer_unique_demands[42],993
02-partial-fixed-kv,expert_cache_stats[0].per_layer_unique_demands[43],1001
02-partial-fixed-kv,expert_cache_stats[0].per_layer_unique_demands[44],971
02-partial-fixed-kv,expert_cache_stats[0].per_layer_unique_demands[45],948
02-partial-fixed-kv,expert_cache_stats[0].per_layer_unique_demands[46],957
02-partial-fixed-kv,expert_cache_stats[0].per_layer_unique_demands[47],1020
02-partial-fixed-kv,expert_cache_stats[0].per_layer_max_unique_per_forward[0],498
02-partial-fixed-kv,expert_cache_stats[0].per_layer_max_unique_per_forward[1],436
02-partial-fixed-kv,expert_cache_stats[0].per_layer_max_unique_per_forward[2],509
02-partial-fixed-kv,expert_cache_stats[0].per_layer_max_unique_per_forward[3],422
02-partial-fixed-kv,expert_cache_stats[0].per_layer_max_unique_per_forward[4],415
02-partial-fixed-kv,expert_cache_stats[0].per_layer_max_unique_per_forward[5],459
02-partial-fixed-kv,expert_cache_stats[0].per_layer_max_unique_per_forward[6],491
02-partial-fixed-kv,expert_cache_stats[0].per_layer_max_unique_per_forward[7],484
02-partial-fixed-kv,expert_cache_stats[0].per_layer_max_unique_per_forward[8],446
02-partial-fixed-kv,expert_cache_stats[0].per_layer_max_unique_per_forward[9],389
02-partial-fixed-kv,expert_cache_stats[0].per_layer_max_unique_per_forward[10],400
02-partial-fixed-kv,expert_cache_stats[0].per_layer_max_unique_per_forward[11],415
02-partial-fixed-kv,expert_cache_stats[0].per_layer_max_unique_per_forward[12],367
02-partial-fixed-kv,expert_cache_stats[0].per_layer_max_unique_per_forward[13],388
02-partial-fixed-kv,expert_cache_stats[0].per_layer_max_unique_per_forward[14],428
02-partial-fixed-kv,expert_cache_stats[0].per_layer_max_unique_per_forward[15],458
02-partial-fixed-kv,expert_cache_stats[0].per_layer_max_unique_per_forward[16],426
02-partial-fixed-kv,expert_cache_stats[0].per_layer_max_unique_per_forward[17],461
02-partial-fixed-kv,expert_cache_stats[0].per_layer_max_unique_per_forward[18],494
02-partial-fixed-kv,expert_cache_stats[0].per_layer_max_unique_per_forward[19],487
02-partial-fixed-kv,expert_cache_stats[0].per_layer_max_unique_per_forward[20],443
02-partial-fixed-kv,expert_cache_stats[0].per_layer_max_unique_per_forward[21],387
02-partial-fixed-kv,expert_cache_stats[0].per_layer_max_unique_per_forward[22],412
02-partial-fixed-kv,expert_cache_stats[0].per_layer_max_unique_per_forward[23],425
02-partial-fixed-kv,expert_cache_stats[0].per_layer_max_unique_per_forward[24],393
02-partial-fixed-kv,expert_cache_stats[0].per_layer_max_unique_per_forward[25],405
02-partial-fixed-kv,expert_cache_stats[0].per_layer_max_unique_per_forward[26],443
02-partial-fixed-kv,expert_cache_stats[0].per_layer_max_unique_per_forward[27],475
02-partial-fixed-kv,expert_cache_stats[0].per_layer_max_unique_per_forward[28],446
02-partial-fixed-kv,expert_cache_stats[0].per_layer_max_unique_per_forward[29],469
02-partial-fixed-kv,expert_cache_stats[0].per_layer_max_unique_per_forward[30],489
02-partial-fixed-kv,expert_cache_stats[0].per_layer_max_unique_per_forward[31],486
02-partial-fixed-kv,expert_cache_stats[0].per_layer_max_unique_per_forward[32],458
02-partial-fixed-kv,expert_cache_stats[0].per_layer_max_unique_per_forward[33],395
02-partial-fixed-kv,expert_cache_stats[0].per_layer_max_unique_per_forward[34],413
02-partial-fixed-kv,expert_cache_stats[0].per_layer_max_unique_per_forward[35],428
02-partial-fixed-kv,expert_cache_stats[0].per_layer_max_unique_per_forward[36],401
02-partial-fixed-kv,expert_cache_stats[0].per_layer_max_unique_per_forward[37],410
02-partial-fixed-kv,expert_cache_stats[0].per_layer_max_unique_per_forward[38],442
02-partial-fixed-kv,expert_cache_stats[0].per_layer_max_unique_per_forward[39],454
02-partial-fixed-kv,expert_cache_stats[0].per_layer_max_unique_per_forward[40],460
02-partial-fixed-kv,expert_cache_stats[0].per_layer_max_unique_per_forward[41],443
02-partial-fixed-kv,expert_cache_stats[0].per_layer_max_unique_per_forward[42],412
02-partial-fixed-kv,expert_cache_stats[0].per_layer_max_unique_per_forward[43],412
02-partial-fixed-kv,expert_cache_stats[0].per_layer_max_unique_per_forward[44],399
02-partial-fixed-kv,expert_cache_stats[0].per_layer_max_unique_per_forward[45],386
02-partial-fixed-kv,expert_cache_stats[0].per_layer_max_unique_per_forward[46],393
02-partial-fixed-kv,expert_cache_stats[0].per_layer_max_unique_per_forward[47],424
02-partial-fixed-kv,expert_cache_stats[0].identity.geometry.total_layers,48
02-partial-fixed-kv,expert_cache_stats[0].identity.geometry.num_experts,512
02-partial-fixed-kv,expert_cache_stats[0].identity.geometry.hidden_size,2048
02-partial-fixed-kv,expert_cache_stats[0].identity.geometry.intermediate_size,128
02-partial-fixed-kv,expert_cache_stats[0].identity.tensor_parallel_size,4
02-partial-fixed-kv,expert_cache_stats[0].identity.model_config_sha256,2d483c7cabad7c8704478ed4038fa7e7b2eff840bc00a118eccbe38e2b488303
02-partial-fixed-kv,expert_cache_stats[0].identity.model_identity_sha256,24f6a89ba0e0435caffbb3d056425fb1fe980fca09d5a8749dfb231bd24880d8
02-partial-fixed-kv,expert_cache_stats[0].profile_sha256,d9621ee27a5fe4df521bbbb2e68485d88a9a82a54f9c979a93cbd508862ca400
02-partial-fixed-kv,expert_cache_stats[0].cache_policy,decayed-lfu
02-partial-fixed-kv,expert_cache_stats[0].failed,False
02-partial-fixed-kv,expert_cache_stats[0].weight_verification_scope,CUDA parity tests required; no runtime weight D2H verification
02-partial-fixed-kv,expert_cache_stats[0].temporary_memory_scope,native fused kernel workspace/output and CPU route IDs scale with scheduled tokens; no weight-sized GPU gather temporary
02-partial-fixed-kv,expert_cache_stats[0].memory_accounting_scope,"tensor payload bytes; excludes allocator rounding, CUDA event driver memory and Python policy metadata; native/chunk output workspace must be included in vLLM measured profiling peak"
02-partial-fixed-kv,expert_cache_stats[0].kernel_config_scope,native logical E geometry per actual native chunk size
02-partial-fixed-kv,expert_cache_stats[0].transfer_schedule,demand-critical H2D on compute stream; no speculative prefetch
02-partial-fixed-kv,expert_cache_stats[0].kernel_config_records.capacity,64
02-partial-fixed-kv,expert_cache_stats[0].kernel_config_records.unrecorded_selections,0
02-partial-fixed-kv,expert_cache_stats[0].kernel_config_records.records[0].chunk_tokens,8192
02-partial-fixed-kv,expert_cache_stats[0].kernel_config_records.records[0].top_k,10
02-partial-fixed-kv,expert_cache_stats[0].kernel_config_records.records[0].selections,96
02-partial-fixed-kv,expert_cache_stats[0].kernel_config_records.records[0].w13_shape[0],512
02-partial-fixed-kv,expert_cache_stats[0].kernel_config_records.records[0].w13_shape[1],256
02-partial-fixed-kv,expert_cache_stats[0].kernel_config_records.records[0].w13_shape[2],2048
02-partial-fixed-kv,expert_cache_stats[0].kernel_config_records.records[0].w2_shape[0],512
02-partial-fixed-kv,expert_cache_stats[0].kernel_config_records.records[0].w2_shape[1],2048
02-partial-fixed-kv,expert_cache_stats[0].kernel_config_records.records[0].w2_shape[2],128
02-partial-fixed-kv,expert_cache_stats[0].kernel_config_records.records[0].config.BLOCK_SIZE_K,64
02-partial-fixed-kv,expert_cache_stats[0].kernel_config_records.records[0].config.BLOCK_SIZE_M,128
02-partial-fixed-kv,expert_cache_stats[0].kernel_config_records.records[0].config.BLOCK_SIZE_N,128
02-partial-fixed-kv,expert_cache_stats[0].kernel_config_records.records[0].config.GROUP_SIZE_M,64
02-partial-fixed-kv,expert_cache_stats[0].kernel_config_records.records[0].config.num_stages,3
02-partial-fixed-kv,expert_cache_stats[0].kernel_config_records.records[0].config.num_warps,8
02-partial-fixed-kv,expert_cache_stats[0].kernel_config_records.records[1].chunk_tokens,1
02-partial-fixed-kv,expert_cache_stats[0].kernel_config_records.records[1].top_k,10
02-partial-fixed-kv,expert_cache_stats[0].kernel_config_records.records[1].selections,720
02-partial-fixed-kv,expert_cache_stats[0].kernel_config_records.records[1].w13_shape[0],512
02-partial-fixed-kv,expert_cache_stats[0].kernel_config_records.records[1].w13_shape[1],256
02-partial-fixed-kv,expert_cache_stats[0].kernel_config_records.records[1].w13_shape[2],2048
02-partial-fixed-kv,expert_cache_stats[0].kernel_config_records.records[1].w2_shape[0],512
02-partial-fixed-kv,expert_cache_stats[0].kernel_config_records.records[1].w2_shape[1],2048
02-partial-fixed-kv,expert_cache_stats[0].kernel_config_records.records[1].w2_shape[2],128
02-partial-fixed-kv,expert_cache_stats[0].kernel_config_records.records[1].config.BLOCK_SIZE_K,64
02-partial-fixed-kv,expert_cache_stats[0].kernel_config_records.records[1].config.BLOCK_SIZE_M,16
02-partial-fixed-kv,expert_cache_stats[0].kernel_config_records.records[1].config.BLOCK_SIZE_N,32
02-partial-fixed-kv,expert_cache_stats[0].kernel_config_records.records[1].config.GROUP_SIZE_M,1
02-partial-fixed-kv,expert_cache_stats[0].kernel_config_records.records[1].config.num_stages,4
02-partial-fixed-kv,expert_cache_stats[0].kernel_config_records.records[1].config.num_warps,4
02-partial-fixed-kv,expert_cache_stats[0].kernel_config_records.records[2].chunk_tokens,4096
02-partial-fixed-kv,expert_cache_stats[0].kernel_config_records.records[2].top_k,10
02-partial-fixed-kv,expert_cache_stats[0].kernel_config_records.records[2].selections,96
02-partial-fixed-kv,expert_cache_stats[0].kernel_config_records.records[2].w13_shape[0],512
02-partial-fixed-kv,expert_cache_stats[0].kernel_config_records.records[2].w13_shape[1],256
02-partial-fixed-kv,expert_cache_stats[0].kernel_config_records.records[2].w13_shape[2],2048
02-partial-fixed-kv,expert_cache_stats[0].kernel_config_records.records[2].w2_shape[0],512
02-partial-fixed-kv,expert_cache_stats[0].kernel_config_records.records[2].w2_shape[1],2048
02-partial-fixed-kv,expert_cache_stats[0].kernel_config_records.records[2].w2_shape[2],128
02-partial-fixed-kv,expert_cache_stats[0].kernel_config_records.records[2].config.BLOCK_SIZE_K,64
02-partial-fixed-kv,expert_cache_stats[0].kernel_config_records.records[2].config.BLOCK_SIZE_M,128
02-partial-fixed-kv,expert_cache_stats[0].kernel_config_records.records[2].config.BLOCK_SIZE_N,128
02-partial-fixed-kv,expert_cache_stats[0].kernel_config_records.records[2].config.GROUP_SIZE_M,64
02-partial-fixed-kv,expert_cache_stats[0].kernel_config_records.records[2].config.num_stages,3
02-partial-fixed-kv,expert_cache_stats[0].kernel_config_records.records[2].config.num_warps,8
02-partial-fixed-kv,expert_cache_stats[1].schema_version,1
02-partial-fixed-kv,expert_cache_stats[1].rank,1
02-partial-fixed-kv,expert_cache_stats[1].tensor_parallel_size,4
02-partial-fixed-kv,expert_cache_stats[1].total_layers,48
02-partial-fixed-kv,expert_cache_stats[1].num_experts,512
02-partial-fixed-kv,expert_cache_stats[1].physical_slots,13056
02-partial-fixed-kv,expert_cache_stats[1].resident_slots,12288
02-partial-fixed-kv,expert_cache_stats[1].cache_slots,256
02-partial-fixed-kv,expert_cache_stats[1].ingress_slots,512
02-partial-fixed-kv,expert_cache_stats[1].expert_bytes,1572864
02-partial-fixed-kv,expert_cache_stats[1].host_source_bytes,38654705664
02-partial-fixed-kv,expert_cache_stats[1].pinned_gather_bytes,805306368
02-partial-fixed-kv,expert_cache_stats[1].gpu_pool_bytes,20535312384
02-partial-fixed-kv,expert_cache_stats[1].gpu_resident_bytes,19327352832
02-partial-fixed-kv,expert_cache_stats[1].gpu_cache_bytes,402653184
02-partial-fixed-kv,expert_cache_stats[1].gpu_ingress_bytes,805306368
02-partial-fixed-kv,expert_cache_stats[1].gpu_metadata_bytes,6144
02-partial-fixed-kv,expert_cache_stats[1].pinned_metadata_bytes,6144
02-partial-fixed-kv,expert_cache_stats[1].net_freed_bytes,18119387136
02-partial-fixed-kv,expert_cache_stats[1].weights_verified,0
02-partial-fixed-kv,expert_cache_stats[1].cuda_timing_capacity,128
02-partial-fixed-kv,expert_cache_stats[1].h2d_bytes,29617029120
02-partial-fixed-kv,expert_cache_stats[1].copy_launches,876
02-partial-fixed-kv,expert_cache_stats[1].startup_resident_h2d_bytes,19327352832
02-partial-fixed-kv,expert_cache_stats[1].promotion_d2d_bytes,1494220800
02-partial-fixed-kv,expert_cache_stats[1].metadata_h2d_bytes,1875376
02-partial-fixed-kv,expert_cache_stats[1].unique_demands,49954
02-partial-fixed-kv,expert_cache_stats[1].resident_hits,30785
02-partial-fixed-kv,expert_cache_stats[1].max_unique_per_forward,509
02-partial-fixed-kv,expert_cache_stats[1].mean_unique_coverage,0.10698070860745613
02-partial-fixed-kv,expert_cache_stats[1].resident_ratio,0.5
02-partial-fixed-kv,expert_cache_stats[1].policy.observations,912
02-partial-fixed-kv,expert_cache_stats[1].policy.unique_demands,49954
02-partial-fixed-kv,expert_cache_stats[1].policy.completed_forwards,19
02-partial-fixed-kv,expert_cache_stats[1].policy.decay_events,0
02-partial-fixed-kv,expert_cache_stats[1].policy.cache_hits,339
02-partial-fixed-kv,expert_cache_stats[1].policy.cache_misses,18830
02-partial-fixed-kv,expert_cache_stats[1].policy.admissions,950
02-partial-fixed-kv,expert_cache_stats[1].policy.evictions,694
02-partial-fixed-kv,expert_cache_stats[1].policy.cache_bypasses,17880
02-partial-fixed-kv,expert_cache_stats[1].policy.reconfigurations,0
02-partial-fixed-kv,expert_cache_stats[1].policy.resident_experts,12288
02-partial-fixed-kv,expert_cache_stats[1].policy.cache_slots,256
02-partial-fixed-kv,expert_cache_stats[1].policy.cache_entries,256
02-partial-fixed-kv,expert_cache_stats[1].policy.cache_hit_ratio,0.01768480358912828
02-partial-fixed-kv,expert_cache_stats[1].timing.route_d2h_s,0.6234665955416858
02-partial-fixed-kv,expert_cache_stats[1].timing.policy_cpu_s,0.05002484284341335
02-partial-fixed-kv,expert_cache_stats[1].timing.host_reuse_wait_s,0.0017156638205051422
02-partial-fixed-kv,expert_cache_stats[1].timing.host_gather_s,3.0810618540272117
02-partial-fixed-kv,expert_cache_stats[1].timing.h2d_enqueue_s,0.016694242134690285
02-partial-fixed-kv,expert_cache_stats[1].timing.compute_enqueue_s,0.16263739857822657
02-partial-fixed-kv,expert_cache_stats[1].timing.cuda_sample_count,13
02-partial-fixed-kv,expert_cache_stats[1].timing.load_cuda_s,0.01230838411860168
02-partial-fixed-kv,expert_cache_stats[1].timing.compute_cuda_s,0.005495615929365158
02-partial-fixed-kv,expert_cache_stats[1].timing.promotion_cuda_s,0.00010848000086843968
02-partial-fixed-kv,expert_cache_stats[1].forward_counts[0],19
02-partial-fixed-kv,expert_cache_stats[1].forward_counts[1],19
02-partial-fixed-kv,expert_cache_stats[1].forward_counts[2],19
02-partial-fixed-kv,expert_cache_stats[1].forward_counts[3],19
02-partial-fixed-kv,expert_cache_stats[1].forward_counts[4],19
02-partial-fixed-kv,expert_cache_stats[1].forward_counts[5],19
02-partial-fixed-kv,expert_cache_stats[1].forward_counts[6],19
02-partial-fixed-kv,expert_cache_stats[1].forward_counts[7],19
02-partial-fixed-kv,expert_cache_stats[1].forward_counts[8],19
02-partial-fixed-kv,expert_cache_stats[1].forward_counts[9],19
02-partial-fixed-kv,expert_cache_stats[1].forward_counts[10],19
02-partial-fixed-kv,expert_cache_stats[1].forward_counts[11],19
02-partial-fixed-kv,expert_cache_stats[1].forward_counts[12],19
02-partial-fixed-kv,expert_cache_stats[1].forward_counts[13],19
02-partial-fixed-kv,expert_cache_stats[1].forward_counts[14],19
02-partial-fixed-kv,expert_cache_stats[1].forward_counts[15],19
02-partial-fixed-kv,expert_cache_stats[1].forward_counts[16],19
02-partial-fixed-kv,expert_cache_stats[1].forward_counts[17],19
02-partial-fixed-kv,expert_cache_stats[1].forward_counts[18],19
02-partial-fixed-kv,expert_cache_stats[1].forward_counts[19],19
02-partial-fixed-kv,expert_cache_stats[1].forward_counts[20],19
02-partial-fixed-kv,expert_cache_stats[1].forward_counts[21],19
02-partial-fixed-kv,expert_cache_stats[1].forward_counts[22],19
02-partial-fixed-kv,expert_cache_stats[1].forward_counts[23],19
02-partial-fixed-kv,expert_cache_stats[1].forward_counts[24],19
02-partial-fixed-kv,expert_cache_stats[1].forward_counts[25],19
02-partial-fixed-kv,expert_cache_stats[1].forward_counts[26],19
02-partial-fixed-kv,expert_cache_stats[1].forward_counts[27],19
02-partial-fixed-kv,expert_cache_stats[1].forward_counts[28],19
02-partial-fixed-kv,expert_cache_stats[1].forward_counts[29],19
02-partial-fixed-kv,expert_cache_stats[1].forward_counts[30],19
02-partial-fixed-kv,expert_cache_stats[1].forward_counts[31],19
02-partial-fixed-kv,expert_cache_stats[1].forward_counts[32],19
02-partial-fixed-kv,expert_cache_stats[1].forward_counts[33],19
02-partial-fixed-kv,expert_cache_stats[1].forward_counts[34],19
02-partial-fixed-kv,expert_cache_stats[1].forward_counts[35],19
02-partial-fixed-kv,expert_cache_stats[1].forward_counts[36],19
02-partial-fixed-kv,expert_cache_stats[1].forward_counts[37],19
02-partial-fixed-kv,expert_cache_stats[1].forward_counts[38],19
02-partial-fixed-kv,expert_cache_stats[1].forward_counts[39],19
02-partial-fixed-kv,expert_cache_stats[1].forward_counts[40],19
02-partial-fixed-kv,expert_cache_stats[1].forward_counts[41],19
02-partial-fixed-kv,expert_cache_stats[1].forward_counts[42],19
02-partial-fixed-kv,expert_cache_stats[1].forward_counts[43],19
02-partial-fixed-kv,expert_cache_stats[1].forward_counts[44],19
02-partial-fixed-kv,expert_cache_stats[1].forward_counts[45],19
02-partial-fixed-kv,expert_cache_stats[1].forward_counts[46],19
02-partial-fixed-kv,expert_cache_stats[1].forward_counts[47],19
02-partial-fixed-kv,expert_cache_stats[1].per_layer_unique_demands[0],1166
02-partial-fixed-kv,expert_cache_stats[1].per_layer_unique_demands[1],1042
02-partial-fixed-kv,expert_cache_stats[1].per_layer_unique_demands[2],1189
02-partial-fixed-kv,expert_cache_stats[1].per_layer_unique_demands[3],1016
02-partial-fixed-kv,expert_cache_stats[1].per_layer_unique_demands[4],1000
02-partial-fixed-kv,expert_cache_stats[1].per_layer_unique_demands[5],1089
02-partial-fixed-kv,expert_cache_stats[1].per_layer_unique_demands[6],1152
02-partial-fixed-kv,expert_cache_stats[1].per_layer_unique_demands[7],1138
02-partial-fixed-kv,expert_cache_stats[1].per_layer_unique_demands[8],1065
02-partial-fixed-kv,expert_cache_stats[1].per_layer_unique_demands[9],945
02-partial-fixed-kv,expert_cache_stats[1].per_layer_unique_demands[10],970
02-partial-fixed-kv,expert_cache_stats[1].per_layer_unique_demands[11],1000
02-partial-fixed-kv,expert_cache_stats[1].per_layer_unique_demands[12],902
02-partial-fixed-kv,expert_cache_stats[1].per_layer_unique_demands[13],945
02-partial-fixed-kv,expert_cache_stats[1].per_layer_unique_demands[14],1026
02-partial-fixed-kv,expert_cache_stats[1].per_layer_unique_demands[15],1084
02-partial-fixed-kv,expert_cache_stats[1].per_layer_unique_demands[16],1022
02-partial-fixed-kv,expert_cache_stats[1].per_layer_unique_demands[17],1093
02-partial-fixed-kv,expert_cache_stats[1].per_layer_unique_demands[18],1157
02-partial-fixed-kv,expert_cache_stats[1].per_layer_unique_demands[19],1147
02-partial-fixed-kv,expert_cache_stats[1].per_layer_unique_demands[20],1057
02-partial-fixed-kv,expert_cache_stats[1].per_layer_unique_demands[21],944
02-partial-fixed-kv,expert_cache_stats[1].per_layer_unique_demands[22],995
02-partial-fixed-kv,expert_cache_stats[1].per_layer_unique_demands[23],1020
02-partial-fixed-kv,expert_cache_stats[1].per_layer_unique_demands[24],955
02-partial-fixed-kv,expert_cache_stats[1].per_layer_unique_demands[25],978
02-partial-fixed-kv,expert_cache_stats[1].per_layer_unique_demands[26],1056
02-partial-fixed-kv,expert_cache_stats[1].per_layer_unique_demands[27],1124
02-partial-fixed-kv,expert_cache_stats[1].per_layer_unique_demands[28],1063
02-partial-fixed-kv,expert_cache_stats[1].per_layer_unique_demands[29],1109
02-partial-fixed-kv,expert_cache_stats[1].per_layer_unique_demands[30],1150
02-partial-fixed-kv,expert_cache_stats[1].per_layer_unique_demands[31],1143
02-partial-fixed-kv,expert_cache_stats[1].per_layer_unique_demands[32],1088
02-partial-fixed-kv,expert_cache_stats[1].per_layer_unique_demands[33],963
02-partial-fixed-kv,expert_cache_stats[1].per_layer_unique_demands[34],999
02-partial-fixed-kv,expert_cache_stats[1].per_layer_unique_demands[35],1027
02-partial-fixed-kv,expert_cache_stats[1].per_layer_unique_demands[36],976
02-partial-fixed-kv,expert_cache_stats[1].per_layer_unique_demands[37],991
02-partial-fixed-kv,expert_cache_stats[1].per_layer_unique_demands[38],1055
02-partial-fixed-kv,expert_cache_stats[1].per_layer_unique_demands[39],1077
02-partial-fixed-kv,expert_cache_stats[1].per_layer_unique_demands[40],1092
02-partial-fixed-kv,expert_cache_stats[1].per_layer_unique_demands[41],1054
02-partial-fixed-kv,expert_cache_stats[1].per_layer_unique_demands[42],993
02-partial-fixed-kv,expert_cache_stats[1].per_layer_unique_demands[43],1001
02-partial-fixed-kv,expert_cache_stats[1].per_layer_unique_demands[44],971
02-partial-fixed-kv,expert_cache_stats[1].per_layer_unique_demands[45],948
02-partial-fixed-kv,expert_cache_stats[1].per_layer_unique_demands[46],957
02-partial-fixed-kv,expert_cache_stats[1].per_layer_unique_demands[47],1020
02-partial-fixed-kv,expert_cache_stats[1].per_layer_max_unique_per_forward[0],498
02-partial-fixed-kv,expert_cache_stats[1].per_layer_max_unique_per_forward[1],436
02-partial-fixed-kv,expert_cache_stats[1].per_layer_max_unique_per_forward[2],509
02-partial-fixed-kv,expert_cache_stats[1].per_layer_max_unique_per_forward[3],422
02-partial-fixed-kv,expert_cache_stats[1].per_layer_max_unique_per_forward[4],415
02-partial-fixed-kv,expert_cache_stats[1].per_layer_max_unique_per_forward[5],459
02-partial-fixed-kv,expert_cache_stats[1].per_layer_max_unique_per_forward[6],491
02-partial-fixed-kv,expert_cache_stats[1].per_layer_max_unique_per_forward[7],484
02-partial-fixed-kv,expert_cache_stats[1].per_layer_max_unique_per_forward[8],446
02-partial-fixed-kv,expert_cache_stats[1].per_layer_max_unique_per_forward[9],389
02-partial-fixed-kv,expert_cache_stats[1].per_layer_max_unique_per_forward[10],400
02-partial-fixed-kv,expert_cache_stats[1].per_layer_max_unique_per_forward[11],415
02-partial-fixed-kv,expert_cache_stats[1].per_layer_max_unique_per_forward[12],367
02-partial-fixed-kv,expert_cache_stats[1].per_layer_max_unique_per_forward[13],388
02-partial-fixed-kv,expert_cache_stats[1].per_layer_max_unique_per_forward[14],428
02-partial-fixed-kv,expert_cache_stats[1].per_layer_max_unique_per_forward[15],458
02-partial-fixed-kv,expert_cache_stats[1].per_layer_max_unique_per_forward[16],426
02-partial-fixed-kv,expert_cache_stats[1].per_layer_max_unique_per_forward[17],461
02-partial-fixed-kv,expert_cache_stats[1].per_layer_max_unique_per_forward[18],494
02-partial-fixed-kv,expert_cache_stats[1].per_layer_max_unique_per_forward[19],487
02-partial-fixed-kv,expert_cache_stats[1].per_layer_max_unique_per_forward[20],443
02-partial-fixed-kv,expert_cache_stats[1].per_layer_max_unique_per_forward[21],387
02-partial-fixed-kv,expert_cache_stats[1].per_layer_max_unique_per_forward[22],412
02-partial-fixed-kv,expert_cache_stats[1].per_layer_max_unique_per_forward[23],425
02-partial-fixed-kv,expert_cache_stats[1].per_layer_max_unique_per_forward[24],393
02-partial-fixed-kv,expert_cache_stats[1].per_layer_max_unique_per_forward[25],405
02-partial-fixed-kv,expert_cache_stats[1].per_layer_max_unique_per_forward[26],443
02-partial-fixed-kv,expert_cache_stats[1].per_layer_max_unique_per_forward[27],475
02-partial-fixed-kv,expert_cache_stats[1].per_layer_max_unique_per_forward[28],446
02-partial-fixed-kv,expert_cache_stats[1].per_layer_max_unique_per_forward[29],469
02-partial-fixed-kv,expert_cache_stats[1].per_layer_max_unique_per_forward[30],489
02-partial-fixed-kv,expert_cache_stats[1].per_layer_max_unique_per_forward[31],486
02-partial-fixed-kv,expert_cache_stats[1].per_layer_max_unique_per_forward[32],458
02-partial-fixed-kv,expert_cache_stats[1].per_layer_max_unique_per_forward[33],395
02-partial-fixed-kv,expert_cache_stats[1].per_layer_max_unique_per_forward[34],413
02-partial-fixed-kv,expert_cache_stats[1].per_layer_max_unique_per_forward[35],428
02-partial-fixed-kv,expert_cache_stats[1].per_layer_max_unique_per_forward[36],401
02-partial-fixed-kv,expert_cache_stats[1].per_layer_max_unique_per_forward[37],410
02-partial-fixed-kv,expert_cache_stats[1].per_layer_max_unique_per_forward[38],442
02-partial-fixed-kv,expert_cache_stats[1].per_layer_max_unique_per_forward[39],454
02-partial-fixed-kv,expert_cache_stats[1].per_layer_max_unique_per_forward[40],460
02-partial-fixed-kv,expert_cache_stats[1].per_layer_max_unique_per_forward[41],443
02-partial-fixed-kv,expert_cache_stats[1].per_layer_max_unique_per_forward[42],412
02-partial-fixed-kv,expert_cache_stats[1].per_layer_max_unique_per_forward[43],412
02-partial-fixed-kv,expert_cache_stats[1].per_layer_max_unique_per_forward[44],399
02-partial-fixed-kv,expert_cache_stats[1].per_layer_max_unique_per_forward[45],386
02-partial-fixed-kv,expert_cache_stats[1].per_layer_max_unique_per_forward[46],393
02-partial-fixed-kv,expert_cache_stats[1].per_layer_max_unique_per_forward[47],424
02-partial-fixed-kv,expert_cache_stats[1].identity.geometry.total_layers,48
02-partial-fixed-kv,expert_cache_stats[1].identity.geometry.num_experts,512
02-partial-fixed-kv,expert_cache_stats[1].identity.geometry.hidden_size,2048
02-partial-fixed-kv,expert_cache_stats[1].identity.geometry.intermediate_size,128
02-partial-fixed-kv,expert_cache_stats[1].identity.tensor_parallel_size,4
02-partial-fixed-kv,expert_cache_stats[1].identity.model_config_sha256,2d483c7cabad7c8704478ed4038fa7e7b2eff840bc00a118eccbe38e2b488303
02-partial-fixed-kv,expert_cache_stats[1].identity.model_identity_sha256,24f6a89ba0e0435caffbb3d056425fb1fe980fca09d5a8749dfb231bd24880d8
02-partial-fixed-kv,expert_cache_stats[1].profile_sha256,d9621ee27a5fe4df521bbbb2e68485d88a9a82a54f9c979a93cbd508862ca400
02-partial-fixed-kv,expert_cache_stats[1].cache_policy,decayed-lfu
02-partial-fixed-kv,expert_cache_stats[1].failed,False
02-partial-fixed-kv,expert_cache_stats[1].weight_verification_scope,CUDA parity tests required; no runtime weight D2H verification
02-partial-fixed-kv,expert_cache_stats[1].temporary_memory_scope,native fused kernel workspace/output and CPU route IDs scale with scheduled tokens; no weight-sized GPU gather temporary
02-partial-fixed-kv,expert_cache_stats[1].memory_accounting_scope,"tensor payload bytes; excludes allocator rounding, CUDA event driver memory and Python policy metadata; native/chunk output workspace must be included in vLLM measured profiling peak"
02-partial-fixed-kv,expert_cache_stats[1].kernel_config_scope,native logical E geometry per actual native chunk size
02-partial-fixed-kv,expert_cache_stats[1].transfer_schedule,demand-critical H2D on compute stream; no speculative prefetch
02-partial-fixed-kv,expert_cache_stats[1].kernel_config_records.capacity,64
02-partial-fixed-kv,expert_cache_stats[1].kernel_config_records.unrecorded_selections,0
02-partial-fixed-kv,expert_cache_stats[1].kernel_config_records.records[0].chunk_tokens,8192
02-partial-fixed-kv,expert_cache_stats[1].kernel_config_records.records[0].top_k,10
02-partial-fixed-kv,expert_cache_stats[1].kernel_config_records.records[0].selections,96
02-partial-fixed-kv,expert_cache_stats[1].kernel_config_records.records[0].w13_shape[0],512
02-partial-fixed-kv,expert_cache_stats[1].kernel_config_records.records[0].w13_shape[1],256
02-partial-fixed-kv,expert_cache_stats[1].kernel_config_records.records[0].w13_shape[2],2048
02-partial-fixed-kv,expert_cache_stats[1].kernel_config_records.records[0].w2_shape[0],512
02-partial-fixed-kv,expert_cache_stats[1].kernel_config_records.records[0].w2_shape[1],2048
02-partial-fixed-kv,expert_cache_stats[1].kernel_config_records.records[0].w2_shape[2],128
02-partial-fixed-kv,expert_cache_stats[1].kernel_config_records.records[0].config.BLOCK_SIZE_K,64
02-partial-fixed-kv,expert_cache_stats[1].kernel_config_records.records[0].config.BLOCK_SIZE_M,128
02-partial-fixed-kv,expert_cache_stats[1].kernel_config_records.records[0].config.BLOCK_SIZE_N,128
02-partial-fixed-kv,expert_cache_stats[1].kernel_config_records.records[0].config.GROUP_SIZE_M,64
02-partial-fixed-kv,expert_cache_stats[1].kernel_config_records.records[0].config.num_stages,3
02-partial-fixed-kv,expert_cache_stats[1].kernel_config_records.records[0].config.num_warps,8
02-partial-fixed-kv,expert_cache_stats[1].kernel_config_records.records[1].chunk_tokens,1
02-partial-fixed-kv,expert_cache_stats[1].kernel_config_records.records[1].top_k,10
02-partial-fixed-kv,expert_cache_stats[1].kernel_config_records.records[1].selections,720
02-partial-fixed-kv,expert_cache_stats[1].kernel_config_records.records[1].w13_shape[0],512
02-partial-fixed-kv,expert_cache_stats[1].kernel_config_records.records[1].w13_shape[1],256
02-partial-fixed-kv,expert_cache_stats[1].kernel_config_records.records[1].w13_shape[2],2048
02-partial-fixed-kv,expert_cache_stats[1].kernel_config_records.records[1].w2_shape[0],512
02-partial-fixed-kv,expert_cache_stats[1].kernel_config_records.records[1].w2_shape[1],2048
02-partial-fixed-kv,expert_cache_stats[1].kernel_config_records.records[1].w2_shape[2],128
02-partial-fixed-kv,expert_cache_stats[1].kernel_config_records.records[1].config.BLOCK_SIZE_K,64
02-partial-fixed-kv,expert_cache_stats[1].kernel_config_records.records[1].config.BLOCK_SIZE_M,16
02-partial-fixed-kv,expert_cache_stats[1].kernel_config_records.records[1].config.BLOCK_SIZE_N,32
02-partial-fixed-kv,expert_cache_stats[1].kernel_config_records.records[1].config.GROUP_SIZE_M,1
02-partial-fixed-kv,expert_cache_stats[1].kernel_config_records.records[1].config.num_stages,4
02-partial-fixed-kv,expert_cache_stats[1].kernel_config_records.records[1].config.num_warps,4
02-partial-fixed-kv,expert_cache_stats[1].kernel_config_records.records[2].chunk_tokens,4096
02-partial-fixed-kv,expert_cache_stats[1].kernel_config_records.records[2].top_k,10
02-partial-fixed-kv,expert_cache_stats[1].kernel_config_records.records[2].selections,96
02-partial-fixed-kv,expert_cache_stats[1].kernel_config_records.records[2].w13_shape[0],512
02-partial-fixed-kv,expert_cache_stats[1].kernel_config_records.records[2].w13_shape[1],256
02-partial-fixed-kv,expert_cache_stats[1].kernel_config_records.records[2].w13_shape[2],2048
02-partial-fixed-kv,expert_cache_stats[1].kernel_config_records.records[2].w2_shape[0],512
02-partial-fixed-kv,expert_cache_stats[1].kernel_config_records.records[2].w2_shape[1],2048
02-partial-fixed-kv,expert_cache_stats[1].kernel_config_records.records[2].w2_shape[2],128
02-partial-fixed-kv,expert_cache_stats[1].kernel_config_records.records[2].config.BLOCK_SIZE_K,64
02-partial-fixed-kv,expert_cache_stats[1].kernel_config_records.records[2].config.BLOCK_SIZE_M,128
02-partial-fixed-kv,expert_cache_stats[1].kernel_config_records.records[2].config.BLOCK_SIZE_N,128
02-partial-fixed-kv,expert_cache_stats[1].kernel_config_records.records[2].config.GROUP_SIZE_M,64
02-partial-fixed-kv,expert_cache_stats[1].kernel_config_records.records[2].config.num_stages,3
02-partial-fixed-kv,expert_cache_stats[1].kernel_config_records.records[2].config.num_warps,8
02-partial-fixed-kv,expert_cache_stats[2].schema_version,1
02-partial-fixed-kv,expert_cache_stats[2].rank,2
02-partial-fixed-kv,expert_cache_stats[2].tensor_parallel_size,4
02-partial-fixed-kv,expert_cache_stats[2].total_layers,48
02-partial-fixed-kv,expert_cache_stats[2].num_experts,512
02-partial-fixed-kv,expert_cache_stats[2].physical_slots,13056
02-partial-fixed-kv,expert_cache_stats[2].resident_slots,12288
02-partial-fixed-kv,expert_cache_stats[2].cache_slots,256
02-partial-fixed-kv,expert_cache_stats[2].ingress_slots,512
02-partial-fixed-kv,expert_cache_stats[2].expert_bytes,1572864
02-partial-fixed-kv,expert_cache_stats[2].host_source_bytes,38654705664
02-partial-fixed-kv,expert_cache_stats[2].pinned_gather_bytes,805306368
02-partial-fixed-kv,expert_cache_stats[2].gpu_pool_bytes,20535312384
02-partial-fixed-kv,expert_cache_stats[2].gpu_resident_bytes,19327352832
02-partial-fixed-kv,expert_cache_stats[2].gpu_cache_bytes,402653184
02-partial-fixed-kv,expert_cache_stats[2].gpu_ingress_bytes,805306368
02-partial-fixed-kv,expert_cache_stats[2].gpu_metadata_bytes,6144
02-partial-fixed-kv,expert_cache_stats[2].pinned_metadata_bytes,6144
02-partial-fixed-kv,expert_cache_stats[2].net_freed_bytes,18119387136
02-partial-fixed-kv,expert_cache_stats[2].weights_verified,0
02-partial-fixed-kv,expert_cache_stats[2].cuda_timing_capacity,128
02-partial-fixed-kv,expert_cache_stats[2].h2d_bytes,29617029120
02-partial-fixed-kv,expert_cache_stats[2].copy_launches,876
02-partial-fixed-kv,expert_cache_stats[2].startup_resident_h2d_bytes,19327352832
02-partial-fixed-kv,expert_cache_stats[2].promotion_d2d_bytes,1494220800
02-partial-fixed-kv,expert_cache_stats[2].metadata_h2d_bytes,1875376
02-partial-fixed-kv,expert_cache_stats[2].unique_demands,49954
02-partial-fixed-kv,expert_cache_stats[2].resident_hits,30785
02-partial-fixed-kv,expert_cache_stats[2].max_unique_per_forward,509
02-partial-fixed-kv,expert_cache_stats[2].mean_unique_coverage,0.10698070860745613
02-partial-fixed-kv,expert_cache_stats[2].resident_ratio,0.5
02-partial-fixed-kv,expert_cache_stats[2].policy.observations,912
02-partial-fixed-kv,expert_cache_stats[2].policy.unique_demands,49954
02-partial-fixed-kv,expert_cache_stats[2].policy.completed_forwards,19
02-partial-fixed-kv,expert_cache_stats[2].policy.decay_events,0
02-partial-fixed-kv,expert_cache_stats[2].policy.cache_hits,339
02-partial-fixed-kv,expert_cache_stats[2].policy.cache_misses,18830
02-partial-fixed-kv,expert_cache_stats[2].policy.admissions,950
02-partial-fixed-kv,expert_cache_stats[2].policy.evictions,694
02-partial-fixed-kv,expert_cache_stats[2].policy.cache_bypasses,17880
02-partial-fixed-kv,expert_cache_stats[2].policy.reconfigurations,0
02-partial-fixed-kv,expert_cache_stats[2].policy.resident_experts,12288
02-partial-fixed-kv,expert_cache_stats[2].policy.cache_slots,256
02-partial-fixed-kv,expert_cache_stats[2].policy.cache_entries,256
02-partial-fixed-kv,expert_cache_stats[2].policy.cache_hit_ratio,0.01768480358912828
02-partial-fixed-kv,expert_cache_stats[2].timing.route_d2h_s,0.6374418083578348
02-partial-fixed-kv,expert_cache_stats[2].timing.policy_cpu_s,0.052917547058314085
02-partial-fixed-kv,expert_cache_stats[2].timing.host_reuse_wait_s,0.0018079746514558792
02-partial-fixed-kv,expert_cache_stats[2].timing.host_gather_s,2.962290380615741
02-partial-fixed-kv,expert_cache_stats[2].timing.h2d_enqueue_s,0.01710224524140358
02-partial-fixed-kv,expert_cache_stats[2].timing.compute_enqueue_s,0.16751164244487882
02-partial-fixed-kv,expert_cache_stats[2].timing.cuda_sample_count,13
02-partial-fixed-kv,expert_cache_stats[2].timing.load_cuda_s,0.012356607893481848
02-partial-fixed-kv,expert_cache_stats[2].timing.compute_cuda_s,0.00555510401725769
02-partial-fixed-kv,expert_cache_stats[2].timing.promotion_cuda_s,0.00010867200046777724
02-partial-fixed-kv,expert_cache_stats[2].forward_counts[0],19
02-partial-fixed-kv,expert_cache_stats[2].forward_counts[1],19
02-partial-fixed-kv,expert_cache_stats[2].forward_counts[2],19
02-partial-fixed-kv,expert_cache_stats[2].forward_counts[3],19
02-partial-fixed-kv,expert_cache_stats[2].forward_counts[4],19
02-partial-fixed-kv,expert_cache_stats[2].forward_counts[5],19
02-partial-fixed-kv,expert_cache_stats[2].forward_counts[6],19
02-partial-fixed-kv,expert_cache_stats[2].forward_counts[7],19
02-partial-fixed-kv,expert_cache_stats[2].forward_counts[8],19
02-partial-fixed-kv,expert_cache_stats[2].forward_counts[9],19
02-partial-fixed-kv,expert_cache_stats[2].forward_counts[10],19
02-partial-fixed-kv,expert_cache_stats[2].forward_counts[11],19
02-partial-fixed-kv,expert_cache_stats[2].forward_counts[12],19
02-partial-fixed-kv,expert_cache_stats[2].forward_counts[13],19
02-partial-fixed-kv,expert_cache_stats[2].forward_counts[14],19
02-partial-fixed-kv,expert_cache_stats[2].forward_counts[15],19
02-partial-fixed-kv,expert_cache_stats[2].forward_counts[16],19
02-partial-fixed-kv,expert_cache_stats[2].forward_counts[17],19
02-partial-fixed-kv,expert_cache_stats[2].forward_counts[18],19
02-partial-fixed-kv,expert_cache_stats[2].forward_counts[19],19
02-partial-fixed-kv,expert_cache_stats[2].forward_counts[20],19
02-partial-fixed-kv,expert_cache_stats[2].forward_counts[21],19
02-partial-fixed-kv,expert_cache_stats[2].forward_counts[22],19
02-partial-fixed-kv,expert_cache_stats[2].forward_counts[23],19
02-partial-fixed-kv,expert_cache_stats[2].forward_counts[24],19
02-partial-fixed-kv,expert_cache_stats[2].forward_counts[25],19
02-partial-fixed-kv,expert_cache_stats[2].forward_counts[26],19
02-partial-fixed-kv,expert_cache_stats[2].forward_counts[27],19
02-partial-fixed-kv,expert_cache_stats[2].forward_counts[28],19
02-partial-fixed-kv,expert_cache_stats[2].forward_counts[29],19
02-partial-fixed-kv,expert_cache_stats[2].forward_counts[30],19
02-partial-fixed-kv,expert_cache_stats[2].forward_counts[31],19
02-partial-fixed-kv,expert_cache_stats[2].forward_counts[32],19
02-partial-fixed-kv,expert_cache_stats[2].forward_counts[33],19
02-partial-fixed-kv,expert_cache_stats[2].forward_counts[34],19
02-partial-fixed-kv,expert_cache_stats[2].forward_counts[35],19
02-partial-fixed-kv,expert_cache_stats[2].forward_counts[36],19
02-partial-fixed-kv,expert_cache_stats[2].forward_counts[37],19
02-partial-fixed-kv,expert_cache_stats[2].forward_counts[38],19
02-partial-fixed-kv,expert_cache_stats[2].forward_counts[39],19
02-partial-fixed-kv,expert_cache_stats[2].forward_counts[40],19
02-partial-fixed-kv,expert_cache_stats[2].forward_counts[41],19
02-partial-fixed-kv,expert_cache_stats[2].forward_counts[42],19
02-partial-fixed-kv,expert_cache_stats[2].forward_counts[43],19
02-partial-fixed-kv,expert_cache_stats[2].forward_counts[44],19
02-partial-fixed-kv,expert_cache_stats[2].forward_counts[45],19
02-partial-fixed-kv,expert_cache_stats[2].forward_counts[46],19
02-partial-fixed-kv,expert_cache_stats[2].forward_counts[47],19
02-partial-fixed-kv,expert_cache_stats[2].per_layer_unique_demands[0],1166
02-partial-fixed-kv,expert_cache_stats[2].per_layer_unique_demands[1],1042
02-partial-fixed-kv,expert_cache_stats[2].per_layer_unique_demands[2],1189
02-partial-fixed-kv,expert_cache_stats[2].per_layer_unique_demands[3],1016
02-partial-fixed-kv,expert_cache_stats[2].per_layer_unique_demands[4],1000
02-partial-fixed-kv,expert_cache_stats[2].per_layer_unique_demands[5],1089
02-partial-fixed-kv,expert_cache_stats[2].per_layer_unique_demands[6],1152
02-partial-fixed-kv,expert_cache_stats[2].per_layer_unique_demands[7],1138
02-partial-fixed-kv,expert_cache_stats[2].per_layer_unique_demands[8],1065
02-partial-fixed-kv,expert_cache_stats[2].per_layer_unique_demands[9],945
02-partial-fixed-kv,expert_cache_stats[2].per_layer_unique_demands[10],970
02-partial-fixed-kv,expert_cache_stats[2].per_layer_unique_demands[11],1000
02-partial-fixed-kv,expert_cache_stats[2].per_layer_unique_demands[12],902
02-partial-fixed-kv,expert_cache_stats[2].per_layer_unique_demands[13],945
02-partial-fixed-kv,expert_cache_stats[2].per_layer_unique_demands[14],1026
02-partial-fixed-kv,expert_cache_stats[2].per_layer_unique_demands[15],1084
02-partial-fixed-kv,expert_cache_stats[2].per_layer_unique_demands[16],1022
02-partial-fixed-kv,expert_cache_stats[2].per_layer_unique_demands[17],1093
02-partial-fixed-kv,expert_cache_stats[2].per_layer_unique_demands[18],1157
02-partial-fixed-kv,expert_cache_stats[2].per_layer_unique_demands[19],1147
02-partial-fixed-kv,expert_cache_stats[2].per_layer_unique_demands[20],1057
02-partial-fixed-kv,expert_cache_stats[2].per_layer_unique_demands[21],944
02-partial-fixed-kv,expert_cache_stats[2].per_layer_unique_demands[22],995
02-partial-fixed-kv,expert_cache_stats[2].per_layer_unique_demands[23],1020
02-partial-fixed-kv,expert_cache_stats[2].per_layer_unique_demands[24],955
02-partial-fixed-kv,expert_cache_stats[2].per_layer_unique_demands[25],978
02-partial-fixed-kv,expert_cache_stats[2].per_layer_unique_demands[26],1056
02-partial-fixed-kv,expert_cache_stats[2].per_layer_unique_demands[27],1124
02-partial-fixed-kv,expert_cache_stats[2].per_layer_unique_demands[28],1063
02-partial-fixed-kv,expert_cache_stats[2].per_layer_unique_demands[29],1109
02-partial-fixed-kv,expert_cache_stats[2].per_layer_unique_demands[30],1150
02-partial-fixed-kv,expert_cache_stats[2].per_layer_unique_demands[31],1143
02-partial-fixed-kv,expert_cache_stats[2].per_layer_unique_demands[32],1088
02-partial-fixed-kv,expert_cache_stats[2].per_layer_unique_demands[33],963
02-partial-fixed-kv,expert_cache_stats[2].per_layer_unique_demands[34],999
02-partial-fixed-kv,expert_cache_stats[2].per_layer_unique_demands[35],1027
02-partial-fixed-kv,expert_cache_stats[2].per_layer_unique_demands[36],976
02-partial-fixed-kv,expert_cache_stats[2].per_layer_unique_demands[37],991
02-partial-fixed-kv,expert_cache_stats[2].per_layer_unique_demands[38],1055
02-partial-fixed-kv,expert_cache_stats[2].per_layer_unique_demands[39],1077
02-partial-fixed-kv,expert_cache_stats[2].per_layer_unique_demands[40],1092
02-partial-fixed-kv,expert_cache_stats[2].per_layer_unique_demands[41],1054
02-partial-fixed-kv,expert_cache_stats[2].per_layer_unique_demands[42],993
02-partial-fixed-kv,expert_cache_stats[2].per_layer_unique_demands[43],1001
02-partial-fixed-kv,expert_cache_stats[2].per_layer_unique_demands[44],971
02-partial-fixed-kv,expert_cache_stats[2].per_layer_unique_demands[45],948
02-partial-fixed-kv,expert_cache_stats[2].per_layer_unique_demands[46],957
02-partial-fixed-kv,expert_cache_stats[2].per_layer_unique_demands[47],1020
02-partial-fixed-kv,expert_cache_stats[2].per_layer_max_unique_per_forward[0],498
02-partial-fixed-kv,expert_cache_stats[2].per_layer_max_unique_per_forward[1],436
02-partial-fixed-kv,expert_cache_stats[2].per_layer_max_unique_per_forward[2],509
02-partial-fixed-kv,expert_cache_stats[2].per_layer_max_unique_per_forward[3],422
02-partial-fixed-kv,expert_cache_stats[2].per_layer_max_unique_per_forward[4],415
02-partial-fixed-kv,expert_cache_stats[2].per_layer_max_unique_per_forward[5],459
02-partial-fixed-kv,expert_cache_stats[2].per_layer_max_unique_per_forward[6],491
02-partial-fixed-kv,expert_cache_stats[2].per_layer_max_unique_per_forward[7],484
02-partial-fixed-kv,expert_cache_stats[2].per_layer_max_unique_per_forward[8],446
02-partial-fixed-kv,expert_cache_stats[2].per_layer_max_unique_per_forward[9],389
02-partial-fixed-kv,expert_cache_stats[2].per_layer_max_unique_per_forward[10],400
02-partial-fixed-kv,expert_cache_stats[2].per_layer_max_unique_per_forward[11],415
02-partial-fixed-kv,expert_cache_stats[2].per_layer_max_unique_per_forward[12],367
02-partial-fixed-kv,expert_cache_stats[2].per_layer_max_unique_per_forward[13],388
02-partial-fixed-kv,expert_cache_stats[2].per_layer_max_unique_per_forward[14],428
02-partial-fixed-kv,expert_cache_stats[2].per_layer_max_unique_per_forward[15],458
02-partial-fixed-kv,expert_cache_stats[2].per_layer_max_unique_per_forward[16],426
02-partial-fixed-kv,expert_cache_stats[2].per_layer_max_unique_per_forward[17],461
02-partial-fixed-kv,expert_cache_stats[2].per_layer_max_unique_per_forward[18],494
02-partial-fixed-kv,expert_cache_stats[2].per_layer_max_unique_per_forward[19],487
02-partial-fixed-kv,expert_cache_stats[2].per_layer_max_unique_per_forward[20],443
02-partial-fixed-kv,expert_cache_stats[2].per_layer_max_unique_per_forward[21],387
02-partial-fixed-kv,expert_cache_stats[2].per_layer_max_unique_per_forward[22],412
02-partial-fixed-kv,expert_cache_stats[2].per_layer_max_unique_per_forward[23],425
02-partial-fixed-kv,expert_cache_stats[2].per_layer_max_unique_per_forward[24],393
02-partial-fixed-kv,expert_cache_stats[2].per_layer_max_unique_per_forward[25],405
02-partial-fixed-kv,expert_cache_stats[2].per_layer_max_unique_per_forward[26],443
02-partial-fixed-kv,expert_cache_stats[2].per_layer_max_unique_per_forward[27],475
02-partial-fixed-kv,expert_cache_stats[2].per_layer_max_unique_per_forward[28],446
02-partial-fixed-kv,expert_cache_stats[2].per_layer_max_unique_per_forward[29],469
02-partial-fixed-kv,expert_cache_stats[2].per_layer_max_unique_per_forward[30],489
02-partial-fixed-kv,expert_cache_stats[2].per_layer_max_unique_per_forward[31],486
02-partial-fixed-kv,expert_cache_stats[2].per_layer_max_unique_per_forward[32],458
02-partial-fixed-kv,expert_cache_stats[2].per_layer_max_unique_per_forward[33],395
02-partial-fixed-kv,expert_cache_stats[2].per_layer_max_unique_per_forward[34],413
02-partial-fixed-kv,expert_cache_stats[2].per_layer_max_unique_per_forward[35],428
02-partial-fixed-kv,expert_cache_stats[2].per_layer_max_unique_per_forward[36],401
02-partial-fixed-kv,expert_cache_stats[2].per_layer_max_unique_per_forward[37],410
02-partial-fixed-kv,expert_cache_stats[2].per_layer_max_unique_per_forward[38],442
02-partial-fixed-kv,expert_cache_stats[2].per_layer_max_unique_per_forward[39],454
02-partial-fixed-kv,expert_cache_stats[2].per_layer_max_unique_per_forward[40],460
02-partial-fixed-kv,expert_cache_stats[2].per_layer_max_unique_per_forward[41],443
02-partial-fixed-kv,expert_cache_stats[2].per_layer_max_unique_per_forward[42],412
02-partial-fixed-kv,expert_cache_stats[2].per_layer_max_unique_per_forward[43],412
02-partial-fixed-kv,expert_cache_stats[2].per_layer_max_unique_per_forward[44],399
02-partial-fixed-kv,expert_cache_stats[2].per_layer_max_unique_per_forward[45],386
02-partial-fixed-kv,expert_cache_stats[2].per_layer_max_unique_per_forward[46],393
02-partial-fixed-kv,expert_cache_stats[2].per_layer_max_unique_per_forward[47],424
02-partial-fixed-kv,expert_cache_stats[2].identity.geometry.total_layers,48
02-partial-fixed-kv,expert_cache_stats[2].identity.geometry.num_experts,512
02-partial-fixed-kv,expert_cache_stats[2].identity.geometry.hidden_size,2048
02-partial-fixed-kv,expert_cache_stats[2].identity.geometry.intermediate_size,128
02-partial-fixed-kv,expert_cache_stats[2].identity.tensor_parallel_size,4
02-partial-fixed-kv,expert_cache_stats[2].identity.model_config_sha256,2d483c7cabad7c8704478ed4038fa7e7b2eff840bc00a118eccbe38e2b488303
02-partial-fixed-kv,expert_cache_stats[2].identity.model_identity_sha256,24f6a89ba0e0435caffbb3d056425fb1fe980fca09d5a8749dfb231bd24880d8
02-partial-fixed-kv,expert_cache_stats[2].profile_sha256,d9621ee27a5fe4df521bbbb2e68485d88a9a82a54f9c979a93cbd508862ca400
02-partial-fixed-kv,expert_cache_stats[2].cache_policy,decayed-lfu
02-partial-fixed-kv,expert_cache_stats[2].failed,False
02-partial-fixed-kv,expert_cache_stats[2].weight_verification_scope,CUDA parity tests required; no runtime weight D2H verification
02-partial-fixed-kv,expert_cache_stats[2].temporary_memory_scope,native fused kernel workspace/output and CPU route IDs scale with scheduled tokens; no weight-sized GPU gather temporary
02-partial-fixed-kv,expert_cache_stats[2].memory_accounting_scope,"tensor payload bytes; excludes allocator rounding, CUDA event driver memory and Python policy metadata; native/chunk output workspace must be included in vLLM measured profiling peak"
02-partial-fixed-kv,expert_cache_stats[2].kernel_config_scope,native logical E geometry per actual native chunk size
02-partial-fixed-kv,expert_cache_stats[2].transfer_schedule,demand-critical H2D on compute stream; no speculative prefetch
02-partial-fixed-kv,expert_cache_stats[2].kernel_config_records.capacity,64
02-partial-fixed-kv,expert_cache_stats[2].kernel_config_records.unrecorded_selections,0
02-partial-fixed-kv,expert_cache_stats[2].kernel_config_records.records[0].chunk_tokens,8192
02-partial-fixed-kv,expert_cache_stats[2].kernel_config_records.records[0].top_k,10
02-partial-fixed-kv,expert_cache_stats[2].kernel_config_records.records[0].selections,96
02-partial-fixed-kv,expert_cache_stats[2].kernel_config_records.records[0].w13_shape[0],512
02-partial-fixed-kv,expert_cache_stats[2].kernel_config_records.records[0].w13_shape[1],256
02-partial-fixed-kv,expert_cache_stats[2].kernel_config_records.records[0].w13_shape[2],2048
02-partial-fixed-kv,expert_cache_stats[2].kernel_config_records.records[0].w2_shape[0],512
02-partial-fixed-kv,expert_cache_stats[2].kernel_config_records.records[0].w2_shape[1],2048
02-partial-fixed-kv,expert_cache_stats[2].kernel_config_records.records[0].w2_shape[2],128
02-partial-fixed-kv,expert_cache_stats[2].kernel_config_records.records[0].config.BLOCK_SIZE_K,64
02-partial-fixed-kv,expert_cache_stats[2].kernel_config_records.records[0].config.BLOCK_SIZE_M,128
02-partial-fixed-kv,expert_cache_stats[2].kernel_config_records.records[0].config.BLOCK_SIZE_N,128
02-partial-fixed-kv,expert_cache_stats[2].kernel_config_records.records[0].config.GROUP_SIZE_M,64
02-partial-fixed-kv,expert_cache_stats[2].kernel_config_records.records[0].config.num_stages,3
02-partial-fixed-kv,expert_cache_stats[2].kernel_config_records.records[0].config.num_warps,8
02-partial-fixed-kv,expert_cache_stats[2].kernel_config_records.records[1].chunk_tokens,1
02-partial-fixed-kv,expert_cache_stats[2].kernel_config_records.records[1].top_k,10
02-partial-fixed-kv,expert_cache_stats[2].kernel_config_records.records[1].selections,720
02-partial-fixed-kv,expert_cache_stats[2].kernel_config_records.records[1].w13_shape[0],512
02-partial-fixed-kv,expert_cache_stats[2].kernel_config_records.records[1].w13_shape[1],256
02-partial-fixed-kv,expert_cache_stats[2].kernel_config_records.records[1].w13_shape[2],2048
02-partial-fixed-kv,expert_cache_stats[2].kernel_config_records.records[1].w2_shape[0],512
02-partial-fixed-kv,expert_cache_stats[2].kernel_config_records.records[1].w2_shape[1],2048
02-partial-fixed-kv,expert_cache_stats[2].kernel_config_records.records[1].w2_shape[2],128
02-partial-fixed-kv,expert_cache_stats[2].kernel_config_records.records[1].config.BLOCK_SIZE_K,64
02-partial-fixed-kv,expert_cache_stats[2].kernel_config_records.records[1].config.BLOCK_SIZE_M,16
02-partial-fixed-kv,expert_cache_stats[2].kernel_config_records.records[1].config.BLOCK_SIZE_N,32
02-partial-fixed-kv,expert_cache_stats[2].kernel_config_records.records[1].config.GROUP_SIZE_M,1
02-partial-fixed-kv,expert_cache_stats[2].kernel_config_records.records[1].config.num_stages,4
02-partial-fixed-kv,expert_cache_stats[2].kernel_config_records.records[1].config.num_warps,4
02-partial-fixed-kv,expert_cache_stats[2].kernel_config_records.records[2].chunk_tokens,4096
02-partial-fixed-kv,expert_cache_stats[2].kernel_config_records.records[2].top_k,10
02-partial-fixed-kv,expert_cache_stats[2].kernel_config_records.records[2].selections,96
02-partial-fixed-kv,expert_cache_stats[2].kernel_config_records.records[2].w13_shape[0],512
02-partial-fixed-kv,expert_cache_stats[2].kernel_config_records.records[2].w13_shape[1],256
02-partial-fixed-kv,expert_cache_stats[2].kernel_config_records.records[2].w13_shape[2],2048
02-partial-fixed-kv,expert_cache_stats[2].kernel_config_records.records[2].w2_shape[0],512
02-partial-fixed-kv,expert_cache_stats[2].kernel_config_records.records[2].w2_shape[1],2048
02-partial-fixed-kv,expert_cache_stats[2].kernel_config_records.records[2].w2_shape[2],128
02-partial-fixed-kv,expert_cache_stats[2].kernel_config_records.records[2].config.BLOCK_SIZE_K,64
02-partial-fixed-kv,expert_cache_stats[2].kernel_config_records.records[2].config.BLOCK_SIZE_M,128
02-partial-fixed-kv,expert_cache_stats[2].kernel_config_records.records[2].config.BLOCK_SIZE_N,128
02-partial-fixed-kv,expert_cache_stats[2].kernel_config_records.records[2].config.GROUP_SIZE_M,64
02-partial-fixed-kv,expert_cache_stats[2].kernel_config_records.records[2].config.num_stages,3
02-partial-fixed-kv,expert_cache_stats[2].kernel_config_records.records[2].config.num_warps,8
02-partial-fixed-kv,expert_cache_stats[3].schema_version,1
02-partial-fixed-kv,expert_cache_stats[3].rank,3
02-partial-fixed-kv,expert_cache_stats[3].tensor_parallel_size,4
02-partial-fixed-kv,expert_cache_stats[3].total_layers,48
02-partial-fixed-kv,expert_cache_stats[3].num_experts,512
02-partial-fixed-kv,expert_cache_stats[3].physical_slots,13056
02-partial-fixed-kv,expert_cache_stats[3].resident_slots,12288
02-partial-fixed-kv,expert_cache_stats[3].cache_slots,256
02-partial-fixed-kv,expert_cache_stats[3].ingress_slots,512
02-partial-fixed-kv,expert_cache_stats[3].expert_bytes,1572864
02-partial-fixed-kv,expert_cache_stats[3].host_source_bytes,38654705664
02-partial-fixed-kv,expert_cache_stats[3].pinned_gather_bytes,805306368
02-partial-fixed-kv,expert_cache_stats[3].gpu_pool_bytes,20535312384
02-partial-fixed-kv,expert_cache_stats[3].gpu_resident_bytes,19327352832
02-partial-fixed-kv,expert_cache_stats[3].gpu_cache_bytes,402653184
02-partial-fixed-kv,expert_cache_stats[3].gpu_ingress_bytes,805306368
02-partial-fixed-kv,expert_cache_stats[3].gpu_metadata_bytes,6144
02-partial-fixed-kv,expert_cache_stats[3].pinned_metadata_bytes,6144
02-partial-fixed-kv,expert_cache_stats[3].net_freed_bytes,18119387136
02-partial-fixed-kv,expert_cache_stats[3].weights_verified,0
02-partial-fixed-kv,expert_cache_stats[3].cuda_timing_capacity,128
02-partial-fixed-kv,expert_cache_stats[3].h2d_bytes,29617029120
02-partial-fixed-kv,expert_cache_stats[3].copy_launches,876
02-partial-fixed-kv,expert_cache_stats[3].startup_resident_h2d_bytes,19327352832
02-partial-fixed-kv,expert_cache_stats[3].promotion_d2d_bytes,1494220800
02-partial-fixed-kv,expert_cache_stats[3].metadata_h2d_bytes,1875376
02-partial-fixed-kv,expert_cache_stats[3].unique_demands,49954
02-partial-fixed-kv,expert_cache_stats[3].resident_hits,30785
02-partial-fixed-kv,expert_cache_stats[3].max_unique_per_forward,509
02-partial-fixed-kv,expert_cache_stats[3].mean_unique_coverage,0.10698070860745613
02-partial-fixed-kv,expert_cache_stats[3].resident_ratio,0.5
02-partial-fixed-kv,expert_cache_stats[3].policy.observations,912
02-partial-fixed-kv,expert_cache_stats[3].policy.unique_demands,49954
02-partial-fixed-kv,expert_cache_stats[3].policy.completed_forwards,19
02-partial-fixed-kv,expert_cache_stats[3].policy.decay_events,0
02-partial-fixed-kv,expert_cache_stats[3].policy.cache_hits,339
02-partial-fixed-kv,expert_cache_stats[3].policy.cache_misses,18830
02-partial-fixed-kv,expert_cache_stats[3].policy.admissions,950
02-partial-fixed-kv,expert_cache_stats[3].policy.evictions,694
02-partial-fixed-kv,expert_cache_stats[3].policy.cache_bypasses,17880
02-partial-fixed-kv,expert_cache_stats[3].policy.reconfigurations,0
02-partial-fixed-kv,expert_cache_stats[3].policy.resident_experts,12288
02-partial-fixed-kv,expert_cache_stats[3].policy.cache_slots,256
02-partial-fixed-kv,expert_cache_stats[3].policy.cache_entries,256
02-partial-fixed-kv,expert_cache_stats[3].policy.cache_hit_ratio,0.01768480358912828
02-partial-fixed-kv,expert_cache_stats[3].timing.route_d2h_s,0.682144264690578
02-partial-fixed-kv,expert_cache_stats[3].timing.policy_cpu_s,0.05004634987562895
02-partial-fixed-kv,expert_cache_stats[3].timing.host_reuse_wait_s,0.001731515396386385
02-partial-fixed-kv,expert_cache_stats[3].timing.host_gather_s,2.9179794043302536
02-partial-fixed-kv,expert_cache_stats[3].timing.h2d_enqueue_s,0.016209013760089874
02-partial-fixed-kv,expert_cache_stats[3].timing.compute_enqueue_s,0.16800523968413472
02-partial-fixed-kv,expert_cache_stats[3].timing.cuda_sample_count,13
02-partial-fixed-kv,expert_cache_stats[3].timing.load_cuda_s,0.012208192154765131
02-partial-fixed-kv,expert_cache_stats[3].timing.compute_cuda_s,0.005460287958383561
02-partial-fixed-kv,expert_cache_stats[3].timing.promotion_cuda_s,0.00010240000090561808
02-partial-fixed-kv,expert_cache_stats[3].forward_counts[0],19
02-partial-fixed-kv,expert_cache_stats[3].forward_counts[1],19
02-partial-fixed-kv,expert_cache_stats[3].forward_counts[2],19
02-partial-fixed-kv,expert_cache_stats[3].forward_counts[3],19
02-partial-fixed-kv,expert_cache_stats[3].forward_counts[4],19
02-partial-fixed-kv,expert_cache_stats[3].forward_counts[5],19
02-partial-fixed-kv,expert_cache_stats[3].forward_counts[6],19
02-partial-fixed-kv,expert_cache_stats[3].forward_counts[7],19
02-partial-fixed-kv,expert_cache_stats[3].forward_counts[8],19
02-partial-fixed-kv,expert_cache_stats[3].forward_counts[9],19
02-partial-fixed-kv,expert_cache_stats[3].forward_counts[10],19
02-partial-fixed-kv,expert_cache_stats[3].forward_counts[11],19
02-partial-fixed-kv,expert_cache_stats[3].forward_counts[12],19
02-partial-fixed-kv,expert_cache_stats[3].forward_counts[13],19
02-partial-fixed-kv,expert_cache_stats[3].forward_counts[14],19
02-partial-fixed-kv,expert_cache_stats[3].forward_counts[15],19
02-partial-fixed-kv,expert_cache_stats[3].forward_counts[16],19
02-partial-fixed-kv,expert_cache_stats[3].forward_counts[17],19
02-partial-fixed-kv,expert_cache_stats[3].forward_counts[18],19
02-partial-fixed-kv,expert_cache_stats[3].forward_counts[19],19
02-partial-fixed-kv,expert_cache_stats[3].forward_counts[20],19
02-partial-fixed-kv,expert_cache_stats[3].forward_counts[21],19
02-partial-fixed-kv,expert_cache_stats[3].forward_counts[22],19
02-partial-fixed-kv,expert_cache_stats[3].forward_counts[23],19
02-partial-fixed-kv,expert_cache_stats[3].forward_counts[24],19
02-partial-fixed-kv,expert_cache_stats[3].forward_counts[25],19
02-partial-fixed-kv,expert_cache_stats[3].forward_counts[26],19
02-partial-fixed-kv,expert_cache_stats[3].forward_counts[27],19
02-partial-fixed-kv,expert_cache_stats[3].forward_counts[28],19
02-partial-fixed-kv,expert_cache_stats[3].forward_counts[29],19
02-partial-fixed-kv,expert_cache_stats[3].forward_counts[30],19
02-partial-fixed-kv,expert_cache_stats[3].forward_counts[31],19
02-partial-fixed-kv,expert_cache_stats[3].forward_counts[32],19
02-partial-fixed-kv,expert_cache_stats[3].forward_counts[33],19
02-partial-fixed-kv,expert_cache_stats[3].forward_counts[34],19
02-partial-fixed-kv,expert_cache_stats[3].forward_counts[35],19
02-partial-fixed-kv,expert_cache_stats[3].forward_counts[36],19
02-partial-fixed-kv,expert_cache_stats[3].forward_counts[37],19
02-partial-fixed-kv,expert_cache_stats[3].forward_counts[38],19
02-partial-fixed-kv,expert_cache_stats[3].forward_counts[39],19
02-partial-fixed-kv,expert_cache_stats[3].forward_counts[40],19
02-partial-fixed-kv,expert_cache_stats[3].forward_counts[41],19
02-partial-fixed-kv,expert_cache_stats[3].forward_counts[42],19
02-partial-fixed-kv,expert_cache_stats[3].forward_counts[43],19
02-partial-fixed-kv,expert_cache_stats[3].forward_counts[44],19
02-partial-fixed-kv,expert_cache_stats[3].forward_counts[45],19
02-partial-fixed-kv,expert_cache_stats[3].forward_counts[46],19
02-partial-fixed-kv,expert_cache_stats[3].forward_counts[47],19
02-partial-fixed-kv,expert_cache_stats[3].per_layer_unique_demands[0],1166
02-partial-fixed-kv,expert_cache_stats[3].per_layer_unique_demands[1],1042
02-partial-fixed-kv,expert_cache_stats[3].per_layer_unique_demands[2],1189
02-partial-fixed-kv,expert_cache_stats[3].per_layer_unique_demands[3],1016
02-partial-fixed-kv,expert_cache_stats[3].per_layer_unique_demands[4],1000
02-partial-fixed-kv,expert_cache_stats[3].per_layer_unique_demands[5],1089
02-partial-fixed-kv,expert_cache_stats[3].per_layer_unique_demands[6],1152
02-partial-fixed-kv,expert_cache_stats[3].per_layer_unique_demands[7],1138
02-partial-fixed-kv,expert_cache_stats[3].per_layer_unique_demands[8],1065
02-partial-fixed-kv,expert_cache_stats[3].per_layer_unique_demands[9],945
02-partial-fixed-kv,expert_cache_stats[3].per_layer_unique_demands[10],970
02-partial-fixed-kv,expert_cache_stats[3].per_layer_unique_demands[11],1000
02-partial-fixed-kv,expert_cache_stats[3].per_layer_unique_demands[12],902
02-partial-fixed-kv,expert_cache_stats[3].per_layer_unique_demands[13],945
02-partial-fixed-kv,expert_cache_stats[3].per_layer_unique_demands[14],1026
02-partial-fixed-kv,expert_cache_stats[3].per_layer_unique_demands[15],1084
02-partial-fixed-kv,expert_cache_stats[3].per_layer_unique_demands[16],1022
02-partial-fixed-kv,expert_cache_stats[3].per_layer_unique_demands[17],1093
02-partial-fixed-kv,expert_cache_stats[3].per_layer_unique_demands[18],1157
02-partial-fixed-kv,expert_cache_stats[3].per_layer_unique_demands[19],1147
02-partial-fixed-kv,expert_cache_stats[3].per_layer_unique_demands[20],1057
02-partial-fixed-kv,expert_cache_stats[3].per_layer_unique_demands[21],944
02-partial-fixed-kv,expert_cache_stats[3].per_layer_unique_demands[22],995
02-partial-fixed-kv,expert_cache_stats[3].per_layer_unique_demands[23],1020
02-partial-fixed-kv,expert_cache_stats[3].per_layer_unique_demands[24],955
02-partial-fixed-kv,expert_cache_stats[3].per_layer_unique_demands[25],978
02-partial-fixed-kv,expert_cache_stats[3].per_layer_unique_demands[26],1056
02-partial-fixed-kv,expert_cache_stats[3].per_layer_unique_demands[27],1124
02-partial-fixed-kv,expert_cache_stats[3].per_layer_unique_demands[28],1063
02-partial-fixed-kv,expert_cache_stats[3].per_layer_unique_demands[29],1109
02-partial-fixed-kv,expert_cache_stats[3].per_layer_unique_demands[30],1150
02-partial-fixed-kv,expert_cache_stats[3].per_layer_unique_demands[31],1143
02-partial-fixed-kv,expert_cache_stats[3].per_layer_unique_demands[32],1088
02-partial-fixed-kv,expert_cache_stats[3].per_layer_unique_demands[33],963
02-partial-fixed-kv,expert_cache_stats[3].per_layer_unique_demands[34],999
02-partial-fixed-kv,expert_cache_stats[3].per_layer_unique_demands[35],1027
02-partial-fixed-kv,expert_cache_stats[3].per_layer_unique_demands[36],976
02-partial-fixed-kv,expert_cache_stats[3].per_layer_unique_demands[37],991
02-partial-fixed-kv,expert_cache_stats[3].per_layer_unique_demands[38],1055
02-partial-fixed-kv,expert_cache_stats[3].per_layer_unique_demands[39],1077
02-partial-fixed-kv,expert_cache_stats[3].per_layer_unique_demands[40],1092
02-partial-fixed-kv,expert_cache_stats[3].per_layer_unique_demands[41],1054
02-partial-fixed-kv,expert_cache_stats[3].per_layer_unique_demands[42],993
02-partial-fixed-kv,expert_cache_stats[3].per_layer_unique_demands[43],1001
02-partial-fixed-kv,expert_cache_stats[3].per_layer_unique_demands[44],971
02-partial-fixed-kv,expert_cache_stats[3].per_layer_unique_demands[45],948
02-partial-fixed-kv,expert_cache_stats[3].per_layer_unique_demands[46],957
02-partial-fixed-kv,expert_cache_stats[3].per_layer_unique_demands[47],1020
02-partial-fixed-kv,expert_cache_stats[3].per_layer_max_unique_per_forward[0],498
02-partial-fixed-kv,expert_cache_stats[3].per_layer_max_unique_per_forward[1],436
02-partial-fixed-kv,expert_cache_stats[3].per_layer_max_unique_per_forward[2],509
02-partial-fixed-kv,expert_cache_stats[3].per_layer_max_unique_per_forward[3],422
02-partial-fixed-kv,expert_cache_stats[3].per_layer_max_unique_per_forward[4],415
02-partial-fixed-kv,expert_cache_stats[3].per_layer_max_unique_per_forward[5],459
02-partial-fixed-kv,expert_cache_stats[3].per_layer_max_unique_per_forward[6],491
02-partial-fixed-kv,expert_cache_stats[3].per_layer_max_unique_per_forward[7],484
02-partial-fixed-kv,expert_cache_stats[3].per_layer_max_unique_per_forward[8],446
02-partial-fixed-kv,expert_cache_stats[3].per_layer_max_unique_per_forward[9],389
02-partial-fixed-kv,expert_cache_stats[3].per_layer_max_unique_per_forward[10],400
02-partial-fixed-kv,expert_cache_stats[3].per_layer_max_unique_per_forward[11],415
02-partial-fixed-kv,expert_cache_stats[3].per_layer_max_unique_per_forward[12],367
02-partial-fixed-kv,expert_cache_stats[3].per_layer_max_unique_per_forward[13],388
02-partial-fixed-kv,expert_cache_stats[3].per_layer_max_unique_per_forward[14],428
02-partial-fixed-kv,expert_cache_stats[3].per_layer_max_unique_per_forward[15],458
02-partial-fixed-kv,expert_cache_stats[3].per_layer_max_unique_per_forward[16],426
02-partial-fixed-kv,expert_cache_stats[3].per_layer_max_unique_per_forward[17],461
02-partial-fixed-kv,expert_cache_stats[3].per_layer_max_unique_per_forward[18],494
02-partial-fixed-kv,expert_cache_stats[3].per_layer_max_unique_per_forward[19],487
02-partial-fixed-kv,expert_cache_stats[3].per_layer_max_unique_per_forward[20],443
02-partial-fixed-kv,expert_cache_stats[3].per_layer_max_unique_per_forward[21],387
02-partial-fixed-kv,expert_cache_stats[3].per_layer_max_unique_per_forward[22],412
02-partial-fixed-kv,expert_cache_stats[3].per_layer_max_unique_per_forward[23],425
02-partial-fixed-kv,expert_cache_stats[3].per_layer_max_unique_per_forward[24],393
02-partial-fixed-kv,expert_cache_stats[3].per_layer_max_unique_per_forward[25],405
02-partial-fixed-kv,expert_cache_stats[3].per_layer_max_unique_per_forward[26],443
02-partial-fixed-kv,expert_cache_stats[3].per_layer_max_unique_per_forward[27],475
02-partial-fixed-kv,expert_cache_stats[3].per_layer_max_unique_per_forward[28],446
02-partial-fixed-kv,expert_cache_stats[3].per_layer_max_unique_per_forward[29],469
02-partial-fixed-kv,expert_cache_stats[3].per_layer_max_unique_per_forward[30],489
02-partial-fixed-kv,expert_cache_stats[3].per_layer_max_unique_per_forward[31],486
02-partial-fixed-kv,expert_cache_stats[3].per_layer_max_unique_per_forward[32],458
02-partial-fixed-kv,expert_cache_stats[3].per_layer_max_unique_per_forward[33],395
02-partial-fixed-kv,expert_cache_stats[3].per_layer_max_unique_per_forward[34],413
02-partial-fixed-kv,expert_cache_stats[3].per_layer_max_unique_per_forward[35],428
02-partial-fixed-kv,expert_cache_stats[3].per_layer_max_unique_per_forward[36],401
02-partial-fixed-kv,expert_cache_stats[3].per_layer_max_unique_per_forward[37],410
02-partial-fixed-kv,expert_cache_stats[3].per_layer_max_unique_per_forward[38],442
02-partial-fixed-kv,expert_cache_stats[3].per_layer_max_unique_per_forward[39],454
02-partial-fixed-kv,expert_cache_stats[3].per_layer_max_unique_per_forward[40],460
02-partial-fixed-kv,expert_cache_stats[3].per_layer_max_unique_per_forward[41],443
02-partial-fixed-kv,expert_cache_stats[3].per_layer_max_unique_per_forward[42],412
02-partial-fixed-kv,expert_cache_stats[3].per_layer_max_unique_per_forward[43],412
02-partial-fixed-kv,expert_cache_stats[3].per_layer_max_unique_per_forward[44],399
02-partial-fixed-kv,expert_cache_stats[3].per_layer_max_unique_per_forward[45],386
02-partial-fixed-kv,expert_cache_stats[3].per_layer_max_unique_per_forward[46],393
02-partial-fixed-kv,expert_cache_stats[3].per_layer_max_unique_per_forward[47],424
02-partial-fixed-kv,expert_cache_stats[3].identity.geometry.total_layers,48
02-partial-fixed-kv,expert_cache_stats[3].identity.geometry.num_experts,512
02-partial-fixed-kv,expert_cache_stats[3].identity.geometry.hidden_size,2048
02-partial-fixed-kv,expert_cache_stats[3].identity.geometry.intermediate_size,128
02-partial-fixed-kv,expert_cache_stats[3].identity.tensor_parallel_size,4
02-partial-fixed-kv,expert_cache_stats[3].identity.model_config_sha256,2d483c7cabad7c8704478ed4038fa7e7b2eff840bc00a118eccbe38e2b488303
02-partial-fixed-kv,expert_cache_stats[3].identity.model_identity_sha256,24f6a89ba0e0435caffbb3d056425fb1fe980fca09d5a8749dfb231bd24880d8
02-partial-fixed-kv,expert_cache_stats[3].profile_sha256,d9621ee27a5fe4df521bbbb2e68485d88a9a82a54f9c979a93cbd508862ca400
02-partial-fixed-kv,expert_cache_stats[3].cache_policy,decayed-lfu
02-partial-fixed-kv,expert_cache_stats[3].failed,False
02-partial-fixed-kv,expert_cache_stats[3].weight_verification_scope,CUDA parity tests required; no runtime weight D2H verification
02-partial-fixed-kv,expert_cache_stats[3].temporary_memory_scope,native fused kernel workspace/output and CPU route IDs scale with scheduled tokens; no weight-sized GPU gather temporary
02-partial-fixed-kv,expert_cache_stats[3].memory_accounting_scope,"tensor payload bytes; excludes allocator rounding, CUDA event driver memory and Python policy metadata; native/chunk output workspace must be included in vLLM measured profiling peak"
02-partial-fixed-kv,expert_cache_stats[3].kernel_config_scope,native logical E geometry per actual native chunk size
02-partial-fixed-kv,expert_cache_stats[3].transfer_schedule,demand-critical H2D on compute stream; no speculative prefetch
02-partial-fixed-kv,expert_cache_stats[3].kernel_config_records.capacity,64
02-partial-fixed-kv,expert_cache_stats[3].kernel_config_records.unrecorded_selections,0
02-partial-fixed-kv,expert_cache_stats[3].kernel_config_records.records[0].chunk_tokens,8192
02-partial-fixed-kv,expert_cache_stats[3].kernel_config_records.records[0].top_k,10
02-partial-fixed-kv,expert_cache_stats[3].kernel_config_records.records[0].selections,96
02-partial-fixed-kv,expert_cache_stats[3].kernel_config_records.records[0].w13_shape[0],512
02-partial-fixed-kv,expert_cache_stats[3].kernel_config_records.records[0].w13_shape[1],256
02-partial-fixed-kv,expert_cache_stats[3].kernel_config_records.records[0].w13_shape[2],2048
02-partial-fixed-kv,expert_cache_stats[3].kernel_config_records.records[0].w2_shape[0],512
02-partial-fixed-kv,expert_cache_stats[3].kernel_config_records.records[0].w2_shape[1],2048
02-partial-fixed-kv,expert_cache_stats[3].kernel_config_records.records[0].w2_shape[2],128
02-partial-fixed-kv,expert_cache_stats[3].kernel_config_records.records[0].config.BLOCK_SIZE_K,64
02-partial-fixed-kv,expert_cache_stats[3].kernel_config_records.records[0].config.BLOCK_SIZE_M,128
02-partial-fixed-kv,expert_cache_stats[3].kernel_config_records.records[0].config.BLOCK_SIZE_N,128
02-partial-fixed-kv,expert_cache_stats[3].kernel_config_records.records[0].config.GROUP_SIZE_M,64
02-partial-fixed-kv,expert_cache_stats[3].kernel_config_records.records[0].config.num_stages,3
02-partial-fixed-kv,expert_cache_stats[3].kernel_config_records.records[0].config.num_warps,8
02-partial-fixed-kv,expert_cache_stats[3].kernel_config_records.records[1].chunk_tokens,1
02-partial-fixed-kv,expert_cache_stats[3].kernel_config_records.records[1].top_k,10
02-partial-fixed-kv,expert_cache_stats[3].kernel_config_records.records[1].selections,720
02-partial-fixed-kv,expert_cache_stats[3].kernel_config_records.records[1].w13_shape[0],512
02-partial-fixed-kv,expert_cache_stats[3].kernel_config_records.records[1].w13_shape[1],256
02-partial-fixed-kv,expert_cache_stats[3].kernel_config_records.records[1].w13_shape[2],2048
02-partial-fixed-kv,expert_cache_stats[3].kernel_config_records.records[1].w2_shape[0],512
02-partial-fixed-kv,expert_cache_stats[3].kernel_config_records.records[1].w2_shape[1],2048
02-partial-fixed-kv,expert_cache_stats[3].kernel_config_records.records[1].w2_shape[2],128
02-partial-fixed-kv,expert_cache_stats[3].kernel_config_records.records[1].config.BLOCK_SIZE_K,64
02-partial-fixed-kv,expert_cache_stats[3].kernel_config_records.records[1].config.BLOCK_SIZE_M,16
02-partial-fixed-kv,expert_cache_stats[3].kernel_config_records.records[1].config.BLOCK_SIZE_N,32
02-partial-fixed-kv,expert_cache_stats[3].kernel_config_records.records[1].config.GROUP_SIZE_M,1
02-partial-fixed-kv,expert_cache_stats[3].kernel_config_records.records[1].config.num_stages,4
02-partial-fixed-kv,expert_cache_stats[3].kernel_config_records.records[1].config.num_warps,4
02-partial-fixed-kv,expert_cache_stats[3].kernel_config_records.records[2].chunk_tokens,4096
02-partial-fixed-kv,expert_cache_stats[3].kernel_config_records.records[2].top_k,10
02-partial-fixed-kv,expert_cache_stats[3].kernel_config_records.records[2].selections,96
02-partial-fixed-kv,expert_cache_stats[3].kernel_config_records.records[2].w13_shape[0],512
02-partial-fixed-kv,expert_cache_stats[3].kernel_config_records.records[2].w13_shape[1],256
02-partial-fixed-kv,expert_cache_stats[3].kernel_config_records.records[2].w13_shape[2],2048
02-partial-fixed-kv,expert_cache_stats[3].kernel_config_records.records[2].w2_shape[0],512
02-partial-fixed-kv,expert_cache_stats[3].kernel_config_records.records[2].w2_shape[1],2048
02-partial-fixed-kv,expert_cache_stats[3].kernel_config_records.records[2].w2_shape[2],128
02-partial-fixed-kv,expert_cache_stats[3].kernel_config_records.records[2].config.BLOCK_SIZE_K,64
02-partial-fixed-kv,expert_cache_stats[3].kernel_config_records.records[2].config.BLOCK_SIZE_M,128
02-partial-fixed-kv,expert_cache_stats[3].kernel_config_records.records[2].config.BLOCK_SIZE_N,128
02-partial-fixed-kv,expert_cache_stats[3].kernel_config_records.records[2].config.GROUP_SIZE_M,64
02-partial-fixed-kv,expert_cache_stats[3].kernel_config_records.records[2].config.num_stages,3
02-partial-fixed-kv,expert_cache_stats[3].kernel_config_records.records[2].config.num_warps,8
03-partial-auto-kv,schema_version,1
03-partial-auto-kv,run_id,03-partial-auto-kv
03-partial-auto-kv,arm,partial-auto-kv
03-partial-auto-kv,status,complete
03-partial-auto-kv,offload_count,0
03-partial-auto-kv,staging_slots,1
03-partial-auto-kv,repetitions_completed,1
03-partial-auto-kv,requested_kv_cache_bytes,
03-partial-auto-kv,exit_code,0
03-partial-auto-kv,launcher_elapsed_s,164.31804046360776
03-partial-auto-kv,smoke_matches_resident,True
03-partial-auto-kv,performance_outputs_stable,True
03-partial-auto-kv,performance_outputs_match_resident,True
03-partial-auto-kv,mechanism_validated,True
03-partial-auto-kv,contract.batch_size,1
03-partial-auto-kv,contract.context_length,4096
03-partial-auto-kv,contract.output_length,8
03-partial-auto-kv,contract.tensor_parallel_size,4
03-partial-auto-kv,contract.gpu_memory_utilization,0.6
03-partial-auto-kv,contract.seed,20260905
03-partial-auto-kv,contract.warmups,0
03-partial-auto-kv,contract.timing_samples,128
03-partial-auto-kv,contract.max_num_seqs,256
03-partial-auto-kv,contract.max_num_batched_tokens,8192
03-partial-auto-kv,contract.repetitions_requested,1
03-partial-auto-kv,contract.smoke_output_length,8
03-partial-auto-kv,contract.source_request_count,256
03-partial-auto-kv,contract.unique_selected_request_count,1
03-partial-auto-kv,contract.repeated_request_count,0
03-partial-auto-kv,contract.commit,813196a4938d5fa04d6b489a7acaf3b44885b8d3
03-partial-auto-kv,contract.model_identity_sha256,f197bd16d71c7da5e1472aacaeb3bd213c41d7688695ac857cf30665fe951a59
03-partial-auto-kv,contract.model_config_sha256,2d483c7cabad7c8704478ed4038fa7e7b2eff840bc00a118eccbe38e2b488303
03-partial-auto-kv,contract.dataset_sha256,ae5e2428733c21f39efdd1c6ba45d9dac78e4f00d43a0a930151034eda178445
03-partial-auto-kv,contract.dataset_manifest_sha256,d1fa27a78c422ed77b6e44e7c1b642c8cdf3d1a5b1068d7ee0c4996079f8a75b
03-partial-auto-kv,contract.input_sha256,17f2a44427ea95c77ac3a8fa8b47048c812b09533a104b80986621be6e484bf7
03-partial-auto-kv,contract.engine_policy_sha256,c31521abdb4de4c1f8295d175ba1e834a7985899d78c947072397433df087ebf
03-partial-auto-kv,contract.dtype,bfloat16
03-partial-auto-kv,contract.versions.torch,2.8.0+cu128
03-partial-auto-kv,contract.versions.vllm,0.10.2
03-partial-auto-kv,contract.versions.cuda,12.8
03-partial-auto-kv,contract.versions.vllm_commit,01efc7ef781391e744ed08c3292817a773d654e6
03-partial-auto-kv,contract.comparison_backend,expert-cache
03-partial-auto-kv,contract.expert_cache.resident_ratio,0.5
03-partial-auto-kv,contract.expert_cache.cache_policy,decayed-lfu
03-partial-auto-kv,contract.expert_cache.cache_slots,256
03-partial-auto-kv,contract.expert_cache.calibration_count,32
03-partial-auto-kv,contract.expert_cache.timing_samples,128
03-partial-auto-kv,contract.expert_cache.profile_sha256,d9621ee27a5fe4df521bbbb2e68485d88a9a82a54f9c979a93cbd508862ca400
03-partial-auto-kv,contract.expert_cache.identity.geometry.total_layers,48
03-partial-auto-kv,contract.expert_cache.identity.geometry.num_experts,512
03-partial-auto-kv,contract.expert_cache.identity.geometry.hidden_size,2048
03-partial-auto-kv,contract.expert_cache.identity.geometry.intermediate_size,128
03-partial-auto-kv,contract.expert_cache.identity.tensor_parallel_size,4
03-partial-auto-kv,contract.expert_cache.identity.model_config_sha256,2d483c7cabad7c8704478ed4038fa7e7b2eff840bc00a118eccbe38e2b488303
03-partial-auto-kv,contract.expert_cache.identity.model_identity_sha256,24f6a89ba0e0435caffbb3d056425fb1fe980fca09d5a8749dfb231bd24880d8
03-partial-auto-kv,contract.calibration_count,32
03-partial-auto-kv,contract.evaluation_pool_count,224
03-partial-auto-kv,contract.calibration_input_hashes_sha256,feaa8b330120d2781328031822d540c273fb008c811faa1e05e92e5b18e3958f
03-partial-auto-kv,contract.sampling_policy,heldout-token-hash-first-unique
03-partial-auto-kv,contract.split_scope,full-prompt-token-hashes; source-conversation-disjointness-not-claimed
03-partial-auto-kv,memory[0].rank,0
03-partial-auto-kv,memory[0].total_gpu_bytes,85017493504
03-partial-auto-kv,memory[0].free_gpu_bytes,33212661760
03-partial-auto-kv,memory[0].torch_allocated_bytes,48985899520
03-partial-auto-kv,memory[0].torch_reserved_bytes,49685725184
03-partial-auto-kv,memory[0].torch_peak_allocated_bytes,49586947072
03-partial-auto-kv,memory[0].torch_peak_reserved_bytes,49685725184
03-partial-auto-kv,memory[0].available_kv_cache_bytes,
03-partial-auto-kv,memory[0].model_memory_bytes,21839992832
03-partial-auto-kv,memory[0].kv_cache_allocated_bytes,27066236928
03-partial-auto-kv,memory[0].kv_cache_declared_bytes,27066236928
03-partial-auto-kv,memory[0].num_gpu_blocks,8098
03-partial-auto-kv,memory[0].kv_cache_accounting_consistent,True
03-partial-auto-kv,memory[1].rank,1
03-partial-auto-kv,memory[1].total_gpu_bytes,85017493504
03-partial-auto-kv,memory[1].free_gpu_bytes,33212661760
03-partial-auto-kv,memory[1].torch_allocated_bytes,48985899520
03-partial-auto-kv,memory[1].torch_reserved_bytes,49685725184
03-partial-auto-kv,memory[1].torch_peak_allocated_bytes,49586947072
03-partial-auto-kv,memory[1].torch_peak_reserved_bytes,49685725184
03-partial-auto-kv,memory[1].available_kv_cache_bytes,
03-partial-auto-kv,memory[1].model_memory_bytes,21839992832
03-partial-auto-kv,memory[1].kv_cache_allocated_bytes,27066236928
03-partial-auto-kv,memory[1].kv_cache_declared_bytes,27066236928
03-partial-auto-kv,memory[1].num_gpu_blocks,8098
03-partial-auto-kv,memory[1].kv_cache_accounting_consistent,True
03-partial-auto-kv,memory[2].rank,2
03-partial-auto-kv,memory[2].total_gpu_bytes,85017493504
03-partial-auto-kv,memory[2].free_gpu_bytes,33212661760
03-partial-auto-kv,memory[2].torch_allocated_bytes,48985899520
03-partial-auto-kv,memory[2].torch_reserved_bytes,49685725184
03-partial-auto-kv,memory[2].torch_peak_allocated_bytes,49586947072
03-partial-auto-kv,memory[2].torch_peak_reserved_bytes,49685725184
03-partial-auto-kv,memory[2].available_kv_cache_bytes,
03-partial-auto-kv,memory[2].model_memory_bytes,21839992832
03-partial-auto-kv,memory[2].kv_cache_allocated_bytes,27066236928
03-partial-auto-kv,memory[2].kv_cache_declared_bytes,27066236928
03-partial-auto-kv,memory[2].num_gpu_blocks,8098
03-partial-auto-kv,memory[2].kv_cache_accounting_consistent,True
03-partial-auto-kv,memory[3].rank,3
03-partial-auto-kv,memory[3].total_gpu_bytes,85017493504
03-partial-auto-kv,memory[3].free_gpu_bytes,33212661760
03-partial-auto-kv,memory[3].torch_allocated_bytes,48985899520
03-partial-auto-kv,memory[3].torch_reserved_bytes,49685725184
03-partial-auto-kv,memory[3].torch_peak_allocated_bytes,49586947072
03-partial-auto-kv,memory[3].torch_peak_reserved_bytes,49685725184
03-partial-auto-kv,memory[3].available_kv_cache_bytes,
03-partial-auto-kv,memory[3].model_memory_bytes,21839992832
03-partial-auto-kv,memory[3].kv_cache_allocated_bytes,27066236928
03-partial-auto-kv,memory[3].kv_cache_declared_bytes,27066236928
03-partial-auto-kv,memory[3].num_gpu_blocks,8098
03-partial-auto-kv,memory[3].kv_cache_accounting_consistent,True
03-partial-auto-kv,final_memory[0].rank,0
03-partial-auto-kv,final_memory[0].total_gpu_bytes,85017493504
03-partial-auto-kv,final_memory[0].free_gpu_bytes,30274551808
03-partial-auto-kv,final_memory[0].torch_allocated_bytes,48985906688
03-partial-auto-kv,final_memory[0].torch_reserved_bytes,49685725184
03-partial-auto-kv,final_memory[0].torch_peak_allocated_bytes,49286568960
03-partial-auto-kv,final_memory[0].torch_peak_reserved_bytes,49685725184
03-partial-auto-kv,final_memory[0].available_kv_cache_bytes,
03-partial-auto-kv,final_memory[0].model_memory_bytes,21839992832
03-partial-auto-kv,final_memory[0].kv_cache_allocated_bytes,27066236928
03-partial-auto-kv,final_memory[0].kv_cache_declared_bytes,27066236928
03-partial-auto-kv,final_memory[0].num_gpu_blocks,8098
03-partial-auto-kv,final_memory[0].kv_cache_accounting_consistent,True
03-partial-auto-kv,final_memory[1].rank,1
03-partial-auto-kv,final_memory[1].total_gpu_bytes,85017493504
03-partial-auto-kv,final_memory[1].free_gpu_bytes,30274551808
03-partial-auto-kv,final_memory[1].torch_allocated_bytes,48985906688
03-partial-auto-kv,final_memory[1].torch_reserved_bytes,49685725184
03-partial-auto-kv,final_memory[1].torch_peak_allocated_bytes,49286568960
03-partial-auto-kv,final_memory[1].torch_peak_reserved_bytes,49685725184
03-partial-auto-kv,final_memory[1].available_kv_cache_bytes,
03-partial-auto-kv,final_memory[1].model_memory_bytes,21839992832
03-partial-auto-kv,final_memory[1].kv_cache_allocated_bytes,27066236928
03-partial-auto-kv,final_memory[1].kv_cache_declared_bytes,27066236928
03-partial-auto-kv,final_memory[1].num_gpu_blocks,8098
03-partial-auto-kv,final_memory[1].kv_cache_accounting_consistent,True
03-partial-auto-kv,final_memory[2].rank,2
03-partial-auto-kv,final_memory[2].total_gpu_bytes,85017493504
03-partial-auto-kv,final_memory[2].free_gpu_bytes,30274551808
03-partial-auto-kv,final_memory[2].torch_allocated_bytes,48985906688
03-partial-auto-kv,final_memory[2].torch_reserved_bytes,49685725184
03-partial-auto-kv,final_memory[2].torch_peak_allocated_bytes,49286568960
03-partial-auto-kv,final_memory[2].torch_peak_reserved_bytes,49685725184
03-partial-auto-kv,final_memory[2].available_kv_cache_bytes,
03-partial-auto-kv,final_memory[2].model_memory_bytes,21839992832
03-partial-auto-kv,final_memory[2].kv_cache_allocated_bytes,27066236928
03-partial-auto-kv,final_memory[2].kv_cache_declared_bytes,27066236928
03-partial-auto-kv,final_memory[2].num_gpu_blocks,8098
03-partial-auto-kv,final_memory[2].kv_cache_accounting_consistent,True
03-partial-auto-kv,final_memory[3].rank,3
03-partial-auto-kv,final_memory[3].total_gpu_bytes,85017493504
03-partial-auto-kv,final_memory[3].free_gpu_bytes,30274551808
03-partial-auto-kv,final_memory[3].torch_allocated_bytes,48985906688
03-partial-auto-kv,final_memory[3].torch_reserved_bytes,49685725184
03-partial-auto-kv,final_memory[3].torch_peak_allocated_bytes,49286568960
03-partial-auto-kv,final_memory[3].torch_peak_reserved_bytes,49685725184
03-partial-auto-kv,final_memory[3].available_kv_cache_bytes,
03-partial-auto-kv,final_memory[3].model_memory_bytes,21839992832
03-partial-auto-kv,final_memory[3].kv_cache_allocated_bytes,27066236928
03-partial-auto-kv,final_memory[3].kv_cache_declared_bytes,27066236928
03-partial-auto-kv,final_memory[3].num_gpu_blocks,8098
03-partial-auto-kv,final_memory[3].kv_cache_accounting_consistent,True
03-partial-auto-kv,hardware_budget.total_gpu_bytes_by_rank[0],85017493504
03-partial-auto-kv,hardware_budget.total_gpu_bytes_by_rank[1],85017493504
03-partial-auto-kv,hardware_budget.total_gpu_bytes_by_rank[2],85017493504
03-partial-auto-kv,hardware_budget.total_gpu_bytes_by_rank[3],85017493504
03-partial-auto-kv,hardware_budget.requested_gpu_bytes_by_rank[0],51010496102
03-partial-auto-kv,hardware_budget.requested_gpu_bytes_by_rank[1],51010496102
03-partial-auto-kv,hardware_budget.requested_gpu_bytes_by_rank[2],51010496102
03-partial-auto-kv,hardware_budget.requested_gpu_bytes_by_rank[3],51010496102
03-partial-auto-kv,smoke.elapsed_s,22.548447286710143
03-partial-auto-kv,smoke.generated_tokens,8
03-partial-auto-kv,smoke.request_count,1
03-partial-auto-kv,smoke.output_tokens_per_second,0.35479161373187457
03-partial-auto-kv,smoke.latency_available_requests,0
03-partial-auto-kv,smoke.ttft_available_requests,0
03-partial-auto-kv,smoke.ttft_median_s,
03-partial-auto-kv,smoke.request_latency_median_s,
03-partial-auto-kv,smoke.input_sha256,17f2a44427ea95c77ac3a8fa8b47048c812b09533a104b80986621be6e484bf7
03-partial-auto-kv,smoke.output_sha256,b512fd12a4a5eace21091c769d8bf4d4bf5d2f1a5577411243f4c11e02c6d54d
03-partial-auto-kv,repetitions[0].repetition,0
03-partial-auto-kv,repetitions[0].elapsed_s,4.608540109824389
03-partial-auto-kv,repetitions[0].generated_tokens,8
03-partial-auto-kv,repetitions[0].request_count,1
03-partial-auto-kv,repetitions[0].output_tokens_per_second,1.7359076430615776
03-partial-auto-kv,repetitions[0].latency_available_requests,0
03-partial-auto-kv,repetitions[0].ttft_available_requests,0
03-partial-auto-kv,repetitions[0].ttft_median_s,
03-partial-auto-kv,repetitions[0].request_latency_median_s,
03-partial-auto-kv,repetitions[0].output_sha256,b512fd12a4a5eace21091c769d8bf4d4bf5d2f1a5577411243f4c11e02c6d54d
03-partial-auto-kv,repetitions[0].timing_available,True
03-partial-auto-kv,repetitions[0].diagnostics.h2d_bytes,57459867648
03-partial-auto-kv,repetitions[0].diagnostics.copy_launches,1280
03-partial-auto-kv,repetitions[0].diagnostics.startup_resident_h2d_bytes,0
03-partial-auto-kv,repetitions[0].diagnostics.promotion_d2d_bytes,6291456
03-partial-auto-kv,repetitions[0].diagnostics.metadata_h2d_bytes,3145760
03-partial-auto-kv,repetitions[0].diagnostics.unique_demands,96832
03-partial-auto-kv,repetitions[0].diagnostics.resident_hits,59172
03-partial-auto-kv,repetitions[0].diagnostics.timing.route_d2h_s,1.3015548749826849
03-partial-auto-kv,repetitions[0].diagnostics.timing.policy_cpu_s,0.19728843728080392
03-partial-auto-kv,repetitions[0].diagnostics.timing.host_reuse_wait_s,0.007114677224308252
03-partial-auto-kv,repetitions[0].diagnostics.timing.host_gather_s,11.202700351830572
03-partial-auto-kv,repetitions[0].diagnostics.timing.h2d_enqueue_s,0.06696270825341344
03-partial-auto-kv,repetitions[0].diagnostics.timing.compute_enqueue_s,0.654743033926934
03-partial-auto-kv,repetitions[0].diagnostics.timing.cuda_sample_count,52
03-partial-auto-kv,repetitions[0].diagnostics.timing.load_cuda_s,0.049082208683714275
03-partial-auto-kv,repetitions[0].diagnostics.timing.compute_cuda_s,0.021936191886663438
03-partial-auto-kv,repetitions[0].diagnostics.timing.promotion_cuda_s,0.0004241279989946634
03-partial-auto-kv,repetitions[0].diagnostics.policy.observations,1536
03-partial-auto-kv,repetitions[0].diagnostics.policy.unique_demands,96832
03-partial-auto-kv,repetitions[0].diagnostics.policy.completed_forwards,32
03-partial-auto-kv,repetitions[0].diagnostics.policy.decay_events,0
03-partial-auto-kv,repetitions[0].diagnostics.policy.cache_hits,1128
03-partial-auto-kv,repetitions[0].diagnostics.policy.cache_misses,36532
03-partial-auto-kv,repetitions[0].diagnostics.policy.admissions,4
03-partial-auto-kv,repetitions[0].diagnostics.policy.evictions,4
03-partial-auto-kv,repetitions[0].diagnostics.policy.cache_bypasses,36528
03-partial-auto-kv,repetitions[0].diagnostics.policy.reconfigurations,0
03-partial-auto-kv,repetitions[0].diagnostics.policy.cache_hit_ratio,0.0299522039298991
03-partial-auto-kv,repetitions[0].diagnostics.per_rank[0].h2d_bytes,14364966912
03-partial-auto-kv,repetitions[0].diagnostics.per_rank[0].copy_launches,320
03-partial-auto-kv,repetitions[0].diagnostics.per_rank[0].startup_resident_h2d_bytes,0
03-partial-auto-kv,repetitions[0].diagnostics.per_rank[0].promotion_d2d_bytes,1572864
03-partial-auto-kv,repetitions[0].diagnostics.per_rank[0].metadata_h2d_bytes,786440
03-partial-auto-kv,repetitions[0].diagnostics.per_rank[0].unique_demands,24208
03-partial-auto-kv,repetitions[0].diagnostics.per_rank[0].resident_hits,14793
03-partial-auto-kv,repetitions[0].diagnostics.per_rank[0].timing.route_d2h_s,0.35365490103140473
03-partial-auto-kv,repetitions[0].diagnostics.per_rank[0].timing.policy_cpu_s,0.04977601859718561
03-partial-auto-kv,repetitions[0].diagnostics.per_rank[0].timing.host_reuse_wait_s,0.0017940904945135117
03-partial-auto-kv,repetitions[0].diagnostics.per_rank[0].timing.host_gather_s,2.7828120798803866
03-partial-auto-kv,repetitions[0].diagnostics.per_rank[0].timing.h2d_enqueue_s,0.015946011524647474
03-partial-auto-kv,repetitions[0].diagnostics.per_rank[0].timing.compute_enqueue_s,0.16168485675007105
03-partial-auto-kv,repetitions[0].diagnostics.per_rank[0].timing.cuda_sample_count,13
03-partial-auto-kv,repetitions[0].diagnostics.per_rank[0].timing.load_cuda_s,0.01212441634014249
03-partial-auto-kv,repetitions[0].diagnostics.per_rank[0].timing.compute_cuda_s,0.005498207956552506
03-partial-auto-kv,repetitions[0].diagnostics.per_rank[0].timing.promotion_cuda_s,0.00010287999967113139
03-partial-auto-kv,repetitions[0].diagnostics.per_rank[0].policy.observations,384
03-partial-auto-kv,repetitions[0].diagnostics.per_rank[0].policy.unique_demands,24208
03-partial-auto-kv,repetitions[0].diagnostics.per_rank[0].policy.completed_forwards,8
03-partial-auto-kv,repetitions[0].diagnostics.per_rank[0].policy.decay_events,0
03-partial-auto-kv,repetitions[0].diagnostics.per_rank[0].policy.cache_hits,282
03-partial-auto-kv,repetitions[0].diagnostics.per_rank[0].policy.cache_misses,9133
03-partial-auto-kv,repetitions[0].diagnostics.per_rank[0].policy.admissions,1
03-partial-auto-kv,repetitions[0].diagnostics.per_rank[0].policy.evictions,1
03-partial-auto-kv,repetitions[0].diagnostics.per_rank[0].policy.cache_bypasses,9132
03-partial-auto-kv,repetitions[0].diagnostics.per_rank[0].policy.reconfigurations,0
03-partial-auto-kv,repetitions[0].diagnostics.per_rank[0].policy.cache_hit_ratio,0.0299522039298991
03-partial-auto-kv,repetitions[0].diagnostics.per_rank[0].rank,0
03-partial-auto-kv,repetitions[0].diagnostics.per_rank[0].forward_counts[0],8
03-partial-auto-kv,repetitions[0].diagnostics.per_rank[0].forward_counts[1],8
03-partial-auto-kv,repetitions[0].diagnostics.per_rank[0].forward_counts[2],8
03-partial-auto-kv,repetitions[0].diagnostics.per_rank[0].forward_counts[3],8
03-partial-auto-kv,repetitions[0].diagnostics.per_rank[0].forward_counts[4],8
03-partial-auto-kv,repetitions[0].diagnostics.per_rank[0].forward_counts[5],8
03-partial-auto-kv,repetitions[0].diagnostics.per_rank[0].forward_counts[6],8
03-partial-auto-kv,repetitions[0].diagnostics.per_rank[0].forward_counts[7],8
03-partial-auto-kv,repetitions[0].diagnostics.per_rank[0].forward_counts[8],8
03-partial-auto-kv,repetitions[0].diagnostics.per_rank[0].forward_counts[9],8
03-partial-auto-kv,repetitions[0].diagnostics.per_rank[0].forward_counts[10],8
03-partial-auto-kv,repetitions[0].diagnostics.per_rank[0].forward_counts[11],8
03-partial-auto-kv,repetitions[0].diagnostics.per_rank[0].forward_counts[12],8
03-partial-auto-kv,repetitions[0].diagnostics.per_rank[0].forward_counts[13],8
03-partial-auto-kv,repetitions[0].diagnostics.per_rank[0].forward_counts[14],8
03-partial-auto-kv,repetitions[0].diagnostics.per_rank[0].forward_counts[15],8
03-partial-auto-kv,repetitions[0].diagnostics.per_rank[0].forward_counts[16],8
03-partial-auto-kv,repetitions[0].diagnostics.per_rank[0].forward_counts[17],8
03-partial-auto-kv,repetitions[0].diagnostics.per_rank[0].forward_counts[18],8
03-partial-auto-kv,repetitions[0].diagnostics.per_rank[0].forward_counts[19],8
03-partial-auto-kv,repetitions[0].diagnostics.per_rank[0].forward_counts[20],8
03-partial-auto-kv,repetitions[0].diagnostics.per_rank[0].forward_counts[21],8
03-partial-auto-kv,repetitions[0].diagnostics.per_rank[0].forward_counts[22],8
03-partial-auto-kv,repetitions[0].diagnostics.per_rank[0].forward_counts[23],8
03-partial-auto-kv,repetitions[0].diagnostics.per_rank[0].forward_counts[24],8
03-partial-auto-kv,repetitions[0].diagnostics.per_rank[0].forward_counts[25],8
03-partial-auto-kv,repetitions[0].diagnostics.per_rank[0].forward_counts[26],8
03-partial-auto-kv,repetitions[0].diagnostics.per_rank[0].forward_counts[27],8
03-partial-auto-kv,repetitions[0].diagnostics.per_rank[0].forward_counts[28],8
03-partial-auto-kv,repetitions[0].diagnostics.per_rank[0].forward_counts[29],8
03-partial-auto-kv,repetitions[0].diagnostics.per_rank[0].forward_counts[30],8
03-partial-auto-kv,repetitions[0].diagnostics.per_rank[0].forward_counts[31],8
03-partial-auto-kv,repetitions[0].diagnostics.per_rank[0].forward_counts[32],8
03-partial-auto-kv,repetitions[0].diagnostics.per_rank[0].forward_counts[33],8
03-partial-auto-kv,repetitions[0].diagnostics.per_rank[0].forward_counts[34],8
03-partial-auto-kv,repetitions[0].diagnostics.per_rank[0].forward_counts[35],8
03-partial-auto-kv,repetitions[0].diagnostics.per_rank[0].forward_counts[36],8
03-partial-auto-kv,repetitions[0].diagnostics.per_rank[0].forward_counts[37],8
03-partial-auto-kv,repetitions[0].diagnostics.per_rank[0].forward_counts[38],8
03-partial-auto-kv,repetitions[0].diagnostics.per_rank[0].forward_counts[39],8
03-partial-auto-kv,repetitions[0].diagnostics.per_rank[0].forward_counts[40],8
03-partial-auto-kv,repetitions[0].diagnostics.per_rank[0].forward_counts[41],8
03-partial-auto-kv,repetitions[0].diagnostics.per_rank[0].forward_counts[42],8
03-partial-auto-kv,repetitions[0].diagnostics.per_rank[0].forward_counts[43],8
03-partial-auto-kv,repetitions[0].diagnostics.per_rank[0].forward_counts[44],8
03-partial-auto-kv,repetitions[0].diagnostics.per_rank[0].forward_counts[45],8
03-partial-auto-kv,repetitions[0].diagnostics.per_rank[0].forward_counts[46],8
03-partial-auto-kv,repetitions[0].diagnostics.per_rank[0].forward_counts[47],8
03-partial-auto-kv,repetitions[0].diagnostics.per_rank[0].per_layer_unique_demands[0],568
03-partial-auto-kv,repetitions[0].diagnostics.per_rank[0].per_layer_unique_demands[1],505
03-partial-auto-kv,repetitions[0].diagnostics.per_rank[0].per_layer_unique_demands[2],578
03-partial-auto-kv,repetitions[0].diagnostics.per_rank[0].per_layer_unique_demands[3],491
03-partial-auto-kv,repetitions[0].diagnostics.per_rank[0].per_layer_unique_demands[4],486
03-partial-auto-kv,repetitions[0].diagnostics.per_rank[0].per_layer_unique_demands[5],531
03-partial-auto-kv,repetitions[0].diagnostics.per_rank[0].per_layer_unique_demands[6],560
03-partial-auto-kv,repetitions[0].diagnostics.per_rank[0].per_layer_unique_demands[7],553
03-partial-auto-kv,repetitions[0].diagnostics.per_rank[0].per_layer_unique_demands[8],518
03-partial-auto-kv,repetitions[0].diagnostics.per_rank[0].per_layer_unique_demands[9],458
03-partial-auto-kv,repetitions[0].diagnostics.per_rank[0].per_layer_unique_demands[10],472
03-partial-auto-kv,repetitions[0].diagnostics.per_rank[0].per_layer_unique_demands[11],487
03-partial-auto-kv,repetitions[0].diagnostics.per_rank[0].per_layer_unique_demands[12],437
03-partial-auto-kv,repetitions[0].diagnostics.per_rank[0].per_layer_unique_demands[13],458
03-partial-auto-kv,repetitions[0].diagnostics.per_rank[0].per_layer_unique_demands[14],498
03-partial-auto-kv,repetitions[0].diagnostics.per_rank[0].per_layer_unique_demands[15],527
03-partial-auto-kv,repetitions[0].diagnostics.per_rank[0].per_layer_unique_demands[16],497
03-partial-auto-kv,repetitions[0].diagnostics.per_rank[0].per_layer_unique_demands[17],529
03-partial-auto-kv,repetitions[0].diagnostics.per_rank[0].per_layer_unique_demands[18],564
03-partial-auto-kv,repetitions[0].diagnostics.per_rank[0].per_layer_unique_demands[19],558
03-partial-auto-kv,repetitions[0].diagnostics.per_rank[0].per_layer_unique_demands[20],512
03-partial-auto-kv,repetitions[0].diagnostics.per_rank[0].per_layer_unique_demands[21],454
03-partial-auto-kv,repetitions[0].diagnostics.per_rank[0].per_layer_unique_demands[22],481
03-partial-auto-kv,repetitions[0].diagnostics.per_rank[0].per_layer_unique_demands[23],494
03-partial-auto-kv,repetitions[0].diagnostics.per_rank[0].per_layer_unique_demands[24],461
03-partial-auto-kv,repetitions[0].diagnostics.per_rank[0].per_layer_unique_demands[25],473
03-partial-auto-kv,repetitions[0].diagnostics.per_rank[0].per_layer_unique_demands[26],513
03-partial-auto-kv,repetitions[0].diagnostics.per_rank[0].per_layer_unique_demands[27],543
03-partial-auto-kv,repetitions[0].diagnostics.per_rank[0].per_layer_unique_demands[28],515
03-partial-auto-kv,repetitions[0].diagnostics.per_rank[0].per_layer_unique_demands[29],540
03-partial-auto-kv,repetitions[0].diagnostics.per_rank[0].per_layer_unique_demands[30],559
03-partial-auto-kv,repetitions[0].diagnostics.per_rank[0].per_layer_unique_demands[31],558
03-partial-auto-kv,repetitions[0].diagnostics.per_rank[0].per_layer_unique_demands[32],527
03-partial-auto-kv,repetitions[0].diagnostics.per_rank[0].per_layer_unique_demands[33],460
03-partial-auto-kv,repetitions[0].diagnostics.per_rank[0].per_layer_unique_demands[34],481
03-partial-auto-kv,repetitions[0].diagnostics.per_rank[0].per_layer_unique_demands[35],503
03-partial-auto-kv,repetitions[0].diagnostics.per_rank[0].per_layer_unique_demands[36],470
03-partial-auto-kv,repetitions[0].diagnostics.per_rank[0].per_layer_unique_demands[37],479
03-partial-auto-kv,repetitions[0].diagnostics.per_rank[0].per_layer_unique_demands[38],512
03-partial-auto-kv,repetitions[0].diagnostics.per_rank[0].per_layer_unique_demands[39],522
03-partial-auto-kv,repetitions[0].diagnostics.per_rank[0].per_layer_unique_demands[40],527
03-partial-auto-kv,repetitions[0].diagnostics.per_rank[0].per_layer_unique_demands[41],512
03-partial-auto-kv,repetitions[0].diagnostics.per_rank[0].per_layer_unique_demands[42],481
03-partial-auto-kv,repetitions[0].diagnostics.per_rank[0].per_layer_unique_demands[43],480
03-partial-auto-kv,repetitions[0].diagnostics.per_rank[0].per_layer_unique_demands[44],467
03-partial-auto-kv,repetitions[0].diagnostics.per_rank[0].per_layer_unique_demands[45],455
03-partial-auto-kv,repetitions[0].diagnostics.per_rank[0].per_layer_unique_demands[46],465
03-partial-auto-kv,repetitions[0].diagnostics.per_rank[0].per_layer_unique_demands[47],489
03-partial-auto-kv,repetitions[0].diagnostics.per_rank[0].per_layer_mean_unique_coverage[0],0.138671875
03-partial-auto-kv,repetitions[0].diagnostics.per_rank[0].per_layer_mean_unique_coverage[1],0.123291015625
03-partial-auto-kv,repetitions[0].diagnostics.per_rank[0].per_layer_mean_unique_coverage[2],0.14111328125
03-partial-auto-kv,repetitions[0].diagnostics.per_rank[0].per_layer_mean_unique_coverage[3],0.119873046875
03-partial-auto-kv,repetitions[0].diagnostics.per_rank[0].per_layer_mean_unique_coverage[4],0.11865234375
03-partial-auto-kv,repetitions[0].diagnostics.per_rank[0].per_layer_mean_unique_coverage[5],0.129638671875
03-partial-auto-kv,repetitions[0].diagnostics.per_rank[0].per_layer_mean_unique_coverage[6],0.13671875
03-partial-auto-kv,repetitions[0].diagnostics.per_rank[0].per_layer_mean_unique_coverage[7],0.135009765625
03-partial-auto-kv,repetitions[0].diagnostics.per_rank[0].per_layer_mean_unique_coverage[8],0.12646484375
03-partial-auto-kv,repetitions[0].diagnostics.per_rank[0].per_layer_mean_unique_coverage[9],0.11181640625
03-partial-auto-kv,repetitions[0].diagnostics.per_rank[0].per_layer_mean_unique_coverage[10],0.115234375
03-partial-auto-kv,repetitions[0].diagnostics.per_rank[0].per_layer_mean_unique_coverage[11],0.118896484375
03-partial-auto-kv,repetitions[0].diagnostics.per_rank[0].per_layer_mean_unique_coverage[12],0.106689453125
03-partial-auto-kv,repetitions[0].diagnostics.per_rank[0].per_layer_mean_unique_coverage[13],0.11181640625
03-partial-auto-kv,repetitions[0].diagnostics.per_rank[0].per_layer_mean_unique_coverage[14],0.12158203125
03-partial-auto-kv,repetitions[0].diagnostics.per_rank[0].per_layer_mean_unique_coverage[15],0.128662109375
03-partial-auto-kv,repetitions[0].diagnostics.per_rank[0].per_layer_mean_unique_coverage[16],0.121337890625
03-partial-auto-kv,repetitions[0].diagnostics.per_rank[0].per_layer_mean_unique_coverage[17],0.129150390625
03-partial-auto-kv,repetitions[0].diagnostics.per_rank[0].per_layer_mean_unique_coverage[18],0.1376953125
03-partial-auto-kv,repetitions[0].diagnostics.per_rank[0].per_layer_mean_unique_coverage[19],0.13623046875
03-partial-auto-kv,repetitions[0].diagnostics.per_rank[0].per_layer_mean_unique_coverage[20],0.125
03-partial-auto-kv,repetitions[0].diagnostics.per_rank[0].per_layer_mean_unique_coverage[21],0.11083984375
03-partial-auto-kv,repetitions[0].diagnostics.per_rank[0].per_layer_mean_unique_coverage[22],0.117431640625
03-partial-auto-kv,repetitions[0].diagnostics.per_rank[0].per_layer_mean_unique_coverage[23],0.12060546875
03-partial-auto-kv,repetitions[0].diagnostics.per_rank[0].per_layer_mean_unique_coverage[24],0.112548828125
03-partial-auto-kv,repetitions[0].diagnostics.per_rank[0].per_layer_mean_unique_coverage[25],0.115478515625
03-partial-auto-kv,repetitions[0].diagnostics.per_rank[0].per_layer_mean_unique_coverage[26],0.125244140625
03-partial-auto-kv,repetitions[0].diagnostics.per_rank[0].per_layer_mean_unique_coverage[27],0.132568359375
03-partial-auto-kv,repetitions[0].diagnostics.per_rank[0].per_layer_mean_unique_coverage[28],0.125732421875
03-partial-auto-kv,repetitions[0].diagnostics.per_rank[0].per_layer_mean_unique_coverage[29],0.1318359375
03-partial-auto-kv,repetitions[0].diagnostics.per_rank[0].per_layer_mean_unique_coverage[30],0.136474609375
03-partial-auto-kv,repetitions[0].diagnostics.per_rank[0].per_layer_mean_unique_coverage[31],0.13623046875
03-partial-auto-kv,repetitions[0].diagnostics.per_rank[0].per_layer_mean_unique_coverage[32],0.128662109375
03-partial-auto-kv,repetitions[0].diagnostics.per_rank[0].per_layer_mean_unique_coverage[33],0.1123046875
03-partial-auto-kv,repetitions[0].diagnostics.per_rank[0].per_layer_mean_unique_coverage[34],0.117431640625
03-partial-auto-kv,repetitions[0].diagnostics.per_rank[0].per_layer_mean_unique_coverage[35],0.122802734375
03-partial-auto-kv,repetitions[0].diagnostics.per_rank[0].per_layer_mean_unique_coverage[36],0.11474609375
03-partial-auto-kv,repetitions[0].diagnostics.per_rank[0].per_layer_mean_unique_coverage[37],0.116943359375
03-partial-auto-kv,repetitions[0].diagnostics.per_rank[0].per_layer_mean_unique_coverage[38],0.125
03-partial-auto-kv,repetitions[0].diagnostics.per_rank[0].per_layer_mean_unique_coverage[39],0.12744140625
03-partial-auto-kv,repetitions[0].diagnostics.per_rank[0].per_layer_mean_unique_coverage[40],0.128662109375
03-partial-auto-kv,repetitions[0].diagnostics.per_rank[0].per_layer_mean_unique_coverage[41],0.125
03-partial-auto-kv,repetitions[0].diagnostics.per_rank[0].per_layer_mean_unique_coverage[42],0.117431640625
03-partial-auto-kv,repetitions[0].diagnostics.per_rank[0].per_layer_mean_unique_coverage[43],0.1171875
03-partial-auto-kv,repetitions[0].diagnostics.per_rank[0].per_layer_mean_unique_coverage[44],0.114013671875
03-partial-auto-kv,repetitions[0].diagnostics.per_rank[0].per_layer_mean_unique_coverage[45],0.111083984375
03-partial-auto-kv,repetitions[0].diagnostics.per_rank[0].per_layer_mean_unique_coverage[46],0.113525390625
03-partial-auto-kv,repetitions[0].diagnostics.per_rank[0].per_layer_mean_unique_coverage[47],0.119384765625
03-partial-auto-kv,repetitions[0].diagnostics.per_rank[0].gauge_snapshot.max_unique_per_forward,509
03-partial-auto-kv,repetitions[0].diagnostics.per_rank[0].gauge_snapshot.mean_unique_coverage,0.10678796600877193
03-partial-auto-kv,repetitions[0].diagnostics.per_rank[0].gauge_snapshot.per_layer_max_unique_per_forward[0],498
03-partial-auto-kv,repetitions[0].diagnostics.per_rank[0].gauge_snapshot.per_layer_max_unique_per_forward[1],435
03-partial-auto-kv,repetitions[0].diagnostics.per_rank[0].gauge_snapshot.per_layer_max_unique_per_forward[2],509
03-partial-auto-kv,repetitions[0].diagnostics.per_rank[0].gauge_snapshot.per_layer_max_unique_per_forward[3],423
03-partial-auto-kv,repetitions[0].diagnostics.per_rank[0].gauge_snapshot.per_layer_max_unique_per_forward[4],416
03-partial-auto-kv,repetitions[0].diagnostics.per_rank[0].gauge_snapshot.per_layer_max_unique_per_forward[5],461
03-partial-auto-kv,repetitions[0].diagnostics.per_rank[0].gauge_snapshot.per_layer_max_unique_per_forward[6],490
03-partial-auto-kv,repetitions[0].diagnostics.per_rank[0].gauge_snapshot.per_layer_max_unique_per_forward[7],483
03-partial-auto-kv,repetitions[0].diagnostics.per_rank[0].gauge_snapshot.per_layer_max_unique_per_forward[8],448
03-partial-auto-kv,repetitions[0].diagnostics.per_rank[0].gauge_snapshot.per_layer_max_unique_per_forward[9],388
03-partial-auto-kv,repetitions[0].diagnostics.per_rank[0].gauge_snapshot.per_layer_max_unique_per_forward[10],402
03-partial-auto-kv,repetitions[0].diagnostics.per_rank[0].gauge_snapshot.per_layer_max_unique_per_forward[11],417
03-partial-auto-kv,repetitions[0].diagnostics.per_rank[0].gauge_snapshot.per_layer_max_unique_per_forward[12],367
03-partial-auto-kv,repetitions[0].diagnostics.per_rank[0].gauge_snapshot.per_layer_max_unique_per_forward[13],388
03-partial-auto-kv,repetitions[0].diagnostics.per_rank[0].gauge_snapshot.per_layer_max_unique_per_forward[14],428
03-partial-auto-kv,repetitions[0].diagnostics.per_rank[0].gauge_snapshot.per_layer_max_unique_per_forward[15],457
03-partial-auto-kv,repetitions[0].diagnostics.per_rank[0].gauge_snapshot.per_layer_max_unique_per_forward[16],427
03-partial-auto-kv,repetitions[0].diagnostics.per_rank[0].gauge_snapshot.per_layer_max_unique_per_forward[17],461
03-partial-auto-kv,repetitions[0].diagnostics.per_rank[0].gauge_snapshot.per_layer_max_unique_per_forward[18],494
03-partial-auto-kv,repetitions[0].diagnostics.per_rank[0].gauge_snapshot.per_layer_max_unique_per_forward[19],488
03-partial-auto-kv,repetitions[0].diagnostics.per_rank[0].gauge_snapshot.per_layer_max_unique_per_forward[20],443
03-partial-auto-kv,repetitions[0].diagnostics.per_rank[0].gauge_snapshot.per_layer_max_unique_per_forward[21],385
03-partial-auto-kv,repetitions[0].diagnostics.per_rank[0].gauge_snapshot.per_layer_max_unique_per_forward[22],413
03-partial-auto-kv,repetitions[0].diagnostics.per_rank[0].gauge_snapshot.per_layer_max_unique_per_forward[23],426
03-partial-auto-kv,repetitions[0].diagnostics.per_rank[0].gauge_snapshot.per_layer_max_unique_per_forward[24],391
03-partial-auto-kv,repetitions[0].diagnostics.per_rank[0].gauge_snapshot.per_layer_max_unique_per_forward[25],404
03-partial-auto-kv,repetitions[0].diagnostics.per_rank[0].gauge_snapshot.per_layer_max_unique_per_forward[26],443
03-partial-auto-kv,repetitions[0].diagnostics.per_rank[0].gauge_snapshot.per_layer_max_unique_per_forward[27],474
03-partial-auto-kv,repetitions[0].diagnostics.per_rank[0].gauge_snapshot.per_layer_max_unique_per_forward[28],445
03-partial-auto-kv,repetitions[0].diagnostics.per_rank[0].gauge_snapshot.per_layer_max_unique_per_forward[29],470
03-partial-auto-kv,repetitions[0].diagnostics.per_rank[0].gauge_snapshot.per_layer_max_unique_per_forward[30],489
03-partial-auto-kv,repetitions[0].diagnostics.per_rank[0].gauge_snapshot.per_layer_max_unique_per_forward[31],488
03-partial-auto-kv,repetitions[0].diagnostics.per_rank[0].gauge_snapshot.per_layer_max_unique_per_forward[32],457
03-partial-auto-kv,repetitions[0].diagnostics.per_rank[0].gauge_snapshot.per_layer_max_unique_per_forward[33],390
03-partial-auto-kv,repetitions[0].diagnostics.per_rank[0].gauge_snapshot.per_layer_max_unique_per_forward[34],415
03-partial-auto-kv,repetitions[0].diagnostics.per_rank[0].gauge_snapshot.per_layer_max_unique_per_forward[35],433
03-partial-auto-kv,repetitions[0].diagnostics.per_rank[0].gauge_snapshot.per_layer_max_unique_per_forward[36],400
03-partial-auto-kv,repetitions[0].diagnostics.per_rank[0].gauge_snapshot.per_layer_max_unique_per_forward[37],409
03-partial-auto-kv,repetitions[0].diagnostics.per_rank[0].gauge_snapshot.per_layer_max_unique_per_forward[38],442
03-partial-auto-kv,repetitions[0].diagnostics.per_rank[0].gauge_snapshot.per_layer_max_unique_per_forward[39],456
03-partial-auto-kv,repetitions[0].diagnostics.per_rank[0].gauge_snapshot.per_layer_max_unique_per_forward[40],457
03-partial-auto-kv,repetitions[0].diagnostics.per_rank[0].gauge_snapshot.per_layer_max_unique_per_forward[41],442
03-partial-auto-kv,repetitions[0].diagnostics.per_rank[0].gauge_snapshot.per_layer_max_unique_per_forward[42],412
03-partial-auto-kv,repetitions[0].diagnostics.per_rank[0].gauge_snapshot.per_layer_max_unique_per_forward[43],415
03-partial-auto-kv,repetitions[0].diagnostics.per_rank[0].gauge_snapshot.per_layer_max_unique_per_forward[44],397
03-partial-auto-kv,repetitions[0].diagnostics.per_rank[0].gauge_snapshot.per_layer_max_unique_per_forward[45],388
03-partial-auto-kv,repetitions[0].diagnostics.per_rank[0].gauge_snapshot.per_layer_max_unique_per_forward[46],395
03-partial-auto-kv,repetitions[0].diagnostics.per_rank[0].gauge_snapshot.per_layer_max_unique_per_forward[47],425
03-partial-auto-kv,repetitions[0].diagnostics.per_rank[0].policy_snapshot.resident_experts,12288
03-partial-auto-kv,repetitions[0].diagnostics.per_rank[0].policy_snapshot.cache_slots,256
03-partial-auto-kv,repetitions[0].diagnostics.per_rank[0].policy_snapshot.cache_entries,256
03-partial-auto-kv,repetitions[0].diagnostics.per_rank[0].policy_snapshot.cache_hit_ratio,0.018540826480909232
03-partial-auto-kv,repetitions[0].diagnostics.per_rank[0].kernel_config_records.capacity,64
03-partial-auto-kv,repetitions[0].diagnostics.per_rank[0].kernel_config_records.unrecorded_selections,0
03-partial-auto-kv,repetitions[0].diagnostics.per_rank[0].kernel_config_records.records[0].chunk_tokens,8192
03-partial-auto-kv,repetitions[0].diagnostics.per_rank[0].kernel_config_records.records[0].top_k,10
03-partial-auto-kv,repetitions[0].diagnostics.per_rank[0].kernel_config_records.records[0].selections,96
03-partial-auto-kv,repetitions[0].diagnostics.per_rank[0].kernel_config_records.records[0].w13_shape[0],512
03-partial-auto-kv,repetitions[0].diagnostics.per_rank[0].kernel_config_records.records[0].w13_shape[1],256
03-partial-auto-kv,repetitions[0].diagnostics.per_rank[0].kernel_config_records.records[0].w13_shape[2],2048
03-partial-auto-kv,repetitions[0].diagnostics.per_rank[0].kernel_config_records.records[0].w2_shape[0],512
03-partial-auto-kv,repetitions[0].diagnostics.per_rank[0].kernel_config_records.records[0].w2_shape[1],2048
03-partial-auto-kv,repetitions[0].diagnostics.per_rank[0].kernel_config_records.records[0].w2_shape[2],128
03-partial-auto-kv,repetitions[0].diagnostics.per_rank[0].kernel_config_records.records[0].config.BLOCK_SIZE_K,64
03-partial-auto-kv,repetitions[0].diagnostics.per_rank[0].kernel_config_records.records[0].config.BLOCK_SIZE_M,128
03-partial-auto-kv,repetitions[0].diagnostics.per_rank[0].kernel_config_records.records[0].config.BLOCK_SIZE_N,128
03-partial-auto-kv,repetitions[0].diagnostics.per_rank[0].kernel_config_records.records[0].config.GROUP_SIZE_M,64
03-partial-auto-kv,repetitions[0].diagnostics.per_rank[0].kernel_config_records.records[0].config.num_stages,3
03-partial-auto-kv,repetitions[0].diagnostics.per_rank[0].kernel_config_records.records[0].config.num_warps,8
03-partial-auto-kv,repetitions[0].diagnostics.per_rank[0].kernel_config_records.records[1].chunk_tokens,1
03-partial-auto-kv,repetitions[0].diagnostics.per_rank[0].kernel_config_records.records[1].top_k,10
03-partial-auto-kv,repetitions[0].diagnostics.per_rank[0].kernel_config_records.records[1].selections,720
03-partial-auto-kv,repetitions[0].diagnostics.per_rank[0].kernel_config_records.records[1].w13_shape[0],512
03-partial-auto-kv,repetitions[0].diagnostics.per_rank[0].kernel_config_records.records[1].w13_shape[1],256
03-partial-auto-kv,repetitions[0].diagnostics.per_rank[0].kernel_config_records.records[1].w13_shape[2],2048
03-partial-auto-kv,repetitions[0].diagnostics.per_rank[0].kernel_config_records.records[1].w2_shape[0],512
03-partial-auto-kv,repetitions[0].diagnostics.per_rank[0].kernel_config_records.records[1].w2_shape[1],2048
03-partial-auto-kv,repetitions[0].diagnostics.per_rank[0].kernel_config_records.records[1].w2_shape[2],128
03-partial-auto-kv,repetitions[0].diagnostics.per_rank[0].kernel_config_records.records[1].config.BLOCK_SIZE_K,64
03-partial-auto-kv,repetitions[0].diagnostics.per_rank[0].kernel_config_records.records[1].config.BLOCK_SIZE_M,16
03-partial-auto-kv,repetitions[0].diagnostics.per_rank[0].kernel_config_records.records[1].config.BLOCK_SIZE_N,32
03-partial-auto-kv,repetitions[0].diagnostics.per_rank[0].kernel_config_records.records[1].config.GROUP_SIZE_M,1
03-partial-auto-kv,repetitions[0].diagnostics.per_rank[0].kernel_config_records.records[1].config.num_stages,4
03-partial-auto-kv,repetitions[0].diagnostics.per_rank[0].kernel_config_records.records[1].config.num_warps,4
03-partial-auto-kv,repetitions[0].diagnostics.per_rank[0].kernel_config_records.records[2].chunk_tokens,4096
03-partial-auto-kv,repetitions[0].diagnostics.per_rank[0].kernel_config_records.records[2].top_k,10
03-partial-auto-kv,repetitions[0].diagnostics.per_rank[0].kernel_config_records.records[2].selections,96
03-partial-auto-kv,repetitions[0].diagnostics.per_rank[0].kernel_config_records.records[2].w13_shape[0],512
03-partial-auto-kv,repetitions[0].diagnostics.per_rank[0].kernel_config_records.records[2].w13_shape[1],256
03-partial-auto-kv,repetitions[0].diagnostics.per_rank[0].kernel_config_records.records[2].w13_shape[2],2048
03-partial-auto-kv,repetitions[0].diagnostics.per_rank[0].kernel_config_records.records[2].w2_shape[0],512
03-partial-auto-kv,repetitions[0].diagnostics.per_rank[0].kernel_config_records.records[2].w2_shape[1],2048
03-partial-auto-kv,repetitions[0].diagnostics.per_rank[0].kernel_config_records.records[2].w2_shape[2],128
03-partial-auto-kv,repetitions[0].diagnostics.per_rank[0].kernel_config_records.records[2].config.BLOCK_SIZE_K,64
03-partial-auto-kv,repetitions[0].diagnostics.per_rank[0].kernel_config_records.records[2].config.BLOCK_SIZE_M,128
03-partial-auto-kv,repetitions[0].diagnostics.per_rank[0].kernel_config_records.records[2].config.BLOCK_SIZE_N,128
03-partial-auto-kv,repetitions[0].diagnostics.per_rank[0].kernel_config_records.records[2].config.GROUP_SIZE_M,64
03-partial-auto-kv,repetitions[0].diagnostics.per_rank[0].kernel_config_records.records[2].config.num_stages,3
03-partial-auto-kv,repetitions[0].diagnostics.per_rank[0].kernel_config_records.records[2].config.num_warps,8
03-partial-auto-kv,repetitions[0].diagnostics.per_rank[1].h2d_bytes,14364966912
03-partial-auto-kv,repetitions[0].diagnostics.per_rank[1].copy_launches,320
03-partial-auto-kv,repetitions[0].diagnostics.per_rank[1].startup_resident_h2d_bytes,0
03-partial-auto-kv,repetitions[0].diagnostics.per_rank[1].promotion_d2d_bytes,1572864
03-partial-auto-kv,repetitions[0].diagnostics.per_rank[1].metadata_h2d_bytes,786440
03-partial-auto-kv,repetitions[0].diagnostics.per_rank[1].unique_demands,24208
03-partial-auto-kv,repetitions[0].diagnostics.per_rank[1].resident_hits,14793
03-partial-auto-kv,repetitions[0].diagnostics.per_rank[1].timing.route_d2h_s,0.375556712038815
03-partial-auto-kv,repetitions[0].diagnostics.per_rank[1].timing.policy_cpu_s,0.050129438284784555
03-partial-auto-kv,repetitions[0].diagnostics.per_rank[1].timing.host_reuse_wait_s,0.0017993533983826637
03-partial-auto-kv,repetitions[0].diagnostics.per_rank[1].timing.host_gather_s,2.5279341312125325
03-partial-auto-kv,repetitions[0].diagnostics.per_rank[1].timing.h2d_enqueue_s,0.017999584786593914
03-partial-auto-kv,repetitions[0].diagnostics.per_rank[1].timing.compute_enqueue_s,0.16796058416366577
03-partial-auto-kv,repetitions[0].diagnostics.per_rank[1].timing.cuda_sample_count,13
03-partial-auto-kv,repetitions[0].diagnostics.per_rank[1].timing.load_cuda_s,0.012521472077816724
03-partial-auto-kv,repetitions[0].diagnostics.per_rank[1].timing.compute_cuda_s,0.005468960016965866
03-partial-auto-kv,repetitions[0].diagnostics.per_rank[1].timing.promotion_cuda_s,0.00011219199979677798
03-partial-auto-kv,repetitions[0].diagnostics.per_rank[1].policy.observations,384
03-partial-auto-kv,repetitions[0].diagnostics.per_rank[1].policy.unique_demands,24208
03-partial-auto-kv,repetitions[0].diagnostics.per_rank[1].policy.completed_forwards,8
03-partial-auto-kv,repetitions[0].diagnostics.per_rank[1].policy.decay_events,0
03-partial-auto-kv,repetitions[0].diagnostics.per_rank[1].policy.cache_hits,282
03-partial-auto-kv,repetitions[0].diagnostics.per_rank[1].policy.cache_misses,9133
03-partial-auto-kv,repetitions[0].diagnostics.per_rank[1].policy.admissions,1
03-partial-auto-kv,repetitions[0].diagnostics.per_rank[1].policy.evictions,1
03-partial-auto-kv,repetitions[0].diagnostics.per_rank[1].policy.cache_bypasses,9132
03-partial-auto-kv,repetitions[0].diagnostics.per_rank[1].policy.reconfigurations,0
03-partial-auto-kv,repetitions[0].diagnostics.per_rank[1].policy.cache_hit_ratio,0.0299522039298991
03-partial-auto-kv,repetitions[0].diagnostics.per_rank[1].rank,1
03-partial-auto-kv,repetitions[0].diagnostics.per_rank[1].forward_counts[0],8
03-partial-auto-kv,repetitions[0].diagnostics.per_rank[1].forward_counts[1],8
03-partial-auto-kv,repetitions[0].diagnostics.per_rank[1].forward_counts[2],8
03-partial-auto-kv,repetitions[0].diagnostics.per_rank[1].forward_counts[3],8
03-partial-auto-kv,repetitions[0].diagnostics.per_rank[1].forward_counts[4],8
03-partial-auto-kv,repetitions[0].diagnostics.per_rank[1].forward_counts[5],8
03-partial-auto-kv,repetitions[0].diagnostics.per_rank[1].forward_counts[6],8
03-partial-auto-kv,repetitions[0].diagnostics.per_rank[1].forward_counts[7],8
03-partial-auto-kv,repetitions[0].diagnostics.per_rank[1].forward_counts[8],8
03-partial-auto-kv,repetitions[0].diagnostics.per_rank[1].forward_counts[9],8
03-partial-auto-kv,repetitions[0].diagnostics.per_rank[1].forward_counts[10],8
03-partial-auto-kv,repetitions[0].diagnostics.per_rank[1].forward_counts[11],8
03-partial-auto-kv,repetitions[0].diagnostics.per_rank[1].forward_counts[12],8
03-partial-auto-kv,repetitions[0].diagnostics.per_rank[1].forward_counts[13],8
03-partial-auto-kv,repetitions[0].diagnostics.per_rank[1].forward_counts[14],8
03-partial-auto-kv,repetitions[0].diagnostics.per_rank[1].forward_counts[15],8
03-partial-auto-kv,repetitions[0].diagnostics.per_rank[1].forward_counts[16],8
03-partial-auto-kv,repetitions[0].diagnostics.per_rank[1].forward_counts[17],8
03-partial-auto-kv,repetitions[0].diagnostics.per_rank[1].forward_counts[18],8
03-partial-auto-kv,repetitions[0].diagnostics.per_rank[1].forward_counts[19],8
03-partial-auto-kv,repetitions[0].diagnostics.per_rank[1].forward_counts[20],8
03-partial-auto-kv,repetitions[0].diagnostics.per_rank[1].forward_counts[21],8
03-partial-auto-kv,repetitions[0].diagnostics.per_rank[1].forward_counts[22],8
03-partial-auto-kv,repetitions[0].diagnostics.per_rank[1].forward_counts[23],8
03-partial-auto-kv,repetitions[0].diagnostics.per_rank[1].forward_counts[24],8
03-partial-auto-kv,repetitions[0].diagnostics.per_rank[1].forward_counts[25],8
03-partial-auto-kv,repetitions[0].diagnostics.per_rank[1].forward_counts[26],8
03-partial-auto-kv,repetitions[0].diagnostics.per_rank[1].forward_counts[27],8
03-partial-auto-kv,repetitions[0].diagnostics.per_rank[1].forward_counts[28],8
03-partial-auto-kv,repetitions[0].diagnostics.per_rank[1].forward_counts[29],8
03-partial-auto-kv,repetitions[0].diagnostics.per_rank[1].forward_counts[30],8
03-partial-auto-kv,repetitions[0].diagnostics.per_rank[1].forward_counts[31],8
03-partial-auto-kv,repetitions[0].diagnostics.per_rank[1].forward_counts[32],8
03-partial-auto-kv,repetitions[0].diagnostics.per_rank[1].forward_counts[33],8
03-partial-auto-kv,repetitions[0].diagnostics.per_rank[1].forward_counts[34],8
03-partial-auto-kv,repetitions[0].diagnostics.per_rank[1].forward_counts[35],8
03-partial-auto-kv,repetitions[0].diagnostics.per_rank[1].forward_counts[36],8
03-partial-auto-kv,repetitions[0].diagnostics.per_rank[1].forward_counts[37],8
03-partial-auto-kv,repetitions[0].diagnostics.per_rank[1].forward_counts[38],8
03-partial-auto-kv,repetitions[0].diagnostics.per_rank[1].forward_counts[39],8
03-partial-auto-kv,repetitions[0].diagnostics.per_rank[1].forward_counts[40],8
03-partial-auto-kv,repetitions[0].diagnostics.per_rank[1].forward_counts[41],8
03-partial-auto-kv,repetitions[0].diagnostics.per_rank[1].forward_counts[42],8
03-partial-auto-kv,repetitions[0].diagnostics.per_rank[1].forward_counts[43],8
03-partial-auto-kv,repetitions[0].diagnostics.per_rank[1].forward_counts[44],8
03-partial-auto-kv,repetitions[0].diagnostics.per_rank[1].forward_counts[45],8
03-partial-auto-kv,repetitions[0].diagnostics.per_rank[1].forward_counts[46],8
03-partial-auto-kv,repetitions[0].diagnostics.per_rank[1].forward_counts[47],8
03-partial-auto-kv,repetitions[0].diagnostics.per_rank[1].per_layer_unique_demands[0],568
03-partial-auto-kv,repetitions[0].diagnostics.per_rank[1].per_layer_unique_demands[1],505
03-partial-auto-kv,repetitions[0].diagnostics.per_rank[1].per_layer_unique_demands[2],578
03-partial-auto-kv,repetitions[0].diagnostics.per_rank[1].per_layer_unique_demands[3],491
03-partial-auto-kv,repetitions[0].diagnostics.per_rank[1].per_layer_unique_demands[4],486
03-partial-auto-kv,repetitions[0].diagnostics.per_rank[1].per_layer_unique_demands[5],531
03-partial-auto-kv,repetitions[0].diagnostics.per_rank[1].per_layer_unique_demands[6],560
03-partial-auto-kv,repetitions[0].diagnostics.per_rank[1].per_layer_unique_demands[7],553
03-partial-auto-kv,repetitions[0].diagnostics.per_rank[1].per_layer_unique_demands[8],518
03-partial-auto-kv,repetitions[0].diagnostics.per_rank[1].per_layer_unique_demands[9],458
03-partial-auto-kv,repetitions[0].diagnostics.per_rank[1].per_layer_unique_demands[10],472
03-partial-auto-kv,repetitions[0].diagnostics.per_rank[1].per_layer_unique_demands[11],487
03-partial-auto-kv,repetitions[0].diagnostics.per_rank[1].per_layer_unique_demands[12],437
03-partial-auto-kv,repetitions[0].diagnostics.per_rank[1].per_layer_unique_demands[13],458
03-partial-auto-kv,repetitions[0].diagnostics.per_rank[1].per_layer_unique_demands[14],498
03-partial-auto-kv,repetitions[0].diagnostics.per_rank[1].per_layer_unique_demands[15],527
03-partial-auto-kv,repetitions[0].diagnostics.per_rank[1].per_layer_unique_demands[16],497
03-partial-auto-kv,repetitions[0].diagnostics.per_rank[1].per_layer_unique_demands[17],529
03-partial-auto-kv,repetitions[0].diagnostics.per_rank[1].per_layer_unique_demands[18],564
03-partial-auto-kv,repetitions[0].diagnostics.per_rank[1].per_layer_unique_demands[19],558
03-partial-auto-kv,repetitions[0].diagnostics.per_rank[1].per_layer_unique_demands[20],512
03-partial-auto-kv,repetitions[0].diagnostics.per_rank[1].per_layer_unique_demands[21],454
03-partial-auto-kv,repetitions[0].diagnostics.per_rank[1].per_layer_unique_demands[22],481
03-partial-auto-kv,repetitions[0].diagnostics.per_rank[1].per_layer_unique_demands[23],494
03-partial-auto-kv,repetitions[0].diagnostics.per_rank[1].per_layer_unique_demands[24],461
03-partial-auto-kv,repetitions[0].diagnostics.per_rank[1].per_layer_unique_demands[25],473
03-partial-auto-kv,repetitions[0].diagnostics.per_rank[1].per_layer_unique_demands[26],513
03-partial-auto-kv,repetitions[0].diagnostics.per_rank[1].per_layer_unique_demands[27],543
03-partial-auto-kv,repetitions[0].diagnostics.per_rank[1].per_layer_unique_demands[28],515
03-partial-auto-kv,repetitions[0].diagnostics.per_rank[1].per_layer_unique_demands[29],540
03-partial-auto-kv,repetitions[0].diagnostics.per_rank[1].per_layer_unique_demands[30],559
03-partial-auto-kv,repetitions[0].diagnostics.per_rank[1].per_layer_unique_demands[31],558
03-partial-auto-kv,repetitions[0].diagnostics.per_rank[1].per_layer_unique_demands[32],527
03-partial-auto-kv,repetitions[0].diagnostics.per_rank[1].per_layer_unique_demands[33],460
03-partial-auto-kv,repetitions[0].diagnostics.per_rank[1].per_layer_unique_demands[34],481
03-partial-auto-kv,repetitions[0].diagnostics.per_rank[1].per_layer_unique_demands[35],503
03-partial-auto-kv,repetitions[0].diagnostics.per_rank[1].per_layer_unique_demands[36],470
03-partial-auto-kv,repetitions[0].diagnostics.per_rank[1].per_layer_unique_demands[37],479
03-partial-auto-kv,repetitions[0].diagnostics.per_rank[1].per_layer_unique_demands[38],512
03-partial-auto-kv,repetitions[0].diagnostics.per_rank[1].per_layer_unique_demands[39],522
03-partial-auto-kv,repetitions[0].diagnostics.per_rank[1].per_layer_unique_demands[40],527
03-partial-auto-kv,repetitions[0].diagnostics.per_rank[1].per_layer_unique_demands[41],512
03-partial-auto-kv,repetitions[0].diagnostics.per_rank[1].per_layer_unique_demands[42],481
03-partial-auto-kv,repetitions[0].diagnostics.per_rank[1].per_layer_unique_demands[43],480
03-partial-auto-kv,repetitions[0].diagnostics.per_rank[1].per_layer_unique_demands[44],467
03-partial-auto-kv,repetitions[0].diagnostics.per_rank[1].per_layer_unique_demands[45],455
03-partial-auto-kv,repetitions[0].diagnostics.per_rank[1].per_layer_unique_demands[46],465
03-partial-auto-kv,repetitions[0].diagnostics.per_rank[1].per_layer_unique_demands[47],489
03-partial-auto-kv,repetitions[0].diagnostics.per_rank[1].per_layer_mean_unique_coverage[0],0.138671875
03-partial-auto-kv,repetitions[0].diagnostics.per_rank[1].per_layer_mean_unique_coverage[1],0.123291015625
03-partial-auto-kv,repetitions[0].diagnostics.per_rank[1].per_layer_mean_unique_coverage[2],0.14111328125
03-partial-auto-kv,repetitions[0].diagnostics.per_rank[1].per_layer_mean_unique_coverage[3],0.119873046875
03-partial-auto-kv,repetitions[0].diagnostics.per_rank[1].per_layer_mean_unique_coverage[4],0.11865234375
03-partial-auto-kv,repetitions[0].diagnostics.per_rank[1].per_layer_mean_unique_coverage[5],0.129638671875
03-partial-auto-kv,repetitions[0].diagnostics.per_rank[1].per_layer_mean_unique_coverage[6],0.13671875
03-partial-auto-kv,repetitions[0].diagnostics.per_rank[1].per_layer_mean_unique_coverage[7],0.135009765625
03-partial-auto-kv,repetitions[0].diagnostics.per_rank[1].per_layer_mean_unique_coverage[8],0.12646484375
03-partial-auto-kv,repetitions[0].diagnostics.per_rank[1].per_layer_mean_unique_coverage[9],0.11181640625
03-partial-auto-kv,repetitions[0].diagnostics.per_rank[1].per_layer_mean_unique_coverage[10],0.115234375
03-partial-auto-kv,repetitions[0].diagnostics.per_rank[1].per_layer_mean_unique_coverage[11],0.118896484375
03-partial-auto-kv,repetitions[0].diagnostics.per_rank[1].per_layer_mean_unique_coverage[12],0.106689453125
03-partial-auto-kv,repetitions[0].diagnostics.per_rank[1].per_layer_mean_unique_coverage[13],0.11181640625
03-partial-auto-kv,repetitions[0].diagnostics.per_rank[1].per_layer_mean_unique_coverage[14],0.12158203125
03-partial-auto-kv,repetitions[0].diagnostics.per_rank[1].per_layer_mean_unique_coverage[15],0.128662109375
03-partial-auto-kv,repetitions[0].diagnostics.per_rank[1].per_layer_mean_unique_coverage[16],0.121337890625
03-partial-auto-kv,repetitions[0].diagnostics.per_rank[1].per_layer_mean_unique_coverage[17],0.129150390625
03-partial-auto-kv,repetitions[0].diagnostics.per_rank[1].per_layer_mean_unique_coverage[18],0.1376953125
03-partial-auto-kv,repetitions[0].diagnostics.per_rank[1].per_layer_mean_unique_coverage[19],0.13623046875
03-partial-auto-kv,repetitions[0].diagnostics.per_rank[1].per_layer_mean_unique_coverage[20],0.125
03-partial-auto-kv,repetitions[0].diagnostics.per_rank[1].per_layer_mean_unique_coverage[21],0.11083984375
03-partial-auto-kv,repetitions[0].diagnostics.per_rank[1].per_layer_mean_unique_coverage[22],0.117431640625
03-partial-auto-kv,repetitions[0].diagnostics.per_rank[1].per_layer_mean_unique_coverage[23],0.12060546875
03-partial-auto-kv,repetitions[0].diagnostics.per_rank[1].per_layer_mean_unique_coverage[24],0.112548828125
03-partial-auto-kv,repetitions[0].diagnostics.per_rank[1].per_layer_mean_unique_coverage[25],0.115478515625
03-partial-auto-kv,repetitions[0].diagnostics.per_rank[1].per_layer_mean_unique_coverage[26],0.125244140625
03-partial-auto-kv,repetitions[0].diagnostics.per_rank[1].per_layer_mean_unique_coverage[27],0.132568359375
03-partial-auto-kv,repetitions[0].diagnostics.per_rank[1].per_layer_mean_unique_coverage[28],0.125732421875
03-partial-auto-kv,repetitions[0].diagnostics.per_rank[1].per_layer_mean_unique_coverage[29],0.1318359375
03-partial-auto-kv,repetitions[0].diagnostics.per_rank[1].per_layer_mean_unique_coverage[30],0.136474609375
03-partial-auto-kv,repetitions[0].diagnostics.per_rank[1].per_layer_mean_unique_coverage[31],0.13623046875
03-partial-auto-kv,repetitions[0].diagnostics.per_rank[1].per_layer_mean_unique_coverage[32],0.128662109375
03-partial-auto-kv,repetitions[0].diagnostics.per_rank[1].per_layer_mean_unique_coverage[33],0.1123046875
03-partial-auto-kv,repetitions[0].diagnostics.per_rank[1].per_layer_mean_unique_coverage[34],0.117431640625
03-partial-auto-kv,repetitions[0].diagnostics.per_rank[1].per_layer_mean_unique_coverage[35],0.122802734375
03-partial-auto-kv,repetitions[0].diagnostics.per_rank[1].per_layer_mean_unique_coverage[36],0.11474609375
03-partial-auto-kv,repetitions[0].diagnostics.per_rank[1].per_layer_mean_unique_coverage[37],0.116943359375
03-partial-auto-kv,repetitions[0].diagnostics.per_rank[1].per_layer_mean_unique_coverage[38],0.125
03-partial-auto-kv,repetitions[0].diagnostics.per_rank[1].per_layer_mean_unique_coverage[39],0.12744140625
03-partial-auto-kv,repetitions[0].diagnostics.per_rank[1].per_layer_mean_unique_coverage[40],0.128662109375
03-partial-auto-kv,repetitions[0].diagnostics.per_rank[1].per_layer_mean_unique_coverage[41],0.125
03-partial-auto-kv,repetitions[0].diagnostics.per_rank[1].per_layer_mean_unique_coverage[42],0.117431640625
03-partial-auto-kv,repetitions[0].diagnostics.per_rank[1].per_layer_mean_unique_coverage[43],0.1171875
03-partial-auto-kv,repetitions[0].diagnostics.per_rank[1].per_layer_mean_unique_coverage[44],0.114013671875
03-partial-auto-kv,repetitions[0].diagnostics.per_rank[1].per_layer_mean_unique_coverage[45],0.111083984375
03-partial-auto-kv,repetitions[0].diagnostics.per_rank[1].per_layer_mean_unique_coverage[46],0.113525390625
03-partial-auto-kv,repetitions[0].diagnostics.per_rank[1].per_layer_mean_unique_coverage[47],0.119384765625
03-partial-auto-kv,repetitions[0].diagnostics.per_rank[1].gauge_snapshot.max_unique_per_forward,509
03-partial-auto-kv,repetitions[0].diagnostics.per_rank[1].gauge_snapshot.mean_unique_coverage,0.10678796600877193
03-partial-auto-kv,repetitions[0].diagnostics.per_rank[1].gauge_snapshot.per_layer_max_unique_per_forward[0],498
03-partial-auto-kv,repetitions[0].diagnostics.per_rank[1].gauge_snapshot.per_layer_max_unique_per_forward[1],435
03-partial-auto-kv,repetitions[0].diagnostics.per_rank[1].gauge_snapshot.per_layer_max_unique_per_forward[2],509
03-partial-auto-kv,repetitions[0].diagnostics.per_rank[1].gauge_snapshot.per_layer_max_unique_per_forward[3],423
03-partial-auto-kv,repetitions[0].diagnostics.per_rank[1].gauge_snapshot.per_layer_max_unique_per_forward[4],416
03-partial-auto-kv,repetitions[0].diagnostics.per_rank[1].gauge_snapshot.per_layer_max_unique_per_forward[5],461
03-partial-auto-kv,repetitions[0].diagnostics.per_rank[1].gauge_snapshot.per_layer_max_unique_per_forward[6],490
03-partial-auto-kv,repetitions[0].diagnostics.per_rank[1].gauge_snapshot.per_layer_max_unique_per_forward[7],483
03-partial-auto-kv,repetitions[0].diagnostics.per_rank[1].gauge_snapshot.per_layer_max_unique_per_forward[8],448
03-partial-auto-kv,repetitions[0].diagnostics.per_rank[1].gauge_snapshot.per_layer_max_unique_per_forward[9],388
03-partial-auto-kv,repetitions[0].diagnostics.per_rank[1].gauge_snapshot.per_layer_max_unique_per_forward[10],402
03-partial-auto-kv,repetitions[0].diagnostics.per_rank[1].gauge_snapshot.per_layer_max_unique_per_forward[11],417
03-partial-auto-kv,repetitions[0].diagnostics.per_rank[1].gauge_snapshot.per_layer_max_unique_per_forward[12],367
03-partial-auto-kv,repetitions[0].diagnostics.per_rank[1].gauge_snapshot.per_layer_max_unique_per_forward[13],388
03-partial-auto-kv,repetitions[0].diagnostics.per_rank[1].gauge_snapshot.per_layer_max_unique_per_forward[14],428
03-partial-auto-kv,repetitions[0].diagnostics.per_rank[1].gauge_snapshot.per_layer_max_unique_per_forward[15],457
03-partial-auto-kv,repetitions[0].diagnostics.per_rank[1].gauge_snapshot.per_layer_max_unique_per_forward[16],427
03-partial-auto-kv,repetitions[0].diagnostics.per_rank[1].gauge_snapshot.per_layer_max_unique_per_forward[17],461
03-partial-auto-kv,repetitions[0].diagnostics.per_rank[1].gauge_snapshot.per_layer_max_unique_per_forward[18],494
03-partial-auto-kv,repetitions[0].diagnostics.per_rank[1].gauge_snapshot.per_layer_max_unique_per_forward[19],488
03-partial-auto-kv,repetitions[0].diagnostics.per_rank[1].gauge_snapshot.per_layer_max_unique_per_forward[20],443
03-partial-auto-kv,repetitions[0].diagnostics.per_rank[1].gauge_snapshot.per_layer_max_unique_per_forward[21],385
03-partial-auto-kv,repetitions[0].diagnostics.per_rank[1].gauge_snapshot.per_layer_max_unique_per_forward[22],413
03-partial-auto-kv,repetitions[0].diagnostics.per_rank[1].gauge_snapshot.per_layer_max_unique_per_forward[23],426
03-partial-auto-kv,repetitions[0].diagnostics.per_rank[1].gauge_snapshot.per_layer_max_unique_per_forward[24],391
03-partial-auto-kv,repetitions[0].diagnostics.per_rank[1].gauge_snapshot.per_layer_max_unique_per_forward[25],404
03-partial-auto-kv,repetitions[0].diagnostics.per_rank[1].gauge_snapshot.per_layer_max_unique_per_forward[26],443
03-partial-auto-kv,repetitions[0].diagnostics.per_rank[1].gauge_snapshot.per_layer_max_unique_per_forward[27],474
03-partial-auto-kv,repetitions[0].diagnostics.per_rank[1].gauge_snapshot.per_layer_max_unique_per_forward[28],445
03-partial-auto-kv,repetitions[0].diagnostics.per_rank[1].gauge_snapshot.per_layer_max_unique_per_forward[29],470
03-partial-auto-kv,repetitions[0].diagnostics.per_rank[1].gauge_snapshot.per_layer_max_unique_per_forward[30],489
03-partial-auto-kv,repetitions[0].diagnostics.per_rank[1].gauge_snapshot.per_layer_max_unique_per_forward[31],488
03-partial-auto-kv,repetitions[0].diagnostics.per_rank[1].gauge_snapshot.per_layer_max_unique_per_forward[32],457
03-partial-auto-kv,repetitions[0].diagnostics.per_rank[1].gauge_snapshot.per_layer_max_unique_per_forward[33],390
03-partial-auto-kv,repetitions[0].diagnostics.per_rank[1].gauge_snapshot.per_layer_max_unique_per_forward[34],415
03-partial-auto-kv,repetitions[0].diagnostics.per_rank[1].gauge_snapshot.per_layer_max_unique_per_forward[35],433
03-partial-auto-kv,repetitions[0].diagnostics.per_rank[1].gauge_snapshot.per_layer_max_unique_per_forward[36],400
03-partial-auto-kv,repetitions[0].diagnostics.per_rank[1].gauge_snapshot.per_layer_max_unique_per_forward[37],409
03-partial-auto-kv,repetitions[0].diagnostics.per_rank[1].gauge_snapshot.per_layer_max_unique_per_forward[38],442
03-partial-auto-kv,repetitions[0].diagnostics.per_rank[1].gauge_snapshot.per_layer_max_unique_per_forward[39],456
03-partial-auto-kv,repetitions[0].diagnostics.per_rank[1].gauge_snapshot.per_layer_max_unique_per_forward[40],457
03-partial-auto-kv,repetitions[0].diagnostics.per_rank[1].gauge_snapshot.per_layer_max_unique_per_forward[41],442
03-partial-auto-kv,repetitions[0].diagnostics.per_rank[1].gauge_snapshot.per_layer_max_unique_per_forward[42],412
03-partial-auto-kv,repetitions[0].diagnostics.per_rank[1].gauge_snapshot.per_layer_max_unique_per_forward[43],415
03-partial-auto-kv,repetitions[0].diagnostics.per_rank[1].gauge_snapshot.per_layer_max_unique_per_forward[44],397
03-partial-auto-kv,repetitions[0].diagnostics.per_rank[1].gauge_snapshot.per_layer_max_unique_per_forward[45],388
03-partial-auto-kv,repetitions[0].diagnostics.per_rank[1].gauge_snapshot.per_layer_max_unique_per_forward[46],395
03-partial-auto-kv,repetitions[0].diagnostics.per_rank[1].gauge_snapshot.per_layer_max_unique_per_forward[47],425
03-partial-auto-kv,repetitions[0].diagnostics.per_rank[1].policy_snapshot.resident_experts,12288
03-partial-auto-kv,repetitions[0].diagnostics.per_rank[1].policy_snapshot.cache_slots,256
03-partial-auto-kv,repetitions[0].diagnostics.per_rank[1].policy_snapshot.cache_entries,256
03-partial-auto-kv,repetitions[0].diagnostics.per_rank[1].policy_snapshot.cache_hit_ratio,0.018540826480909232
03-partial-auto-kv,repetitions[0].diagnostics.per_rank[1].kernel_config_records.capacity,64
03-partial-auto-kv,repetitions[0].diagnostics.per_rank[1].kernel_config_records.unrecorded_selections,0
03-partial-auto-kv,repetitions[0].diagnostics.per_rank[1].kernel_config_records.records[0].chunk_tokens,8192
03-partial-auto-kv,repetitions[0].diagnostics.per_rank[1].kernel_config_records.records[0].top_k,10
03-partial-auto-kv,repetitions[0].diagnostics.per_rank[1].kernel_config_records.records[0].selections,96
03-partial-auto-kv,repetitions[0].diagnostics.per_rank[1].kernel_config_records.records[0].w13_shape[0],512
03-partial-auto-kv,repetitions[0].diagnostics.per_rank[1].kernel_config_records.records[0].w13_shape[1],256
03-partial-auto-kv,repetitions[0].diagnostics.per_rank[1].kernel_config_records.records[0].w13_shape[2],2048
03-partial-auto-kv,repetitions[0].diagnostics.per_rank[1].kernel_config_records.records[0].w2_shape[0],512
03-partial-auto-kv,repetitions[0].diagnostics.per_rank[1].kernel_config_records.records[0].w2_shape[1],2048
03-partial-auto-kv,repetitions[0].diagnostics.per_rank[1].kernel_config_records.records[0].w2_shape[2],128
03-partial-auto-kv,repetitions[0].diagnostics.per_rank[1].kernel_config_records.records[0].config.BLOCK_SIZE_K,64
03-partial-auto-kv,repetitions[0].diagnostics.per_rank[1].kernel_config_records.records[0].config.BLOCK_SIZE_M,128
03-partial-auto-kv,repetitions[0].diagnostics.per_rank[1].kernel_config_records.records[0].config.BLOCK_SIZE_N,128
03-partial-auto-kv,repetitions[0].diagnostics.per_rank[1].kernel_config_records.records[0].config.GROUP_SIZE_M,64
03-partial-auto-kv,repetitions[0].diagnostics.per_rank[1].kernel_config_records.records[0].config.num_stages,3
03-partial-auto-kv,repetitions[0].diagnostics.per_rank[1].kernel_config_records.records[0].config.num_warps,8
03-partial-auto-kv,repetitions[0].diagnostics.per_rank[1].kernel_config_records.records[1].chunk_tokens,1
03-partial-auto-kv,repetitions[0].diagnostics.per_rank[1].kernel_config_records.records[1].top_k,10
03-partial-auto-kv,repetitions[0].diagnostics.per_rank[1].kernel_config_records.records[1].selections,720
03-partial-auto-kv,repetitions[0].diagnostics.per_rank[1].kernel_config_records.records[1].w13_shape[0],512
03-partial-auto-kv,repetitions[0].diagnostics.per_rank[1].kernel_config_records.records[1].w13_shape[1],256
03-partial-auto-kv,repetitions[0].diagnostics.per_rank[1].kernel_config_records.records[1].w13_shape[2],2048
03-partial-auto-kv,repetitions[0].diagnostics.per_rank[1].kernel_config_records.records[1].w2_shape[0],512
03-partial-auto-kv,repetitions[0].diagnostics.per_rank[1].kernel_config_records.records[1].w2_shape[1],2048
03-partial-auto-kv,repetitions[0].diagnostics.per_rank[1].kernel_config_records.records[1].w2_shape[2],128
03-partial-auto-kv,repetitions[0].diagnostics.per_rank[1].kernel_config_records.records[1].config.BLOCK_SIZE_K,64
03-partial-auto-kv,repetitions[0].diagnostics.per_rank[1].kernel_config_records.records[1].config.BLOCK_SIZE_M,16
03-partial-auto-kv,repetitions[0].diagnostics.per_rank[1].kernel_config_records.records[1].config.BLOCK_SIZE_N,32
03-partial-auto-kv,repetitions[0].diagnostics.per_rank[1].kernel_config_records.records[1].config.GROUP_SIZE_M,1
03-partial-auto-kv,repetitions[0].diagnostics.per_rank[1].kernel_config_records.records[1].config.num_stages,4
03-partial-auto-kv,repetitions[0].diagnostics.per_rank[1].kernel_config_records.records[1].config.num_warps,4
03-partial-auto-kv,repetitions[0].diagnostics.per_rank[1].kernel_config_records.records[2].chunk_tokens,4096
03-partial-auto-kv,repetitions[0].diagnostics.per_rank[1].kernel_config_records.records[2].top_k,10
03-partial-auto-kv,repetitions[0].diagnostics.per_rank[1].kernel_config_records.records[2].selections,96
03-partial-auto-kv,repetitions[0].diagnostics.per_rank[1].kernel_config_records.records[2].w13_shape[0],512
03-partial-auto-kv,repetitions[0].diagnostics.per_rank[1].kernel_config_records.records[2].w13_shape[1],256
03-partial-auto-kv,repetitions[0].diagnostics.per_rank[1].kernel_config_records.records[2].w13_shape[2],2048
03-partial-auto-kv,repetitions[0].diagnostics.per_rank[1].kernel_config_records.records[2].w2_shape[0],512
03-partial-auto-kv,repetitions[0].diagnostics.per_rank[1].kernel_config_records.records[2].w2_shape[1],2048
03-partial-auto-kv,repetitions[0].diagnostics.per_rank[1].kernel_config_records.records[2].w2_shape[2],128
03-partial-auto-kv,repetitions[0].diagnostics.per_rank[1].kernel_config_records.records[2].config.BLOCK_SIZE_K,64
03-partial-auto-kv,repetitions[0].diagnostics.per_rank[1].kernel_config_records.records[2].config.BLOCK_SIZE_M,128
03-partial-auto-kv,repetitions[0].diagnostics.per_rank[1].kernel_config_records.records[2].config.BLOCK_SIZE_N,128
03-partial-auto-kv,repetitions[0].diagnostics.per_rank[1].kernel_config_records.records[2].config.GROUP_SIZE_M,64
03-partial-auto-kv,repetitions[0].diagnostics.per_rank[1].kernel_config_records.records[2].config.num_stages,3
03-partial-auto-kv,repetitions[0].diagnostics.per_rank[1].kernel_config_records.records[2].config.num_warps,8
03-partial-auto-kv,repetitions[0].diagnostics.per_rank[2].h2d_bytes,14364966912
03-partial-auto-kv,repetitions[0].diagnostics.per_rank[2].copy_launches,320
03-partial-auto-kv,repetitions[0].diagnostics.per_rank[2].startup_resident_h2d_bytes,0
03-partial-auto-kv,repetitions[0].diagnostics.per_rank[2].promotion_d2d_bytes,1572864
03-partial-auto-kv,repetitions[0].diagnostics.per_rank[2].metadata_h2d_bytes,786440
03-partial-auto-kv,repetitions[0].diagnostics.per_rank[2].unique_demands,24208
03-partial-auto-kv,repetitions[0].diagnostics.per_rank[2].resident_hits,14793
03-partial-auto-kv,repetitions[0].diagnostics.per_rank[2].timing.route_d2h_s,0.2936940765939653
03-partial-auto-kv,repetitions[0].diagnostics.per_rank[2].timing.policy_cpu_s,0.04841193091124296
03-partial-auto-kv,repetitions[0].diagnostics.per_rank[2].timing.host_reuse_wait_s,0.0017701853066682816
03-partial-auto-kv,repetitions[0].diagnostics.per_rank[2].timing.host_gather_s,2.808777617290616
03-partial-auto-kv,repetitions[0].diagnostics.per_rank[2].timing.h2d_enqueue_s,0.01674196543172002
03-partial-auto-kv,repetitions[0].diagnostics.per_rank[2].timing.compute_enqueue_s,0.16337418649345636
03-partial-auto-kv,repetitions[0].diagnostics.per_rank[2].timing.cuda_sample_count,13
03-partial-auto-kv,repetitions[0].diagnostics.per_rank[2].timing.load_cuda_s,0.0122415039986372
03-partial-auto-kv,repetitions[0].diagnostics.per_rank[2].timing.compute_cuda_s,0.00550793594121933
03-partial-auto-kv,repetitions[0].diagnostics.per_rank[2].timing.promotion_cuda_s,0.00010476800124160946
03-partial-auto-kv,repetitions[0].diagnostics.per_rank[2].policy.observations,384
03-partial-auto-kv,repetitions[0].diagnostics.per_rank[2].policy.unique_demands,24208
03-partial-auto-kv,repetitions[0].diagnostics.per_rank[2].policy.completed_forwards,8
03-partial-auto-kv,repetitions[0].diagnostics.per_rank[2].policy.decay_events,0
03-partial-auto-kv,repetitions[0].diagnostics.per_rank[2].policy.cache_hits,282
03-partial-auto-kv,repetitions[0].diagnostics.per_rank[2].policy.cache_misses,9133
03-partial-auto-kv,repetitions[0].diagnostics.per_rank[2].policy.admissions,1
03-partial-auto-kv,repetitions[0].diagnostics.per_rank[2].policy.evictions,1
03-partial-auto-kv,repetitions[0].diagnostics.per_rank[2].policy.cache_bypasses,9132
03-partial-auto-kv,repetitions[0].diagnostics.per_rank[2].policy.reconfigurations,0
03-partial-auto-kv,repetitions[0].diagnostics.per_rank[2].policy.cache_hit_ratio,0.0299522039298991
03-partial-auto-kv,repetitions[0].diagnostics.per_rank[2].rank,2
03-partial-auto-kv,repetitions[0].diagnostics.per_rank[2].forward_counts[0],8
03-partial-auto-kv,repetitions[0].diagnostics.per_rank[2].forward_counts[1],8
03-partial-auto-kv,repetitions[0].diagnostics.per_rank[2].forward_counts[2],8
03-partial-auto-kv,repetitions[0].diagnostics.per_rank[2].forward_counts[3],8
03-partial-auto-kv,repetitions[0].diagnostics.per_rank[2].forward_counts[4],8
03-partial-auto-kv,repetitions[0].diagnostics.per_rank[2].forward_counts[5],8
03-partial-auto-kv,repetitions[0].diagnostics.per_rank[2].forward_counts[6],8
03-partial-auto-kv,repetitions[0].diagnostics.per_rank[2].forward_counts[7],8
03-partial-auto-kv,repetitions[0].diagnostics.per_rank[2].forward_counts[8],8
03-partial-auto-kv,repetitions[0].diagnostics.per_rank[2].forward_counts[9],8
03-partial-auto-kv,repetitions[0].diagnostics.per_rank[2].forward_counts[10],8
03-partial-auto-kv,repetitions[0].diagnostics.per_rank[2].forward_counts[11],8
03-partial-auto-kv,repetitions[0].diagnostics.per_rank[2].forward_counts[12],8
03-partial-auto-kv,repetitions[0].diagnostics.per_rank[2].forward_counts[13],8
03-partial-auto-kv,repetitions[0].diagnostics.per_rank[2].forward_counts[14],8
03-partial-auto-kv,repetitions[0].diagnostics.per_rank[2].forward_counts[15],8
03-partial-auto-kv,repetitions[0].diagnostics.per_rank[2].forward_counts[16],8
03-partial-auto-kv,repetitions[0].diagnostics.per_rank[2].forward_counts[17],8
03-partial-auto-kv,repetitions[0].diagnostics.per_rank[2].forward_counts[18],8
03-partial-auto-kv,repetitions[0].diagnostics.per_rank[2].forward_counts[19],8
03-partial-auto-kv,repetitions[0].diagnostics.per_rank[2].forward_counts[20],8
03-partial-auto-kv,repetitions[0].diagnostics.per_rank[2].forward_counts[21],8
03-partial-auto-kv,repetitions[0].diagnostics.per_rank[2].forward_counts[22],8
03-partial-auto-kv,repetitions[0].diagnostics.per_rank[2].forward_counts[23],8
03-partial-auto-kv,repetitions[0].diagnostics.per_rank[2].forward_counts[24],8
03-partial-auto-kv,repetitions[0].diagnostics.per_rank[2].forward_counts[25],8
03-partial-auto-kv,repetitions[0].diagnostics.per_rank[2].forward_counts[26],8
03-partial-auto-kv,repetitions[0].diagnostics.per_rank[2].forward_counts[27],8
03-partial-auto-kv,repetitions[0].diagnostics.per_rank[2].forward_counts[28],8
03-partial-auto-kv,repetitions[0].diagnostics.per_rank[2].forward_counts[29],8
03-partial-auto-kv,repetitions[0].diagnostics.per_rank[2].forward_counts[30],8
03-partial-auto-kv,repetitions[0].diagnostics.per_rank[2].forward_counts[31],8
03-partial-auto-kv,repetitions[0].diagnostics.per_rank[2].forward_counts[32],8
03-partial-auto-kv,repetitions[0].diagnostics.per_rank[2].forward_counts[33],8
03-partial-auto-kv,repetitions[0].diagnostics.per_rank[2].forward_counts[34],8
03-partial-auto-kv,repetitions[0].diagnostics.per_rank[2].forward_counts[35],8
03-partial-auto-kv,repetitions[0].diagnostics.per_rank[2].forward_counts[36],8
03-partial-auto-kv,repetitions[0].diagnostics.per_rank[2].forward_counts[37],8
03-partial-auto-kv,repetitions[0].diagnostics.per_rank[2].forward_counts[38],8
03-partial-auto-kv,repetitions[0].diagnostics.per_rank[2].forward_counts[39],8
03-partial-auto-kv,repetitions[0].diagnostics.per_rank[2].forward_counts[40],8
03-partial-auto-kv,repetitions[0].diagnostics.per_rank[2].forward_counts[41],8
03-partial-auto-kv,repetitions[0].diagnostics.per_rank[2].forward_counts[42],8
03-partial-auto-kv,repetitions[0].diagnostics.per_rank[2].forward_counts[43],8
03-partial-auto-kv,repetitions[0].diagnostics.per_rank[2].forward_counts[44],8
03-partial-auto-kv,repetitions[0].diagnostics.per_rank[2].forward_counts[45],8
03-partial-auto-kv,repetitions[0].diagnostics.per_rank[2].forward_counts[46],8
03-partial-auto-kv,repetitions[0].diagnostics.per_rank[2].forward_counts[47],8
03-partial-auto-kv,repetitions[0].diagnostics.per_rank[2].per_layer_unique_demands[0],568
03-partial-auto-kv,repetitions[0].diagnostics.per_rank[2].per_layer_unique_demands[1],505
03-partial-auto-kv,repetitions[0].diagnostics.per_rank[2].per_layer_unique_demands[2],578
03-partial-auto-kv,repetitions[0].diagnostics.per_rank[2].per_layer_unique_demands[3],491
03-partial-auto-kv,repetitions[0].diagnostics.per_rank[2].per_layer_unique_demands[4],486
03-partial-auto-kv,repetitions[0].diagnostics.per_rank[2].per_layer_unique_demands[5],531
03-partial-auto-kv,repetitions[0].diagnostics.per_rank[2].per_layer_unique_demands[6],560
03-partial-auto-kv,repetitions[0].diagnostics.per_rank[2].per_layer_unique_demands[7],553
03-partial-auto-kv,repetitions[0].diagnostics.per_rank[2].per_layer_unique_demands[8],518
03-partial-auto-kv,repetitions[0].diagnostics.per_rank[2].per_layer_unique_demands[9],458
03-partial-auto-kv,repetitions[0].diagnostics.per_rank[2].per_layer_unique_demands[10],472
03-partial-auto-kv,repetitions[0].diagnostics.per_rank[2].per_layer_unique_demands[11],487
03-partial-auto-kv,repetitions[0].diagnostics.per_rank[2].per_layer_unique_demands[12],437
03-partial-auto-kv,repetitions[0].diagnostics.per_rank[2].per_layer_unique_demands[13],458
03-partial-auto-kv,repetitions[0].diagnostics.per_rank[2].per_layer_unique_demands[14],498
03-partial-auto-kv,repetitions[0].diagnostics.per_rank[2].per_layer_unique_demands[15],527
03-partial-auto-kv,repetitions[0].diagnostics.per_rank[2].per_layer_unique_demands[16],497
03-partial-auto-kv,repetitions[0].diagnostics.per_rank[2].per_layer_unique_demands[17],529
03-partial-auto-kv,repetitions[0].diagnostics.per_rank[2].per_layer_unique_demands[18],564
03-partial-auto-kv,repetitions[0].diagnostics.per_rank[2].per_layer_unique_demands[19],558
03-partial-auto-kv,repetitions[0].diagnostics.per_rank[2].per_layer_unique_demands[20],512
03-partial-auto-kv,repetitions[0].diagnostics.per_rank[2].per_layer_unique_demands[21],454
03-partial-auto-kv,repetitions[0].diagnostics.per_rank[2].per_layer_unique_demands[22],481
03-partial-auto-kv,repetitions[0].diagnostics.per_rank[2].per_layer_unique_demands[23],494
03-partial-auto-kv,repetitions[0].diagnostics.per_rank[2].per_layer_unique_demands[24],461
03-partial-auto-kv,repetitions[0].diagnostics.per_rank[2].per_layer_unique_demands[25],473
03-partial-auto-kv,repetitions[0].diagnostics.per_rank[2].per_layer_unique_demands[26],513
03-partial-auto-kv,repetitions[0].diagnostics.per_rank[2].per_layer_unique_demands[27],543
03-partial-auto-kv,repetitions[0].diagnostics.per_rank[2].per_layer_unique_demands[28],515
03-partial-auto-kv,repetitions[0].diagnostics.per_rank[2].per_layer_unique_demands[29],540
03-partial-auto-kv,repetitions[0].diagnostics.per_rank[2].per_layer_unique_demands[30],559
03-partial-auto-kv,repetitions[0].diagnostics.per_rank[2].per_layer_unique_demands[31],558
03-partial-auto-kv,repetitions[0].diagnostics.per_rank[2].per_layer_unique_demands[32],527
03-partial-auto-kv,repetitions[0].diagnostics.per_rank[2].per_layer_unique_demands[33],460
03-partial-auto-kv,repetitions[0].diagnostics.per_rank[2].per_layer_unique_demands[34],481
03-partial-auto-kv,repetitions[0].diagnostics.per_rank[2].per_layer_unique_demands[35],503
03-partial-auto-kv,repetitions[0].diagnostics.per_rank[2].per_layer_unique_demands[36],470
03-partial-auto-kv,repetitions[0].diagnostics.per_rank[2].per_layer_unique_demands[37],479
03-partial-auto-kv,repetitions[0].diagnostics.per_rank[2].per_layer_unique_demands[38],512
03-partial-auto-kv,repetitions[0].diagnostics.per_rank[2].per_layer_unique_demands[39],522
03-partial-auto-kv,repetitions[0].diagnostics.per_rank[2].per_layer_unique_demands[40],527
03-partial-auto-kv,repetitions[0].diagnostics.per_rank[2].per_layer_unique_demands[41],512
03-partial-auto-kv,repetitions[0].diagnostics.per_rank[2].per_layer_unique_demands[42],481
03-partial-auto-kv,repetitions[0].diagnostics.per_rank[2].per_layer_unique_demands[43],480
03-partial-auto-kv,repetitions[0].diagnostics.per_rank[2].per_layer_unique_demands[44],467
03-partial-auto-kv,repetitions[0].diagnostics.per_rank[2].per_layer_unique_demands[45],455
03-partial-auto-kv,repetitions[0].diagnostics.per_rank[2].per_layer_unique_demands[46],465
03-partial-auto-kv,repetitions[0].diagnostics.per_rank[2].per_layer_unique_demands[47],489
03-partial-auto-kv,repetitions[0].diagnostics.per_rank[2].per_layer_mean_unique_coverage[0],0.138671875
03-partial-auto-kv,repetitions[0].diagnostics.per_rank[2].per_layer_mean_unique_coverage[1],0.123291015625
03-partial-auto-kv,repetitions[0].diagnostics.per_rank[2].per_layer_mean_unique_coverage[2],0.14111328125
03-partial-auto-kv,repetitions[0].diagnostics.per_rank[2].per_layer_mean_unique_coverage[3],0.119873046875
03-partial-auto-kv,repetitions[0].diagnostics.per_rank[2].per_layer_mean_unique_coverage[4],0.11865234375
03-partial-auto-kv,repetitions[0].diagnostics.per_rank[2].per_layer_mean_unique_coverage[5],0.129638671875
03-partial-auto-kv,repetitions[0].diagnostics.per_rank[2].per_layer_mean_unique_coverage[6],0.13671875
03-partial-auto-kv,repetitions[0].diagnostics.per_rank[2].per_layer_mean_unique_coverage[7],0.135009765625
03-partial-auto-kv,repetitions[0].diagnostics.per_rank[2].per_layer_mean_unique_coverage[8],0.12646484375
03-partial-auto-kv,repetitions[0].diagnostics.per_rank[2].per_layer_mean_unique_coverage[9],0.11181640625
03-partial-auto-kv,repetitions[0].diagnostics.per_rank[2].per_layer_mean_unique_coverage[10],0.115234375
03-partial-auto-kv,repetitions[0].diagnostics.per_rank[2].per_layer_mean_unique_coverage[11],0.118896484375
03-partial-auto-kv,repetitions[0].diagnostics.per_rank[2].per_layer_mean_unique_coverage[12],0.106689453125
03-partial-auto-kv,repetitions[0].diagnostics.per_rank[2].per_layer_mean_unique_coverage[13],0.11181640625
03-partial-auto-kv,repetitions[0].diagnostics.per_rank[2].per_layer_mean_unique_coverage[14],0.12158203125
03-partial-auto-kv,repetitions[0].diagnostics.per_rank[2].per_layer_mean_unique_coverage[15],0.128662109375
03-partial-auto-kv,repetitions[0].diagnostics.per_rank[2].per_layer_mean_unique_coverage[16],0.121337890625
03-partial-auto-kv,repetitions[0].diagnostics.per_rank[2].per_layer_mean_unique_coverage[17],0.129150390625
03-partial-auto-kv,repetitions[0].diagnostics.per_rank[2].per_layer_mean_unique_coverage[18],0.1376953125
03-partial-auto-kv,repetitions[0].diagnostics.per_rank[2].per_layer_mean_unique_coverage[19],0.13623046875
03-partial-auto-kv,repetitions[0].diagnostics.per_rank[2].per_layer_mean_unique_coverage[20],0.125
03-partial-auto-kv,repetitions[0].diagnostics.per_rank[2].per_layer_mean_unique_coverage[21],0.11083984375
03-partial-auto-kv,repetitions[0].diagnostics.per_rank[2].per_layer_mean_unique_coverage[22],0.117431640625
03-partial-auto-kv,repetitions[0].diagnostics.per_rank[2].per_layer_mean_unique_coverage[23],0.12060546875
03-partial-auto-kv,repetitions[0].diagnostics.per_rank[2].per_layer_mean_unique_coverage[24],0.112548828125
03-partial-auto-kv,repetitions[0].diagnostics.per_rank[2].per_layer_mean_unique_coverage[25],0.115478515625
03-partial-auto-kv,repetitions[0].diagnostics.per_rank[2].per_layer_mean_unique_coverage[26],0.125244140625
03-partial-auto-kv,repetitions[0].diagnostics.per_rank[2].per_layer_mean_unique_coverage[27],0.132568359375
03-partial-auto-kv,repetitions[0].diagnostics.per_rank[2].per_layer_mean_unique_coverage[28],0.125732421875
03-partial-auto-kv,repetitions[0].diagnostics.per_rank[2].per_layer_mean_unique_coverage[29],0.1318359375
03-partial-auto-kv,repetitions[0].diagnostics.per_rank[2].per_layer_mean_unique_coverage[30],0.136474609375
03-partial-auto-kv,repetitions[0].diagnostics.per_rank[2].per_layer_mean_unique_coverage[31],0.13623046875
03-partial-auto-kv,repetitions[0].diagnostics.per_rank[2].per_layer_mean_unique_coverage[32],0.128662109375
03-partial-auto-kv,repetitions[0].diagnostics.per_rank[2].per_layer_mean_unique_coverage[33],0.1123046875
03-partial-auto-kv,repetitions[0].diagnostics.per_rank[2].per_layer_mean_unique_coverage[34],0.117431640625
03-partial-auto-kv,repetitions[0].diagnostics.per_rank[2].per_layer_mean_unique_coverage[35],0.122802734375
03-partial-auto-kv,repetitions[0].diagnostics.per_rank[2].per_layer_mean_unique_coverage[36],0.11474609375
03-partial-auto-kv,repetitions[0].diagnostics.per_rank[2].per_layer_mean_unique_coverage[37],0.116943359375
03-partial-auto-kv,repetitions[0].diagnostics.per_rank[2].per_layer_mean_unique_coverage[38],0.125
03-partial-auto-kv,repetitions[0].diagnostics.per_rank[2].per_layer_mean_unique_coverage[39],0.12744140625
03-partial-auto-kv,repetitions[0].diagnostics.per_rank[2].per_layer_mean_unique_coverage[40],0.128662109375
03-partial-auto-kv,repetitions[0].diagnostics.per_rank[2].per_layer_mean_unique_coverage[41],0.125
03-partial-auto-kv,repetitions[0].diagnostics.per_rank[2].per_layer_mean_unique_coverage[42],0.117431640625
03-partial-auto-kv,repetitions[0].diagnostics.per_rank[2].per_layer_mean_unique_coverage[43],0.1171875
03-partial-auto-kv,repetitions[0].diagnostics.per_rank[2].per_layer_mean_unique_coverage[44],0.114013671875
03-partial-auto-kv,repetitions[0].diagnostics.per_rank[2].per_layer_mean_unique_coverage[45],0.111083984375
03-partial-auto-kv,repetitions[0].diagnostics.per_rank[2].per_layer_mean_unique_coverage[46],0.113525390625
03-partial-auto-kv,repetitions[0].diagnostics.per_rank[2].per_layer_mean_unique_coverage[47],0.119384765625
03-partial-auto-kv,repetitions[0].diagnostics.per_rank[2].gauge_snapshot.max_unique_per_forward,509
03-partial-auto-kv,repetitions[0].diagnostics.per_rank[2].gauge_snapshot.mean_unique_coverage,0.10678796600877193
03-partial-auto-kv,repetitions[0].diagnostics.per_rank[2].gauge_snapshot.per_layer_max_unique_per_forward[0],498
03-partial-auto-kv,repetitions[0].diagnostics.per_rank[2].gauge_snapshot.per_layer_max_unique_per_forward[1],435
03-partial-auto-kv,repetitions[0].diagnostics.per_rank[2].gauge_snapshot.per_layer_max_unique_per_forward[2],509
03-partial-auto-kv,repetitions[0].diagnostics.per_rank[2].gauge_snapshot.per_layer_max_unique_per_forward[3],423
03-partial-auto-kv,repetitions[0].diagnostics.per_rank[2].gauge_snapshot.per_layer_max_unique_per_forward[4],416
03-partial-auto-kv,repetitions[0].diagnostics.per_rank[2].gauge_snapshot.per_layer_max_unique_per_forward[5],461
03-partial-auto-kv,repetitions[0].diagnostics.per_rank[2].gauge_snapshot.per_layer_max_unique_per_forward[6],490
03-partial-auto-kv,repetitions[0].diagnostics.per_rank[2].gauge_snapshot.per_layer_max_unique_per_forward[7],483
03-partial-auto-kv,repetitions[0].diagnostics.per_rank[2].gauge_snapshot.per_layer_max_unique_per_forward[8],448
03-partial-auto-kv,repetitions[0].diagnostics.per_rank[2].gauge_snapshot.per_layer_max_unique_per_forward[9],388
03-partial-auto-kv,repetitions[0].diagnostics.per_rank[2].gauge_snapshot.per_layer_max_unique_per_forward[10],402
03-partial-auto-kv,repetitions[0].diagnostics.per_rank[2].gauge_snapshot.per_layer_max_unique_per_forward[11],417
03-partial-auto-kv,repetitions[0].diagnostics.per_rank[2].gauge_snapshot.per_layer_max_unique_per_forward[12],367
03-partial-auto-kv,repetitions[0].diagnostics.per_rank[2].gauge_snapshot.per_layer_max_unique_per_forward[13],388
03-partial-auto-kv,repetitions[0].diagnostics.per_rank[2].gauge_snapshot.per_layer_max_unique_per_forward[14],428
03-partial-auto-kv,repetitions[0].diagnostics.per_rank[2].gauge_snapshot.per_layer_max_unique_per_forward[15],457
03-partial-auto-kv,repetitions[0].diagnostics.per_rank[2].gauge_snapshot.per_layer_max_unique_per_forward[16],427
03-partial-auto-kv,repetitions[0].diagnostics.per_rank[2].gauge_snapshot.per_layer_max_unique_per_forward[17],461
03-partial-auto-kv,repetitions[0].diagnostics.per_rank[2].gauge_snapshot.per_layer_max_unique_per_forward[18],494
03-partial-auto-kv,repetitions[0].diagnostics.per_rank[2].gauge_snapshot.per_layer_max_unique_per_forward[19],488
03-partial-auto-kv,repetitions[0].diagnostics.per_rank[2].gauge_snapshot.per_layer_max_unique_per_forward[20],443
03-partial-auto-kv,repetitions[0].diagnostics.per_rank[2].gauge_snapshot.per_layer_max_unique_per_forward[21],385
03-partial-auto-kv,repetitions[0].diagnostics.per_rank[2].gauge_snapshot.per_layer_max_unique_per_forward[22],413
03-partial-auto-kv,repetitions[0].diagnostics.per_rank[2].gauge_snapshot.per_layer_max_unique_per_forward[23],426
03-partial-auto-kv,repetitions[0].diagnostics.per_rank[2].gauge_snapshot.per_layer_max_unique_per_forward[24],391
03-partial-auto-kv,repetitions[0].diagnostics.per_rank[2].gauge_snapshot.per_layer_max_unique_per_forward[25],404
03-partial-auto-kv,repetitions[0].diagnostics.per_rank[2].gauge_snapshot.per_layer_max_unique_per_forward[26],443
03-partial-auto-kv,repetitions[0].diagnostics.per_rank[2].gauge_snapshot.per_layer_max_unique_per_forward[27],474
03-partial-auto-kv,repetitions[0].diagnostics.per_rank[2].gauge_snapshot.per_layer_max_unique_per_forward[28],445
03-partial-auto-kv,repetitions[0].diagnostics.per_rank[2].gauge_snapshot.per_layer_max_unique_per_forward[29],470
03-partial-auto-kv,repetitions[0].diagnostics.per_rank[2].gauge_snapshot.per_layer_max_unique_per_forward[30],489
03-partial-auto-kv,repetitions[0].diagnostics.per_rank[2].gauge_snapshot.per_layer_max_unique_per_forward[31],488
03-partial-auto-kv,repetitions[0].diagnostics.per_rank[2].gauge_snapshot.per_layer_max_unique_per_forward[32],457
03-partial-auto-kv,repetitions[0].diagnostics.per_rank[2].gauge_snapshot.per_layer_max_unique_per_forward[33],390
03-partial-auto-kv,repetitions[0].diagnostics.per_rank[2].gauge_snapshot.per_layer_max_unique_per_forward[34],415
03-partial-auto-kv,repetitions[0].diagnostics.per_rank[2].gauge_snapshot.per_layer_max_unique_per_forward[35],433
03-partial-auto-kv,repetitions[0].diagnostics.per_rank[2].gauge_snapshot.per_layer_max_unique_per_forward[36],400
03-partial-auto-kv,repetitions[0].diagnostics.per_rank[2].gauge_snapshot.per_layer_max_unique_per_forward[37],409
03-partial-auto-kv,repetitions[0].diagnostics.per_rank[2].gauge_snapshot.per_layer_max_unique_per_forward[38],442
03-partial-auto-kv,repetitions[0].diagnostics.per_rank[2].gauge_snapshot.per_layer_max_unique_per_forward[39],456
03-partial-auto-kv,repetitions[0].diagnostics.per_rank[2].gauge_snapshot.per_layer_max_unique_per_forward[40],457
03-partial-auto-kv,repetitions[0].diagnostics.per_rank[2].gauge_snapshot.per_layer_max_unique_per_forward[41],442
03-partial-auto-kv,repetitions[0].diagnostics.per_rank[2].gauge_snapshot.per_layer_max_unique_per_forward[42],412
03-partial-auto-kv,repetitions[0].diagnostics.per_rank[2].gauge_snapshot.per_layer_max_unique_per_forward[43],415
03-partial-auto-kv,repetitions[0].diagnostics.per_rank[2].gauge_snapshot.per_layer_max_unique_per_forward[44],397
03-partial-auto-kv,repetitions[0].diagnostics.per_rank[2].gauge_snapshot.per_layer_max_unique_per_forward[45],388
03-partial-auto-kv,repetitions[0].diagnostics.per_rank[2].gauge_snapshot.per_layer_max_unique_per_forward[46],395
03-partial-auto-kv,repetitions[0].diagnostics.per_rank[2].gauge_snapshot.per_layer_max_unique_per_forward[47],425
03-partial-auto-kv,repetitions[0].diagnostics.per_rank[2].policy_snapshot.resident_experts,12288
03-partial-auto-kv,repetitions[0].diagnostics.per_rank[2].policy_snapshot.cache_slots,256
03-partial-auto-kv,repetitions[0].diagnostics.per_rank[2].policy_snapshot.cache_entries,256
03-partial-auto-kv,repetitions[0].diagnostics.per_rank[2].policy_snapshot.cache_hit_ratio,0.018540826480909232
03-partial-auto-kv,repetitions[0].diagnostics.per_rank[2].kernel_config_records.capacity,64
03-partial-auto-kv,repetitions[0].diagnostics.per_rank[2].kernel_config_records.unrecorded_selections,0
03-partial-auto-kv,repetitions[0].diagnostics.per_rank[2].kernel_config_records.records[0].chunk_tokens,8192
03-partial-auto-kv,repetitions[0].diagnostics.per_rank[2].kernel_config_records.records[0].top_k,10
03-partial-auto-kv,repetitions[0].diagnostics.per_rank[2].kernel_config_records.records[0].selections,96
03-partial-auto-kv,repetitions[0].diagnostics.per_rank[2].kernel_config_records.records[0].w13_shape[0],512
03-partial-auto-kv,repetitions[0].diagnostics.per_rank[2].kernel_config_records.records[0].w13_shape[1],256
03-partial-auto-kv,repetitions[0].diagnostics.per_rank[2].kernel_config_records.records[0].w13_shape[2],2048
03-partial-auto-kv,repetitions[0].diagnostics.per_rank[2].kernel_config_records.records[0].w2_shape[0],512
03-partial-auto-kv,repetitions[0].diagnostics.per_rank[2].kernel_config_records.records[0].w2_shape[1],2048
03-partial-auto-kv,repetitions[0].diagnostics.per_rank[2].kernel_config_records.records[0].w2_shape[2],128
03-partial-auto-kv,repetitions[0].diagnostics.per_rank[2].kernel_config_records.records[0].config.BLOCK_SIZE_K,64
03-partial-auto-kv,repetitions[0].diagnostics.per_rank[2].kernel_config_records.records[0].config.BLOCK_SIZE_M,128
03-partial-auto-kv,repetitions[0].diagnostics.per_rank[2].kernel_config_records.records[0].config.BLOCK_SIZE_N,128
03-partial-auto-kv,repetitions[0].diagnostics.per_rank[2].kernel_config_records.records[0].config.GROUP_SIZE_M,64
03-partial-auto-kv,repetitions[0].diagnostics.per_rank[2].kernel_config_records.records[0].config.num_stages,3
03-partial-auto-kv,repetitions[0].diagnostics.per_rank[2].kernel_config_records.records[0].config.num_warps,8
03-partial-auto-kv,repetitions[0].diagnostics.per_rank[2].kernel_config_records.records[1].chunk_tokens,1
03-partial-auto-kv,repetitions[0].diagnostics.per_rank[2].kernel_config_records.records[1].top_k,10
03-partial-auto-kv,repetitions[0].diagnostics.per_rank[2].kernel_config_records.records[1].selections,720
03-partial-auto-kv,repetitions[0].diagnostics.per_rank[2].kernel_config_records.records[1].w13_shape[0],512
03-partial-auto-kv,repetitions[0].diagnostics.per_rank[2].kernel_config_records.records[1].w13_shape[1],256
03-partial-auto-kv,repetitions[0].diagnostics.per_rank[2].kernel_config_records.records[1].w13_shape[2],2048
03-partial-auto-kv,repetitions[0].diagnostics.per_rank[2].kernel_config_records.records[1].w2_shape[0],512
03-partial-auto-kv,repetitions[0].diagnostics.per_rank[2].kernel_config_records.records[1].w2_shape[1],2048
03-partial-auto-kv,repetitions[0].diagnostics.per_rank[2].kernel_config_records.records[1].w2_shape[2],128
03-partial-auto-kv,repetitions[0].diagnostics.per_rank[2].kernel_config_records.records[1].config.BLOCK_SIZE_K,64
03-partial-auto-kv,repetitions[0].diagnostics.per_rank[2].kernel_config_records.records[1].config.BLOCK_SIZE_M,16
03-partial-auto-kv,repetitions[0].diagnostics.per_rank[2].kernel_config_records.records[1].config.BLOCK_SIZE_N,32
03-partial-auto-kv,repetitions[0].diagnostics.per_rank[2].kernel_config_records.records[1].config.GROUP_SIZE_M,1
03-partial-auto-kv,repetitions[0].diagnostics.per_rank[2].kernel_config_records.records[1].config.num_stages,4
03-partial-auto-kv,repetitions[0].diagnostics.per_rank[2].kernel_config_records.records[1].config.num_warps,4
03-partial-auto-kv,repetitions[0].diagnostics.per_rank[2].kernel_config_records.records[2].chunk_tokens,4096
03-partial-auto-kv,repetitions[0].diagnostics.per_rank[2].kernel_config_records.records[2].top_k,10
03-partial-auto-kv,repetitions[0].diagnostics.per_rank[2].kernel_config_records.records[2].selections,96
03-partial-auto-kv,repetitions[0].diagnostics.per_rank[2].kernel_config_records.records[2].w13_shape[0],512
03-partial-auto-kv,repetitions[0].diagnostics.per_rank[2].kernel_config_records.records[2].w13_shape[1],256
03-partial-auto-kv,repetitions[0].diagnostics.per_rank[2].kernel_config_records.records[2].w13_shape[2],2048
03-partial-auto-kv,repetitions[0].diagnostics.per_rank[2].kernel_config_records.records[2].w2_shape[0],512
03-partial-auto-kv,repetitions[0].diagnostics.per_rank[2].kernel_config_records.records[2].w2_shape[1],2048
03-partial-auto-kv,repetitions[0].diagnostics.per_rank[2].kernel_config_records.records[2].w2_shape[2],128
03-partial-auto-kv,repetitions[0].diagnostics.per_rank[2].kernel_config_records.records[2].config.BLOCK_SIZE_K,64
03-partial-auto-kv,repetitions[0].diagnostics.per_rank[2].kernel_config_records.records[2].config.BLOCK_SIZE_M,128
03-partial-auto-kv,repetitions[0].diagnostics.per_rank[2].kernel_config_records.records[2].config.BLOCK_SIZE_N,128
03-partial-auto-kv,repetitions[0].diagnostics.per_rank[2].kernel_config_records.records[2].config.GROUP_SIZE_M,64
03-partial-auto-kv,repetitions[0].diagnostics.per_rank[2].kernel_config_records.records[2].config.num_stages,3
03-partial-auto-kv,repetitions[0].diagnostics.per_rank[2].kernel_config_records.records[2].config.num_warps,8
03-partial-auto-kv,repetitions[0].diagnostics.per_rank[3].h2d_bytes,14364966912
03-partial-auto-kv,repetitions[0].diagnostics.per_rank[3].copy_launches,320
03-partial-auto-kv,repetitions[0].diagnostics.per_rank[3].startup_resident_h2d_bytes,0
03-partial-auto-kv,repetitions[0].diagnostics.per_rank[3].promotion_d2d_bytes,1572864
03-partial-auto-kv,repetitions[0].diagnostics.per_rank[3].metadata_h2d_bytes,786440
03-partial-auto-kv,repetitions[0].diagnostics.per_rank[3].unique_demands,24208
03-partial-auto-kv,repetitions[0].diagnostics.per_rank[3].resident_hits,14793
03-partial-auto-kv,repetitions[0].diagnostics.per_rank[3].timing.route_d2h_s,0.2786491853184998
03-partial-auto-kv,repetitions[0].diagnostics.per_rank[3].timing.policy_cpu_s,0.04897104948759079
03-partial-auto-kv,repetitions[0].diagnostics.per_rank[3].timing.host_reuse_wait_s,0.0017510480247437954
03-partial-auto-kv,repetitions[0].diagnostics.per_rank[3].timing.host_gather_s,3.0831765234470367
03-partial-auto-kv,repetitions[0].diagnostics.per_rank[3].timing.h2d_enqueue_s,0.016275146510452032
03-partial-auto-kv,repetitions[0].diagnostics.per_rank[3].timing.compute_enqueue_s,0.16172340651974082
03-partial-auto-kv,repetitions[0].diagnostics.per_rank[3].timing.cuda_sample_count,13
03-partial-auto-kv,repetitions[0].diagnostics.per_rank[3].timing.load_cuda_s,0.01219481626711786
03-partial-auto-kv,repetitions[0].diagnostics.per_rank[3].timing.compute_cuda_s,0.005461087971925735
03-partial-auto-kv,repetitions[0].diagnostics.per_rank[3].timing.promotion_cuda_s,0.00010428799828514457
03-partial-auto-kv,repetitions[0].diagnostics.per_rank[3].policy.observations,384
03-partial-auto-kv,repetitions[0].diagnostics.per_rank[3].policy.unique_demands,24208
03-partial-auto-kv,repetitions[0].diagnostics.per_rank[3].policy.completed_forwards,8
03-partial-auto-kv,repetitions[0].diagnostics.per_rank[3].policy.decay_events,0
03-partial-auto-kv,repetitions[0].diagnostics.per_rank[3].policy.cache_hits,282
03-partial-auto-kv,repetitions[0].diagnostics.per_rank[3].policy.cache_misses,9133
03-partial-auto-kv,repetitions[0].diagnostics.per_rank[3].policy.admissions,1
03-partial-auto-kv,repetitions[0].diagnostics.per_rank[3].policy.evictions,1
03-partial-auto-kv,repetitions[0].diagnostics.per_rank[3].policy.cache_bypasses,9132
03-partial-auto-kv,repetitions[0].diagnostics.per_rank[3].policy.reconfigurations,0
03-partial-auto-kv,repetitions[0].diagnostics.per_rank[3].policy.cache_hit_ratio,0.0299522039298991
03-partial-auto-kv,repetitions[0].diagnostics.per_rank[3].rank,3
03-partial-auto-kv,repetitions[0].diagnostics.per_rank[3].forward_counts[0],8
03-partial-auto-kv,repetitions[0].diagnostics.per_rank[3].forward_counts[1],8
03-partial-auto-kv,repetitions[0].diagnostics.per_rank[3].forward_counts[2],8
03-partial-auto-kv,repetitions[0].diagnostics.per_rank[3].forward_counts[3],8
03-partial-auto-kv,repetitions[0].diagnostics.per_rank[3].forward_counts[4],8
03-partial-auto-kv,repetitions[0].diagnostics.per_rank[3].forward_counts[5],8
03-partial-auto-kv,repetitions[0].diagnostics.per_rank[3].forward_counts[6],8
03-partial-auto-kv,repetitions[0].diagnostics.per_rank[3].forward_counts[7],8
03-partial-auto-kv,repetitions[0].diagnostics.per_rank[3].forward_counts[8],8
03-partial-auto-kv,repetitions[0].diagnostics.per_rank[3].forward_counts[9],8
03-partial-auto-kv,repetitions[0].diagnostics.per_rank[3].forward_counts[10],8
03-partial-auto-kv,repetitions[0].diagnostics.per_rank[3].forward_counts[11],8
03-partial-auto-kv,repetitions[0].diagnostics.per_rank[3].forward_counts[12],8
03-partial-auto-kv,repetitions[0].diagnostics.per_rank[3].forward_counts[13],8
03-partial-auto-kv,repetitions[0].diagnostics.per_rank[3].forward_counts[14],8
03-partial-auto-kv,repetitions[0].diagnostics.per_rank[3].forward_counts[15],8
03-partial-auto-kv,repetitions[0].diagnostics.per_rank[3].forward_counts[16],8
03-partial-auto-kv,repetitions[0].diagnostics.per_rank[3].forward_counts[17],8
03-partial-auto-kv,repetitions[0].diagnostics.per_rank[3].forward_counts[18],8
03-partial-auto-kv,repetitions[0].diagnostics.per_rank[3].forward_counts[19],8
03-partial-auto-kv,repetitions[0].diagnostics.per_rank[3].forward_counts[20],8
03-partial-auto-kv,repetitions[0].diagnostics.per_rank[3].forward_counts[21],8
03-partial-auto-kv,repetitions[0].diagnostics.per_rank[3].forward_counts[22],8
03-partial-auto-kv,repetitions[0].diagnostics.per_rank[3].forward_counts[23],8
03-partial-auto-kv,repetitions[0].diagnostics.per_rank[3].forward_counts[24],8
03-partial-auto-kv,repetitions[0].diagnostics.per_rank[3].forward_counts[25],8
03-partial-auto-kv,repetitions[0].diagnostics.per_rank[3].forward_counts[26],8
03-partial-auto-kv,repetitions[0].diagnostics.per_rank[3].forward_counts[27],8
03-partial-auto-kv,repetitions[0].diagnostics.per_rank[3].forward_counts[28],8
03-partial-auto-kv,repetitions[0].diagnostics.per_rank[3].forward_counts[29],8
03-partial-auto-kv,repetitions[0].diagnostics.per_rank[3].forward_counts[30],8
03-partial-auto-kv,repetitions[0].diagnostics.per_rank[3].forward_counts[31],8
03-partial-auto-kv,repetitions[0].diagnostics.per_rank[3].forward_counts[32],8
03-partial-auto-kv,repetitions[0].diagnostics.per_rank[3].forward_counts[33],8
03-partial-auto-kv,repetitions[0].diagnostics.per_rank[3].forward_counts[34],8
03-partial-auto-kv,repetitions[0].diagnostics.per_rank[3].forward_counts[35],8
03-partial-auto-kv,repetitions[0].diagnostics.per_rank[3].forward_counts[36],8
03-partial-auto-kv,repetitions[0].diagnostics.per_rank[3].forward_counts[37],8
03-partial-auto-kv,repetitions[0].diagnostics.per_rank[3].forward_counts[38],8
03-partial-auto-kv,repetitions[0].diagnostics.per_rank[3].forward_counts[39],8
03-partial-auto-kv,repetitions[0].diagnostics.per_rank[3].forward_counts[40],8
03-partial-auto-kv,repetitions[0].diagnostics.per_rank[3].forward_counts[41],8
03-partial-auto-kv,repetitions[0].diagnostics.per_rank[3].forward_counts[42],8
03-partial-auto-kv,repetitions[0].diagnostics.per_rank[3].forward_counts[43],8
03-partial-auto-kv,repetitions[0].diagnostics.per_rank[3].forward_counts[44],8
03-partial-auto-kv,repetitions[0].diagnostics.per_rank[3].forward_counts[45],8
03-partial-auto-kv,repetitions[0].diagnostics.per_rank[3].forward_counts[46],8
03-partial-auto-kv,repetitions[0].diagnostics.per_rank[3].forward_counts[47],8
03-partial-auto-kv,repetitions[0].diagnostics.per_rank[3].per_layer_unique_demands[0],568
03-partial-auto-kv,repetitions[0].diagnostics.per_rank[3].per_layer_unique_demands[1],505
03-partial-auto-kv,repetitions[0].diagnostics.per_rank[3].per_layer_unique_demands[2],578
03-partial-auto-kv,repetitions[0].diagnostics.per_rank[3].per_layer_unique_demands[3],491
03-partial-auto-kv,repetitions[0].diagnostics.per_rank[3].per_layer_unique_demands[4],486
03-partial-auto-kv,repetitions[0].diagnostics.per_rank[3].per_layer_unique_demands[5],531
03-partial-auto-kv,repetitions[0].diagnostics.per_rank[3].per_layer_unique_demands[6],560
03-partial-auto-kv,repetitions[0].diagnostics.per_rank[3].per_layer_unique_demands[7],553
03-partial-auto-kv,repetitions[0].diagnostics.per_rank[3].per_layer_unique_demands[8],518
03-partial-auto-kv,repetitions[0].diagnostics.per_rank[3].per_layer_unique_demands[9],458
03-partial-auto-kv,repetitions[0].diagnostics.per_rank[3].per_layer_unique_demands[10],472
03-partial-auto-kv,repetitions[0].diagnostics.per_rank[3].per_layer_unique_demands[11],487
03-partial-auto-kv,repetitions[0].diagnostics.per_rank[3].per_layer_unique_demands[12],437
03-partial-auto-kv,repetitions[0].diagnostics.per_rank[3].per_layer_unique_demands[13],458
03-partial-auto-kv,repetitions[0].diagnostics.per_rank[3].per_layer_unique_demands[14],498
03-partial-auto-kv,repetitions[0].diagnostics.per_rank[3].per_layer_unique_demands[15],527
03-partial-auto-kv,repetitions[0].diagnostics.per_rank[3].per_layer_unique_demands[16],497
03-partial-auto-kv,repetitions[0].diagnostics.per_rank[3].per_layer_unique_demands[17],529
03-partial-auto-kv,repetitions[0].diagnostics.per_rank[3].per_layer_unique_demands[18],564
03-partial-auto-kv,repetitions[0].diagnostics.per_rank[3].per_layer_unique_demands[19],558
03-partial-auto-kv,repetitions[0].diagnostics.per_rank[3].per_layer_unique_demands[20],512
03-partial-auto-kv,repetitions[0].diagnostics.per_rank[3].per_layer_unique_demands[21],454
03-partial-auto-kv,repetitions[0].diagnostics.per_rank[3].per_layer_unique_demands[22],481
03-partial-auto-kv,repetitions[0].diagnostics.per_rank[3].per_layer_unique_demands[23],494
03-partial-auto-kv,repetitions[0].diagnostics.per_rank[3].per_layer_unique_demands[24],461
03-partial-auto-kv,repetitions[0].diagnostics.per_rank[3].per_layer_unique_demands[25],473
03-partial-auto-kv,repetitions[0].diagnostics.per_rank[3].per_layer_unique_demands[26],513
03-partial-auto-kv,repetitions[0].diagnostics.per_rank[3].per_layer_unique_demands[27],543
03-partial-auto-kv,repetitions[0].diagnostics.per_rank[3].per_layer_unique_demands[28],515
03-partial-auto-kv,repetitions[0].diagnostics.per_rank[3].per_layer_unique_demands[29],540
03-partial-auto-kv,repetitions[0].diagnostics.per_rank[3].per_layer_unique_demands[30],559
03-partial-auto-kv,repetitions[0].diagnostics.per_rank[3].per_layer_unique_demands[31],558
03-partial-auto-kv,repetitions[0].diagnostics.per_rank[3].per_layer_unique_demands[32],527
03-partial-auto-kv,repetitions[0].diagnostics.per_rank[3].per_layer_unique_demands[33],460
03-partial-auto-kv,repetitions[0].diagnostics.per_rank[3].per_layer_unique_demands[34],481
03-partial-auto-kv,repetitions[0].diagnostics.per_rank[3].per_layer_unique_demands[35],503
03-partial-auto-kv,repetitions[0].diagnostics.per_rank[3].per_layer_unique_demands[36],470
03-partial-auto-kv,repetitions[0].diagnostics.per_rank[3].per_layer_unique_demands[37],479
03-partial-auto-kv,repetitions[0].diagnostics.per_rank[3].per_layer_unique_demands[38],512
03-partial-auto-kv,repetitions[0].diagnostics.per_rank[3].per_layer_unique_demands[39],522
03-partial-auto-kv,repetitions[0].diagnostics.per_rank[3].per_layer_unique_demands[40],527
03-partial-auto-kv,repetitions[0].diagnostics.per_rank[3].per_layer_unique_demands[41],512
03-partial-auto-kv,repetitions[0].diagnostics.per_rank[3].per_layer_unique_demands[42],481
03-partial-auto-kv,repetitions[0].diagnostics.per_rank[3].per_layer_unique_demands[43],480
03-partial-auto-kv,repetitions[0].diagnostics.per_rank[3].per_layer_unique_demands[44],467
03-partial-auto-kv,repetitions[0].diagnostics.per_rank[3].per_layer_unique_demands[45],455
03-partial-auto-kv,repetitions[0].diagnostics.per_rank[3].per_layer_unique_demands[46],465
03-partial-auto-kv,repetitions[0].diagnostics.per_rank[3].per_layer_unique_demands[47],489
03-partial-auto-kv,repetitions[0].diagnostics.per_rank[3].per_layer_mean_unique_coverage[0],0.138671875
03-partial-auto-kv,repetitions[0].diagnostics.per_rank[3].per_layer_mean_unique_coverage[1],0.123291015625
03-partial-auto-kv,repetitions[0].diagnostics.per_rank[3].per_layer_mean_unique_coverage[2],0.14111328125
03-partial-auto-kv,repetitions[0].diagnostics.per_rank[3].per_layer_mean_unique_coverage[3],0.119873046875
03-partial-auto-kv,repetitions[0].diagnostics.per_rank[3].per_layer_mean_unique_coverage[4],0.11865234375
03-partial-auto-kv,repetitions[0].diagnostics.per_rank[3].per_layer_mean_unique_coverage[5],0.129638671875
03-partial-auto-kv,repetitions[0].diagnostics.per_rank[3].per_layer_mean_unique_coverage[6],0.13671875
03-partial-auto-kv,repetitions[0].diagnostics.per_rank[3].per_layer_mean_unique_coverage[7],0.135009765625
03-partial-auto-kv,repetitions[0].diagnostics.per_rank[3].per_layer_mean_unique_coverage[8],0.12646484375
03-partial-auto-kv,repetitions[0].diagnostics.per_rank[3].per_layer_mean_unique_coverage[9],0.11181640625
03-partial-auto-kv,repetitions[0].diagnostics.per_rank[3].per_layer_mean_unique_coverage[10],0.115234375
03-partial-auto-kv,repetitions[0].diagnostics.per_rank[3].per_layer_mean_unique_coverage[11],0.118896484375
03-partial-auto-kv,repetitions[0].diagnostics.per_rank[3].per_layer_mean_unique_coverage[12],0.106689453125
03-partial-auto-kv,repetitions[0].diagnostics.per_rank[3].per_layer_mean_unique_coverage[13],0.11181640625
03-partial-auto-kv,repetitions[0].diagnostics.per_rank[3].per_layer_mean_unique_coverage[14],0.12158203125
03-partial-auto-kv,repetitions[0].diagnostics.per_rank[3].per_layer_mean_unique_coverage[15],0.128662109375
03-partial-auto-kv,repetitions[0].diagnostics.per_rank[3].per_layer_mean_unique_coverage[16],0.121337890625
03-partial-auto-kv,repetitions[0].diagnostics.per_rank[3].per_layer_mean_unique_coverage[17],0.129150390625
03-partial-auto-kv,repetitions[0].diagnostics.per_rank[3].per_layer_mean_unique_coverage[18],0.1376953125
03-partial-auto-kv,repetitions[0].diagnostics.per_rank[3].per_layer_mean_unique_coverage[19],0.13623046875
03-partial-auto-kv,repetitions[0].diagnostics.per_rank[3].per_layer_mean_unique_coverage[20],0.125
03-partial-auto-kv,repetitions[0].diagnostics.per_rank[3].per_layer_mean_unique_coverage[21],0.11083984375
03-partial-auto-kv,repetitions[0].diagnostics.per_rank[3].per_layer_mean_unique_coverage[22],0.117431640625
03-partial-auto-kv,repetitions[0].diagnostics.per_rank[3].per_layer_mean_unique_coverage[23],0.12060546875
03-partial-auto-kv,repetitions[0].diagnostics.per_rank[3].per_layer_mean_unique_coverage[24],0.112548828125
03-partial-auto-kv,repetitions[0].diagnostics.per_rank[3].per_layer_mean_unique_coverage[25],0.115478515625
03-partial-auto-kv,repetitions[0].diagnostics.per_rank[3].per_layer_mean_unique_coverage[26],0.125244140625
03-partial-auto-kv,repetitions[0].diagnostics.per_rank[3].per_layer_mean_unique_coverage[27],0.132568359375
03-partial-auto-kv,repetitions[0].diagnostics.per_rank[3].per_layer_mean_unique_coverage[28],0.125732421875
03-partial-auto-kv,repetitions[0].diagnostics.per_rank[3].per_layer_mean_unique_coverage[29],0.1318359375
03-partial-auto-kv,repetitions[0].diagnostics.per_rank[3].per_layer_mean_unique_coverage[30],0.136474609375
03-partial-auto-kv,repetitions[0].diagnostics.per_rank[3].per_layer_mean_unique_coverage[31],0.13623046875
03-partial-auto-kv,repetitions[0].diagnostics.per_rank[3].per_layer_mean_unique_coverage[32],0.128662109375
03-partial-auto-kv,repetitions[0].diagnostics.per_rank[3].per_layer_mean_unique_coverage[33],0.1123046875
03-partial-auto-kv,repetitions[0].diagnostics.per_rank[3].per_layer_mean_unique_coverage[34],0.117431640625
03-partial-auto-kv,repetitions[0].diagnostics.per_rank[3].per_layer_mean_unique_coverage[35],0.122802734375
03-partial-auto-kv,repetitions[0].diagnostics.per_rank[3].per_layer_mean_unique_coverage[36],0.11474609375
03-partial-auto-kv,repetitions[0].diagnostics.per_rank[3].per_layer_mean_unique_coverage[37],0.116943359375
03-partial-auto-kv,repetitions[0].diagnostics.per_rank[3].per_layer_mean_unique_coverage[38],0.125
03-partial-auto-kv,repetitions[0].diagnostics.per_rank[3].per_layer_mean_unique_coverage[39],0.12744140625
03-partial-auto-kv,repetitions[0].diagnostics.per_rank[3].per_layer_mean_unique_coverage[40],0.128662109375
03-partial-auto-kv,repetitions[0].diagnostics.per_rank[3].per_layer_mean_unique_coverage[41],0.125
03-partial-auto-kv,repetitions[0].diagnostics.per_rank[3].per_layer_mean_unique_coverage[42],0.117431640625
03-partial-auto-kv,repetitions[0].diagnostics.per_rank[3].per_layer_mean_unique_coverage[43],0.1171875
03-partial-auto-kv,repetitions[0].diagnostics.per_rank[3].per_layer_mean_unique_coverage[44],0.114013671875
03-partial-auto-kv,repetitions[0].diagnostics.per_rank[3].per_layer_mean_unique_coverage[45],0.111083984375
03-partial-auto-kv,repetitions[0].diagnostics.per_rank[3].per_layer_mean_unique_coverage[46],0.113525390625
03-partial-auto-kv,repetitions[0].diagnostics.per_rank[3].per_layer_mean_unique_coverage[47],0.119384765625
03-partial-auto-kv,repetitions[0].diagnostics.per_rank[3].gauge_snapshot.max_unique_per_forward,509
03-partial-auto-kv,repetitions[0].diagnostics.per_rank[3].gauge_snapshot.mean_unique_coverage,0.10678796600877193
03-partial-auto-kv,repetitions[0].diagnostics.per_rank[3].gauge_snapshot.per_layer_max_unique_per_forward[0],498
03-partial-auto-kv,repetitions[0].diagnostics.per_rank[3].gauge_snapshot.per_layer_max_unique_per_forward[1],435
03-partial-auto-kv,repetitions[0].diagnostics.per_rank[3].gauge_snapshot.per_layer_max_unique_per_forward[2],509
03-partial-auto-kv,repetitions[0].diagnostics.per_rank[3].gauge_snapshot.per_layer_max_unique_per_forward[3],423
03-partial-auto-kv,repetitions[0].diagnostics.per_rank[3].gauge_snapshot.per_layer_max_unique_per_forward[4],416
03-partial-auto-kv,repetitions[0].diagnostics.per_rank[3].gauge_snapshot.per_layer_max_unique_per_forward[5],461
03-partial-auto-kv,repetitions[0].diagnostics.per_rank[3].gauge_snapshot.per_layer_max_unique_per_forward[6],490
03-partial-auto-kv,repetitions[0].diagnostics.per_rank[3].gauge_snapshot.per_layer_max_unique_per_forward[7],483
03-partial-auto-kv,repetitions[0].diagnostics.per_rank[3].gauge_snapshot.per_layer_max_unique_per_forward[8],448
03-partial-auto-kv,repetitions[0].diagnostics.per_rank[3].gauge_snapshot.per_layer_max_unique_per_forward[9],388
03-partial-auto-kv,repetitions[0].diagnostics.per_rank[3].gauge_snapshot.per_layer_max_unique_per_forward[10],402
03-partial-auto-kv,repetitions[0].diagnostics.per_rank[3].gauge_snapshot.per_layer_max_unique_per_forward[11],417
03-partial-auto-kv,repetitions[0].diagnostics.per_rank[3].gauge_snapshot.per_layer_max_unique_per_forward[12],367
03-partial-auto-kv,repetitions[0].diagnostics.per_rank[3].gauge_snapshot.per_layer_max_unique_per_forward[13],388
03-partial-auto-kv,repetitions[0].diagnostics.per_rank[3].gauge_snapshot.per_layer_max_unique_per_forward[14],428
03-partial-auto-kv,repetitions[0].diagnostics.per_rank[3].gauge_snapshot.per_layer_max_unique_per_forward[15],457
03-partial-auto-kv,repetitions[0].diagnostics.per_rank[3].gauge_snapshot.per_layer_max_unique_per_forward[16],427
03-partial-auto-kv,repetitions[0].diagnostics.per_rank[3].gauge_snapshot.per_layer_max_unique_per_forward[17],461
03-partial-auto-kv,repetitions[0].diagnostics.per_rank[3].gauge_snapshot.per_layer_max_unique_per_forward[18],494
03-partial-auto-kv,repetitions[0].diagnostics.per_rank[3].gauge_snapshot.per_layer_max_unique_per_forward[19],488
03-partial-auto-kv,repetitions[0].diagnostics.per_rank[3].gauge_snapshot.per_layer_max_unique_per_forward[20],443
03-partial-auto-kv,repetitions[0].diagnostics.per_rank[3].gauge_snapshot.per_layer_max_unique_per_forward[21],385
03-partial-auto-kv,repetitions[0].diagnostics.per_rank[3].gauge_snapshot.per_layer_max_unique_per_forward[22],413
03-partial-auto-kv,repetitions[0].diagnostics.per_rank[3].gauge_snapshot.per_layer_max_unique_per_forward[23],426
03-partial-auto-kv,repetitions[0].diagnostics.per_rank[3].gauge_snapshot.per_layer_max_unique_per_forward[24],391
03-partial-auto-kv,repetitions[0].diagnostics.per_rank[3].gauge_snapshot.per_layer_max_unique_per_forward[25],404
03-partial-auto-kv,repetitions[0].diagnostics.per_rank[3].gauge_snapshot.per_layer_max_unique_per_forward[26],443
03-partial-auto-kv,repetitions[0].diagnostics.per_rank[3].gauge_snapshot.per_layer_max_unique_per_forward[27],474
03-partial-auto-kv,repetitions[0].diagnostics.per_rank[3].gauge_snapshot.per_layer_max_unique_per_forward[28],445
03-partial-auto-kv,repetitions[0].diagnostics.per_rank[3].gauge_snapshot.per_layer_max_unique_per_forward[29],470
03-partial-auto-kv,repetitions[0].diagnostics.per_rank[3].gauge_snapshot.per_layer_max_unique_per_forward[30],489
03-partial-auto-kv,repetitions[0].diagnostics.per_rank[3].gauge_snapshot.per_layer_max_unique_per_forward[31],488
03-partial-auto-kv,repetitions[0].diagnostics.per_rank[3].gauge_snapshot.per_layer_max_unique_per_forward[32],457
03-partial-auto-kv,repetitions[0].diagnostics.per_rank[3].gauge_snapshot.per_layer_max_unique_per_forward[33],390
03-partial-auto-kv,repetitions[0].diagnostics.per_rank[3].gauge_snapshot.per_layer_max_unique_per_forward[34],415
03-partial-auto-kv,repetitions[0].diagnostics.per_rank[3].gauge_snapshot.per_layer_max_unique_per_forward[35],433
03-partial-auto-kv,repetitions[0].diagnostics.per_rank[3].gauge_snapshot.per_layer_max_unique_per_forward[36],400
03-partial-auto-kv,repetitions[0].diagnostics.per_rank[3].gauge_snapshot.per_layer_max_unique_per_forward[37],409
03-partial-auto-kv,repetitions[0].diagnostics.per_rank[3].gauge_snapshot.per_layer_max_unique_per_forward[38],442
03-partial-auto-kv,repetitions[0].diagnostics.per_rank[3].gauge_snapshot.per_layer_max_unique_per_forward[39],456
03-partial-auto-kv,repetitions[0].diagnostics.per_rank[3].gauge_snapshot.per_layer_max_unique_per_forward[40],457
03-partial-auto-kv,repetitions[0].diagnostics.per_rank[3].gauge_snapshot.per_layer_max_unique_per_forward[41],442
03-partial-auto-kv,repetitions[0].diagnostics.per_rank[3].gauge_snapshot.per_layer_max_unique_per_forward[42],412
03-partial-auto-kv,repetitions[0].diagnostics.per_rank[3].gauge_snapshot.per_layer_max_unique_per_forward[43],415
03-partial-auto-kv,repetitions[0].diagnostics.per_rank[3].gauge_snapshot.per_layer_max_unique_per_forward[44],397
03-partial-auto-kv,repetitions[0].diagnostics.per_rank[3].gauge_snapshot.per_layer_max_unique_per_forward[45],388
03-partial-auto-kv,repetitions[0].diagnostics.per_rank[3].gauge_snapshot.per_layer_max_unique_per_forward[46],395
03-partial-auto-kv,repetitions[0].diagnostics.per_rank[3].gauge_snapshot.per_layer_max_unique_per_forward[47],425
03-partial-auto-kv,repetitions[0].diagnostics.per_rank[3].policy_snapshot.resident_experts,12288
03-partial-auto-kv,repetitions[0].diagnostics.per_rank[3].policy_snapshot.cache_slots,256
03-partial-auto-kv,repetitions[0].diagnostics.per_rank[3].policy_snapshot.cache_entries,256
03-partial-auto-kv,repetitions[0].diagnostics.per_rank[3].policy_snapshot.cache_hit_ratio,0.018540826480909232
03-partial-auto-kv,repetitions[0].diagnostics.per_rank[3].kernel_config_records.capacity,64
03-partial-auto-kv,repetitions[0].diagnostics.per_rank[3].kernel_config_records.unrecorded_selections,0
03-partial-auto-kv,repetitions[0].diagnostics.per_rank[3].kernel_config_records.records[0].chunk_tokens,8192
03-partial-auto-kv,repetitions[0].diagnostics.per_rank[3].kernel_config_records.records[0].top_k,10
03-partial-auto-kv,repetitions[0].diagnostics.per_rank[3].kernel_config_records.records[0].selections,96
03-partial-auto-kv,repetitions[0].diagnostics.per_rank[3].kernel_config_records.records[0].w13_shape[0],512
03-partial-auto-kv,repetitions[0].diagnostics.per_rank[3].kernel_config_records.records[0].w13_shape[1],256
03-partial-auto-kv,repetitions[0].diagnostics.per_rank[3].kernel_config_records.records[0].w13_shape[2],2048
03-partial-auto-kv,repetitions[0].diagnostics.per_rank[3].kernel_config_records.records[0].w2_shape[0],512
03-partial-auto-kv,repetitions[0].diagnostics.per_rank[3].kernel_config_records.records[0].w2_shape[1],2048
03-partial-auto-kv,repetitions[0].diagnostics.per_rank[3].kernel_config_records.records[0].w2_shape[2],128
03-partial-auto-kv,repetitions[0].diagnostics.per_rank[3].kernel_config_records.records[0].config.BLOCK_SIZE_K,64
03-partial-auto-kv,repetitions[0].diagnostics.per_rank[3].kernel_config_records.records[0].config.BLOCK_SIZE_M,128
03-partial-auto-kv,repetitions[0].diagnostics.per_rank[3].kernel_config_records.records[0].config.BLOCK_SIZE_N,128
03-partial-auto-kv,repetitions[0].diagnostics.per_rank[3].kernel_config_records.records[0].config.GROUP_SIZE_M,64
03-partial-auto-kv,repetitions[0].diagnostics.per_rank[3].kernel_config_records.records[0].config.num_stages,3
03-partial-auto-kv,repetitions[0].diagnostics.per_rank[3].kernel_config_records.records[0].config.num_warps,8
03-partial-auto-kv,repetitions[0].diagnostics.per_rank[3].kernel_config_records.records[1].chunk_tokens,1
03-partial-auto-kv,repetitions[0].diagnostics.per_rank[3].kernel_config_records.records[1].top_k,10
03-partial-auto-kv,repetitions[0].diagnostics.per_rank[3].kernel_config_records.records[1].selections,720
03-partial-auto-kv,repetitions[0].diagnostics.per_rank[3].kernel_config_records.records[1].w13_shape[0],512
03-partial-auto-kv,repetitions[0].diagnostics.per_rank[3].kernel_config_records.records[1].w13_shape[1],256
03-partial-auto-kv,repetitions[0].diagnostics.per_rank[3].kernel_config_records.records[1].w13_shape[2],2048
03-partial-auto-kv,repetitions[0].diagnostics.per_rank[3].kernel_config_records.records[1].w2_shape[0],512
03-partial-auto-kv,repetitions[0].diagnostics.per_rank[3].kernel_config_records.records[1].w2_shape[1],2048
03-partial-auto-kv,repetitions[0].diagnostics.per_rank[3].kernel_config_records.records[1].w2_shape[2],128
03-partial-auto-kv,repetitions[0].diagnostics.per_rank[3].kernel_config_records.records[1].config.BLOCK_SIZE_K,64
03-partial-auto-kv,repetitions[0].diagnostics.per_rank[3].kernel_config_records.records[1].config.BLOCK_SIZE_M,16
03-partial-auto-kv,repetitions[0].diagnostics.per_rank[3].kernel_config_records.records[1].config.BLOCK_SIZE_N,32
03-partial-auto-kv,repetitions[0].diagnostics.per_rank[3].kernel_config_records.records[1].config.GROUP_SIZE_M,1
03-partial-auto-kv,repetitions[0].diagnostics.per_rank[3].kernel_config_records.records[1].config.num_stages,4
03-partial-auto-kv,repetitions[0].diagnostics.per_rank[3].kernel_config_records.records[1].config.num_warps,4
03-partial-auto-kv,repetitions[0].diagnostics.per_rank[3].kernel_config_records.records[2].chunk_tokens,4096
03-partial-auto-kv,repetitions[0].diagnostics.per_rank[3].kernel_config_records.records[2].top_k,10
03-partial-auto-kv,repetitions[0].diagnostics.per_rank[3].kernel_config_records.records[2].selections,96
03-partial-auto-kv,repetitions[0].diagnostics.per_rank[3].kernel_config_records.records[2].w13_shape[0],512
03-partial-auto-kv,repetitions[0].diagnostics.per_rank[3].kernel_config_records.records[2].w13_shape[1],256
03-partial-auto-kv,repetitions[0].diagnostics.per_rank[3].kernel_config_records.records[2].w13_shape[2],2048
03-partial-auto-kv,repetitions[0].diagnostics.per_rank[3].kernel_config_records.records[2].w2_shape[0],512
03-partial-auto-kv,repetitions[0].diagnostics.per_rank[3].kernel_config_records.records[2].w2_shape[1],2048
03-partial-auto-kv,repetitions[0].diagnostics.per_rank[3].kernel_config_records.records[2].w2_shape[2],128
03-partial-auto-kv,repetitions[0].diagnostics.per_rank[3].kernel_config_records.records[2].config.BLOCK_SIZE_K,64
03-partial-auto-kv,repetitions[0].diagnostics.per_rank[3].kernel_config_records.records[2].config.BLOCK_SIZE_M,128
03-partial-auto-kv,repetitions[0].diagnostics.per_rank[3].kernel_config_records.records[2].config.BLOCK_SIZE_N,128
03-partial-auto-kv,repetitions[0].diagnostics.per_rank[3].kernel_config_records.records[2].config.GROUP_SIZE_M,64
03-partial-auto-kv,repetitions[0].diagnostics.per_rank[3].kernel_config_records.records[2].config.num_stages,3
03-partial-auto-kv,repetitions[0].diagnostics.per_rank[3].kernel_config_records.records[2].config.num_warps,8
03-partial-auto-kv,repetitions[0].memory[0].rank,0
03-partial-auto-kv,repetitions[0].memory[0].total_gpu_bytes,85017493504
03-partial-auto-kv,repetitions[0].memory[0].free_gpu_bytes,30274551808
03-partial-auto-kv,repetitions[0].memory[0].torch_allocated_bytes,48985906688
03-partial-auto-kv,repetitions[0].memory[0].torch_reserved_bytes,49685725184
03-partial-auto-kv,repetitions[0].memory[0].torch_peak_allocated_bytes,49286568960
03-partial-auto-kv,repetitions[0].memory[0].torch_peak_reserved_bytes,49685725184
03-partial-auto-kv,repetitions[0].memory[0].kv_cache_allocated_bytes,27066236928
03-partial-auto-kv,repetitions[0].memory[0].num_gpu_blocks,8098
03-partial-auto-kv,repetitions[0].memory[0].kv_cache_declared_bytes,27066236928
03-partial-auto-kv,repetitions[0].memory[0].kv_cache_accounting_consistent,True
03-partial-auto-kv,repetitions[0].memory[1].rank,1
03-partial-auto-kv,repetitions[0].memory[1].total_gpu_bytes,85017493504
03-partial-auto-kv,repetitions[0].memory[1].free_gpu_bytes,30274551808
03-partial-auto-kv,repetitions[0].memory[1].torch_allocated_bytes,48985906688
03-partial-auto-kv,repetitions[0].memory[1].torch_reserved_bytes,49685725184
03-partial-auto-kv,repetitions[0].memory[1].torch_peak_allocated_bytes,49286568960
03-partial-auto-kv,repetitions[0].memory[1].torch_peak_reserved_bytes,49685725184
03-partial-auto-kv,repetitions[0].memory[1].kv_cache_allocated_bytes,27066236928
03-partial-auto-kv,repetitions[0].memory[1].num_gpu_blocks,8098
03-partial-auto-kv,repetitions[0].memory[1].kv_cache_declared_bytes,27066236928
03-partial-auto-kv,repetitions[0].memory[1].kv_cache_accounting_consistent,True
03-partial-auto-kv,repetitions[0].memory[2].rank,2
03-partial-auto-kv,repetitions[0].memory[2].total_gpu_bytes,85017493504
03-partial-auto-kv,repetitions[0].memory[2].free_gpu_bytes,30274551808
03-partial-auto-kv,repetitions[0].memory[2].torch_allocated_bytes,48985906688
03-partial-auto-kv,repetitions[0].memory[2].torch_reserved_bytes,49685725184
03-partial-auto-kv,repetitions[0].memory[2].torch_peak_allocated_bytes,49286568960
03-partial-auto-kv,repetitions[0].memory[2].torch_peak_reserved_bytes,49685725184
03-partial-auto-kv,repetitions[0].memory[2].kv_cache_allocated_bytes,27066236928
03-partial-auto-kv,repetitions[0].memory[2].num_gpu_blocks,8098
03-partial-auto-kv,repetitions[0].memory[2].kv_cache_declared_bytes,27066236928
03-partial-auto-kv,repetitions[0].memory[2].kv_cache_accounting_consistent,True
03-partial-auto-kv,repetitions[0].memory[3].rank,3
03-partial-auto-kv,repetitions[0].memory[3].total_gpu_bytes,85017493504
03-partial-auto-kv,repetitions[0].memory[3].free_gpu_bytes,30274551808
03-partial-auto-kv,repetitions[0].memory[3].torch_allocated_bytes,48985906688
03-partial-auto-kv,repetitions[0].memory[3].torch_reserved_bytes,49685725184
03-partial-auto-kv,repetitions[0].memory[3].torch_peak_allocated_bytes,49286568960
03-partial-auto-kv,repetitions[0].memory[3].torch_peak_reserved_bytes,49685725184
03-partial-auto-kv,repetitions[0].memory[3].kv_cache_allocated_bytes,27066236928
03-partial-auto-kv,repetitions[0].memory[3].num_gpu_blocks,8098
03-partial-auto-kv,repetitions[0].memory[3].kv_cache_declared_bytes,27066236928
03-partial-auto-kv,repetitions[0].memory[3].kv_cache_accounting_consistent,True
03-partial-auto-kv,repetitions[0].memory_peak_scope,measured-generate-after-synchronized-reset
03-partial-auto-kv,storage_backend,expert-cache
03-partial-auto-kv,expert_cache_stats[0].schema_version,1
03-partial-auto-kv,expert_cache_stats[0].rank,0
03-partial-auto-kv,expert_cache_stats[0].tensor_parallel_size,4
03-partial-auto-kv,expert_cache_stats[0].total_layers,48
03-partial-auto-kv,expert_cache_stats[0].num_experts,512
03-partial-auto-kv,expert_cache_stats[0].physical_slots,13056
03-partial-auto-kv,expert_cache_stats[0].resident_slots,12288
03-partial-auto-kv,expert_cache_stats[0].cache_slots,256
03-partial-auto-kv,expert_cache_stats[0].ingress_slots,512
03-partial-auto-kv,expert_cache_stats[0].expert_bytes,1572864
03-partial-auto-kv,expert_cache_stats[0].host_source_bytes,38654705664
03-partial-auto-kv,expert_cache_stats[0].pinned_gather_bytes,805306368
03-partial-auto-kv,expert_cache_stats[0].gpu_pool_bytes,20535312384
03-partial-auto-kv,expert_cache_stats[0].gpu_resident_bytes,19327352832
03-partial-auto-kv,expert_cache_stats[0].gpu_cache_bytes,402653184
03-partial-auto-kv,expert_cache_stats[0].gpu_ingress_bytes,805306368
03-partial-auto-kv,expert_cache_stats[0].gpu_metadata_bytes,6144
03-partial-auto-kv,expert_cache_stats[0].pinned_metadata_bytes,6144
03-partial-auto-kv,expert_cache_stats[0].net_freed_bytes,18119387136
03-partial-auto-kv,expert_cache_stats[0].weights_verified,0
03-partial-auto-kv,expert_cache_stats[0].cuda_timing_capacity,128
03-partial-auto-kv,expert_cache_stats[0].h2d_bytes,29473898496
03-partial-auto-kv,expert_cache_stats[0].copy_launches,788
03-partial-auto-kv,expert_cache_stats[0].startup_resident_h2d_bytes,19327352832
03-partial-auto-kv,expert_cache_stats[0].promotion_d2d_bytes,1487929344
03-partial-auto-kv,expert_cache_stats[0].metadata_h2d_bytes,1875344
03-partial-auto-kv,expert_cache_stats[0].unique_demands,49864
03-partial-auto-kv,expert_cache_stats[0].resident_hits,30771
03-partial-auto-kv,expert_cache_stats[0].max_unique_per_forward,509
03-partial-auto-kv,expert_cache_stats[0].mean_unique_coverage,0.10678796600877193
03-partial-auto-kv,expert_cache_stats[0].resident_ratio,0.5
03-partial-auto-kv,expert_cache_stats[0].policy.observations,912
03-partial-auto-kv,expert_cache_stats[0].policy.unique_demands,49864
03-partial-auto-kv,expert_cache_stats[0].policy.completed_forwards,19
03-partial-auto-kv,expert_cache_stats[0].policy.decay_events,0
03-partial-auto-kv,expert_cache_stats[0].policy.cache_hits,354
03-partial-auto-kv,expert_cache_stats[0].policy.cache_misses,18739
03-partial-auto-kv,expert_cache_stats[0].policy.admissions,946
03-partial-auto-kv,expert_cache_stats[0].policy.evictions,690
03-partial-auto-kv,expert_cache_stats[0].policy.cache_bypasses,17793
03-partial-auto-kv,expert_cache_stats[0].policy.reconfigurations,0
03-partial-auto-kv,expert_cache_stats[0].policy.resident_experts,12288
03-partial-auto-kv,expert_cache_stats[0].policy.cache_slots,256
03-partial-auto-kv,expert_cache_stats[0].policy.cache_entries,256
03-partial-auto-kv,expert_cache_stats[0].policy.cache_hit_ratio,0.018540826480909232
03-partial-auto-kv,expert_cache_stats[0].timing.route_d2h_s,0.35365490103140473
03-partial-auto-kv,expert_cache_stats[0].timing.policy_cpu_s,0.04977601859718561
03-partial-auto-kv,expert_cache_stats[0].timing.host_reuse_wait_s,0.0017940904945135117
03-partial-auto-kv,expert_cache_stats[0].timing.host_gather_s,2.7828120798803866
03-partial-auto-kv,expert_cache_stats[0].timing.h2d_enqueue_s,0.015946011524647474
03-partial-auto-kv,expert_cache_stats[0].timing.compute_enqueue_s,0.16168485675007105
03-partial-auto-kv,expert_cache_stats[0].timing.cuda_sample_count,13
03-partial-auto-kv,expert_cache_stats[0].timing.load_cuda_s,0.01212441634014249
03-partial-auto-kv,expert_cache_stats[0].timing.compute_cuda_s,0.005498207956552506
03-partial-auto-kv,expert_cache_stats[0].timing.promotion_cuda_s,0.00010287999967113139
03-partial-auto-kv,expert_cache_stats[0].forward_counts[0],19
03-partial-auto-kv,expert_cache_stats[0].forward_counts[1],19
03-partial-auto-kv,expert_cache_stats[0].forward_counts[2],19
03-partial-auto-kv,expert_cache_stats[0].forward_counts[3],19
03-partial-auto-kv,expert_cache_stats[0].forward_counts[4],19
03-partial-auto-kv,expert_cache_stats[0].forward_counts[5],19
03-partial-auto-kv,expert_cache_stats[0].forward_counts[6],19
03-partial-auto-kv,expert_cache_stats[0].forward_counts[7],19
03-partial-auto-kv,expert_cache_stats[0].forward_counts[8],19
03-partial-auto-kv,expert_cache_stats[0].forward_counts[9],19
03-partial-auto-kv,expert_cache_stats[0].forward_counts[10],19
03-partial-auto-kv,expert_cache_stats[0].forward_counts[11],19
03-partial-auto-kv,expert_cache_stats[0].forward_counts[12],19
03-partial-auto-kv,expert_cache_stats[0].forward_counts[13],19
03-partial-auto-kv,expert_cache_stats[0].forward_counts[14],19
03-partial-auto-kv,expert_cache_stats[0].forward_counts[15],19
03-partial-auto-kv,expert_cache_stats[0].forward_counts[16],19
03-partial-auto-kv,expert_cache_stats[0].forward_counts[17],19
03-partial-auto-kv,expert_cache_stats[0].forward_counts[18],19
03-partial-auto-kv,expert_cache_stats[0].forward_counts[19],19
03-partial-auto-kv,expert_cache_stats[0].forward_counts[20],19
03-partial-auto-kv,expert_cache_stats[0].forward_counts[21],19
03-partial-auto-kv,expert_cache_stats[0].forward_counts[22],19
03-partial-auto-kv,expert_cache_stats[0].forward_counts[23],19
03-partial-auto-kv,expert_cache_stats[0].forward_counts[24],19
03-partial-auto-kv,expert_cache_stats[0].forward_counts[25],19
03-partial-auto-kv,expert_cache_stats[0].forward_counts[26],19
03-partial-auto-kv,expert_cache_stats[0].forward_counts[27],19
03-partial-auto-kv,expert_cache_stats[0].forward_counts[28],19
03-partial-auto-kv,expert_cache_stats[0].forward_counts[29],19
03-partial-auto-kv,expert_cache_stats[0].forward_counts[30],19
03-partial-auto-kv,expert_cache_stats[0].forward_counts[31],19
03-partial-auto-kv,expert_cache_stats[0].forward_counts[32],19
03-partial-auto-kv,expert_cache_stats[0].forward_counts[33],19
03-partial-auto-kv,expert_cache_stats[0].forward_counts[34],19
03-partial-auto-kv,expert_cache_stats[0].forward_counts[35],19
03-partial-auto-kv,expert_cache_stats[0].forward_counts[36],19
03-partial-auto-kv,expert_cache_stats[0].forward_counts[37],19
03-partial-auto-kv,expert_cache_stats[0].forward_counts[38],19
03-partial-auto-kv,expert_cache_stats[0].forward_counts[39],19
03-partial-auto-kv,expert_cache_stats[0].forward_counts[40],19
03-partial-auto-kv,expert_cache_stats[0].forward_counts[41],19
03-partial-auto-kv,expert_cache_stats[0].forward_counts[42],19
03-partial-auto-kv,expert_cache_stats[0].forward_counts[43],19
03-partial-auto-kv,expert_cache_stats[0].forward_counts[44],19
03-partial-auto-kv,expert_cache_stats[0].forward_counts[45],19
03-partial-auto-kv,expert_cache_stats[0].forward_counts[46],19
03-partial-auto-kv,expert_cache_stats[0].forward_counts[47],19
03-partial-auto-kv,expert_cache_stats[0].per_layer_unique_demands[0],1166
03-partial-auto-kv,expert_cache_stats[0].per_layer_unique_demands[1],1040
03-partial-auto-kv,expert_cache_stats[0].per_layer_unique_demands[2],1187
03-partial-auto-kv,expert_cache_stats[0].per_layer_unique_demands[3],1014
03-partial-auto-kv,expert_cache_stats[0].per_layer_unique_demands[4],1001
03-partial-auto-kv,expert_cache_stats[0].per_layer_unique_demands[5],1089
03-partial-auto-kv,expert_cache_stats[0].per_layer_unique_demands[6],1150
03-partial-auto-kv,expert_cache_stats[0].per_layer_unique_demands[7],1136
03-partial-auto-kv,expert_cache_stats[0].per_layer_unique_demands[8],1066
03-partial-auto-kv,expert_cache_stats[0].per_layer_unique_demands[9],943
03-partial-auto-kv,expert_cache_stats[0].per_layer_unique_demands[10],974
03-partial-auto-kv,expert_cache_stats[0].per_layer_unique_demands[11],1002
03-partial-auto-kv,expert_cache_stats[0].per_layer_unique_demands[12],904
03-partial-auto-kv,expert_cache_stats[0].per_layer_unique_demands[13],946
03-partial-auto-kv,expert_cache_stats[0].per_layer_unique_demands[14],1023
03-partial-auto-kv,expert_cache_stats[0].per_layer_unique_demands[15],1083
03-partial-auto-kv,expert_cache_stats[0].per_layer_unique_demands[16],1020
03-partial-auto-kv,expert_cache_stats[0].per_layer_unique_demands[17],1090
03-partial-auto-kv,expert_cache_stats[0].per_layer_unique_demands[18],1158
03-partial-auto-kv,expert_cache_stats[0].per_layer_unique_demands[19],1145
03-partial-auto-kv,expert_cache_stats[0].per_layer_unique_demands[20],1055
03-partial-auto-kv,expert_cache_stats[0].per_layer_unique_demands[21],939
03-partial-auto-kv,expert_cache_stats[0].per_layer_unique_demands[22],994
03-partial-auto-kv,expert_cache_stats[0].per_layer_unique_demands[23],1020
03-partial-auto-kv,expert_cache_stats[0].per_layer_unique_demands[24],952
03-partial-auto-kv,expert_cache_stats[0].per_layer_unique_demands[25],977
03-partial-auto-kv,expert_cache_stats[0].per_layer_unique_demands[26],1058
03-partial-auto-kv,expert_cache_stats[0].per_layer_unique_demands[27],1117
03-partial-auto-kv,expert_cache_stats[0].per_layer_unique_demands[28],1058
03-partial-auto-kv,expert_cache_stats[0].per_layer_unique_demands[29],1107
03-partial-auto-kv,expert_cache_stats[0].per_layer_unique_demands[30],1150
03-partial-auto-kv,expert_cache_stats[0].per_layer_unique_demands[31],1143
03-partial-auto-kv,expert_cache_stats[0].per_layer_unique_demands[32],1080
03-partial-auto-kv,expert_cache_stats[0].per_layer_unique_demands[33],949
03-partial-auto-kv,expert_cache_stats[0].per_layer_unique_demands[34],996
03-partial-auto-kv,expert_cache_stats[0].per_layer_unique_demands[35],1029
03-partial-auto-kv,expert_cache_stats[0].per_layer_unique_demands[36],970
03-partial-auto-kv,expert_cache_stats[0].per_layer_unique_demands[37],988
03-partial-auto-kv,expert_cache_stats[0].per_layer_unique_demands[38],1052
03-partial-auto-kv,expert_cache_stats[0].per_layer_unique_demands[39],1078
03-partial-auto-kv,expert_cache_stats[0].per_layer_unique_demands[40],1084
03-partial-auto-kv,expert_cache_stats[0].per_layer_unique_demands[41],1053
03-partial-auto-kv,expert_cache_stats[0].per_layer_unique_demands[42],995
03-partial-auto-kv,expert_cache_stats[0].per_layer_unique_demands[43],999
03-partial-auto-kv,expert_cache_stats[0].per_layer_unique_demands[44],963
03-partial-auto-kv,expert_cache_stats[0].per_layer_unique_demands[45],945
03-partial-auto-kv,expert_cache_stats[0].per_layer_unique_demands[46],960
03-partial-auto-kv,expert_cache_stats[0].per_layer_unique_demands[47],1016
03-partial-auto-kv,expert_cache_stats[0].per_layer_max_unique_per_forward[0],498
03-partial-auto-kv,expert_cache_stats[0].per_layer_max_unique_per_forward[1],435
03-partial-auto-kv,expert_cache_stats[0].per_layer_max_unique_per_forward[2],509
03-partial-auto-kv,expert_cache_stats[0].per_layer_max_unique_per_forward[3],423
03-partial-auto-kv,expert_cache_stats[0].per_layer_max_unique_per_forward[4],416
03-partial-auto-kv,expert_cache_stats[0].per_layer_max_unique_per_forward[5],461
03-partial-auto-kv,expert_cache_stats[0].per_layer_max_unique_per_forward[6],490
03-partial-auto-kv,expert_cache_stats[0].per_layer_max_unique_per_forward[7],483
03-partial-auto-kv,expert_cache_stats[0].per_layer_max_unique_per_forward[8],448
03-partial-auto-kv,expert_cache_stats[0].per_layer_max_unique_per_forward[9],388
03-partial-auto-kv,expert_cache_stats[0].per_layer_max_unique_per_forward[10],402
03-partial-auto-kv,expert_cache_stats[0].per_layer_max_unique_per_forward[11],417
03-partial-auto-kv,expert_cache_stats[0].per_layer_max_unique_per_forward[12],367
03-partial-auto-kv,expert_cache_stats[0].per_layer_max_unique_per_forward[13],388
03-partial-auto-kv,expert_cache_stats[0].per_layer_max_unique_per_forward[14],428
03-partial-auto-kv,expert_cache_stats[0].per_layer_max_unique_per_forward[15],457
03-partial-auto-kv,expert_cache_stats[0].per_layer_max_unique_per_forward[16],427
03-partial-auto-kv,expert_cache_stats[0].per_layer_max_unique_per_forward[17],461
03-partial-auto-kv,expert_cache_stats[0].per_layer_max_unique_per_forward[18],494
03-partial-auto-kv,expert_cache_stats[0].per_layer_max_unique_per_forward[19],488
03-partial-auto-kv,expert_cache_stats[0].per_layer_max_unique_per_forward[20],443
03-partial-auto-kv,expert_cache_stats[0].per_layer_max_unique_per_forward[21],385
03-partial-auto-kv,expert_cache_stats[0].per_layer_max_unique_per_forward[22],413
03-partial-auto-kv,expert_cache_stats[0].per_layer_max_unique_per_forward[23],426
03-partial-auto-kv,expert_cache_stats[0].per_layer_max_unique_per_forward[24],391
03-partial-auto-kv,expert_cache_stats[0].per_layer_max_unique_per_forward[25],404
03-partial-auto-kv,expert_cache_stats[0].per_layer_max_unique_per_forward[26],443
03-partial-auto-kv,expert_cache_stats[0].per_layer_max_unique_per_forward[27],474
03-partial-auto-kv,expert_cache_stats[0].per_layer_max_unique_per_forward[28],445
03-partial-auto-kv,expert_cache_stats[0].per_layer_max_unique_per_forward[29],470
03-partial-auto-kv,expert_cache_stats[0].per_layer_max_unique_per_forward[30],489
03-partial-auto-kv,expert_cache_stats[0].per_layer_max_unique_per_forward[31],488
03-partial-auto-kv,expert_cache_stats[0].per_layer_max_unique_per_forward[32],457
03-partial-auto-kv,expert_cache_stats[0].per_layer_max_unique_per_forward[33],390
03-partial-auto-kv,expert_cache_stats[0].per_layer_max_unique_per_forward[34],415
03-partial-auto-kv,expert_cache_stats[0].per_layer_max_unique_per_forward[35],433
03-partial-auto-kv,expert_cache_stats[0].per_layer_max_unique_per_forward[36],400
03-partial-auto-kv,expert_cache_stats[0].per_layer_max_unique_per_forward[37],409
03-partial-auto-kv,expert_cache_stats[0].per_layer_max_unique_per_forward[38],442
03-partial-auto-kv,expert_cache_stats[0].per_layer_max_unique_per_forward[39],456
03-partial-auto-kv,expert_cache_stats[0].per_layer_max_unique_per_forward[40],457
03-partial-auto-kv,expert_cache_stats[0].per_layer_max_unique_per_forward[41],442
03-partial-auto-kv,expert_cache_stats[0].per_layer_max_unique_per_forward[42],412
03-partial-auto-kv,expert_cache_stats[0].per_layer_max_unique_per_forward[43],415
03-partial-auto-kv,expert_cache_stats[0].per_layer_max_unique_per_forward[44],397
03-partial-auto-kv,expert_cache_stats[0].per_layer_max_unique_per_forward[45],388
03-partial-auto-kv,expert_cache_stats[0].per_layer_max_unique_per_forward[46],395
03-partial-auto-kv,expert_cache_stats[0].per_layer_max_unique_per_forward[47],425
03-partial-auto-kv,expert_cache_stats[0].identity.geometry.total_layers,48
03-partial-auto-kv,expert_cache_stats[0].identity.geometry.num_experts,512
03-partial-auto-kv,expert_cache_stats[0].identity.geometry.hidden_size,2048
03-partial-auto-kv,expert_cache_stats[0].identity.geometry.intermediate_size,128
03-partial-auto-kv,expert_cache_stats[0].identity.tensor_parallel_size,4
03-partial-auto-kv,expert_cache_stats[0].identity.model_config_sha256,2d483c7cabad7c8704478ed4038fa7e7b2eff840bc00a118eccbe38e2b488303
03-partial-auto-kv,expert_cache_stats[0].identity.model_identity_sha256,24f6a89ba0e0435caffbb3d056425fb1fe980fca09d5a8749dfb231bd24880d8
03-partial-auto-kv,expert_cache_stats[0].profile_sha256,d9621ee27a5fe4df521bbbb2e68485d88a9a82a54f9c979a93cbd508862ca400
03-partial-auto-kv,expert_cache_stats[0].cache_policy,decayed-lfu
03-partial-auto-kv,expert_cache_stats[0].failed,False
03-partial-auto-kv,expert_cache_stats[0].weight_verification_scope,CUDA parity tests required; no runtime weight D2H verification
03-partial-auto-kv,expert_cache_stats[0].temporary_memory_scope,native fused kernel workspace/output and CPU route IDs scale with scheduled tokens; no weight-sized GPU gather temporary
03-partial-auto-kv,expert_cache_stats[0].memory_accounting_scope,"tensor payload bytes; excludes allocator rounding, CUDA event driver memory and Python policy metadata; native/chunk output workspace must be included in vLLM measured profiling peak"
03-partial-auto-kv,expert_cache_stats[0].kernel_config_scope,native logical E geometry per actual native chunk size
03-partial-auto-kv,expert_cache_stats[0].transfer_schedule,demand-critical H2D on compute stream; no speculative prefetch
03-partial-auto-kv,expert_cache_stats[0].kernel_config_records.capacity,64
03-partial-auto-kv,expert_cache_stats[0].kernel_config_records.unrecorded_selections,0
03-partial-auto-kv,expert_cache_stats[0].kernel_config_records.records[0].chunk_tokens,8192
03-partial-auto-kv,expert_cache_stats[0].kernel_config_records.records[0].top_k,10
03-partial-auto-kv,expert_cache_stats[0].kernel_config_records.records[0].selections,96
03-partial-auto-kv,expert_cache_stats[0].kernel_config_records.records[0].w13_shape[0],512
03-partial-auto-kv,expert_cache_stats[0].kernel_config_records.records[0].w13_shape[1],256
03-partial-auto-kv,expert_cache_stats[0].kernel_config_records.records[0].w13_shape[2],2048
03-partial-auto-kv,expert_cache_stats[0].kernel_config_records.records[0].w2_shape[0],512
03-partial-auto-kv,expert_cache_stats[0].kernel_config_records.records[0].w2_shape[1],2048
03-partial-auto-kv,expert_cache_stats[0].kernel_config_records.records[0].w2_shape[2],128
03-partial-auto-kv,expert_cache_stats[0].kernel_config_records.records[0].config.BLOCK_SIZE_K,64
03-partial-auto-kv,expert_cache_stats[0].kernel_config_records.records[0].config.BLOCK_SIZE_M,128
03-partial-auto-kv,expert_cache_stats[0].kernel_config_records.records[0].config.BLOCK_SIZE_N,128
03-partial-auto-kv,expert_cache_stats[0].kernel_config_records.records[0].config.GROUP_SIZE_M,64
03-partial-auto-kv,expert_cache_stats[0].kernel_config_records.records[0].config.num_stages,3
03-partial-auto-kv,expert_cache_stats[0].kernel_config_records.records[0].config.num_warps,8
03-partial-auto-kv,expert_cache_stats[0].kernel_config_records.records[1].chunk_tokens,1
03-partial-auto-kv,expert_cache_stats[0].kernel_config_records.records[1].top_k,10
03-partial-auto-kv,expert_cache_stats[0].kernel_config_records.records[1].selections,720
03-partial-auto-kv,expert_cache_stats[0].kernel_config_records.records[1].w13_shape[0],512
03-partial-auto-kv,expert_cache_stats[0].kernel_config_records.records[1].w13_shape[1],256
03-partial-auto-kv,expert_cache_stats[0].kernel_config_records.records[1].w13_shape[2],2048
03-partial-auto-kv,expert_cache_stats[0].kernel_config_records.records[1].w2_shape[0],512
03-partial-auto-kv,expert_cache_stats[0].kernel_config_records.records[1].w2_shape[1],2048
03-partial-auto-kv,expert_cache_stats[0].kernel_config_records.records[1].w2_shape[2],128
03-partial-auto-kv,expert_cache_stats[0].kernel_config_records.records[1].config.BLOCK_SIZE_K,64
03-partial-auto-kv,expert_cache_stats[0].kernel_config_records.records[1].config.BLOCK_SIZE_M,16
03-partial-auto-kv,expert_cache_stats[0].kernel_config_records.records[1].config.BLOCK_SIZE_N,32
03-partial-auto-kv,expert_cache_stats[0].kernel_config_records.records[1].config.GROUP_SIZE_M,1
03-partial-auto-kv,expert_cache_stats[0].kernel_config_records.records[1].config.num_stages,4
03-partial-auto-kv,expert_cache_stats[0].kernel_config_records.records[1].config.num_warps,4
03-partial-auto-kv,expert_cache_stats[0].kernel_config_records.records[2].chunk_tokens,4096
03-partial-auto-kv,expert_cache_stats[0].kernel_config_records.records[2].top_k,10
03-partial-auto-kv,expert_cache_stats[0].kernel_config_records.records[2].selections,96
03-partial-auto-kv,expert_cache_stats[0].kernel_config_records.records[2].w13_shape[0],512
03-partial-auto-kv,expert_cache_stats[0].kernel_config_records.records[2].w13_shape[1],256
03-partial-auto-kv,expert_cache_stats[0].kernel_config_records.records[2].w13_shape[2],2048
03-partial-auto-kv,expert_cache_stats[0].kernel_config_records.records[2].w2_shape[0],512
03-partial-auto-kv,expert_cache_stats[0].kernel_config_records.records[2].w2_shape[1],2048
03-partial-auto-kv,expert_cache_stats[0].kernel_config_records.records[2].w2_shape[2],128
03-partial-auto-kv,expert_cache_stats[0].kernel_config_records.records[2].config.BLOCK_SIZE_K,64
03-partial-auto-kv,expert_cache_stats[0].kernel_config_records.records[2].config.BLOCK_SIZE_M,128
03-partial-auto-kv,expert_cache_stats[0].kernel_config_records.records[2].config.BLOCK_SIZE_N,128
03-partial-auto-kv,expert_cache_stats[0].kernel_config_records.records[2].config.GROUP_SIZE_M,64
03-partial-auto-kv,expert_cache_stats[0].kernel_config_records.records[2].config.num_stages,3
03-partial-auto-kv,expert_cache_stats[0].kernel_config_records.records[2].config.num_warps,8
03-partial-auto-kv,expert_cache_stats[1].schema_version,1
03-partial-auto-kv,expert_cache_stats[1].rank,1
03-partial-auto-kv,expert_cache_stats[1].tensor_parallel_size,4
03-partial-auto-kv,expert_cache_stats[1].total_layers,48
03-partial-auto-kv,expert_cache_stats[1].num_experts,512
03-partial-auto-kv,expert_cache_stats[1].physical_slots,13056
03-partial-auto-kv,expert_cache_stats[1].resident_slots,12288
03-partial-auto-kv,expert_cache_stats[1].cache_slots,256
03-partial-auto-kv,expert_cache_stats[1].ingress_slots,512
03-partial-auto-kv,expert_cache_stats[1].expert_bytes,1572864
03-partial-auto-kv,expert_cache_stats[1].host_source_bytes,38654705664
03-partial-auto-kv,expert_cache_stats[1].pinned_gather_bytes,805306368
03-partial-auto-kv,expert_cache_stats[1].gpu_pool_bytes,20535312384
03-partial-auto-kv,expert_cache_stats[1].gpu_resident_bytes,19327352832
03-partial-auto-kv,expert_cache_stats[1].gpu_cache_bytes,402653184
03-partial-auto-kv,expert_cache_stats[1].gpu_ingress_bytes,805306368
03-partial-auto-kv,expert_cache_stats[1].gpu_metadata_bytes,6144
03-partial-auto-kv,expert_cache_stats[1].pinned_metadata_bytes,6144
03-partial-auto-kv,expert_cache_stats[1].net_freed_bytes,18119387136
03-partial-auto-kv,expert_cache_stats[1].weights_verified,0
03-partial-auto-kv,expert_cache_stats[1].cuda_timing_capacity,128
03-partial-auto-kv,expert_cache_stats[1].h2d_bytes,29473898496
03-partial-auto-kv,expert_cache_stats[1].copy_launches,788
03-partial-auto-kv,expert_cache_stats[1].startup_resident_h2d_bytes,19327352832
03-partial-auto-kv,expert_cache_stats[1].promotion_d2d_bytes,1487929344
03-partial-auto-kv,expert_cache_stats[1].metadata_h2d_bytes,1875344
03-partial-auto-kv,expert_cache_stats[1].unique_demands,49864
03-partial-auto-kv,expert_cache_stats[1].resident_hits,30771
03-partial-auto-kv,expert_cache_stats[1].max_unique_per_forward,509
03-partial-auto-kv,expert_cache_stats[1].mean_unique_coverage,0.10678796600877193
03-partial-auto-kv,expert_cache_stats[1].resident_ratio,0.5
03-partial-auto-kv,expert_cache_stats[1].policy.observations,912
03-partial-auto-kv,expert_cache_stats[1].policy.unique_demands,49864
03-partial-auto-kv,expert_cache_stats[1].policy.completed_forwards,19
03-partial-auto-kv,expert_cache_stats[1].policy.decay_events,0
03-partial-auto-kv,expert_cache_stats[1].policy.cache_hits,354
03-partial-auto-kv,expert_cache_stats[1].policy.cache_misses,18739
03-partial-auto-kv,expert_cache_stats[1].policy.admissions,946
03-partial-auto-kv,expert_cache_stats[1].policy.evictions,690
03-partial-auto-kv,expert_cache_stats[1].policy.cache_bypasses,17793
03-partial-auto-kv,expert_cache_stats[1].policy.reconfigurations,0
03-partial-auto-kv,expert_cache_stats[1].policy.resident_experts,12288
03-partial-auto-kv,expert_cache_stats[1].policy.cache_slots,256
03-partial-auto-kv,expert_cache_stats[1].policy.cache_entries,256
03-partial-auto-kv,expert_cache_stats[1].policy.cache_hit_ratio,0.018540826480909232
03-partial-auto-kv,expert_cache_stats[1].timing.route_d2h_s,0.375556712038815
03-partial-auto-kv,expert_cache_stats[1].timing.policy_cpu_s,0.050129438284784555
03-partial-auto-kv,expert_cache_stats[1].timing.host_reuse_wait_s,0.0017993533983826637
03-partial-auto-kv,expert_cache_stats[1].timing.host_gather_s,2.5279341312125325
03-partial-auto-kv,expert_cache_stats[1].timing.h2d_enqueue_s,0.017999584786593914
03-partial-auto-kv,expert_cache_stats[1].timing.compute_enqueue_s,0.16796058416366577
03-partial-auto-kv,expert_cache_stats[1].timing.cuda_sample_count,13
03-partial-auto-kv,expert_cache_stats[1].timing.load_cuda_s,0.012521472077816724
03-partial-auto-kv,expert_cache_stats[1].timing.compute_cuda_s,0.005468960016965866
03-partial-auto-kv,expert_cache_stats[1].timing.promotion_cuda_s,0.00011219199979677798
03-partial-auto-kv,expert_cache_stats[1].forward_counts[0],19
03-partial-auto-kv,expert_cache_stats[1].forward_counts[1],19
03-partial-auto-kv,expert_cache_stats[1].forward_counts[2],19
03-partial-auto-kv,expert_cache_stats[1].forward_counts[3],19
03-partial-auto-kv,expert_cache_stats[1].forward_counts[4],19
03-partial-auto-kv,expert_cache_stats[1].forward_counts[5],19
03-partial-auto-kv,expert_cache_stats[1].forward_counts[6],19
03-partial-auto-kv,expert_cache_stats[1].forward_counts[7],19
03-partial-auto-kv,expert_cache_stats[1].forward_counts[8],19
03-partial-auto-kv,expert_cache_stats[1].forward_counts[9],19
03-partial-auto-kv,expert_cache_stats[1].forward_counts[10],19
03-partial-auto-kv,expert_cache_stats[1].forward_counts[11],19
03-partial-auto-kv,expert_cache_stats[1].forward_counts[12],19
03-partial-auto-kv,expert_cache_stats[1].forward_counts[13],19
03-partial-auto-kv,expert_cache_stats[1].forward_counts[14],19
03-partial-auto-kv,expert_cache_stats[1].forward_counts[15],19
03-partial-auto-kv,expert_cache_stats[1].forward_counts[16],19
03-partial-auto-kv,expert_cache_stats[1].forward_counts[17],19
03-partial-auto-kv,expert_cache_stats[1].forward_counts[18],19
03-partial-auto-kv,expert_cache_stats[1].forward_counts[19],19
03-partial-auto-kv,expert_cache_stats[1].forward_counts[20],19
03-partial-auto-kv,expert_cache_stats[1].forward_counts[21],19
03-partial-auto-kv,expert_cache_stats[1].forward_counts[22],19
03-partial-auto-kv,expert_cache_stats[1].forward_counts[23],19
03-partial-auto-kv,expert_cache_stats[1].forward_counts[24],19
03-partial-auto-kv,expert_cache_stats[1].forward_counts[25],19
03-partial-auto-kv,expert_cache_stats[1].forward_counts[26],19
03-partial-auto-kv,expert_cache_stats[1].forward_counts[27],19
03-partial-auto-kv,expert_cache_stats[1].forward_counts[28],19
03-partial-auto-kv,expert_cache_stats[1].forward_counts[29],19
03-partial-auto-kv,expert_cache_stats[1].forward_counts[30],19
03-partial-auto-kv,expert_cache_stats[1].forward_counts[31],19
03-partial-auto-kv,expert_cache_stats[1].forward_counts[32],19
03-partial-auto-kv,expert_cache_stats[1].forward_counts[33],19
03-partial-auto-kv,expert_cache_stats[1].forward_counts[34],19
03-partial-auto-kv,expert_cache_stats[1].forward_counts[35],19
03-partial-auto-kv,expert_cache_stats[1].forward_counts[36],19
03-partial-auto-kv,expert_cache_stats[1].forward_counts[37],19
03-partial-auto-kv,expert_cache_stats[1].forward_counts[38],19
03-partial-auto-kv,expert_cache_stats[1].forward_counts[39],19
03-partial-auto-kv,expert_cache_stats[1].forward_counts[40],19
03-partial-auto-kv,expert_cache_stats[1].forward_counts[41],19
03-partial-auto-kv,expert_cache_stats[1].forward_counts[42],19
03-partial-auto-kv,expert_cache_stats[1].forward_counts[43],19
03-partial-auto-kv,expert_cache_stats[1].forward_counts[44],19
03-partial-auto-kv,expert_cache_stats[1].forward_counts[45],19
03-partial-auto-kv,expert_cache_stats[1].forward_counts[46],19
03-partial-auto-kv,expert_cache_stats[1].forward_counts[47],19
03-partial-auto-kv,expert_cache_stats[1].per_layer_unique_demands[0],1166
03-partial-auto-kv,expert_cache_stats[1].per_layer_unique_demands[1],1040
03-partial-auto-kv,expert_cache_stats[1].per_layer_unique_demands[2],1187
03-partial-auto-kv,expert_cache_stats[1].per_layer_unique_demands[3],1014
03-partial-auto-kv,expert_cache_stats[1].per_layer_unique_demands[4],1001
03-partial-auto-kv,expert_cache_stats[1].per_layer_unique_demands[5],1089
03-partial-auto-kv,expert_cache_stats[1].per_layer_unique_demands[6],1150
03-partial-auto-kv,expert_cache_stats[1].per_layer_unique_demands[7],1136
03-partial-auto-kv,expert_cache_stats[1].per_layer_unique_demands[8],1066
03-partial-auto-kv,expert_cache_stats[1].per_layer_unique_demands[9],943
03-partial-auto-kv,expert_cache_stats[1].per_layer_unique_demands[10],974
03-partial-auto-kv,expert_cache_stats[1].per_layer_unique_demands[11],1002
03-partial-auto-kv,expert_cache_stats[1].per_layer_unique_demands[12],904
03-partial-auto-kv,expert_cache_stats[1].per_layer_unique_demands[13],946
03-partial-auto-kv,expert_cache_stats[1].per_layer_unique_demands[14],1023
03-partial-auto-kv,expert_cache_stats[1].per_layer_unique_demands[15],1083
03-partial-auto-kv,expert_cache_stats[1].per_layer_unique_demands[16],1020
03-partial-auto-kv,expert_cache_stats[1].per_layer_unique_demands[17],1090
03-partial-auto-kv,expert_cache_stats[1].per_layer_unique_demands[18],1158
03-partial-auto-kv,expert_cache_stats[1].per_layer_unique_demands[19],1145
03-partial-auto-kv,expert_cache_stats[1].per_layer_unique_demands[20],1055
03-partial-auto-kv,expert_cache_stats[1].per_layer_unique_demands[21],939
03-partial-auto-kv,expert_cache_stats[1].per_layer_unique_demands[22],994
03-partial-auto-kv,expert_cache_stats[1].per_layer_unique_demands[23],1020
03-partial-auto-kv,expert_cache_stats[1].per_layer_unique_demands[24],952
03-partial-auto-kv,expert_cache_stats[1].per_layer_unique_demands[25],977
03-partial-auto-kv,expert_cache_stats[1].per_layer_unique_demands[26],1058
03-partial-auto-kv,expert_cache_stats[1].per_layer_unique_demands[27],1117
03-partial-auto-kv,expert_cache_stats[1].per_layer_unique_demands[28],1058
03-partial-auto-kv,expert_cache_stats[1].per_layer_unique_demands[29],1107
03-partial-auto-kv,expert_cache_stats[1].per_layer_unique_demands[30],1150
03-partial-auto-kv,expert_cache_stats[1].per_layer_unique_demands[31],1143
03-partial-auto-kv,expert_cache_stats[1].per_layer_unique_demands[32],1080
03-partial-auto-kv,expert_cache_stats[1].per_layer_unique_demands[33],949
03-partial-auto-kv,expert_cache_stats[1].per_layer_unique_demands[34],996
03-partial-auto-kv,expert_cache_stats[1].per_layer_unique_demands[35],1029
03-partial-auto-kv,expert_cache_stats[1].per_layer_unique_demands[36],970
03-partial-auto-kv,expert_cache_stats[1].per_layer_unique_demands[37],988
03-partial-auto-kv,expert_cache_stats[1].per_layer_unique_demands[38],1052
03-partial-auto-kv,expert_cache_stats[1].per_layer_unique_demands[39],1078
03-partial-auto-kv,expert_cache_stats[1].per_layer_unique_demands[40],1084
03-partial-auto-kv,expert_cache_stats[1].per_layer_unique_demands[41],1053
03-partial-auto-kv,expert_cache_stats[1].per_layer_unique_demands[42],995
03-partial-auto-kv,expert_cache_stats[1].per_layer_unique_demands[43],999
03-partial-auto-kv,expert_cache_stats[1].per_layer_unique_demands[44],963
03-partial-auto-kv,expert_cache_stats[1].per_layer_unique_demands[45],945
03-partial-auto-kv,expert_cache_stats[1].per_layer_unique_demands[46],960
03-partial-auto-kv,expert_cache_stats[1].per_layer_unique_demands[47],1016
03-partial-auto-kv,expert_cache_stats[1].per_layer_max_unique_per_forward[0],498
03-partial-auto-kv,expert_cache_stats[1].per_layer_max_unique_per_forward[1],435
03-partial-auto-kv,expert_cache_stats[1].per_layer_max_unique_per_forward[2],509
03-partial-auto-kv,expert_cache_stats[1].per_layer_max_unique_per_forward[3],423
03-partial-auto-kv,expert_cache_stats[1].per_layer_max_unique_per_forward[4],416
03-partial-auto-kv,expert_cache_stats[1].per_layer_max_unique_per_forward[5],461
03-partial-auto-kv,expert_cache_stats[1].per_layer_max_unique_per_forward[6],490
03-partial-auto-kv,expert_cache_stats[1].per_layer_max_unique_per_forward[7],483
03-partial-auto-kv,expert_cache_stats[1].per_layer_max_unique_per_forward[8],448
03-partial-auto-kv,expert_cache_stats[1].per_layer_max_unique_per_forward[9],388
03-partial-auto-kv,expert_cache_stats[1].per_layer_max_unique_per_forward[10],402
03-partial-auto-kv,expert_cache_stats[1].per_layer_max_unique_per_forward[11],417
03-partial-auto-kv,expert_cache_stats[1].per_layer_max_unique_per_forward[12],367
03-partial-auto-kv,expert_cache_stats[1].per_layer_max_unique_per_forward[13],388
03-partial-auto-kv,expert_cache_stats[1].per_layer_max_unique_per_forward[14],428
03-partial-auto-kv,expert_cache_stats[1].per_layer_max_unique_per_forward[15],457
03-partial-auto-kv,expert_cache_stats[1].per_layer_max_unique_per_forward[16],427
03-partial-auto-kv,expert_cache_stats[1].per_layer_max_unique_per_forward[17],461
03-partial-auto-kv,expert_cache_stats[1].per_layer_max_unique_per_forward[18],494
03-partial-auto-kv,expert_cache_stats[1].per_layer_max_unique_per_forward[19],488
03-partial-auto-kv,expert_cache_stats[1].per_layer_max_unique_per_forward[20],443
03-partial-auto-kv,expert_cache_stats[1].per_layer_max_unique_per_forward[21],385
03-partial-auto-kv,expert_cache_stats[1].per_layer_max_unique_per_forward[22],413
03-partial-auto-kv,expert_cache_stats[1].per_layer_max_unique_per_forward[23],426
03-partial-auto-kv,expert_cache_stats[1].per_layer_max_unique_per_forward[24],391
03-partial-auto-kv,expert_cache_stats[1].per_layer_max_unique_per_forward[25],404
03-partial-auto-kv,expert_cache_stats[1].per_layer_max_unique_per_forward[26],443
03-partial-auto-kv,expert_cache_stats[1].per_layer_max_unique_per_forward[27],474
03-partial-auto-kv,expert_cache_stats[1].per_layer_max_unique_per_forward[28],445
03-partial-auto-kv,expert_cache_stats[1].per_layer_max_unique_per_forward[29],470
03-partial-auto-kv,expert_cache_stats[1].per_layer_max_unique_per_forward[30],489
03-partial-auto-kv,expert_cache_stats[1].per_layer_max_unique_per_forward[31],488
03-partial-auto-kv,expert_cache_stats[1].per_layer_max_unique_per_forward[32],457
03-partial-auto-kv,expert_cache_stats[1].per_layer_max_unique_per_forward[33],390
03-partial-auto-kv,expert_cache_stats[1].per_layer_max_unique_per_forward[34],415
03-partial-auto-kv,expert_cache_stats[1].per_layer_max_unique_per_forward[35],433
03-partial-auto-kv,expert_cache_stats[1].per_layer_max_unique_per_forward[36],400
03-partial-auto-kv,expert_cache_stats[1].per_layer_max_unique_per_forward[37],409
03-partial-auto-kv,expert_cache_stats[1].per_layer_max_unique_per_forward[38],442
03-partial-auto-kv,expert_cache_stats[1].per_layer_max_unique_per_forward[39],456
03-partial-auto-kv,expert_cache_stats[1].per_layer_max_unique_per_forward[40],457
03-partial-auto-kv,expert_cache_stats[1].per_layer_max_unique_per_forward[41],442
03-partial-auto-kv,expert_cache_stats[1].per_layer_max_unique_per_forward[42],412
03-partial-auto-kv,expert_cache_stats[1].per_layer_max_unique_per_forward[43],415
03-partial-auto-kv,expert_cache_stats[1].per_layer_max_unique_per_forward[44],397
03-partial-auto-kv,expert_cache_stats[1].per_layer_max_unique_per_forward[45],388
03-partial-auto-kv,expert_cache_stats[1].per_layer_max_unique_per_forward[46],395
03-partial-auto-kv,expert_cache_stats[1].per_layer_max_unique_per_forward[47],425
03-partial-auto-kv,expert_cache_stats[1].identity.geometry.total_layers,48
03-partial-auto-kv,expert_cache_stats[1].identity.geometry.num_experts,512
03-partial-auto-kv,expert_cache_stats[1].identity.geometry.hidden_size,2048
03-partial-auto-kv,expert_cache_stats[1].identity.geometry.intermediate_size,128
03-partial-auto-kv,expert_cache_stats[1].identity.tensor_parallel_size,4
03-partial-auto-kv,expert_cache_stats[1].identity.model_config_sha256,2d483c7cabad7c8704478ed4038fa7e7b2eff840bc00a118eccbe38e2b488303
03-partial-auto-kv,expert_cache_stats[1].identity.model_identity_sha256,24f6a89ba0e0435caffbb3d056425fb1fe980fca09d5a8749dfb231bd24880d8
03-partial-auto-kv,expert_cache_stats[1].profile_sha256,d9621ee27a5fe4df521bbbb2e68485d88a9a82a54f9c979a93cbd508862ca400
03-partial-auto-kv,expert_cache_stats[1].cache_policy,decayed-lfu
03-partial-auto-kv,expert_cache_stats[1].failed,False
03-partial-auto-kv,expert_cache_stats[1].weight_verification_scope,CUDA parity tests required; no runtime weight D2H verification
03-partial-auto-kv,expert_cache_stats[1].temporary_memory_scope,native fused kernel workspace/output and CPU route IDs scale with scheduled tokens; no weight-sized GPU gather temporary
03-partial-auto-kv,expert_cache_stats[1].memory_accounting_scope,"tensor payload bytes; excludes allocator rounding, CUDA event driver memory and Python policy metadata; native/chunk output workspace must be included in vLLM measured profiling peak"
03-partial-auto-kv,expert_cache_stats[1].kernel_config_scope,native logical E geometry per actual native chunk size
03-partial-auto-kv,expert_cache_stats[1].transfer_schedule,demand-critical H2D on compute stream; no speculative prefetch
03-partial-auto-kv,expert_cache_stats[1].kernel_config_records.capacity,64
03-partial-auto-kv,expert_cache_stats[1].kernel_config_records.unrecorded_selections,0
03-partial-auto-kv,expert_cache_stats[1].kernel_config_records.records[0].chunk_tokens,8192
03-partial-auto-kv,expert_cache_stats[1].kernel_config_records.records[0].top_k,10
03-partial-auto-kv,expert_cache_stats[1].kernel_config_records.records[0].selections,96
03-partial-auto-kv,expert_cache_stats[1].kernel_config_records.records[0].w13_shape[0],512
03-partial-auto-kv,expert_cache_stats[1].kernel_config_records.records[0].w13_shape[1],256
03-partial-auto-kv,expert_cache_stats[1].kernel_config_records.records[0].w13_shape[2],2048
03-partial-auto-kv,expert_cache_stats[1].kernel_config_records.records[0].w2_shape[0],512
03-partial-auto-kv,expert_cache_stats[1].kernel_config_records.records[0].w2_shape[1],2048
03-partial-auto-kv,expert_cache_stats[1].kernel_config_records.records[0].w2_shape[2],128
03-partial-auto-kv,expert_cache_stats[1].kernel_config_records.records[0].config.BLOCK_SIZE_K,64
03-partial-auto-kv,expert_cache_stats[1].kernel_config_records.records[0].config.BLOCK_SIZE_M,128
03-partial-auto-kv,expert_cache_stats[1].kernel_config_records.records[0].config.BLOCK_SIZE_N,128
03-partial-auto-kv,expert_cache_stats[1].kernel_config_records.records[0].config.GROUP_SIZE_M,64
03-partial-auto-kv,expert_cache_stats[1].kernel_config_records.records[0].config.num_stages,3
03-partial-auto-kv,expert_cache_stats[1].kernel_config_records.records[0].config.num_warps,8
03-partial-auto-kv,expert_cache_stats[1].kernel_config_records.records[1].chunk_tokens,1
03-partial-auto-kv,expert_cache_stats[1].kernel_config_records.records[1].top_k,10
03-partial-auto-kv,expert_cache_stats[1].kernel_config_records.records[1].selections,720
03-partial-auto-kv,expert_cache_stats[1].kernel_config_records.records[1].w13_shape[0],512
03-partial-auto-kv,expert_cache_stats[1].kernel_config_records.records[1].w13_shape[1],256
03-partial-auto-kv,expert_cache_stats[1].kernel_config_records.records[1].w13_shape[2],2048
03-partial-auto-kv,expert_cache_stats[1].kernel_config_records.records[1].w2_shape[0],512
03-partial-auto-kv,expert_cache_stats[1].kernel_config_records.records[1].w2_shape[1],2048
03-partial-auto-kv,expert_cache_stats[1].kernel_config_records.records[1].w2_shape[2],128
03-partial-auto-kv,expert_cache_stats[1].kernel_config_records.records[1].config.BLOCK_SIZE_K,64
03-partial-auto-kv,expert_cache_stats[1].kernel_config_records.records[1].config.BLOCK_SIZE_M,16
03-partial-auto-kv,expert_cache_stats[1].kernel_config_records.records[1].config.BLOCK_SIZE_N,32
03-partial-auto-kv,expert_cache_stats[1].kernel_config_records.records[1].config.GROUP_SIZE_M,1
03-partial-auto-kv,expert_cache_stats[1].kernel_config_records.records[1].config.num_stages,4
03-partial-auto-kv,expert_cache_stats[1].kernel_config_records.records[1].config.num_warps,4
03-partial-auto-kv,expert_cache_stats[1].kernel_config_records.records[2].chunk_tokens,4096
03-partial-auto-kv,expert_cache_stats[1].kernel_config_records.records[2].top_k,10
03-partial-auto-kv,expert_cache_stats[1].kernel_config_records.records[2].selections,96
03-partial-auto-kv,expert_cache_stats[1].kernel_config_records.records[2].w13_shape[0],512
03-partial-auto-kv,expert_cache_stats[1].kernel_config_records.records[2].w13_shape[1],256
03-partial-auto-kv,expert_cache_stats[1].kernel_config_records.records[2].w13_shape[2],2048
03-partial-auto-kv,expert_cache_stats[1].kernel_config_records.records[2].w2_shape[0],512
03-partial-auto-kv,expert_cache_stats[1].kernel_config_records.records[2].w2_shape[1],2048
03-partial-auto-kv,expert_cache_stats[1].kernel_config_records.records[2].w2_shape[2],128
03-partial-auto-kv,expert_cache_stats[1].kernel_config_records.records[2].config.BLOCK_SIZE_K,64
03-partial-auto-kv,expert_cache_stats[1].kernel_config_records.records[2].config.BLOCK_SIZE_M,128
03-partial-auto-kv,expert_cache_stats[1].kernel_config_records.records[2].config.BLOCK_SIZE_N,128
03-partial-auto-kv,expert_cache_stats[1].kernel_config_records.records[2].config.GROUP_SIZE_M,64
03-partial-auto-kv,expert_cache_stats[1].kernel_config_records.records[2].config.num_stages,3
03-partial-auto-kv,expert_cache_stats[1].kernel_config_records.records[2].config.num_warps,8
03-partial-auto-kv,expert_cache_stats[2].schema_version,1
03-partial-auto-kv,expert_cache_stats[2].rank,2
03-partial-auto-kv,expert_cache_stats[2].tensor_parallel_size,4
03-partial-auto-kv,expert_cache_stats[2].total_layers,48
03-partial-auto-kv,expert_cache_stats[2].num_experts,512
03-partial-auto-kv,expert_cache_stats[2].physical_slots,13056
03-partial-auto-kv,expert_cache_stats[2].resident_slots,12288
03-partial-auto-kv,expert_cache_stats[2].cache_slots,256
03-partial-auto-kv,expert_cache_stats[2].ingress_slots,512
03-partial-auto-kv,expert_cache_stats[2].expert_bytes,1572864
03-partial-auto-kv,expert_cache_stats[2].host_source_bytes,38654705664
03-partial-auto-kv,expert_cache_stats[2].pinned_gather_bytes,805306368
03-partial-auto-kv,expert_cache_stats[2].gpu_pool_bytes,20535312384
03-partial-auto-kv,expert_cache_stats[2].gpu_resident_bytes,19327352832
03-partial-auto-kv,expert_cache_stats[2].gpu_cache_bytes,402653184
03-partial-auto-kv,expert_cache_stats[2].gpu_ingress_bytes,805306368
03-partial-auto-kv,expert_cache_stats[2].gpu_metadata_bytes,6144
03-partial-auto-kv,expert_cache_stats[2].pinned_metadata_bytes,6144
03-partial-auto-kv,expert_cache_stats[2].net_freed_bytes,18119387136
03-partial-auto-kv,expert_cache_stats[2].weights_verified,0
03-partial-auto-kv,expert_cache_stats[2].cuda_timing_capacity,128
03-partial-auto-kv,expert_cache_stats[2].h2d_bytes,29473898496
03-partial-auto-kv,expert_cache_stats[2].copy_launches,788
03-partial-auto-kv,expert_cache_stats[2].startup_resident_h2d_bytes,19327352832
03-partial-auto-kv,expert_cache_stats[2].promotion_d2d_bytes,1487929344
03-partial-auto-kv,expert_cache_stats[2].metadata_h2d_bytes,1875344
03-partial-auto-kv,expert_cache_stats[2].unique_demands,49864
03-partial-auto-kv,expert_cache_stats[2].resident_hits,30771
03-partial-auto-kv,expert_cache_stats[2].max_unique_per_forward,509
03-partial-auto-kv,expert_cache_stats[2].mean_unique_coverage,0.10678796600877193
03-partial-auto-kv,expert_cache_stats[2].resident_ratio,0.5
03-partial-auto-kv,expert_cache_stats[2].policy.observations,912
03-partial-auto-kv,expert_cache_stats[2].policy.unique_demands,49864
03-partial-auto-kv,expert_cache_stats[2].policy.completed_forwards,19
03-partial-auto-kv,expert_cache_stats[2].policy.decay_events,0
03-partial-auto-kv,expert_cache_stats[2].policy.cache_hits,354
03-partial-auto-kv,expert_cache_stats[2].policy.cache_misses,18739
03-partial-auto-kv,expert_cache_stats[2].policy.admissions,946
03-partial-auto-kv,expert_cache_stats[2].policy.evictions,690
03-partial-auto-kv,expert_cache_stats[2].policy.cache_bypasses,17793
03-partial-auto-kv,expert_cache_stats[2].policy.reconfigurations,0
03-partial-auto-kv,expert_cache_stats[2].policy.resident_experts,12288
03-partial-auto-kv,expert_cache_stats[2].policy.cache_slots,256
03-partial-auto-kv,expert_cache_stats[2].policy.cache_entries,256
03-partial-auto-kv,expert_cache_stats[2].policy.cache_hit_ratio,0.018540826480909232
03-partial-auto-kv,expert_cache_stats[2].timing.route_d2h_s,0.2936940765939653
03-partial-auto-kv,expert_cache_stats[2].timing.policy_cpu_s,0.04841193091124296
03-partial-auto-kv,expert_cache_stats[2].timing.host_reuse_wait_s,0.0017701853066682816
03-partial-auto-kv,expert_cache_stats[2].timing.host_gather_s,2.808777617290616
03-partial-auto-kv,expert_cache_stats[2].timing.h2d_enqueue_s,0.01674196543172002
03-partial-auto-kv,expert_cache_stats[2].timing.compute_enqueue_s,0.16337418649345636
03-partial-auto-kv,expert_cache_stats[2].timing.cuda_sample_count,13
03-partial-auto-kv,expert_cache_stats[2].timing.load_cuda_s,0.0122415039986372
03-partial-auto-kv,expert_cache_stats[2].timing.compute_cuda_s,0.00550793594121933
03-partial-auto-kv,expert_cache_stats[2].timing.promotion_cuda_s,0.00010476800124160946
03-partial-auto-kv,expert_cache_stats[2].forward_counts[0],19
03-partial-auto-kv,expert_cache_stats[2].forward_counts[1],19
03-partial-auto-kv,expert_cache_stats[2].forward_counts[2],19
03-partial-auto-kv,expert_cache_stats[2].forward_counts[3],19
03-partial-auto-kv,expert_cache_stats[2].forward_counts[4],19
03-partial-auto-kv,expert_cache_stats[2].forward_counts[5],19
03-partial-auto-kv,expert_cache_stats[2].forward_counts[6],19
03-partial-auto-kv,expert_cache_stats[2].forward_counts[7],19
03-partial-auto-kv,expert_cache_stats[2].forward_counts[8],19
03-partial-auto-kv,expert_cache_stats[2].forward_counts[9],19
03-partial-auto-kv,expert_cache_stats[2].forward_counts[10],19
03-partial-auto-kv,expert_cache_stats[2].forward_counts[11],19
03-partial-auto-kv,expert_cache_stats[2].forward_counts[12],19
03-partial-auto-kv,expert_cache_stats[2].forward_counts[13],19
03-partial-auto-kv,expert_cache_stats[2].forward_counts[14],19
03-partial-auto-kv,expert_cache_stats[2].forward_counts[15],19
03-partial-auto-kv,expert_cache_stats[2].forward_counts[16],19
03-partial-auto-kv,expert_cache_stats[2].forward_counts[17],19
03-partial-auto-kv,expert_cache_stats[2].forward_counts[18],19
03-partial-auto-kv,expert_cache_stats[2].forward_counts[19],19
03-partial-auto-kv,expert_cache_stats[2].forward_counts[20],19
03-partial-auto-kv,expert_cache_stats[2].forward_counts[21],19
03-partial-auto-kv,expert_cache_stats[2].forward_counts[22],19
03-partial-auto-kv,expert_cache_stats[2].forward_counts[23],19
03-partial-auto-kv,expert_cache_stats[2].forward_counts[24],19
03-partial-auto-kv,expert_cache_stats[2].forward_counts[25],19
03-partial-auto-kv,expert_cache_stats[2].forward_counts[26],19
03-partial-auto-kv,expert_cache_stats[2].forward_counts[27],19
03-partial-auto-kv,expert_cache_stats[2].forward_counts[28],19
03-partial-auto-kv,expert_cache_stats[2].forward_counts[29],19
03-partial-auto-kv,expert_cache_stats[2].forward_counts[30],19
03-partial-auto-kv,expert_cache_stats[2].forward_counts[31],19
03-partial-auto-kv,expert_cache_stats[2].forward_counts[32],19
03-partial-auto-kv,expert_cache_stats[2].forward_counts[33],19
03-partial-auto-kv,expert_cache_stats[2].forward_counts[34],19
03-partial-auto-kv,expert_cache_stats[2].forward_counts[35],19
03-partial-auto-kv,expert_cache_stats[2].forward_counts[36],19
03-partial-auto-kv,expert_cache_stats[2].forward_counts[37],19
03-partial-auto-kv,expert_cache_stats[2].forward_counts[38],19
03-partial-auto-kv,expert_cache_stats[2].forward_counts[39],19
03-partial-auto-kv,expert_cache_stats[2].forward_counts[40],19
03-partial-auto-kv,expert_cache_stats[2].forward_counts[41],19
03-partial-auto-kv,expert_cache_stats[2].forward_counts[42],19
03-partial-auto-kv,expert_cache_stats[2].forward_counts[43],19
03-partial-auto-kv,expert_cache_stats[2].forward_counts[44],19
03-partial-auto-kv,expert_cache_stats[2].forward_counts[45],19
03-partial-auto-kv,expert_cache_stats[2].forward_counts[46],19
03-partial-auto-kv,expert_cache_stats[2].forward_counts[47],19
03-partial-auto-kv,expert_cache_stats[2].per_layer_unique_demands[0],1166
03-partial-auto-kv,expert_cache_stats[2].per_layer_unique_demands[1],1040
03-partial-auto-kv,expert_cache_stats[2].per_layer_unique_demands[2],1187
03-partial-auto-kv,expert_cache_stats[2].per_layer_unique_demands[3],1014
03-partial-auto-kv,expert_cache_stats[2].per_layer_unique_demands[4],1001
03-partial-auto-kv,expert_cache_stats[2].per_layer_unique_demands[5],1089
03-partial-auto-kv,expert_cache_stats[2].per_layer_unique_demands[6],1150
03-partial-auto-kv,expert_cache_stats[2].per_layer_unique_demands[7],1136
03-partial-auto-kv,expert_cache_stats[2].per_layer_unique_demands[8],1066
03-partial-auto-kv,expert_cache_stats[2].per_layer_unique_demands[9],943
03-partial-auto-kv,expert_cache_stats[2].per_layer_unique_demands[10],974
03-partial-auto-kv,expert_cache_stats[2].per_layer_unique_demands[11],1002
03-partial-auto-kv,expert_cache_stats[2].per_layer_unique_demands[12],904
03-partial-auto-kv,expert_cache_stats[2].per_layer_unique_demands[13],946
03-partial-auto-kv,expert_cache_stats[2].per_layer_unique_demands[14],1023
03-partial-auto-kv,expert_cache_stats[2].per_layer_unique_demands[15],1083
03-partial-auto-kv,expert_cache_stats[2].per_layer_unique_demands[16],1020
03-partial-auto-kv,expert_cache_stats[2].per_layer_unique_demands[17],1090
03-partial-auto-kv,expert_cache_stats[2].per_layer_unique_demands[18],1158
03-partial-auto-kv,expert_cache_stats[2].per_layer_unique_demands[19],1145
03-partial-auto-kv,expert_cache_stats[2].per_layer_unique_demands[20],1055
03-partial-auto-kv,expert_cache_stats[2].per_layer_unique_demands[21],939
03-partial-auto-kv,expert_cache_stats[2].per_layer_unique_demands[22],994
03-partial-auto-kv,expert_cache_stats[2].per_layer_unique_demands[23],1020
03-partial-auto-kv,expert_cache_stats[2].per_layer_unique_demands[24],952
03-partial-auto-kv,expert_cache_stats[2].per_layer_unique_demands[25],977
03-partial-auto-kv,expert_cache_stats[2].per_layer_unique_demands[26],1058
03-partial-auto-kv,expert_cache_stats[2].per_layer_unique_demands[27],1117
03-partial-auto-kv,expert_cache_stats[2].per_layer_unique_demands[28],1058
03-partial-auto-kv,expert_cache_stats[2].per_layer_unique_demands[29],1107
03-partial-auto-kv,expert_cache_stats[2].per_layer_unique_demands[30],1150
03-partial-auto-kv,expert_cache_stats[2].per_layer_unique_demands[31],1143
03-partial-auto-kv,expert_cache_stats[2].per_layer_unique_demands[32],1080
03-partial-auto-kv,expert_cache_stats[2].per_layer_unique_demands[33],949
03-partial-auto-kv,expert_cache_stats[2].per_layer_unique_demands[34],996
03-partial-auto-kv,expert_cache_stats[2].per_layer_unique_demands[35],1029
03-partial-auto-kv,expert_cache_stats[2].per_layer_unique_demands[36],970
03-partial-auto-kv,expert_cache_stats[2].per_layer_unique_demands[37],988
03-partial-auto-kv,expert_cache_stats[2].per_layer_unique_demands[38],1052
03-partial-auto-kv,expert_cache_stats[2].per_layer_unique_demands[39],1078
03-partial-auto-kv,expert_cache_stats[2].per_layer_unique_demands[40],1084
03-partial-auto-kv,expert_cache_stats[2].per_layer_unique_demands[41],1053
03-partial-auto-kv,expert_cache_stats[2].per_layer_unique_demands[42],995
03-partial-auto-kv,expert_cache_stats[2].per_layer_unique_demands[43],999
03-partial-auto-kv,expert_cache_stats[2].per_layer_unique_demands[44],963
03-partial-auto-kv,expert_cache_stats[2].per_layer_unique_demands[45],945
03-partial-auto-kv,expert_cache_stats[2].per_layer_unique_demands[46],960
03-partial-auto-kv,expert_cache_stats[2].per_layer_unique_demands[47],1016
03-partial-auto-kv,expert_cache_stats[2].per_layer_max_unique_per_forward[0],498
03-partial-auto-kv,expert_cache_stats[2].per_layer_max_unique_per_forward[1],435
03-partial-auto-kv,expert_cache_stats[2].per_layer_max_unique_per_forward[2],509
03-partial-auto-kv,expert_cache_stats[2].per_layer_max_unique_per_forward[3],423
03-partial-auto-kv,expert_cache_stats[2].per_layer_max_unique_per_forward[4],416
03-partial-auto-kv,expert_cache_stats[2].per_layer_max_unique_per_forward[5],461
03-partial-auto-kv,expert_cache_stats[2].per_layer_max_unique_per_forward[6],490
03-partial-auto-kv,expert_cache_stats[2].per_layer_max_unique_per_forward[7],483
03-partial-auto-kv,expert_cache_stats[2].per_layer_max_unique_per_forward[8],448
03-partial-auto-kv,expert_cache_stats[2].per_layer_max_unique_per_forward[9],388
03-partial-auto-kv,expert_cache_stats[2].per_layer_max_unique_per_forward[10],402
03-partial-auto-kv,expert_cache_stats[2].per_layer_max_unique_per_forward[11],417
03-partial-auto-kv,expert_cache_stats[2].per_layer_max_unique_per_forward[12],367
03-partial-auto-kv,expert_cache_stats[2].per_layer_max_unique_per_forward[13],388
03-partial-auto-kv,expert_cache_stats[2].per_layer_max_unique_per_forward[14],428
03-partial-auto-kv,expert_cache_stats[2].per_layer_max_unique_per_forward[15],457
03-partial-auto-kv,expert_cache_stats[2].per_layer_max_unique_per_forward[16],427
03-partial-auto-kv,expert_cache_stats[2].per_layer_max_unique_per_forward[17],461
03-partial-auto-kv,expert_cache_stats[2].per_layer_max_unique_per_forward[18],494
03-partial-auto-kv,expert_cache_stats[2].per_layer_max_unique_per_forward[19],488
03-partial-auto-kv,expert_cache_stats[2].per_layer_max_unique_per_forward[20],443
03-partial-auto-kv,expert_cache_stats[2].per_layer_max_unique_per_forward[21],385
03-partial-auto-kv,expert_cache_stats[2].per_layer_max_unique_per_forward[22],413
03-partial-auto-kv,expert_cache_stats[2].per_layer_max_unique_per_forward[23],426
03-partial-auto-kv,expert_cache_stats[2].per_layer_max_unique_per_forward[24],391
03-partial-auto-kv,expert_cache_stats[2].per_layer_max_unique_per_forward[25],404
03-partial-auto-kv,expert_cache_stats[2].per_layer_max_unique_per_forward[26],443
03-partial-auto-kv,expert_cache_stats[2].per_layer_max_unique_per_forward[27],474
03-partial-auto-kv,expert_cache_stats[2].per_layer_max_unique_per_forward[28],445
03-partial-auto-kv,expert_cache_stats[2].per_layer_max_unique_per_forward[29],470
03-partial-auto-kv,expert_cache_stats[2].per_layer_max_unique_per_forward[30],489
03-partial-auto-kv,expert_cache_stats[2].per_layer_max_unique_per_forward[31],488
03-partial-auto-kv,expert_cache_stats[2].per_layer_max_unique_per_forward[32],457
03-partial-auto-kv,expert_cache_stats[2].per_layer_max_unique_per_forward[33],390
03-partial-auto-kv,expert_cache_stats[2].per_layer_max_unique_per_forward[34],415
03-partial-auto-kv,expert_cache_stats[2].per_layer_max_unique_per_forward[35],433
03-partial-auto-kv,expert_cache_stats[2].per_layer_max_unique_per_forward[36],400
03-partial-auto-kv,expert_cache_stats[2].per_layer_max_unique_per_forward[37],409
03-partial-auto-kv,expert_cache_stats[2].per_layer_max_unique_per_forward[38],442
03-partial-auto-kv,expert_cache_stats[2].per_layer_max_unique_per_forward[39],456
03-partial-auto-kv,expert_cache_stats[2].per_layer_max_unique_per_forward[40],457
03-partial-auto-kv,expert_cache_stats[2].per_layer_max_unique_per_forward[41],442
03-partial-auto-kv,expert_cache_stats[2].per_layer_max_unique_per_forward[42],412
03-partial-auto-kv,expert_cache_stats[2].per_layer_max_unique_per_forward[43],415
03-partial-auto-kv,expert_cache_stats[2].per_layer_max_unique_per_forward[44],397
03-partial-auto-kv,expert_cache_stats[2].per_layer_max_unique_per_forward[45],388
03-partial-auto-kv,expert_cache_stats[2].per_layer_max_unique_per_forward[46],395
03-partial-auto-kv,expert_cache_stats[2].per_layer_max_unique_per_forward[47],425
03-partial-auto-kv,expert_cache_stats[2].identity.geometry.total_layers,48
03-partial-auto-kv,expert_cache_stats[2].identity.geometry.num_experts,512
03-partial-auto-kv,expert_cache_stats[2].identity.geometry.hidden_size,2048
03-partial-auto-kv,expert_cache_stats[2].identity.geometry.intermediate_size,128
03-partial-auto-kv,expert_cache_stats[2].identity.tensor_parallel_size,4
03-partial-auto-kv,expert_cache_stats[2].identity.model_config_sha256,2d483c7cabad7c8704478ed4038fa7e7b2eff840bc00a118eccbe38e2b488303
03-partial-auto-kv,expert_cache_stats[2].identity.model_identity_sha256,24f6a89ba0e0435caffbb3d056425fb1fe980fca09d5a8749dfb231bd24880d8
03-partial-auto-kv,expert_cache_stats[2].profile_sha256,d9621ee27a5fe4df521bbbb2e68485d88a9a82a54f9c979a93cbd508862ca400
03-partial-auto-kv,expert_cache_stats[2].cache_policy,decayed-lfu
03-partial-auto-kv,expert_cache_stats[2].failed,False
03-partial-auto-kv,expert_cache_stats[2].weight_verification_scope,CUDA parity tests required; no runtime weight D2H verification
03-partial-auto-kv,expert_cache_stats[2].temporary_memory_scope,native fused kernel workspace/output and CPU route IDs scale with scheduled tokens; no weight-sized GPU gather temporary
03-partial-auto-kv,expert_cache_stats[2].memory_accounting_scope,"tensor payload bytes; excludes allocator rounding, CUDA event driver memory and Python policy metadata; native/chunk output workspace must be included in vLLM measured profiling peak"
03-partial-auto-kv,expert_cache_stats[2].kernel_config_scope,native logical E geometry per actual native chunk size
03-partial-auto-kv,expert_cache_stats[2].transfer_schedule,demand-critical H2D on compute stream; no speculative prefetch
03-partial-auto-kv,expert_cache_stats[2].kernel_config_records.capacity,64
03-partial-auto-kv,expert_cache_stats[2].kernel_config_records.unrecorded_selections,0
03-partial-auto-kv,expert_cache_stats[2].kernel_config_records.records[0].chunk_tokens,8192
03-partial-auto-kv,expert_cache_stats[2].kernel_config_records.records[0].top_k,10
03-partial-auto-kv,expert_cache_stats[2].kernel_config_records.records[0].selections,96
03-partial-auto-kv,expert_cache_stats[2].kernel_config_records.records[0].w13_shape[0],512
03-partial-auto-kv,expert_cache_stats[2].kernel_config_records.records[0].w13_shape[1],256
03-partial-auto-kv,expert_cache_stats[2].kernel_config_records.records[0].w13_shape[2],2048
03-partial-auto-kv,expert_cache_stats[2].kernel_config_records.records[0].w2_shape[0],512
03-partial-auto-kv,expert_cache_stats[2].kernel_config_records.records[0].w2_shape[1],2048
03-partial-auto-kv,expert_cache_stats[2].kernel_config_records.records[0].w2_shape[2],128
03-partial-auto-kv,expert_cache_stats[2].kernel_config_records.records[0].config.BLOCK_SIZE_K,64
03-partial-auto-kv,expert_cache_stats[2].kernel_config_records.records[0].config.BLOCK_SIZE_M,128
03-partial-auto-kv,expert_cache_stats[2].kernel_config_records.records[0].config.BLOCK_SIZE_N,128
03-partial-auto-kv,expert_cache_stats[2].kernel_config_records.records[0].config.GROUP_SIZE_M,64
03-partial-auto-kv,expert_cache_stats[2].kernel_config_records.records[0].config.num_stages,3
03-partial-auto-kv,expert_cache_stats[2].kernel_config_records.records[0].config.num_warps,8
03-partial-auto-kv,expert_cache_stats[2].kernel_config_records.records[1].chunk_tokens,1
03-partial-auto-kv,expert_cache_stats[2].kernel_config_records.records[1].top_k,10
03-partial-auto-kv,expert_cache_stats[2].kernel_config_records.records[1].selections,720
03-partial-auto-kv,expert_cache_stats[2].kernel_config_records.records[1].w13_shape[0],512
03-partial-auto-kv,expert_cache_stats[2].kernel_config_records.records[1].w13_shape[1],256
03-partial-auto-kv,expert_cache_stats[2].kernel_config_records.records[1].w13_shape[2],2048
03-partial-auto-kv,expert_cache_stats[2].kernel_config_records.records[1].w2_shape[0],512
03-partial-auto-kv,expert_cache_stats[2].kernel_config_records.records[1].w2_shape[1],2048
03-partial-auto-kv,expert_cache_stats[2].kernel_config_records.records[1].w2_shape[2],128
03-partial-auto-kv,expert_cache_stats[2].kernel_config_records.records[1].config.BLOCK_SIZE_K,64
03-partial-auto-kv,expert_cache_stats[2].kernel_config_records.records[1].config.BLOCK_SIZE_M,16
03-partial-auto-kv,expert_cache_stats[2].kernel_config_records.records[1].config.BLOCK_SIZE_N,32
03-partial-auto-kv,expert_cache_stats[2].kernel_config_records.records[1].config.GROUP_SIZE_M,1
03-partial-auto-kv,expert_cache_stats[2].kernel_config_records.records[1].config.num_stages,4
03-partial-auto-kv,expert_cache_stats[2].kernel_config_records.records[1].config.num_warps,4
03-partial-auto-kv,expert_cache_stats[2].kernel_config_records.records[2].chunk_tokens,4096
03-partial-auto-kv,expert_cache_stats[2].kernel_config_records.records[2].top_k,10
03-partial-auto-kv,expert_cache_stats[2].kernel_config_records.records[2].selections,96
03-partial-auto-kv,expert_cache_stats[2].kernel_config_records.records[2].w13_shape[0],512
03-partial-auto-kv,expert_cache_stats[2].kernel_config_records.records[2].w13_shape[1],256
03-partial-auto-kv,expert_cache_stats[2].kernel_config_records.records[2].w13_shape[2],2048
03-partial-auto-kv,expert_cache_stats[2].kernel_config_records.records[2].w2_shape[0],512
03-partial-auto-kv,expert_cache_stats[2].kernel_config_records.records[2].w2_shape[1],2048
03-partial-auto-kv,expert_cache_stats[2].kernel_config_records.records[2].w2_shape[2],128
03-partial-auto-kv,expert_cache_stats[2].kernel_config_records.records[2].config.BLOCK_SIZE_K,64
03-partial-auto-kv,expert_cache_stats[2].kernel_config_records.records[2].config.BLOCK_SIZE_M,128
03-partial-auto-kv,expert_cache_stats[2].kernel_config_records.records[2].config.BLOCK_SIZE_N,128
03-partial-auto-kv,expert_cache_stats[2].kernel_config_records.records[2].config.GROUP_SIZE_M,64
03-partial-auto-kv,expert_cache_stats[2].kernel_config_records.records[2].config.num_stages,3
03-partial-auto-kv,expert_cache_stats[2].kernel_config_records.records[2].config.num_warps,8
03-partial-auto-kv,expert_cache_stats[3].schema_version,1
03-partial-auto-kv,expert_cache_stats[3].rank,3
03-partial-auto-kv,expert_cache_stats[3].tensor_parallel_size,4
03-partial-auto-kv,expert_cache_stats[3].total_layers,48
03-partial-auto-kv,expert_cache_stats[3].num_experts,512
03-partial-auto-kv,expert_cache_stats[3].physical_slots,13056
03-partial-auto-kv,expert_cache_stats[3].resident_slots,12288
03-partial-auto-kv,expert_cache_stats[3].cache_slots,256
03-partial-auto-kv,expert_cache_stats[3].ingress_slots,512
03-partial-auto-kv,expert_cache_stats[3].expert_bytes,1572864
03-partial-auto-kv,expert_cache_stats[3].host_source_bytes,38654705664
03-partial-auto-kv,expert_cache_stats[3].pinned_gather_bytes,805306368
03-partial-auto-kv,expert_cache_stats[3].gpu_pool_bytes,20535312384
03-partial-auto-kv,expert_cache_stats[3].gpu_resident_bytes,19327352832
03-partial-auto-kv,expert_cache_stats[3].gpu_cache_bytes,402653184
03-partial-auto-kv,expert_cache_stats[3].gpu_ingress_bytes,805306368
03-partial-auto-kv,expert_cache_stats[3].gpu_metadata_bytes,6144
03-partial-auto-kv,expert_cache_stats[3].pinned_metadata_bytes,6144
03-partial-auto-kv,expert_cache_stats[3].net_freed_bytes,18119387136
03-partial-auto-kv,expert_cache_stats[3].weights_verified,0
03-partial-auto-kv,expert_cache_stats[3].cuda_timing_capacity,128
03-partial-auto-kv,expert_cache_stats[3].h2d_bytes,29473898496
03-partial-auto-kv,expert_cache_stats[3].copy_launches,788
03-partial-auto-kv,expert_cache_stats[3].startup_resident_h2d_bytes,19327352832
03-partial-auto-kv,expert_cache_stats[3].promotion_d2d_bytes,1487929344
03-partial-auto-kv,expert_cache_stats[3].metadata_h2d_bytes,1875344
03-partial-auto-kv,expert_cache_stats[3].unique_demands,49864
03-partial-auto-kv,expert_cache_stats[3].resident_hits,30771
03-partial-auto-kv,expert_cache_stats[3].max_unique_per_forward,509
03-partial-auto-kv,expert_cache_stats[3].mean_unique_coverage,0.10678796600877193
03-partial-auto-kv,expert_cache_stats[3].resident_ratio,0.5
03-partial-auto-kv,expert_cache_stats[3].policy.observations,912
03-partial-auto-kv,expert_cache_stats[3].policy.unique_demands,49864
03-partial-auto-kv,expert_cache_stats[3].policy.completed_forwards,19
03-partial-auto-kv,expert_cache_stats[3].policy.decay_events,0
03-partial-auto-kv,expert_cache_stats[3].policy.cache_hits,354
03-partial-auto-kv,expert_cache_stats[3].policy.cache_misses,18739
03-partial-auto-kv,expert_cache_stats[3].policy.admissions,946
03-partial-auto-kv,expert_cache_stats[3].policy.evictions,690
03-partial-auto-kv,expert_cache_stats[3].policy.cache_bypasses,17793
03-partial-auto-kv,expert_cache_stats[3].policy.reconfigurations,0
03-partial-auto-kv,expert_cache_stats[3].policy.resident_experts,12288
03-partial-auto-kv,expert_cache_stats[3].policy.cache_slots,256
03-partial-auto-kv,expert_cache_stats[3].policy.cache_entries,256
03-partial-auto-kv,expert_cache_stats[3].policy.cache_hit_ratio,0.018540826480909232
03-partial-auto-kv,expert_cache_stats[3].timing.route_d2h_s,0.2786491853184998
03-partial-auto-kv,expert_cache_stats[3].timing.policy_cpu_s,0.04897104948759079
03-partial-auto-kv,expert_cache_stats[3].timing.host_reuse_wait_s,0.0017510480247437954
03-partial-auto-kv,expert_cache_stats[3].timing.host_gather_s,3.0831765234470367
03-partial-auto-kv,expert_cache_stats[3].timing.h2d_enqueue_s,0.016275146510452032
03-partial-auto-kv,expert_cache_stats[3].timing.compute_enqueue_s,0.16172340651974082
03-partial-auto-kv,expert_cache_stats[3].timing.cuda_sample_count,13
03-partial-auto-kv,expert_cache_stats[3].timing.load_cuda_s,0.01219481626711786
03-partial-auto-kv,expert_cache_stats[3].timing.compute_cuda_s,0.005461087971925735
03-partial-auto-kv,expert_cache_stats[3].timing.promotion_cuda_s,0.00010428799828514457
03-partial-auto-kv,expert_cache_stats[3].forward_counts[0],19
03-partial-auto-kv,expert_cache_stats[3].forward_counts[1],19
03-partial-auto-kv,expert_cache_stats[3].forward_counts[2],19
03-partial-auto-kv,expert_cache_stats[3].forward_counts[3],19
03-partial-auto-kv,expert_cache_stats[3].forward_counts[4],19
03-partial-auto-kv,expert_cache_stats[3].forward_counts[5],19
03-partial-auto-kv,expert_cache_stats[3].forward_counts[6],19
03-partial-auto-kv,expert_cache_stats[3].forward_counts[7],19
03-partial-auto-kv,expert_cache_stats[3].forward_counts[8],19
03-partial-auto-kv,expert_cache_stats[3].forward_counts[9],19
03-partial-auto-kv,expert_cache_stats[3].forward_counts[10],19
03-partial-auto-kv,expert_cache_stats[3].forward_counts[11],19
03-partial-auto-kv,expert_cache_stats[3].forward_counts[12],19
03-partial-auto-kv,expert_cache_stats[3].forward_counts[13],19
03-partial-auto-kv,expert_cache_stats[3].forward_counts[14],19
03-partial-auto-kv,expert_cache_stats[3].forward_counts[15],19
03-partial-auto-kv,expert_cache_stats[3].forward_counts[16],19
03-partial-auto-kv,expert_cache_stats[3].forward_counts[17],19
03-partial-auto-kv,expert_cache_stats[3].forward_counts[18],19
03-partial-auto-kv,expert_cache_stats[3].forward_counts[19],19
03-partial-auto-kv,expert_cache_stats[3].forward_counts[20],19
03-partial-auto-kv,expert_cache_stats[3].forward_counts[21],19
03-partial-auto-kv,expert_cache_stats[3].forward_counts[22],19
03-partial-auto-kv,expert_cache_stats[3].forward_counts[23],19
03-partial-auto-kv,expert_cache_stats[3].forward_counts[24],19
03-partial-auto-kv,expert_cache_stats[3].forward_counts[25],19
03-partial-auto-kv,expert_cache_stats[3].forward_counts[26],19
03-partial-auto-kv,expert_cache_stats[3].forward_counts[27],19
03-partial-auto-kv,expert_cache_stats[3].forward_counts[28],19
03-partial-auto-kv,expert_cache_stats[3].forward_counts[29],19
03-partial-auto-kv,expert_cache_stats[3].forward_counts[30],19
03-partial-auto-kv,expert_cache_stats[3].forward_counts[31],19
03-partial-auto-kv,expert_cache_stats[3].forward_counts[32],19
03-partial-auto-kv,expert_cache_stats[3].forward_counts[33],19
03-partial-auto-kv,expert_cache_stats[3].forward_counts[34],19
03-partial-auto-kv,expert_cache_stats[3].forward_counts[35],19
03-partial-auto-kv,expert_cache_stats[3].forward_counts[36],19
03-partial-auto-kv,expert_cache_stats[3].forward_counts[37],19
03-partial-auto-kv,expert_cache_stats[3].forward_counts[38],19
03-partial-auto-kv,expert_cache_stats[3].forward_counts[39],19
03-partial-auto-kv,expert_cache_stats[3].forward_counts[40],19
03-partial-auto-kv,expert_cache_stats[3].forward_counts[41],19
03-partial-auto-kv,expert_cache_stats[3].forward_counts[42],19
03-partial-auto-kv,expert_cache_stats[3].forward_counts[43],19
03-partial-auto-kv,expert_cache_stats[3].forward_counts[44],19
03-partial-auto-kv,expert_cache_stats[3].forward_counts[45],19
03-partial-auto-kv,expert_cache_stats[3].forward_counts[46],19
03-partial-auto-kv,expert_cache_stats[3].forward_counts[47],19
03-partial-auto-kv,expert_cache_stats[3].per_layer_unique_demands[0],1166
03-partial-auto-kv,expert_cache_stats[3].per_layer_unique_demands[1],1040
03-partial-auto-kv,expert_cache_stats[3].per_layer_unique_demands[2],1187
03-partial-auto-kv,expert_cache_stats[3].per_layer_unique_demands[3],1014
03-partial-auto-kv,expert_cache_stats[3].per_layer_unique_demands[4],1001
03-partial-auto-kv,expert_cache_stats[3].per_layer_unique_demands[5],1089
03-partial-auto-kv,expert_cache_stats[3].per_layer_unique_demands[6],1150
03-partial-auto-kv,expert_cache_stats[3].per_layer_unique_demands[7],1136
03-partial-auto-kv,expert_cache_stats[3].per_layer_unique_demands[8],1066
03-partial-auto-kv,expert_cache_stats[3].per_layer_unique_demands[9],943
03-partial-auto-kv,expert_cache_stats[3].per_layer_unique_demands[10],974
03-partial-auto-kv,expert_cache_stats[3].per_layer_unique_demands[11],1002
03-partial-auto-kv,expert_cache_stats[3].per_layer_unique_demands[12],904
03-partial-auto-kv,expert_cache_stats[3].per_layer_unique_demands[13],946
03-partial-auto-kv,expert_cache_stats[3].per_layer_unique_demands[14],1023
03-partial-auto-kv,expert_cache_stats[3].per_layer_unique_demands[15],1083
03-partial-auto-kv,expert_cache_stats[3].per_layer_unique_demands[16],1020
03-partial-auto-kv,expert_cache_stats[3].per_layer_unique_demands[17],1090
03-partial-auto-kv,expert_cache_stats[3].per_layer_unique_demands[18],1158
03-partial-auto-kv,expert_cache_stats[3].per_layer_unique_demands[19],1145
03-partial-auto-kv,expert_cache_stats[3].per_layer_unique_demands[20],1055
03-partial-auto-kv,expert_cache_stats[3].per_layer_unique_demands[21],939
03-partial-auto-kv,expert_cache_stats[3].per_layer_unique_demands[22],994
03-partial-auto-kv,expert_cache_stats[3].per_layer_unique_demands[23],1020
03-partial-auto-kv,expert_cache_stats[3].per_layer_unique_demands[24],952
03-partial-auto-kv,expert_cache_stats[3].per_layer_unique_demands[25],977
03-partial-auto-kv,expert_cache_stats[3].per_layer_unique_demands[26],1058
03-partial-auto-kv,expert_cache_stats[3].per_layer_unique_demands[27],1117
03-partial-auto-kv,expert_cache_stats[3].per_layer_unique_demands[28],1058
03-partial-auto-kv,expert_cache_stats[3].per_layer_unique_demands[29],1107
03-partial-auto-kv,expert_cache_stats[3].per_layer_unique_demands[30],1150
03-partial-auto-kv,expert_cache_stats[3].per_layer_unique_demands[31],1143
03-partial-auto-kv,expert_cache_stats[3].per_layer_unique_demands[32],1080
03-partial-auto-kv,expert_cache_stats[3].per_layer_unique_demands[33],949
03-partial-auto-kv,expert_cache_stats[3].per_layer_unique_demands[34],996
03-partial-auto-kv,expert_cache_stats[3].per_layer_unique_demands[35],1029
03-partial-auto-kv,expert_cache_stats[3].per_layer_unique_demands[36],970
03-partial-auto-kv,expert_cache_stats[3].per_layer_unique_demands[37],988
03-partial-auto-kv,expert_cache_stats[3].per_layer_unique_demands[38],1052
03-partial-auto-kv,expert_cache_stats[3].per_layer_unique_demands[39],1078
03-partial-auto-kv,expert_cache_stats[3].per_layer_unique_demands[40],1084
03-partial-auto-kv,expert_cache_stats[3].per_layer_unique_demands[41],1053
03-partial-auto-kv,expert_cache_stats[3].per_layer_unique_demands[42],995
03-partial-auto-kv,expert_cache_stats[3].per_layer_unique_demands[43],999
03-partial-auto-kv,expert_cache_stats[3].per_layer_unique_demands[44],963
03-partial-auto-kv,expert_cache_stats[3].per_layer_unique_demands[45],945
03-partial-auto-kv,expert_cache_stats[3].per_layer_unique_demands[46],960
03-partial-auto-kv,expert_cache_stats[3].per_layer_unique_demands[47],1016
03-partial-auto-kv,expert_cache_stats[3].per_layer_max_unique_per_forward[0],498
03-partial-auto-kv,expert_cache_stats[3].per_layer_max_unique_per_forward[1],435
03-partial-auto-kv,expert_cache_stats[3].per_layer_max_unique_per_forward[2],509
03-partial-auto-kv,expert_cache_stats[3].per_layer_max_unique_per_forward[3],423
03-partial-auto-kv,expert_cache_stats[3].per_layer_max_unique_per_forward[4],416
03-partial-auto-kv,expert_cache_stats[3].per_layer_max_unique_per_forward[5],461
03-partial-auto-kv,expert_cache_stats[3].per_layer_max_unique_per_forward[6],490
03-partial-auto-kv,expert_cache_stats[3].per_layer_max_unique_per_forward[7],483
03-partial-auto-kv,expert_cache_stats[3].per_layer_max_unique_per_forward[8],448
03-partial-auto-kv,expert_cache_stats[3].per_layer_max_unique_per_forward[9],388
03-partial-auto-kv,expert_cache_stats[3].per_layer_max_unique_per_forward[10],402
03-partial-auto-kv,expert_cache_stats[3].per_layer_max_unique_per_forward[11],417
03-partial-auto-kv,expert_cache_stats[3].per_layer_max_unique_per_forward[12],367
03-partial-auto-kv,expert_cache_stats[3].per_layer_max_unique_per_forward[13],388
03-partial-auto-kv,expert_cache_stats[3].per_layer_max_unique_per_forward[14],428
03-partial-auto-kv,expert_cache_stats[3].per_layer_max_unique_per_forward[15],457
03-partial-auto-kv,expert_cache_stats[3].per_layer_max_unique_per_forward[16],427
03-partial-auto-kv,expert_cache_stats[3].per_layer_max_unique_per_forward[17],461
03-partial-auto-kv,expert_cache_stats[3].per_layer_max_unique_per_forward[18],494
03-partial-auto-kv,expert_cache_stats[3].per_layer_max_unique_per_forward[19],488
03-partial-auto-kv,expert_cache_stats[3].per_layer_max_unique_per_forward[20],443
03-partial-auto-kv,expert_cache_stats[3].per_layer_max_unique_per_forward[21],385
03-partial-auto-kv,expert_cache_stats[3].per_layer_max_unique_per_forward[22],413
03-partial-auto-kv,expert_cache_stats[3].per_layer_max_unique_per_forward[23],426
03-partial-auto-kv,expert_cache_stats[3].per_layer_max_unique_per_forward[24],391
03-partial-auto-kv,expert_cache_stats[3].per_layer_max_unique_per_forward[25],404
03-partial-auto-kv,expert_cache_stats[3].per_layer_max_unique_per_forward[26],443
03-partial-auto-kv,expert_cache_stats[3].per_layer_max_unique_per_forward[27],474
03-partial-auto-kv,expert_cache_stats[3].per_layer_max_unique_per_forward[28],445
03-partial-auto-kv,expert_cache_stats[3].per_layer_max_unique_per_forward[29],470
03-partial-auto-kv,expert_cache_stats[3].per_layer_max_unique_per_forward[30],489
03-partial-auto-kv,expert_cache_stats[3].per_layer_max_unique_per_forward[31],488
03-partial-auto-kv,expert_cache_stats[3].per_layer_max_unique_per_forward[32],457
03-partial-auto-kv,expert_cache_stats[3].per_layer_max_unique_per_forward[33],390
03-partial-auto-kv,expert_cache_stats[3].per_layer_max_unique_per_forward[34],415
03-partial-auto-kv,expert_cache_stats[3].per_layer_max_unique_per_forward[35],433
03-partial-auto-kv,expert_cache_stats[3].per_layer_max_unique_per_forward[36],400
03-partial-auto-kv,expert_cache_stats[3].per_layer_max_unique_per_forward[37],409
03-partial-auto-kv,expert_cache_stats[3].per_layer_max_unique_per_forward[38],442
03-partial-auto-kv,expert_cache_stats[3].per_layer_max_unique_per_forward[39],456
03-partial-auto-kv,expert_cache_stats[3].per_layer_max_unique_per_forward[40],457
03-partial-auto-kv,expert_cache_stats[3].per_layer_max_unique_per_forward[41],442
03-partial-auto-kv,expert_cache_stats[3].per_layer_max_unique_per_forward[42],412
03-partial-auto-kv,expert_cache_stats[3].per_layer_max_unique_per_forward[43],415
03-partial-auto-kv,expert_cache_stats[3].per_layer_max_unique_per_forward[44],397
03-partial-auto-kv,expert_cache_stats[3].per_layer_max_unique_per_forward[45],388
03-partial-auto-kv,expert_cache_stats[3].per_layer_max_unique_per_forward[46],395
03-partial-auto-kv,expert_cache_stats[3].per_layer_max_unique_per_forward[47],425
03-partial-auto-kv,expert_cache_stats[3].identity.geometry.total_layers,48
03-partial-auto-kv,expert_cache_stats[3].identity.geometry.num_experts,512
03-partial-auto-kv,expert_cache_stats[3].identity.geometry.hidden_size,2048
03-partial-auto-kv,expert_cache_stats[3].identity.geometry.intermediate_size,128
03-partial-auto-kv,expert_cache_stats[3].identity.tensor_parallel_size,4
03-partial-auto-kv,expert_cache_stats[3].identity.model_config_sha256,2d483c7cabad7c8704478ed4038fa7e7b2eff840bc00a118eccbe38e2b488303
03-partial-auto-kv,expert_cache_stats[3].identity.model_identity_sha256,24f6a89ba0e0435caffbb3d056425fb1fe980fca09d5a8749dfb231bd24880d8
03-partial-auto-kv,expert_cache_stats[3].profile_sha256,d9621ee27a5fe4df521bbbb2e68485d88a9a82a54f9c979a93cbd508862ca400
03-partial-auto-kv,expert_cache_stats[3].cache_policy,decayed-lfu
03-partial-auto-kv,expert_cache_stats[3].failed,False
03-partial-auto-kv,expert_cache_stats[3].weight_verification_scope,CUDA parity tests required; no runtime weight D2H verification
03-partial-auto-kv,expert_cache_stats[3].temporary_memory_scope,native fused kernel workspace/output and CPU route IDs scale with scheduled tokens; no weight-sized GPU gather temporary
03-partial-auto-kv,expert_cache_stats[3].memory_accounting_scope,"tensor payload bytes; excludes allocator rounding, CUDA event driver memory and Python policy metadata; native/chunk output workspace must be included in vLLM measured profiling peak"
03-partial-auto-kv,expert_cache_stats[3].kernel_config_scope,native logical E geometry per actual native chunk size
03-partial-auto-kv,expert_cache_stats[3].transfer_schedule,demand-critical H2D on compute stream; no speculative prefetch
03-partial-auto-kv,expert_cache_stats[3].kernel_config_records.capacity,64
03-partial-auto-kv,expert_cache_stats[3].kernel_config_records.unrecorded_selections,0
03-partial-auto-kv,expert_cache_stats[3].kernel_config_records.records[0].chunk_tokens,8192
03-partial-auto-kv,expert_cache_stats[3].kernel_config_records.records[0].top_k,10
03-partial-auto-kv,expert_cache_stats[3].kernel_config_records.records[0].selections,96
03-partial-auto-kv,expert_cache_stats[3].kernel_config_records.records[0].w13_shape[0],512
03-partial-auto-kv,expert_cache_stats[3].kernel_config_records.records[0].w13_shape[1],256
03-partial-auto-kv,expert_cache_stats[3].kernel_config_records.records[0].w13_shape[2],2048
03-partial-auto-kv,expert_cache_stats[3].kernel_config_records.records[0].w2_shape[0],512
03-partial-auto-kv,expert_cache_stats[3].kernel_config_records.records[0].w2_shape[1],2048
03-partial-auto-kv,expert_cache_stats[3].kernel_config_records.records[0].w2_shape[2],128
03-partial-auto-kv,expert_cache_stats[3].kernel_config_records.records[0].config.BLOCK_SIZE_K,64
03-partial-auto-kv,expert_cache_stats[3].kernel_config_records.records[0].config.BLOCK_SIZE_M,128
03-partial-auto-kv,expert_cache_stats[3].kernel_config_records.records[0].config.BLOCK_SIZE_N,128
03-partial-auto-kv,expert_cache_stats[3].kernel_config_records.records[0].config.GROUP_SIZE_M,64
03-partial-auto-kv,expert_cache_stats[3].kernel_config_records.records[0].config.num_stages,3
03-partial-auto-kv,expert_cache_stats[3].kernel_config_records.records[0].config.num_warps,8
03-partial-auto-kv,expert_cache_stats[3].kernel_config_records.records[1].chunk_tokens,1
03-partial-auto-kv,expert_cache_stats[3].kernel_config_records.records[1].top_k,10
03-partial-auto-kv,expert_cache_stats[3].kernel_config_records.records[1].selections,720
03-partial-auto-kv,expert_cache_stats[3].kernel_config_records.records[1].w13_shape[0],512
03-partial-auto-kv,expert_cache_stats[3].kernel_config_records.records[1].w13_shape[1],256
03-partial-auto-kv,expert_cache_stats[3].kernel_config_records.records[1].w13_shape[2],2048
03-partial-auto-kv,expert_cache_stats[3].kernel_config_records.records[1].w2_shape[0],512
03-partial-auto-kv,expert_cache_stats[3].kernel_config_records.records[1].w2_shape[1],2048
03-partial-auto-kv,expert_cache_stats[3].kernel_config_records.records[1].w2_shape[2],128
03-partial-auto-kv,expert_cache_stats[3].kernel_config_records.records[1].config.BLOCK_SIZE_K,64
03-partial-auto-kv,expert_cache_stats[3].kernel_config_records.records[1].config.BLOCK_SIZE_M,16
03-partial-auto-kv,expert_cache_stats[3].kernel_config_records.records[1].config.BLOCK_SIZE_N,32
03-partial-auto-kv,expert_cache_stats[3].kernel_config_records.records[1].config.GROUP_SIZE_M,1
03-partial-auto-kv,expert_cache_stats[3].kernel_config_records.records[1].config.num_stages,4
03-partial-auto-kv,expert_cache_stats[3].kernel_config_records.records[1].config.num_warps,4
03-partial-auto-kv,expert_cache_stats[3].kernel_config_records.records[2].chunk_tokens,4096
03-partial-auto-kv,expert_cache_stats[3].kernel_config_records.records[2].top_k,10
03-partial-auto-kv,expert_cache_stats[3].kernel_config_records.records[2].selections,96
03-partial-auto-kv,expert_cache_stats[3].kernel_config_records.records[2].w13_shape[0],512
03-partial-auto-kv,expert_cache_stats[3].kernel_config_records.records[2].w13_shape[1],256
03-partial-auto-kv,expert_cache_stats[3].kernel_config_records.records[2].w13_shape[2],2048
03-partial-auto-kv,expert_cache_stats[3].kernel_config_records.records[2].w2_shape[0],512
03-partial-auto-kv,expert_cache_stats[3].kernel_config_records.records[2].w2_shape[1],2048
03-partial-auto-kv,expert_cache_stats[3].kernel_config_records.records[2].w2_shape[2],128
03-partial-auto-kv,expert_cache_stats[3].kernel_config_records.records[2].config.BLOCK_SIZE_K,64
03-partial-auto-kv,expert_cache_stats[3].kernel_config_records.records[2].config.BLOCK_SIZE_M,128
03-partial-auto-kv,expert_cache_stats[3].kernel_config_records.records[2].config.BLOCK_SIZE_N,128
03-partial-auto-kv,expert_cache_stats[3].kernel_config_records.records[2].config.GROUP_SIZE_M,64
03-partial-auto-kv,expert_cache_stats[3].kernel_config_records.records[2].config.num_stages,3
03-partial-auto-kv,expert_cache_stats[3].kernel_config_records.records[2].config.num_warps,8
